,WAIT_TIME,nREJECTS,TRAVEL_TIME,LOST_PATIENCE,nP
sum,2544908.0,1248.0,3711759.0,3460.0,10000
mean,254.4908,0.1248,371.1759,0.346,10000
std,193.02374810394224,0.3797886042766217,326.96415080982604,0.47571696486783643,10000
