,ACCEPTANCE_RATE,PROFIT,PROFIT/hour,IDLE_TIME,nREQUESTS,nRIDES,nREJECTS,DRIVING_DIST,AVE_DRIVING_DIST,DRIVING_TIME,AVE_PICKUP_DIST,AVE_TRIP_DIST,REVENUE,surge_fee,REVENUE/hour,COST,IMPOSED_DELAY,AR,nV
sum,16696.754192847693,50907.90550000001,6363.488187500001,153316.0,7859.0,6540.0,1319.0,52308.810000000005,1609.3629346415373,5230881.0,469.0068937637887,1140.3560408777487,63985.10799999999,6364.0,7998.138499999999,13077.202500000001,67164.0,90-10080-9080-9080-9070-8070-8080-9080-9070-8080-9090-10090-10080-9080-9070-8070-8080-9080-9070-8080-9080-9080-9080-9080-9080-9090-10070-8080-9070-8070-8080-9080-9080-9080-9080-9090-10070-8080-9080-9070-8080-9080-9080-9070-8080-9080-9080-9080-9070-8080-9080-9090-10080-9080-9080-9080-9080-9070-8070-8080-9070-8070-8080-9070-8080-9080-9090-10070-8080-9080-9070-8080-9090-10090-10070-8080-9080-9070-8070-8080-9080-9080-9070-8070-8080-9080-9080-9070-8080-9080-9090-10070-8080-9070-8070-8070-8070-8070-8070-8090-10080-9080-9080-9080-9070-8080-9060-7080-9080-9080-9080-9080-9080-9080-9070-8070-8080-9070-8080-9070-8070-8090-10080-9080-9080-9080-9080-9080-9080-9080-9080-9080-9080-9080-9090-10080-9080-9070-8080-9080-9080-9080-9070-8090-10090-10070-8070-8090-10080-9090-10080-9080-9080-9090-10070-8070-8070-8090-10080-9080-9080-9080-9070-8070-8080-9090-10080-9080-9070-8080-9080-9090-10070-8070-8080-9080-9080-9070-8080-9080-9090-10090-10080-9090-10090-10070-8090-10070-8080-9070-8080-9080-9090-10080-9070-8070-8090-10080-9070-8080-90,200
mean,83.48377096423852,254.53952749999993,31.817440937499992,766.58,39.295,32.7,6.595,261.54404999999997,8.046814673207688,26154.405,2.345034468818943,5.701780204388747,319.92554000000007,31.82,39.99069250000001,65.38601249999999,335.82,,200
std,5.700652474398762,15.247190416301242,1.9058988020376553,216.6649071955361,3.366696933376395,2.4371496655852525,2.600922719915929,4.276891758399474,0.6697114446466952,427.6891758399471,0.3738731103129812,0.4315332612516402,15.213859662080742,4.614549853643234,1.9017324577600927,1.0692229395998685,181.6091324381145,,200
