,EXPERIENCE_U,WOM_U,MARKETING_U,OUT,rh_U,alt_U,ACTUAL_WT,U_dif,mu,nDAYS_HAILED,INFORMED,plat_revenue,plat_revenue_wod,MATCHING_T,rh_Ux,rh_P,OUT_TOMORROW,STARTS_DAY,REQUESTS_RIDE,RECEIVES_OFFER,IS_REJECTED_BY_VEHICLE,ACCEPTS_OFFER,REJECTS_OFFER,ARRIVES_AT_PICKUP,MEETS_DRIVER_AT_PICKUP,DEPARTS_FROM_PICKUP,ARRIVES_AT_DROPOFF,SETS_OFF_FOR_DEST,ARRIVES_AT_DEST,PREFERS_OTHER_SERVICE,LOSES_PATIENCE
0,0.010000000000000163,0.010000000000000163,0.011646476351982278,2000.0,-27.28849762777776,-10.863388138295145,10.25,1.6899200082906716,1.0,1.0,1.0,0.41563522000000064,0.41563522000000064,10.25,0.010000000000000163,0.07943854918397675,0.9025,0.0,7318.554,0.0,0.0,0.0,0.0,0.0,0.0,0.0,0.0,0.0,0.0,0.0,615.0
1,0.010202275401012283,0.010000000000000163,0.013498683448342198,2000.0,-24.388712566666637,-10.863388138295145,9.538225000000004,1.40360044214987,1.0,2.0,1.0,0.41563522000000064,0.41563522000000064,9.136575000000004,0.01016182032080986,0.07949827194868744,0.929,0.0,7318.554,53.7345,0.0,0.2095,0.0,3.92,24.099,5.88,111.037,1.96,0.0,0.0,494.46
