,EXPERIENCE_U,WOM_U,MARKETING_U,OUT,nRIDES,nREJECTED,nDAYS_WORKED,DRIVING_TIME,IDLE_TIME,PICKUP_DIST,DRIVING_DIST,REVENUE,COST,COMMISSION,TRIP_FARE,ACTUAL_INC,mu,INFORMED,working_U,working_P,OUT_TOMORROW,STARTS_DAY,OPENS_APP,RECEIVES_REQUEST,ACCEPTS_REQUEST,REJECTS_REQUEST,IS_ACCEPTED_BY_TRAVELLER,IS_REJECTED_BY_TRAVELLER,ARRIVES_AT_PICKUP,MEETS_TRAVELLER_AT_PICKUP,DEPARTS_FROM_PICKUP,ARRIVES_AT_DROPOFF,CONTINUES_SHIFT,STARTS_REPOSITIONING,REPOSITIONED,DECIDES_NOT_TO_DRIVE,ENDS_SHIFT
0,0.010000000000000007,0.010000000000000007,0.011646476351981945,0.0,,,,,,,,,,,,,,,,,,,,,,,,,,,,,,,,,
1,0.040747133567037554,0.010000000000000007,0.013534988873820207,19.0,20.63157894736842,0.0,1.0,14236.578947368422,6320.526315789473,25.484736842105264,142.3657894736842,160.6844,35.59144736842105,8.457073684210526,169.14147368421052,125.09295263157894,1.0,1.0,0.268923230038212,0.24358121997136634,0.8421052631578947,0.0,0.0,271.3157894736842,22.05263157894737,0.0,400.89473684210526,0.0,2548.4736842105262,0.0,618.9473684210526,11688.105263157895,0.0,0.0,0.0,0.0,6049.210526315789
