,P1_EXPERIENCE_U,P2_EXPERIENCE_U,P1_WOM_U,P2_WOM_U,P1_MARKETING_U,P2_MARKETING_U,P1_OUT,P2_OUT,P1_ACTUAL_WT,P2_ACTUAL_WT,P1_MATCHING_T,P2_MATCHING_T,P1_PICKUP_T,P2_PICKUP_T,PICKUP_T,P1_fare,P2_fare,P1_revenue,P2_revenue,P1_min_wage_sub,P2_min_wage_sub,P1_profit,P2_profit,P1_remaining_capital,P2_remaining_capital,P_U,PT_U,ACTUAL_WT,U_dif,OUT,mu,wu,nDAYS_HAILED,nDAYS_TRY,P1_INFORMED,P2_INFORMED,platform_id,plat_revenue,MATCHING_T,P1_hate,P2_hate,STARTS_DAY,REQUESTS_RIDE,RECEIVES_OFFER,IS_REJECTED_BY_VEHICLE,ACCEPTS_OFFER,REJECTS_OFFER,ARRIVES_AT_PICKUP,MEETS_DRIVER_AT_PICKUP,DEPARTS_FROM_PICKUP,ARRIVES_AT_DROPOFF,SETS_OFF_FOR_DEST,ARRIVES_AT_DEST,PREFERS_OTHER_SERVICE,LOSES_PATIENCE
0,0.010000000000000163,0.010000000000000163,0.010000000000000163,0.010000000000000163,0.011646476351982274,0.01164647635198229,0.0,0.0,,,,,,,,1.0,1.0,0.0,0.0,0.0,0.0,-500.0,-500.0,49500.0,49500.0,,,,,,,,,,,,,,,,,,,,,,,,,,,,,,
1,0.010005980769616103,0.010000000000000163,0.010000000000000163,0.010000000000000163,0.013486581639849345,0.013498683448342173,19.0,21.0,12.219298245614036,10.25,2.7824561403508774,10.25,11.20625,,11.20625,1.0,1.0,22.141599999999997,0.0,56.437499999999986,0.0,-534.2959,-500.0,48965.7041,49000.0,-38.032583333333335,-12.339755316363105,11.185416666666665,0.07278197216828383,0.0,0.4,1.0,0.4,1.0,0.725,0.55,1.525,0.5535399999999999,6.702916666666667,2.75,0.0,0.0,7136.025,33.175,0.0,4.875,0.0,8.0,268.95,12.0,220.625,4.0,0.0,0.0,369.0
2,0.010025322469324874,0.010009223412099033,0.010000000000000163,0.010000000000000163,0.0155187399126073,0.01566474959001816,39.0,36.0,10.835042735042736,11.307407407407407,3.6965811965811963,3.9648148148148143,8.7,9.440476190476192,9.045555555555556,1.0,1.0,44.6072,41.842800000000004,51.9705,58.8505,-507.36330000000004,-517.0077,48458.340800000005,48482.9923,-22.325840000000003,-12.00332807123786,11.06177777777778,0.1403119082345018,0.0,0.8,1.0,0.8133333333333334,1.0266666666666666,0.6266666666666667,0.68,1.48,1.1526666666666665,3.825333333333334,3.2,2.8,0.0,6993.786666666667,106.52,0.0,6.8,0.0,16.0,434.18666666666667,24.0,463.97333333333336,8.0,0.0,0.0,123.0
3,0.010061689026144243,0.010046913616342442,0.010000000000000163,0.010000003501941761,0.01785265542218832,0.01824886320046286,48.0,38.0,10.200000000000003,8.707456140350876,1.8104166666666666,2.4728070175438597,8.948888888888888,7.403645833333333,8.306709956709957,1.0,1.0,57.356,42.96220000000001,127.04149999999998,98.2635,-569.6855,-555.3013,47888.655300000006,47927.691,-16.07805813953488,-11.29440645115145,9.540503875968994,0.1131457306675614,0.0,0.8953488372093024,1.0,0.9883720930232558,1.127906976744186,0.7209302325581395,0.6511627906976745,1.441860465116279,1.166490697674419,2.103100775193798,2.6744186046511627,1.9534883720930232,0.0,7304.627906976744,61.825581395348834,0.0,9.488372093023257,0.0,17.906976744186046,446.24418604651163,26.86046511627907,457.5,8.953488372093023,0.0,0.0,64.36046511627907
4,0.010127070201885496,0.010073307051855723,0.010000034434441626,0.010000045145660079,0.02066433946750532,0.020927427352358943,52.0,57.0,9.517307692307693,11.61081871345029,0.7608974358974359,4.3695906432748535,8.928104575163399,9.598837209302326,9.234929078014185,1.0,1.0,72.6948,66.7016,138.66249999999997,55.5255,-565.9676999999999,-488.82390000000004,47322.687600000005,47438.867099999996,-19.540318042813453,-12.613695775699195,10.61207951070336,0.0882493158817266,0.0,0.8623853211009175,1.0,0.9357798165137615,1.0825688073394495,0.7614678899082569,0.7247706422018348,1.5229357798165137,1.2788660550458724,2.648012232415902,2.2752293577981653,2.6422018348623855,0.0,6948.247706422018,74.24770642201835,0.0,8.174311926605505,0.0,17.24770642201835,477.8440366972477,25.871559633027523,518.3394495412844,8.623853211009175,0.0,0.0,84.63302752293578
5,0.010202187679150768,0.010117078609381734,0.010000278025612224,0.010000126737896303,0.02382243244922012,0.024114607310416876,64.0,73.0,9.602864583333332,10.701826484018262,2.56640625,3.6474885844748863,8.041666666666666,8.728248587570622,8.39391304347826,1.0,1.0,77.9488,84.4758,121.75799999999997,64.41799999999996,-543.8091999999999,-479.94219999999996,46778.8784,46958.9249,-19.616965936739664,-12.209548739801743,10.188442822384427,0.1320465855254025,0.0,0.8394160583941606,1.0,0.9708029197080292,1.1605839416058394,0.8102189781021898,0.8686131386861314,1.532846715328467,1.1855810218978104,3.142457420924575,2.45985401459854,2.6861313868613137,0.0,6713.058394160584,89.78832116788321,0.0,6.744525547445256,0.0,16.78832116788321,422.75912408759126,25.182481751824817,474.8759124087591,8.394160583941606,0.0,0.0,98.75912408759125
6,0.010255964794970249,0.010200368795763895,0.010000467517580493,0.010000239688204614,0.027255715124281404,0.02762769044885699,72.0,75.0,10.136805555555556,8.119555555555555,3.8018518518518505,0.40955555555555556,7.7307909604519764,7.71,7.7191542288557216,1.0,1.0,82.8852,105.17420000000001,59.97399999999996,155.4405,-477.0888,-550.2663,46301.789600000004,46408.658599999995,-16.254188208616778,-12.025585827899416,9.107596371882087,0.12021164755923901,0.0,0.9115646258503401,1.0,1.0748299319727892,1.1972789115646258,0.8367346938775511,0.8707482993197279,1.510204081632653,1.2793156462585036,2.0710884353741483,2.258503401360544,2.6054421768707483,0.0,7556.986394557823,69.87755102040816,0.0,8.666666666666666,0.0,18.231292517006803,422.1904761904762,27.346938775510203,511.63945578231295,9.115646258503402,0.0,0.0,54.38775510204081
7,0.01031703478882074,0.010284458002153671,0.010000690147560283,0.010000679114250711,0.030762397770123073,0.03134595951701963,76.0,84.0,9.874780701754384,9.99642857142857,1.9212719298245613,1.4398809523809528,8.395370370370369,8.987916666666667,8.707236842105264,1.0,1.0,102.24200000000002,109.17479999999998,120.46399999999997,163.80800000000002,-518.222,-554.6332,45783.5676,45854.0254,-14.933983333333334,-12.123332707501238,9.938645833333329,0.08469024133994203,0.0,0.95,1.0,1.125,1.23125,0.91875,0.875,1.525,1.3213550000000003,1.6685416666666666,2.8125,2.86875,0.0,7475.775,69.3625,0.0,9.41875,0.0,19.0,496.20625,28.5,527.2875,9.5,0.0,0.0,30.75
8,0.010416008021543455,0.010387636680506808,0.010000982605376145,0.010000919610532297,0.035076611425385935,0.03577664774731687,95.0,92.0,8.632105263157891,9.730072463768115,0.3642105263157895,1.225,8.267894736842104,8.791760299625468,8.521286231884057,1.0,1.0,125.40540000000001,116.6442,171.899,149.647,-546.4936,-533.0028,45237.074,45321.0226,-12.80069518716578,-11.412052057455725,9.172281639928707,0.15597724589590273,0.0,0.983957219251337,1.0,1.320855614973262,1.4010695187165776,0.9251336898395722,0.9251336898395722,1.4919786096256684,1.2943828877005352,0.7877005347593582,2.3315508021390374,2.625668449197861,0.0,7046.35294117647,37.39572192513369,0.0,10.946524064171124,0.0,19.67914438502674,503.0748663101604,29.518716577540108,509.0534759358289,9.83957219251337,0.0,0.0,9.866310160427808
9,0.010541324935868719,0.01047707072346613,0.010001638073864677,0.010001503305763045,0.0399526382244969,0.04060332383058423,87.0,104.0,8.59942528735632,9.030929487179485,0.496168582375479,0.9402243589743591,8.103256704980842,8.586054421768708,8.359009009009009,1.0,1.0,129.5628,140.67360000000002,199.21099999999996,185.287,-569.6481999999999,-544.6134,44667.4258,44776.409199999995,-14.13226527050611,-12.260873316530004,8.834380453752178,0.1150145284333962,0.0,0.9685863874345549,1.0,1.387434554973822,1.4973821989528795,0.9319371727748691,0.8900523560209425,1.544502617801047,1.4148502617801046,0.737958115183246,2.769633507853403,2.9214659685863875,0.0,7390.324607329843,24.958115183246072,0.0,12.052356020942408,0.0,19.3717277486911,485.78534031413614,29.05759162303665,571.4083769633507,9.68586387434555,0.0,0.0,19.319371727748692
10,0.010626279723981657,0.010622924987278204,0.010002503874840646,0.010002206907445056,0.04447673797007764,0.04559172867654246,116.0,105.0,10.16580459770115,8.534285714285712,4.4882183908045965,1.244920634920635,7.484090909090909,7.5060457516339865,7.495877192982455,1.0,1.0,120.8854,139.6236,71.77899999999998,223.45149999999998,-450.8936,-583.8279,44216.532199999994,44192.5813,-17.97478582202112,-11.746925667624781,9.390648567119158,0.08491656764321526,0.0,0.8597285067873304,1.0,1.3665158371040724,1.583710407239819,0.9411764705882353,0.9321266968325792,1.4751131221719458,1.1787737556561086,2.9472850678733042,2.3031674208144794,2.248868778280543,0.0,7058.0723981900455,90.57013574660634,0.0,6.67420814479638,0.0,17.194570135746606,386.6018099547511,25.79185520361991,468.61538461538464,8.597285067873303,0.0,0.0,86.26696832579185
11,0.010754232220193335,0.010762436671105458,0.010003562042574682,0.010002989113773704,0.04948613456895335,0.0508686483935959,82.0,84.0,7.360162601626017,7.143849206349208,0.19247967479674796,0.0,7.1676829268292686,7.143849206349206,7.15562248995984,1.0,1.0,121.22640000000001,121.09360000000001,350.32199999999995,303.8239999999999,-729.0955999999999,-682.7303999999999,43487.43659999999,43509.8509,-12.163694779116463,-11.997275072924445,7.250702811244979,0.21455276777056229,0.0,1.0,1.0,1.5,1.536144578313253,0.9819277108433735,0.9337349397590361,1.5060240963855422,1.4597590361445771,0.09508032128514056,2.289156626506024,2.4879518072289155,0.0,7221.391566265061,5.704819277108434,0.0,14.63855421686747,0.0,20.0,429.33734939759034,30.0,589.3855421686746,10.0,0.0,0.0,0.0
12,0.010863382902259956,0.010855638623385039,0.010004971211021427,0.010004428500583203,0.05499091968596834,0.05631664792708047,118.0,104.0,9.338559322033898,9.647756410256411,2.6721751412429384,2.279326923076923,7.421069182389937,8.066491228070175,7.7261194029850735,1.0,1.0,147.369,133.9386,107.886,97.60449999999997,-460.51699999999994,-463.66589999999997,43026.919599999994,43046.185,-16.486399399399406,-11.768121807659512,9.483408408408405,0.21061529893946132,0.0,0.9054054054054054,1.0,1.481981981981982,1.635135135135135,0.9774774774774775,0.972972972972973,1.4684684684684686,1.267151351351351,2.4881381381381393,2.59009009009009,2.2927927927927927,0.0,6620.689189189189,91.11261261261261,0.0,7.247747747747748,0.0,18.10810810810811,419.7162162162162,27.16216216216216,506.4144144144144,9.054054054054054,0.0,0.0,58.17567567567568
13,0.01107012330035996,0.010912683982269227,0.010006232155594022,0.010005615231979594,0.061185761494400186,0.06212262128062905,116.0,94.0,6.493247126436783,10.764539007092198,0.004885057471264368,4.259929078014184,6.488362068965518,8.737619047619047,7.334856630824373,1.0,1.0,166.3192,104.9824,239.20899999999997,66.70399999999998,-572.8897999999999,-461.72159999999997,42454.0298,42584.4634,-17.34211746031746,-12.066540542972152,8.40515873015873,0.06116431535942176,0.0,0.8857142857142857,1.0,1.638095238095238,1.8428571428571427,0.9761904761904762,0.9571428571428572,1.4476190476190476,1.2919123809523814,1.9095238095238092,2.357142857142857,1.9095238095238096,0.0,6871.366666666667,44.285714285714285,0.0,10.447619047619048,0.0,17.714285714285715,389.73809523809524,26.571428571428573,521.5666666666667,8.857142857142858,0.0,0.0,70.28571428571429
14,0.011330733737285199,0.010966217972600403,0.010007731223966055,0.010006675658913606,0.06722467524998747,0.06865847648103687,98.0,114.0,6.591836734693882,10.811549707602339,0.07261904761904762,3.797222222222222,6.521598639455783,8.41719298245614,7.454663212435233,1.0,1.0,134.82220000000004,141.07880000000003,267.0875,82.97249999999994,-632.2652999999999,-441.89369999999997,41821.7645,42142.5697,-16.17113364779874,-12.198081109362711,8.860927672955974,0.04643633310753563,0.0,0.910377358490566,1.0,1.6462264150943395,1.8396226415094339,0.9764150943396226,0.9952830188679245,1.5377358490566038,1.3014198113207542,2.075471698113208,1.6886792452830188,2.891509433962264,0.0,7035.5,69.41037735849056,0.0,8.962264150943396,0.0,18.20754716981132,407.12735849056605,27.31132075471698,522.8066037735849,9.10377358490566,0.0,0.0,55.117924528301884
15,0.011497627955651287,0.011135032321232701,0.01000966195162528,0.010007540486172346,0.07398041561388566,0.07531152460783859,109.0,109.0,8.498012232415903,8.688990825688073,0.8654434250764526,0.38287461773700315,7.775233644859814,8.383024691358024,8.080542635658915,1.0,1.0,156.13460000000003,147.04999999999998,186.25449999999998,269.8705,-530.1198999999999,-622.8205,41291.6446,41519.7492,-13.34909938837921,-12.309832900816767,8.593501529051984,0.06727137099739432,0.0,0.9862385321100917,1.0,1.9128440366972477,2.0458715596330275,1.0,0.9954128440366973,1.5,1.3907550458715598,0.624159021406728,2.3073394495412844,2.573394495412844,0.0,6901.816513761468,28.986238532110093,0.0,12.013761467889909,0.0,19.724770642201836,478.1605504587156,29.587155963302752,556.8577981651376,9.862385321100918,0.0,0.0,8.463302752293577
16,0.011667587115910542,0.011341079182839334,0.010011268570810833,0.010009178405068224,0.08075610748643408,0.08182340795552102,89.0,88.0,6.764606741573033,6.537310606060607,0.0,0.022348484848484847,6.767041198501873,6.514962121212121,6.641713747645951,1.0,1.0,128.24560000000002,123.2946,282.739,244.36449999999994,-654.4934,-621.0699,40637.1512,40898.679299999996,-11.666634651600745,-12.494001172369574,6.6516007532956705,-0.049007042555793176,0.0,1.0,1.0,1.9322033898305084,2.022598870056497,1.0,0.9774011299435028,1.497175141242938,1.4211310734463276,0.01111111111111111,1.7796610169491525,1.463276836158192,0.0,7166.762711864407,0.6666666666666666,0.0,14.915254237288135,0.0,20.0,398.42937853107344,30.0,570.1016949152543,10.0,0.0,0.0,0.0
17,0.011768018846527591,0.011406076814379863,0.01001520353349877,0.010011178449242838,0.08838458015598803,0.08880916847017395,111.0,128.0,9.901201201201204,10.181640625,1.0857357357357358,4.706380208333334,8.977217125382264,7.455673758865247,8.272660098522167,1.0,1.0,155.83139999999997,128.2752,160.37549999999996,55.69699999999995,-504.54409999999996,-427.4217999999999,40132.6071,40471.2575,-18.727122733612283,-11.9330699542977,10.051394700139472,0.0933178177436164,0.0,0.8493723849372385,1.0,1.9665271966527196,2.2301255230125525,0.99581589958159,0.9916317991631799,1.5355648535564854,1.1887305439330547,3.024825662482567,2.794979079497908,2.305439330543933,0.0,7417.916317991632,88.85355648535565,0.0,5.99581589958159,0.0,16.98744769874477,421.59414225941424,25.481171548117153,475.06276150627616,8.493723849372385,0.0,0.0,92.63598326359832
18,0.01196614872357597,0.011429745501988029,0.010017726636134696,0.010013868910657895,0.0965645024205473,0.09719136321545159,92.0,99.0,6.5653985507246375,11.225252525252527,0.0,5.852188552188553,6.5664855072463775,8.311458333333333,7.282371794871795,1.0,1.0,131.7588,95.40199999999999,272.2975,35.1885,-640.5387000000001,-439.7865,39492.068400000004,40031.471,-20.70819895287958,-12.561136855391489,8.98071553228621,0.0369199992993059,0.0,0.8167539267015707,1.0,2.0785340314136125,2.3769633507853403,0.9895287958115183,0.9947643979057592,1.5183246073298429,1.1893235602094232,3.033333333333333,1.8115183246073299,2.1256544502617802,0.0,7786.931937172775,69.30366492146597,0.0,8.06806282722513,0.0,16.335078534031414,356.84293193717275,24.50261780104712,479.9633507853403,8.167539267015707,0.0,0.0,112.69633507853403
19,0.01213858859384288,0.011647303188454788,0.010019981218440006,0.010015821607637124,0.104767479531884,0.10599542412221923,100.0,110.0,7.615499999999998,7.870909090909095,0.0555,0.6069696969696969,7.56,7.263939393939394,7.404920634920635,1.0,1.0,138.0312,151.51860000000002,179.04849999999993,192.9445,-541.0173,-541.4259,38951.051100000004,39490.045099999996,-11.823661904761906,-12.109951637374053,7.749285714285716,0.018238515906500437,0.0,1.0,1.0,2.257142857142857,2.376190476190476,0.9904761904761905,1.0,1.5238095238095237,1.3788085714285714,0.3443650793650794,1.980952380952381,2.242857142857143,0.0,6655.414285714286,20.66190476190476,0.0,13.004761904761905,0.0,20.0,444.2952380952381,30.0,548.9714285714285,10.0,0.0,0.0,0.0
20,0.012296143836531302,0.011794238242850738,0.010023965196991327,0.010018214582233984,0.1127878781172861,0.11466682471495938,113.0,96.0,9.338348082595875,8.856076388888889,1.224631268436578,1.073784722222222,8.413608562691131,7.9478723404255325,8.197947454844007,1.0,1.0,159.4686,133.235,189.156,145.00249999999994,-529.6874,-511.7674999999999,38421.3637,38978.277599999994,-13.969470494417866,-12.319373421341412,9.116826156299835,0.1042061325648116,0.0,0.9712918660287081,1.0,2.617224880382775,2.7799043062200957,0.9952153110047847,0.9952153110047847,1.4593301435406698,1.4004956937799042,1.1553429027113238,2.712918660287081,1.8181818181818181,0.0,7127.382775119617,51.665071770334926,0.0,10.028708133971293,0.0,19.425837320574164,477.688995215311,29.138755980861244,563.8181818181819,9.712918660287082,0.0,0.0,17.6555023923445
21,0.01256301886664776,0.011985840352995488,0.010027698993784993,0.010021435059871213,0.12157552339893626,0.12324062239904235,110.0,99.0,7.0189393939393945,6.943097643097641,0.5743939393939393,0.5092592592592592,6.564197530864197,6.5664948453608245,6.565284552845529,1.0,1.0,153.52220000000003,130.1622,222.64049999999997,231.87799999999993,-569.1183,-601.7158,37852.2454,38376.561799999996,-12.36402870813396,-11.810797815857882,6.9830143540669845,0.06569062158028331,0.0,0.9808612440191388,1.0,2.416267942583732,2.598086124401914,0.9952153110047847,0.9952153110047847,1.4736842105263157,1.357341626794259,0.5435406698564595,2.1052631578947367,1.799043062200957,0.0,7134.507177033493,20.842105263157894,0.0,12.937799043062201,0.0,19.617224880382775,386.36842105263156,29.425837320574164,540.8995215311005,9.808612440191387,0.0,0.0,11.770334928229666
22,0.012808778954747033,0.012257706587501844,0.010031643527478894,0.010025041008639898,0.13111076969112642,0.1323962322741215,94.0,82.0,7.492907801418442,5.430691056910571,0.0,0.019105691056910568,7.49290780141844,5.413414634146342,6.524053030303031,1.0,1.0,137.7818,122.26780000000001,270.086,229.82949999999994,-632.3042,-607.5617,37219.9412,37769.0001,-11.995102272727275,-12.336914869983419,6.532102272727271,0.01744267668334869,0.0,1.0,1.0,2.6875,2.8011363636363638,1.0,1.0,1.4659090909090908,1.4775545454545458,0.008901515151515152,2.397727272727273,1.6534090909090908,0.0,7460.323863636364,0.5340909090909091,0.0,14.75,0.0,20.0,391.39204545454544,30.0,598.3465909090909,10.0,0.0,0.0,0.0
23,0.012946330753488677,0.01240211189210748,0.010034736979389718,0.010029006414488492,0.1409040591048389,0.1415404141585262,91.0,104.0,9.80732600732601,9.567628205128203,1.674725274725275,1.5963141025641023,8.506513409961686,8.208085808580858,8.346187943262413,1.0,1.0,118.43760000000002,138.708,139.06449999999998,139.80299999999997,-520.6269,-501.095,36699.3143,37267.905099999996,-13.686611965811968,-12.055251386320007,9.679487179487179,0.09300390540368358,0.0,0.9641025641025641,1.0,2.753846153846154,2.9384615384615387,1.0,0.9948717948717949,1.5333333333333334,1.3186953846153846,1.6329059829059824,1.964102564102564,2.6,0.0,7290.805128205128,75.8974358974359,0.0,9.323076923076924,0.0,19.28205128205128,482.79487179487177,28.923076923076923,523.9487179487179,9.64102564102564,0.0,0.0,22.076923076923077
24,0.013034149698094761,0.012458529051327908,0.010038908045575667,0.010033367720065828,0.15060456829305743,0.15125981404102523,91.0,96.0,10.615934065934066,10.881076388888888,3.2747252747252755,4.507638888888888,8.790131578947367,8.497916666666667,8.647972972972973,1.0,1.0,107.25240000000001,102.9896,114.87349999999995,71.64649999999997,-507.62109999999996,-468.65689999999995,36191.6932,36799.248199999995,-21.73955793226382,-12.239178339961027,10.75204991087344,0.09299301335516241,0.0,0.7914438502673797,1.0,2.5240641711229945,2.8877005347593583,1.0,1.0,1.5133689839572193,1.1242887700534763,3.907664884135473,2.4385026737967914,2.1176470588235294,0.0,7824.754010695187,106.19786096256685,0.0,5.165775401069519,0.0,15.828877005347593,410.6631016042781,23.74331550802139,450.96791443850265,7.9144385026737964,0.0,0.0,128.2620320855615
25,0.01316349859232445,0.012657997675508332,0.010044023600335445,0.01003725442738286,0.16040131835116508,0.16106861533530212,79.0,85.0,9.718987341772149,9.037647058823525,0.5143459915611814,1.2327450980392156,9.205696202531644,8.090447154471544,8.637681159420291,1.0,1.0,114.21079999999999,117.95400000000001,199.54149999999998,178.66449999999995,-585.3307,-560.7104999999999,35606.3625,36238.53769999999,-13.537024390243904,-12.591406896256258,9.365853658536583,0.06901961172895733,0.0,0.9817073170731707,1.0,2.768292682926829,2.9451219512195124,1.0,1.0,1.5182926829268293,1.4156390243902446,0.8866869918699188,2.3902439024390243,2.3780487804878048,0.0,7337.024390243902,41.951219512195124,0.0,11.786585365853659,0.0,19.634146341463413,508.75,29.451219512195124,569.9268292682926,9.817073170731707,0.0,0.0,11.25
26,0.013347639075102752,0.01280000296905653,0.01004791126623293,0.010041147978646098,0.17071436835512566,0.17130992805813683,102.0,97.0,7.965686274509801,8.861168384879726,1.0380718954248365,0.6634020618556701,7.137542087542087,8.283159722222223,7.701538461538461,1.0,1.0,132.1502,143.7938,140.161,170.5025,-508.01079999999996,-526.7086999999999,35098.35170000001,35711.82899999999,-13.204726968174201,-12.289892970442928,8.402177554438857,0.05151991354089646,0.0,0.9798994974874372,1.0,3.040201005025126,3.221105527638191,1.0,0.9949748743718593,1.4874371859296482,1.3866532663316573,0.8554438860971523,2.0552763819095476,2.1256281407035176,0.0,6815.814070351758,38.96482412060301,0.0,10.49748743718593,0.0,19.597989949748744,452.8040201005025,29.396984924623116,555.6934673366834,9.798994974874372,0.0,0.0,12.361809045226131
27,0.013542224546602056,0.012943085268762217,0.01005234793726191,0.010044601374452641,0.18082476470504877,0.18202112845359428,105.0,110.0,11.261269841269844,9.375454545454549,3.148730158730158,0.8086363636363637,8.604208754208754,8.648012232415903,8.627163461538462,1.0,1.0,133.4514,163.06879999999998,110.38799999999998,183.06099999999998,-476.93659999999994,-519.9921999999999,34621.415100000006,35191.83679999999,-14.280931782945741,-12.255649485871588,10.296434108527134,0.14420819304615148,0.0,0.9674418604651163,1.0,2.986046511627907,3.2,1.0,0.9953488372093023,1.5116279069767442,1.3791637209302323,1.9514728682170537,2.5348837209302326,1.9767441860465116,0.0,6896.316279069767,97.06511627906977,0.0,8.204651162790698,0.0,19.348837209302324,500.69767441860466,29.023255813953487,553.706976744186,9.674418604651162,0.0,0.0,20.023255813953487
28,0.013930559067672066,0.013124919886165293,0.010058815783766833,0.010048854856613512,0.19138847990726673,0.19288366572612095,119.0,111.0,8.627310924369748,9.824924924924924,0.4340336134453782,0.2521021021021021,8.26271186440678,9.572822822822824,8.897743813682677,1.0,1.0,165.0398,165.6134,227.39249999999998,241.36299999999994,-562.3526999999999,-575.7495999999999,34059.0624,34616.08719999999,-13.050060869565218,-12.281923900280825,9.205289855072461,0.1557027955515308,0.0,0.9956521739130435,1.0,3.2869565217391306,3.491304347826087,1.0,0.991304347826087,1.482608695652174,1.4376226086956525,0.34623188405797106,2.0478260869565217,2.1478260869565218,0.0,7179.173913043478,18.1,0.0,12.591304347826087,0.0,19.91304347826087,531.5434782608696,29.869565217391305,578.9739130434782,9.956521739130435,0.0,0.0,2.6739130434782608
29,0.014201650417819272,0.013378127339740928,0.010065950512451998,0.010053150191339478,0.201666333056695,0.20406311400221686,97.0,97.0,6.693814432989692,6.713745704467354,0.01804123711340206,0.3582474226804124,6.675773195876288,6.421701388888889,6.549395509499138,1.0,1.0,130.1346,128.71120000000002,281.5505,281.12899999999996,-651.4159,-652.4177999999999,33407.6465,33963.669399999984,-11.334984536082477,-11.903152015726437,6.703780068728519,-0.0050779049659531615,0.0,0.9948453608247423,1.0,3.484536082474227,3.6597938144329896,1.0,1.0,1.5,1.3342567010309279,0.18814432989690721,2.077319587628866,1.4536082474226804,0.0,7429.757731958763,8.118556701030927,0.0,14.221649484536082,0.0,19.896907216494846,390.9381443298969,29.84536082474227,527.4278350515464,9.948453608247423,0.0,0.0,3.170103092783505
30,0.014497425148209026,0.01354011531169166,0.010071868196442218,0.010058203382440359,0.21280803283899763,0.2149132194767188,98.0,98.0,7.403741496598639,8.922789115646255,0.0,0.3673469387755103,7.40374149659864,8.561734693877552,7.982738095238097,1.0,1.0,136.8302,147.441,226.49999999999994,214.32299999999998,-589.6697999999999,-566.882,32817.9767,33396.78739999999,-12.466255102040819,-12.05046988725162,8.163265306122451,0.126351642937992,0.0,1.0,1.0,3.3316326530612246,3.4948979591836733,1.0,0.9948979591836735,1.5,1.450363265306123,0.18367346938775514,2.0969387755102042,2.433673469387755,0.0,7247.811224489796,11.020408163265307,0.0,13.760204081632653,0.0,20.0,478.7755102040816,30.0,584.7397959183673,10.0,0.0,0.0,0.0
31,0.01457271926431012,0.01366886548817047,0.010078400352349564,0.010065806023465651,0.22375023343690012,0.2259982856818838,109.0,108.0,10.83455657492355,9.022839506172835,5.403975535168197,1.7385802469135807,7.588888888888889,7.712745098039216,7.659074074074074,1.0,1.0,104.2,139.0994,63.14349999999998,132.03849999999994,-458.9435,-492.93909999999994,32359.033199999998,32903.84829999998,-19.246142857142853,-11.761051921997362,9.932872503840246,0.1038662717442141,0.0,0.8294930875576036,1.0,3.3364055299539173,3.6589861751152073,1.0,1.0,1.4976958525345623,1.12119539170507,3.5797235023041485,2.4377880184331797,2.557603686635945,0.0,6342.267281105991,109.92165898617512,0.0,5.912442396313364,0.0,16.589861751152075,381.1889400921659,24.88479262672811,444.08294930875576,8.294930875576037,0.0,0.0,104.86175115207374
32,0.014817086908802402,0.01391876589032497,0.010083296089522601,0.010070099283172556,0.23508919118423485,0.2366330785457415,101.0,119.0,8.317491749174923,10.366246498599441,1.852970297029703,1.9050420168067228,7.023835125448028,8.832309941520467,8.019806763285024,1.0,1.0,130.13500000000002,157.55139999999997,139.7785,158.14499999999995,-509.6435,-500.59360000000004,31849.3897,32403.254699999983,-14.817936363636369,-11.75460674427112,9.425681818181816,0.10355548211254854,0.0,0.9409090909090909,1.0,3.5318181818181817,3.8045454545454547,1.0,1.0,1.540909090909091,1.3076654545454547,1.8811363636363643,2.0,2.65,0.0,6636.15,76.52727272727273,0.0,8.504545454545454,0.0,18.818181818181817,452.6727272727273,28.227272727272727,521.6954545454546,9.409090909090908,0.0,0.0,36.34090909090909
33,0.015032425440152675,0.014021198733200652,0.01008912658106758,0.010075249571793348,0.2469339054176502,0.24831360998005628,90.0,97.0,6.527037037037037,10.262886597938147,0.2648148148148148,2.7013745704467356,6.263148148148148,8.24119850187266,7.246648044692737,1.0,1.0,129.6394,121.3434,224.779,84.4055,-595.1396,-463.06210000000004,31254.2501,31940.192599999984,-13.951839572192503,-11.953794863219834,8.464884135472364,0.05699880294742066,0.0,0.9572192513368984,1.0,3.7058823529411766,3.9411764705882355,1.0,1.0,1.518716577540107,1.3421540106951872,1.5286987522281636,2.192513368983957,2.4973262032085564,0.0,6824.502673796792,65.41176470588235,0.0,9.67379679144385,0.0,19.144385026737968,416.1711229946524,28.71657754010695,536.6417112299465,9.572192513368984,0.0,0.0,26.310160427807485
34,0.015168621695766138,0.014113589847356249,0.010096946630818945,0.010080604117887748,0.2584458345756518,0.25973111469303267,106.0,105.0,10.412893081761002,10.226190476190476,1.7776729559748425,3.1753968253968266,9.153333333333334,8.229074074074074,8.715526315789473,1.0,1.0,139.7046,123.49520000000001,150.36699999999996,76.19299999999998,-510.66239999999993,-452.6978,30743.5877,31487.494799999982,-17.072769352290678,-11.824794395096221,10.319984202211687,0.1608356675890699,0.0,0.9004739336492891,1.0,3.5071090047393363,3.824644549763033,1.0,1.0,1.4976303317535544,1.2473924170616113,2.4732227488151666,2.6635071090047395,2.5497630331753554,0.0,7213.279620853081,87.18483412322274,0.0,6.341232227488152,0.0,18.009478672985782,470.8056872037915,27.01421800947867,497.22748815165875,9.004739336492891,0.0,0.0,61.208530805687204
35,0.01549300287848968,0.014372667697789944,0.010104912767729714,0.010086170198844668,0.27034342750082385,0.2706640733097853,92.0,105.0,7.906884057971014,10.75238095238095,0.20797101449275357,2.3590476190476193,7.698913043478261,9.085567010309276,8.41058201058201,1.0,1.0,126.3624,134.3876,302.7915,160.964,-676.4291000000001,-526.5763999999999,30067.1586,30960.91839999998,-14.437028764805417,-11.90313546106346,9.42351945854484,0.16922653565986032,0.0,0.9593908629441624,1.0,3.802030456852792,4.0152284263959395,1.0,1.0,1.532994923857868,1.3236040609137065,1.3544839255499153,1.7868020304568528,2.527918781725888,0.0,6514.751269035533,56.29441624365482,0.0,10.32994923857868,0.0,19.18781725888325,484.1421319796954,28.781725888324875,527.0,9.593908629441625,0.0,0.0,24.9746192893401
36,0.015719553195457137,0.014558053352595367,0.010115855776849052,0.010093976656845414,0.28177176235576024,0.2815075875795621,103.0,99.0,8.867637540453073,9.51481481481481,0.7228155339805824,1.988215488215488,8.306105610561056,7.926950354609929,8.123333333333333,1.0,1.0,145.0808,134.5036,171.76499999999996,93.25349999999997,-526.6841999999999,-458.74989999999997,29540.4744,30502.16849999998,-14.423369636963702,-12.34815179879266,9.184818481848188,0.08136252210171425,0.0,0.9653465346534653,1.0,4.02970297029703,4.267326732673268,1.0,1.0,1.49009900990099,1.384081188118812,1.3429867986798685,2.297029702970297,2.1435643564356437,0.0,6832.336633663366,59.26732673267327,0.0,9.683168316831683,0.0,19.306930693069308,470.509900990099,28.96039603960396,556.4257425742575,9.653465346534654,0.0,0.0,21.31188118811881
37,0.015918672014855403,0.014933609397269799,0.010128588885662409,0.010100842077272352,0.2932401177663632,0.29303858404216393,111.0,93.0,11.142192192192192,5.751433691756273,3.276276276276276,0.4112903225806452,8.819360269360269,5.342293906810036,7.1351562500000005,1.0,1.0,141.65239999999997,127.007,139.01649999999995,220.97799999999998,-497.3641,-593.971,29043.1103,29908.19749999998,-15.372704248366004,-12.399791052744133,8.68464052287582,0.16400940199891875,0.0,0.9411764705882353,1.0,3.980392156862745,4.254901960784314,1.0,1.0,1.4558823529411764,1.3169578431372555,1.970179738562091,2.377450980392157,1.7205882352941178,0.0,6538.112745098039,82.0343137254902,0.0,8.544117647058824,0.0,18.823529411764707,402.86764705882354,28.235294117647058,526.2549019607843,9.411764705882353,0.0,0.0,36.1764705882353
38,0.016161292198263916,0.015141058547910882,0.010138412620570364,0.010112217987327936,0.30434574477469645,0.3046661906195828,101.0,94.0,9.13943894389439,9.567375886524822,0.4587458745874587,1.6015957446808509,8.767499999999998,8.508901515151514,8.64645390070922,1.0,1.0,147.3568,125.06679999999999,267.54749999999996,169.784,-620.1906999999999,-544.7172,28422.9196,29363.48029999998,-14.168868376068367,-12.385435294380143,9.345726495726495,0.13400156618037584,0.0,0.9641025641025641,1.0,4.087179487179487,4.3538461538461535,1.0,1.0,1.4820512820512821,1.3970441025641023,1.0096581196581196,2.5384615384615383,2.041025641025641,0.0,7135.323076923077,38.5025641025641,0.0,11.184615384615384,0.0,19.28205128205128,500.16410256410256,28.923076923076923,563.1128205128205,9.64102564102564,0.0,0.0,22.076923076923077
39,0.016484156545013826,0.015436133839485871,0.010148968529911854,0.010118828972206855,0.3154338354232804,0.3160563185576996,110.0,116.0,8.621666666666666,8.9566091954023,0.9418181818181819,0.8257183908045979,7.8220679012345675,8.273684210526316,8.053978978978979,1.0,1.0,155.60219999999995,155.43980000000002,189.28699999999992,154.37299999999996,-533.6848,-498.93319999999994,27889.234800000002,28864.54709999998,-13.12884365781711,-11.823281407187757,8.793584070796463,0.1478142721847826,0.0,0.9823008849557522,1.0,4.243362831858407,4.451327433628318,1.0,1.0,1.5132743362831858,1.37629203539823,0.8822271386430677,2.314159292035398,2.3805309734513274,0.0,7481.982300884956,42.04867256637168,0.0,11.345132743362832,0.0,19.646017699115045,474.6814159292035,29.469026548672566,550.1991150442478,9.823008849557523,0.0,0.0,10.88495575221239
40,0.017006870278730168,0.01577943268725028,0.01015853038468808,0.010125654182790857,0.3270914611762577,0.3276962675013806,101.0,117.0,6.186963696369636,6.964529914529914,0.0,0.5783475783475782,6.186963696369637,6.498985507246377,6.353086419753085,1.0,1.0,141.464,160.53,245.59849999999994,254.70249999999993,-604.1344999999999,-594.1724999999999,27285.100300000002,28270.37459999998,-11.875452599388383,-12.273506324051702,6.60428134556575,0.05586934595978495,0.0,0.9908256880733946,1.0,4.394495412844036,4.614678899082569,1.0,1.0,1.536697247706422,1.3852935779816515,0.3103975535168195,1.4220183486238531,1.8256880733944953,0.0,6952.619266055046,12.98165137614679,0.0,13.692660550458715,0.0,19.81651376146789,377.6330275229358,29.724770642201836,553.4770642201835,9.908256880733944,0.0,0.0,5.6422018348623855
41,0.017322559137411028,0.01644180701689196,0.010167570453664556,0.010132870461555138,0.3388297599733165,0.3392782202471457,108.0,100.0,8.152623456790122,5.999,0.6651234567901234,0.0,7.5574766355140195,6.0015,6.805797101449276,1.0,1.0,153.24939999999998,137.21140000000003,190.6905,301.9479999999999,-537.4411,-664.7366,26747.659200000002,27605.63799999998,-12.062381410256403,-12.266089213967778,7.117227564102568,0.011786509044413356,0.0,0.9951923076923077,1.0,4.735576923076923,4.947115384615385,1.0,1.0,1.4807692307692308,1.3964461538461537,0.3453525641025641,1.8798076923076923,1.6875,0.0,7153.4567307692305,17.764423076923077,0.0,13.5,0.0,19.903846153846153,406.3125,29.85576923076923,558.4278846153846,9.951923076923077,0.0,0.0,2.956730769230769
42,0.017765320120062912,0.016773710487161617,0.010175876511187301,0.01014228885471449,0.35006851845405573,0.350394078837319,108.0,113.0,8.199845679012347,7.697345132743363,0.46697530864197534,0.5151917404129794,7.805140186915888,7.184070796460177,7.486136363636364,1.0,1.0,153.6094,160.7084,241.65349999999995,168.55900000000003,-588.0441,-507.85060000000004,26159.615100000003,27097.78739999998,-12.410013574660628,-12.10628519597084,7.94291101055807,0.07014708846890662,0.0,0.995475113122172,1.0,4.642533936651584,4.855203619909502,1.0,1.0,1.51131221719457,1.4222524886877832,0.4916289592760182,2.158371040723982,2.1085972850678734,0.0,7101.036199095022,26.714932126696834,0.0,12.484162895927602,0.0,19.90950226244344,447.0769230769231,29.86425339366516,571.3122171945702,9.95475113122172,0.0,0.0,2.7828054298642533
43,0.01788547034237824,0.01711681863952322,0.010190492736628604,0.010151437070137676,0.3617271004602781,0.36215100489926566,105.0,93.0,9.542857142857144,6.175089605734768,1.5617460317460319,0.08028673835125448,8.297524752475248,6.094802867383511,7.241580756013747,1.0,1.0,144.17600000000002,131.41559999999998,174.15949999999998,219.30399999999992,-529.9834999999999,-587.8883999999999,25629.631600000004,26509.89899999998,-12.961414141414147,-12.368441842138273,7.961026936026937,0.06221018857196331,0.0,0.9797979797979798,1.0,4.934343434343434,5.156565656565657,1.0,1.0,1.4696969696969697,1.3918767676767678,0.8659090909090912,2.025252525252525,1.5707070707070707,0.0,7153.979797979798,39.53030303030303,0.0,11.848484848484848,0.0,19.595959595959595,425.7070707070707,29.393939393939394,558.2979797979798,9.797979797979798,0.0,0.0,12.424242424242424
44,0.018235073202447168,0.017435596036425104,0.010206140969671368,0.010159853058464015,0.37345112321835505,0.3735976511974776,106.0,93.0,8.842138364779874,8.700000000000001,1.030817610062893,0.8143369175627242,7.88904761904762,8.058974358974359,7.967942176870747,1.0,1.0,147.09099999999998,135.3212,163.27449999999996,186.23949999999996,-516.1835,-550.9183,25113.448100000005,25958.98069999998,-13.190185929648235,-12.308523700533218,8.77571189279732,0.15728846674092975,0.0,0.9849246231155779,1.0,5.28140703517588,5.562814070351759,1.0,1.0,1.4673366834170853,1.4191567839195975,0.9296482412060302,2.28643216080402,1.5879396984924623,0.0,7348.045226130654,46.50753768844221,0.0,11.105527638190955,0.0,19.698492462311556,470.7638190954774,29.547738693467338,571.2412060301508,9.849246231155778,0.0,0.0,9.271356783919598
45,0.018691439679435044,0.01767127419485907,0.010217242066515987,0.010168983915571741,0.38484236667158184,0.38508787789006305,106.0,107.0,6.619182389937108,10.8214953271028,0.4619496855345912,2.5003115264797504,6.215873015873016,8.993602693602694,7.563888888888889,1.0,1.0,156.16680000000002,138.40219999999997,207.94099999999995,102.53049999999996,-551.7742,-464.12829999999997,24561.673900000005,25494.852399999978,-14.10564162754303,-12.230430752691214,8.730203442879494,0.19530474217520102,0.0,0.9577464788732394,1.0,5.164319248826291,5.47887323943662,1.0,1.0,1.5023474178403755,1.382953051643192,1.485915492957746,1.7793427230046948,2.164319248826291,0.0,7147.2018779342725,63.16901408450704,0.0,9.535211267605634,0.0,19.154929577464788,434.65727699530515,28.732394366197184,556.981220657277,9.577464788732394,0.0,0.0,25.985915492957748
46,0.019187919964994044,0.018047386275967622,0.010227721902284216,0.010184367920668637,0.3957672453146771,0.39622086085976516,118.0,111.0,7.019350282485877,9.425675675675677,0.06412429378531073,2.7683183183183186,6.9552259887005645,7.6975694444444445,7.288239875389408,1.0,1.0,167.5038,128.7004,197.46299999999994,107.55099999999999,-529.9591999999999,-478.8506,24031.714700000004,25016.001799999976,-14.526109170305679,-12.168308635616588,8.185735080058228,0.014668405118013438,0.0,0.9344978165938864,1.0,5.192139737991266,5.5152838427947595,1.0,1.0,1.48471615720524,1.2934681222707434,1.3748908296943234,1.6812227074235808,1.8122270742358078,0.0,7095.008733624454,42.209606986899566,0.0,11.08296943231441,0.0,18.689956331877728,408.65065502183404,28.034934497816593,515.4890829694323,9.344978165938864,0.0,0.0,40.28384279475983
47,0.019385309846364406,0.018105830860444067,0.010238483282311552,0.010197104969411112,0.4063145847954283,0.4074976284259192,104.0,110.0,11.100641025641028,11.476212121212122,3.8971153846153848,4.507575757575759,7.887719298245615,8.913372093023256,8.375046040515652,1.0,1.0,124.54440000000001,119.61860000000003,72.87949999999998,92.14749999999998,-448.3351,-472.52889999999996,23583.379600000004,24543.472899999975,-19.055661993769476,-11.975898226238023,11.293691588785043,0.14710619758902355,0.0,0.8457943925233645,1.0,5.08411214953271,5.462616822429907,1.0,1.0,1.514018691588785,1.140948598130841,4.210903426791277,1.9953271028037383,2.294392523364486,0.0,7242.677570093458,157.8177570093458,0.0,2.850467289719626,0.0,16.91588785046729,424.9672897196262,25.373831775700936,451.6869158878505,8.457943925233645,0.0,0.0,94.83644859813084
48,0.019765996812102817,0.018463525233787904,0.010258112864000597,0.010215213323176485,0.4171711932431716,0.4183741287805472,112.0,120.0,8.958035714285712,9.102500000000001,0.6034226190476192,1.3102777777777779,8.429879879879879,8.348809523809523,8.38916292974589,1.0,1.0,162.48680000000002,159.548,182.92949999999993,190.58349999999996,-520.4427,-531.0355,23062.936900000004,24012.437399999973,-14.65163793103449,-12.253921308788406,9.032758620689659,0.07940407294219505,0.0,0.9612068965517241,1.0,5.211206896551724,5.599137931034483,1.0,1.0,1.5172413793103448,1.388081034482759,0.9690373563218391,2.560344827586207,2.2672413793103448,0.0,7010.318965517241,34.28448275862069,0.0,10.491379310344827,0.0,19.224137931034484,483.82327586206895,28.836206896551722,559.0474137931035,9.612068965517242,0.0,0.0,23.857758620689655
49,0.020219165877167575,0.019054659903385413,0.010271665918558812,0.010226859587428963,0.4280296370705237,0.42897405859818266,108.0,98.0,10.291512345679015,7.749659863945579,2.471141975308642,0.22244897959183677,8.362376237623764,7.608762886597937,7.993181818181818,1.0,1.0,139.1038,140.06900000000002,141.03499999999997,267.796,-501.9312,-627.727,22561.005700000005,23384.710399999974,-14.140249190938517,-12.155069563624167,9.082281553398058,0.13537858408105496,0.0,0.9611650485436893,1.0,5.567961165048544,5.941747572815534,1.0,1.0,1.4757281553398058,1.3552077669902909,1.401375404530745,2.1650485436893203,1.5922330097087378,0.0,7153.650485436893,60.199029126213595,0.0,11.004854368932039,0.0,19.223300970873787,460.8543689320388,28.83495145631068,542.6359223300971,9.611650485436893,0.0,0.0,23.883495145631066
50,0.020975700039036628,0.019389374082397243,0.010286958419443683,0.01023625076135125,0.4389644424939897,0.4400636867519189,117.0,111.0,8.651282051282053,9.066066066066066,1.3890313390313391,0.42627627627627623,7.453362573099415,8.642492492492492,8.040000000000001,1.0,1.0,159.26720000000003,158.82540000000006,225.84599999999995,196.56199999999998,-566.5788,-537.7366,21994.426900000006,22846.973799999974,-13.150130116959058,-12.294090897879773,8.853216374269008,0.18446276794891336,0.0,0.9868421052631579,1.0,5.5131578947368425,5.780701754385965,1.0,1.0,1.486842105263158,1.3951429824561405,0.9203216374269005,2.043859649122807,1.8728070175438596,0.0,6984.258771929824,47.12719298245614,0.0,10.956140350877194,0.0,19.736842105263158,475.9736842105263,29.605263157894736,558.9649122807018,9.868421052631579,0.0,0.0,8.092105263157896
51,0.021866564080633914,0.01997868076831443,0.01030658752318371,0.010254492377322214,0.4492372860090739,0.45113304319523906,107.0,106.0,5.377881619937695,9.147484276729562,0.0,1.234119496855346,5.378971962616823,8.226797385620916,6.768819776714513,1.0,1.0,143.0028,139.3846,279.89099999999996,187.1225,-636.8882,-547.7379000000001,21357.538700000005,22299.235899999974,-12.085888888888896,-11.7788298529464,7.253834115805947,0.05752629954035228,0.0,0.9812206572769953,1.0,5.924882629107981,6.28169014084507,1.0,1.0,1.4976525821596245,1.3257624413145541,0.6141627543035993,1.6384976525821595,1.9342723004694835,0.0,6667.971830985915,25.300469483568076,0.0,12.610328638497652,0.0,19.624413145539908,398.38028169014086,29.43661971830986,525.0610328638497,9.812206572769954,0.0,0.0,11.549295774647888
52,0.0222969130632139,0.02030343525796117,0.010329812013359014,0.010274751966636846,0.45891874474451844,0.4616751217556267,104.0,119.0,10.119711538461534,10.1156862745098,2.1791666666666667,2.914845938375352,8.788652482269503,8.239423076923076,8.500168350168352,1.0,1.0,122.59960000000001,147.15540000000001,138.0955,119.71450000000002,-515.4959,-472.55910000000006,20842.042800000003,21826.676799999976,-17.528449925261576,-12.285256857896778,10.117563527653214,0.16941914730943486,0.0,0.8878923766816144,1.0,5.968609865470852,6.345291479820628,1.0,1.0,1.5336322869955157,1.2096636771300453,2.5717488789237675,1.5695067264573992,2.295964125560538,0.0,6784.991031390135,85.35874439461884,0.0,7.0,0.0,17.757847533632287,452.7488789237668,26.63677130044843,480.13452914798205,8.878923766816143,0.0,0.0,68.94618834080717
53,0.023081125921062862,0.020990955489466424,0.010356749401182993,0.010298463713614476,0.46979605433386984,0.4723906129239695,104.0,99.0,7.366025641025642,7.2954545454545485,0.14118589743589743,0.0,7.224839743589743,7.295454545454546,7.25927750410509,1.0,1.0,150.5632,141.2374,190.53149999999994,309.51949999999994,-539.9683,-668.2820999999999,20302.074500000002,21158.394699999975,-12.047403940886692,-12.816343699094826,7.331609195402297,-0.00426662607825717,0.0,1.0,1.0,6.064039408866995,6.315270935960591,1.0,1.0,1.4876847290640394,1.4374413793103453,0.07233169129720854,1.6995073891625616,2.0098522167487687,0.0,7466.029556650246,4.3399014778325125,0.0,14.344827586206897,0.0,20.0,435.5566502463054,30.0,578.2660098522167,10.0,0.0,0.0,0.0
54,0.023731382868683364,0.021484239535303488,0.010375730963238572,0.010309798375497434,0.47957902819207104,0.4827551349453206,113.0,111.0,8.357522123893807,7.952702702702706,0.9532448377581122,0.16366366366366364,7.4733630952380965,7.7890390390390385,7.6304932735426005,1.0,1.0,158.0452,150.8502,179.99549999999994,204.26399999999995,-521.9503,-553.4138,19780.124200000002,20604.980899999977,-12.174751488095238,-12.217371709726558,8.156919642857142,0.01968211805734554,0.0,0.9955357142857143,1.0,6.419642857142857,6.705357142857143,1.0,1.0,1.4955357142857142,1.3789973214285716,0.5619791666666668,1.8571428571428572,1.9375,0.0,6963.116071428572,30.973214285714285,0.0,11.464285714285714,0.0,19.910714285714285,455.69642857142856,29.866071428571427,549.6919642857143,9.955357142857142,0.0,0.0,2.7455357142857144
55,0.02415299683920738,0.021947770558872183,0.01039290474142955,0.010323954663192402,0.48947091897384365,0.49359291225012153,118.0,127.0,8.149293785310734,8.913648293963254,0.834322033898305,0.9154855643044618,7.377492877492877,8.191666666666666,7.79640387275242,1.0,1.0,161.96159999999995,175.348,219.421,203.0715,-557.4594,-527.7235,19222.664800000002,20077.257399999977,-12.792546938775518,-12.046311761152523,8.545510204081639,0.060878437109004625,0.0,0.9836734693877551,1.0,6.163265306122449,6.453061224489796,1.0,1.0,1.5183673469387755,1.37677387755102,0.8763945578231294,1.9551020408163264,2.3142857142857145,0.0,6710.84081632653,42.542857142857144,0.0,10.653061224489797,0.0,19.6734693877551,460.1469387755102,29.510204081632654,550.2244897959183,9.83673469387755,0.0,0.0,10.040816326530612
56,0.02478717248066424,0.022663763079372335,0.010412432418332146,0.01033878541499011,0.49984193668232996,0.5039501403094195,98.0,104.0,9.582482993197276,8.412980769230767,2.677551020408163,0.625801282051282,7.777969348659003,7.787179487179487,7.782984293193718,1.0,1.0,112.53520000000002,147.56900000000002,97.80949999999999,207.52099999999996,-485.2742999999999,-559.952,18737.3905,19517.305399999976,-14.441179867986792,-12.102496171274922,8.980363036303634,0.06907740224367286,0.0,0.9455445544554455,1.0,6.683168316831683,6.99009900990099,1.0,1.0,1.5148514851485149,1.2876445544554465,1.6212046204620463,1.9158415841584158,1.9257425742574257,0.0,6348.049504950495,63.78217821782178,0.0,9.752475247524753,0.0,18.91089108910891,441.5495049504951,28.366336633663366,511.009900990099,9.455445544554456,0.0,0.0,33.49009900990099
57,0.025558042148490206,0.023170316339197413,0.010430369845894228,0.010354628345320383,0.5099563816378876,0.5144368985846643,102.0,118.0,7.5017973856209155,9.850706214689266,0.47679738562091495,2.532344632768361,7.168500000000001,7.995987654320988,7.598157051282051,1.0,1.0,139.09300000000005,148.551,170.29399999999998,115.47550000000001,-531.2009999999999,-466.9245,18206.1895,19050.380899999975,-14.615775757575761,-12.382301663956106,8.761666666666665,0.02119846645308552,0.0,0.9454545454545454,1.0,6.5,6.95,1.0,1.0,1.5363636363636364,1.3074727272727267,1.5793181818181805,1.55,1.7863636363636364,0.0,7639.531818181818,61.21363636363636,0.0,8.89090909090909,0.0,18.90909090909091,430.9409090909091,28.363636363636363,520.9363636363636,9.454545454545455,0.0,0.0,33.54545454545455
58,0.025857330791399315,0.023587477886370715,0.010462039105776574,0.010375058926759759,0.51947604834544,0.5238503723544724,85.0,104.0,8.134901960784317,9.63413461538461,0.06745098039215687,2.461538461538462,8.067450980392158,8.197252747252747,8.134564393939392,1.0,1.0,120.9686,122.3948,172.65699999999995,127.69549999999995,-551.6884,-505.3006999999999,17654.5011,18545.080199999975,-14.61359964726633,-12.258356788966736,8.95987654320988,0.048607956350635646,0.0,0.9312169312169312,1.0,6.91005291005291,7.1798941798941796,1.0,1.0,1.5502645502645502,1.2876370370370371,1.3848324514991182,1.4761904761904763,1.7671957671957672,0.0,7189.280423280423,40.78835978835979,0.0,10.666666666666666,0.0,18.624338624338623,454.5026455026455,27.936507936507937,513.015873015873,9.312169312169312,0.0,0.0,42.301587301587304
59,0.026527825009420823,0.02412165525288995,0.010487979588511855,0.01039379683509936,0.5292324002801769,0.5333223281223005,141.0,90.0,10.461465721040188,6.774814814814815,3.1918439716312075,0.03888888888888889,8.135052910052911,6.735925925925926,7.552083333333332,1.0,1.0,176.805,115.6016,103.77149999999997,269.73849999999993,-426.9665,-654.1369,17227.534600000003,17890.943299999974,-14.948128427128427,-12.224846320112963,9.025108225108221,0.08751092447340943,0.0,0.935064935064935,1.0,6.896103896103896,7.220779220779221,1.0,1.0,1.3896103896103895,1.2658294372294376,1.9634199134199142,2.2987012987012987,1.173160173160173,0.0,6823.731601731602,77.87012987012987,0.0,8.463203463203463,0.0,18.7012987012987,423.7012987012987,28.051948051948052,501.5800865800866,9.35064935064935,0.0,0.0,39.935064935064936
60,0.02752389565380409,0.024724326181259075,0.010515680604356144,0.010419763996288224,0.5390042357820816,0.5430223136484778,106.0,120.0,4.927987421383649,10.450416666666673,0.0,2.2347222222222225,4.931603773584905,8.724631268436578,6.888736681887366,1.0,1.0,148.0618,159.4302,354.4115,150.19149999999996,-706.3497,-490.76129999999995,16521.184900000004,17400.181999999975,-13.119439528023596,-12.469127598257062,7.860250737463129,-0.010298940926537376,0.0,0.9690265486725663,1.0,6.951327433628318,7.292035398230088,1.0,1.0,1.5309734513274336,1.3605840707964598,1.1865781710914456,1.6238938053097345,2.061946902654867,0.0,6686.973451327433,52.14601769911504,0.0,11.464601769911505,0.0,19.38053097345133,400.42035398230087,29.07079646017699,544.1769911504425,9.690265486725664,0.0,0.0,19.048672566371682
61,0.027861874129642836,0.025326074716322738,0.010547237766046418,0.010453071027551167,0.5478376742070935,0.5524645120842083,105.0,122.0,10.299365079365078,9.454098360655733,1.6898412698412701,0.949726775956284,9.131313131313131,8.64611111111111,8.86544901065449,1.0,1.0,136.0954,164.0036,158.92249999999996,190.92149999999992,-522.8271,-526.9178999999999,15998.357800000003,16873.264099999975,-14.030004405286354,-12.289249222490689,9.845080763582972,0.07158323233575713,0.0,0.9647577092511013,1.0,7.563876651982379,7.938325991189427,1.0,1.0,1.5374449339207048,1.3220220264317182,1.2920704845814976,1.5726872246696035,1.8237885462555066,0.0,7114.819383259912,55.85022026431718,0.0,10.127753303964758,0.0,19.295154185022028,513.1806167400881,28.94273127753304,525.5154185022027,9.647577092511014,0.0,0.0,21.674008810572687
62,0.02847942657663108,0.02583597802223737,0.010565351461923757,0.01047011451981774,0.5573201796533493,0.5617303855021714,111.0,103.0,7.116216216216219,9.433980582524272,0.20600600600600602,1.7355987055016184,6.91021021021021,8.091156462585035,7.463955342902711,1.0,1.0,146.8462,151.76980000000006,248.62599999999992,152.27849999999995,-601.7797999999999,-500.5086999999999,15396.578000000003,16372.755399999975,-13.176965732087233,-12.433329020903626,8.231775700934584,0.05838322169863593,0.0,0.9766355140186916,1.0,7.429906542056075,7.733644859813084,1.0,1.0,1.4813084112149533,1.3954018691588785,0.9422118380062308,1.6682242990654206,1.6962616822429906,0.0,6542.261682242991,42.16355140186916,0.0,11.032710280373832,0.0,19.53271028037383,437.3738317757009,29.299065420560748,560.5420560747664,9.766355140186915,0.0,0.0,14.369158878504672
63,0.029150751479732125,0.02663318448375584,0.01059103925500634,0.010495959360060286,0.5664407891090824,0.5705113757853908,116.0,122.0,10.136925287356323,9.299590163934425,1.7525862068965519,1.155191256830601,8.922782874617736,8.349719887955182,8.623684210526315,1.0,1.0,154.3668,169.49640000000002,163.52249999999992,169.56449999999992,-509.1556999999999,-500.06809999999996,14887.422300000004,15872.687299999974,-14.78830252100841,-12.722895314565811,9.707703081232495,0.07222512591248317,0.0,0.957983193277311,1.0,7.495798319327731,7.852941176470588,1.0,1.0,1.5126050420168067,1.3607697478991592,1.446358543417367,1.6050420168067228,2.0588235294117645,0.0,7106.621848739495,60.94117647058823,0.0,9.705882352941176,0.0,19.159663865546218,495.6806722689076,28.73949579831933,545.8235294117648,9.579831932773109,0.0,0.0,25.840336134453782
64,0.029832458032708807,0.02718995722399658,0.010612676060046058,0.01052805954429379,0.5746262775045632,0.5791533510986121,117.0,106.0,8.132478632478632,10.359276729559749,1.0183760683760683,2.7209119496855356,7.237826086956522,8.522807017543858,7.819126984126985,1.0,1.0,161.6222,133.65340000000003,216.428,152.91000000000003,-554.8058,-519.2565999999999,14332.616500000004,15353.430699999974,-14.756496263079221,-12.467949024600989,9.190956651718983,0.03658957387733962,0.0,0.9417040358744395,1.0,7.789237668161435,8.192825112107624,1.0,1.0,1.4753363228699552,1.3241058295964139,1.827653213751868,1.3856502242152466,2.0358744394618835,0.0,6070.278026905829,73.80717488789237,0.0,7.766816143497758,0.0,18.83408071748879,441.7982062780269,28.251121076233183,529.7713004484305,9.417040358744394,0.0,0.0,35.85201793721973
65,0.030321802588024537,0.027945071059022265,0.010632214777529262,0.010554048357801497,0.5832600718984494,0.5872231621103285,128.0,113.0,11.324739583333333,5.432890855457224,3.0186197916666666,0.0,9.326169590643275,5.432890855457227,7.388105726872246,1.0,1.0,164.32860000000002,152.0044,147.92849999999996,210.79049999999995,-483.59989999999993,-558.7860999999999,13849.016600000004,14794.644599999974,-14.955273858921165,-12.566790349611157,8.56217150760719,0.005506317067253398,0.0,0.941908713692946,1.0,7.647302904564316,8.103734439834025,1.0,1.0,1.4688796680497926,1.3125850622406636,1.6032503457814662,2.029045643153527,1.2780082987551866,0.0,6953.576763485477,60.468879668049794,0.0,9.983402489626556,0.0,18.83817427385892,417.53526970954357,28.25726141078838,524.0331950207469,9.41908713692946,0.0,0.0,35.726141078838175
66,0.03090406189209421,0.028773409956740978,0.010668303005735853,0.010577662088653005,0.59147912695608,0.5958218106335952,91.0,126.0,9.426739926739925,9.043253968253971,1.545970695970696,0.5066137566137567,8.246360153256704,8.604933333333333,8.457783018867923,1.0,1.0,115.6176,180.23680000000004,143.43549999999993,198.24599999999995,-527.8179,-518.0092,13321.198700000004,14276.635399999974,-13.417898617511522,-12.473141373348241,9.204070660522278,0.050585731846359124,0.0,0.9769585253456221,1.0,7.907834101382488,8.262672811059907,1.0,1.0,1.5806451612903225,1.3633843317972345,0.9424731182795698,1.8525345622119815,1.9539170506912442,0.0,6709.700460829493,42.3778801843318,0.0,10.649769585253456,0.0,19.53917050691244,495.6958525345622,29.308755760368662,544.479262672811,9.76958525345622,0.0,0.0,14.170506912442397
67,0.03146302985468185,0.029699771072266457,0.010710603427493134,0.01060603439216657,0.5995277887165925,0.6039322423814233,105.0,124.0,10.563968253968254,7.238978494623657,2.9426984126984124,0.4443548387096775,8.6981884057971,6.79462365591398,7.605401234567901,1.0,1.0,129.35979999999998,168.6946,116.32599999999996,243.39050000000003,-486.9662,-574.6958999999999,12834.232500000004,13701.939499999973,-14.256585152838428,-12.411583219276945,8.763537117903931,0.046649306309518836,0.0,0.9432314410480349,1.0,8.209606986899564,8.576419213973798,1.0,1.0,1.5414847161572052,1.3015475982532752,1.589883551673945,1.9694323144104804,1.8689956331877728,0.0,6999.048034934498,60.480349344978166,0.0,9.641921397379912,0.0,18.8646288209607,430.4192139737991,28.29694323144105,518.2838427947598,9.43231441048035,0.0,0.0,34.91266375545852
68,0.03222876976446004,0.029989682958782668,0.010750486861607738,0.010647590896167236,0.6082717087084981,0.611575281545728,123.0,104.0,8.126558265582656,9.643910256410255,0.9092140921409214,0.6193910256410255,7.459943977591037,9.026121794871795,8.190358744394619,1.0,1.0,160.786,142.6282,225.67849999999999,192.44449999999995,-564.8924999999999,-549.8163,12269.340000000004,13152.123199999973,-12.895440528634367,-12.034858213579044,8.82173274596182,0.14115782589022216,0.0,0.9823788546255506,1.0,8.37885462555066,8.757709251101321,1.0,1.0,1.4581497797356828,1.336626431718063,0.776431718061674,2.2158590308370045,2.0220264317180616,0.0,6610.7400881057265,35.74889867841409,0.0,11.537444933920705,0.0,19.647577092511014,482.7180616740088,29.47136563876652,530.3039647577092,9.823788546255507,0.0,0.0,10.837004405286343
69,0.0333663767350219,0.030521018615550132,0.010781676084724277,0.010676024324711729,0.616248389165825,0.6190174227111047,124.0,119.0,7.782795698924732,9.671008403361345,0.05658602150537634,3.38655462184874,7.726209677419355,7.554040404040404,7.649775784753364,1.0,1.0,172.96620000000001,134.91100000000003,248.97549999999995,90.77249999999992,-576.0092999999999,-455.86149999999986,11693.330700000004,12696.261699999974,-15.632677640603568,-12.245735099872782,8.707475994513036,0.0393691415191446,0.0,0.9176954732510288,1.0,8.59670781893004,9.08230452674897,1.0,1.0,1.4897119341563787,1.266984362139917,1.6873113854595339,1.9753086419753085,1.8559670781893005,0.0,6950.3621399176955,50.62139917695473,0.0,10.189300411522634,0.0,18.353909465020575,421.2098765432099,27.530864197530864,504.5843621399177,9.176954732510287,0.0,0.0,50.617283950617285
70,0.03404826623460944,0.03103483467410847,0.010814429509309957,0.010705485362859942,0.624065606688692,0.6263865373439359,128.0,103.0,10.181250000000006,9.557928802588998,2.1459635416666676,2.61957928802589,8.642997198879552,7.7679347826086955,8.261453396524487,1.0,1.0,152.68720000000002,130.204,173.03799999999995,101.15100000000001,-520.3507999999999,-470.947,11172.979900000004,12225.314699999974,-15.983561327561336,-12.079522011506363,9.903318903318903,0.06961141252656398,0.0,0.9134199134199135,1.0,8.575757575757576,9.008658008658008,1.0,1.0,1.4458874458874458,1.2246372294372294,2.357142857142857,2.2987012987012987,1.9567099567099566,0.0,7141.341991341991,88.18181818181819,0.0,7.1688311688311686,0.0,18.26839826839827,452.7705627705628,27.4025974025974,484.034632034632,9.134199134199134,0.0,0.0,53.246753246753244
71,0.03568454037206059,0.031555533791894595,0.010859703436779816,0.01074750865238467,0.6314823042095961,0.6338337735812223,104.0,96.0,5.410096153846153,10.633333333333335,0.0,2.8888888888888875,5.410096153846153,8.746666666666666,6.910670194003527,1.0,1.0,140.3942,119.55280000000002,334.1835,137.19449999999995,-693.7892999999999,-517.6416999999999,10479.190600000004,11707.672999999973,-13.985045000000014,-12.523705882361341,7.917250000000005,-0.00896048166428432,0.0,0.945,1.0,9.31,9.805,1.0,1.0,1.48,1.2997349999999996,1.386666666666666,1.395,1.99,0.0,6661.505,49.375,0.0,11.095,0.0,18.9,391.835,28.35,517.145,9.45,0.0,0.0,33.825
72,0.03628007335966551,0.03238309172890894,0.010908183557880978,0.010786187259459476,0.6388383549104384,0.6409424831508254,116.0,119.0,9.776580459770113,8.084173669467786,3.0915229885057487,0.6085434173669468,7.602614379084967,7.603418803418802,7.603044140030442,1.0,1.0,142.39720000000003,154.7452,73.26749999999993,195.252,-430.87029999999993,-540.5068,10048.320300000003,11167.166199999974,-14.67354609929078,-12.199568342256361,8.91957446808511,0.10121835153305558,0.0,0.9319148936170213,1.0,9.119148936170212,9.62127659574468,1.0,1.0,1.5063829787234042,1.2644357446808503,1.8341843971631207,1.8127659574468085,1.6680851063829787,0.0,6705.923404255319,68.17872340425532,0.0,8.651063829787233,0.0,18.638297872340427,425.12340425531914,27.95744680851064,501.32340425531913,9.319148936170214,0.0,0.0,41.87234042553192
73,0.03755657002011974,0.033067133366761516,0.010953497544450413,0.010829491346132812,0.6455369548370287,0.6476851099496304,128.0,121.0,6.651562500000002,10.025482093663909,0.36249999999999993,3.254683195592287,6.290364583333333,8.111551155115512,7.0935953420669575,1.0,1.0,168.5874,138.1642,236.67149999999998,91.84749999999997,-568.0841,-453.6833,9480.236200000003,10713.482899999974,-15.244543507362781,-12.322366746632724,8.291097724230251,0.010315542534412397,0.0,0.9196787148594378,1.0,9.357429718875501,9.815261044176706,1.0,1.0,1.4859437751004017,1.2319341365461847,1.767938420348059,1.2088353413654618,1.714859437751004,0.0,6926.6706827309235,56.678714859437754,0.0,9.32128514056225,0.0,18.393574297188756,391.38955823293173,27.59036144578313,486.7951807228916,9.196787148594378,0.0,0.0,49.397590361445786
74,0.038738248471103416,0.03330419244251994,0.011021251193385347,0.010873471469923648,0.6525233474043399,0.6550824937403206,140.0,129.0,7.696666666666666,10.85400516795866,0.2227380952380952,5.7005167958656315,7.529016786570742,7.554545454545455,7.538913362701909,1.0,1.0,198.3678,114.68880000000001,235.18649999999994,41.742499999999986,-536.8186999999999,-427.0537,8943.417500000003,10286.429199999973,-18.787852540272624,-12.485143744995893,9.210780669144983,0.051864907809956166,0.0,0.8438661710037175,1.0,9.267657992565056,9.817843866171003,1.0,1.0,1.479553903345725,1.1637791821561339,2.849628252788104,1.661710037174721,1.5427509293680297,0.0,7115.955390334572,74.95539033457248,0.0,7.717472118959108,0.0,16.87732342007435,381.6691449814126,25.315985130111525,463.35315985130114,8.438661710037175,0.0,0.0,96.02230483271376
75,0.039275533988285545,0.03404464381506155,0.011086567560869965,0.010934233793325632,0.659206769257299,0.6614755834073451,123.0,102.0,10.339295392953934,7.138888888888889,1.824390243902439,0.9117647058823529,8.801120448179272,6.5510309278350505,7.790663580246913,1.0,1.0,159.41980000000004,139.71059999999997,157.31999999999994,253.39049999999997,-497.9001999999999,-613.6799,8445.517300000003,9672.749299999974,-13.51486814814815,-12.74207921019287,8.888444444444444,-0.015133179948549612,0.0,0.96,1.0,9.351111111111111,9.857777777777779,1.0,1.0,1.4533333333333334,1.3294684444444453,1.4106666666666665,2.0533333333333332,0.96,0.0,6826.04,60.04,0.0,9.573333333333334,0.0,19.2,448.6666666666667,28.8,529.9288888888889,9.6,0.0,0.0,24.6
76,0.0400982253206316,0.03473938224446526,0.011135145937144075,0.01098227917474956,0.6659254367443812,0.6679514974542266,142.0,124.0,9.276056338028168,10.960349462365592,1.7839201877934272,5.976612903225804,8.247157622739019,7.103256704980843,7.78641975308642,1.0,1.0,198.075,115.11360000000002,146.0479999999999,33.92599999999992,-447.9729999999999,-418.8123999999999,7997.544300000003,9253.936899999973,-20.275580200501246,-12.565530480597225,10.06121553884711,0.08445589772180156,0.0,0.8120300751879699,1.0,9.545112781954888,10.199248120300751,1.0,1.0,1.4661654135338347,1.1774007518796992,3.7384085213032594,2.1353383458646618,1.4360902255639099,0.0,6692.090225563909,108.703007518797,0.0,5.635338345864661,0.0,16.2406015037594,379.36842105263156,24.360902255639097,474.63157894736844,8.1203007518797,0.0,0.0,115.6015037593985
77,0.040872462138004294,0.035896744262978265,0.011211856838344877,0.011046276237553151,0.6723538423713725,0.6742441126932975,137.0,117.0,9.694038929440392,6.889316239316242,2.167396593673966,0.3279202279202279,8.316129032258065,6.563105413105412,7.465076071922544,1.0,1.0,173.27100000000002,159.80639999999997,163.09549999999993,259.0795,-489.82449999999994,-599.2731000000001,7507.7198000000035,8654.663799999973,-13.802450131233595,-12.450461354778039,8.402099737532803,0.008929069004339053,0.0,0.9488188976377953,1.0,10.003937007874017,10.523622047244094,1.0,1.0,1.4606299212598426,1.3113283464566938,1.3200787401574803,1.6299212598425197,1.358267716535433,0.0,6714.086614173229,47.72834645669291,0.0,10.259842519685039,0.0,18.976377952755904,424.9212598425197,28.46456692913386,522.3818897637796,9.488188976377952,0.0,0.0,31.476377952755904
78,0.04131868606247816,0.036580519106176254,0.011280460910346329,0.011114798002431113,0.6787130954633379,0.6810252661531181,116.0,128.0,9.620833333333337,10.168619791666664,1.4859195402298848,3.3990885416666674,8.425446428571428,8.10264797507788,8.26773211567732,1.0,1.0,151.2048,138.61900000000003,169.15550000000002,95.67850000000001,-517.9507000000001,-457.05949999999996,6989.769100000003,8197.604299999974,-15.966758196721317,-12.138328671180581,9.90819672131148,0.05869719440026832,0.0,0.8975409836065574,1.0,10.12295081967213,10.704918032786885,1.0,1.0,1.5245901639344261,1.1878024590163938,2.489549180327869,1.7950819672131149,1.5450819672131149,0.0,6650.889344262295,86.36065573770492,0.0,6.942622950819672,0.0,17.950819672131146,445.1188524590164,26.92622950819672,467.8155737704918,8.975409836065573,0.0,0.0,63.01229508196721
79,0.042274527951451375,0.03781602551874088,0.011353957395561729,0.011179780558346664,0.6850300796432537,0.6871099108298812,136.0,117.0,9.975367647058823,6.16980056980057,3.9446078431372533,0.07735042735042734,7.456212121212121,6.0955840455840455,6.754919236417034,1.0,1.0,148.8148,154.15360000000004,59.90800000000005,314.4119999999999,-411.0932000000001,-660.2583999999999,6578.675900000003,7537.345899999974,-16.30305665349143,-12.532841733564746,8.215480895915679,0.04243892395703987,0.0,0.8972332015810277,1.0,10.466403162055336,11.15810276679842,1.0,1.0,1.4624505928853755,1.197503557312253,2.1561923583662708,1.7707509881422925,1.0316205533596838,0.0,7339.063241106719,66.1699604743083,0.0,9.24901185770751,0.0,17.944664031620555,363.55731225296444,26.91699604743083,472.70750988142294,8.972332015810277,0.0,0.0,63.201581027667984
80,0.04305525128947023,0.03832198535989834,0.011420626673830541,0.011248926627683302,0.6912773046550373,0.692988882144889,112.0,134.0,8.836755952380955,10.31467661691542,0.7108630952380952,4.979726368159206,8.273636363636363,7.079867986798679,7.702211690363351,1.0,1.0,153.32620000000003,135.79399999999998,204.63249999999996,40.913499999999985,-551.3063,-405.1195,6027.369600000003,7132.226399999974,-18.809437669376702,-12.467095358260282,9.641802168021684,0.04060909985412609,0.0,0.8577235772357723,1.0,10.630081300813009,11.292682926829269,1.0,1.0,1.5447154471544715,1.1752853658536588,3.036178861788618,1.853658536585366,1.2723577235772359,0.0,6922.121951219512,94.67073170731707,0.0,6.987804878048781,0.0,17.15447154471545,396.3373983739837,25.73170731707317,467.1666666666667,8.577235772357724,0.0,0.0,87.5
81,0.043352510448102725,0.038970108321788745,0.011497981381170187,0.011309398604335765,0.6974648678045453,0.6983128697221794,134.0,135.0,10.919651741293531,10.005308641975306,5.350621890547266,3.172345679012346,7.6147959183673475,7.7516806722689084,7.6898617511520735,1.0,1.0,133.2286,159.2996,47.60049999999995,90.92849999999996,-414.3718999999999,-431.62889999999993,5612.997700000003,6700.597499999974,-20.358573729863693,-12.393584531908187,10.46078066914498,0.1292197845596495,0.0,0.8066914498141264,1.0,10.680297397769516,11.449814126394052,1.0,1.0,1.5018587360594795,1.0874654275092939,4.257434944237918,1.345724907063197,1.6431226765799256,0.0,6866.695167286245,136.56133828996283,0.0,3.193308550185874,0.0,16.133828996282528,372.2007434944238,24.200743494423794,430.4423791821561,8.066914498141264,0.0,0.0,118.88475836431226
82,0.044175252068078735,0.03998685828305509,0.011566181270798538,0.011366700967707592,0.7037821145118073,0.7035180724572615,128.0,128.0,8.14973958333333,5.86666666666667,1.2019531250000002,0.2165364583333333,7.230216802168021,5.650130208333334,6.4244355909694555,1.0,1.0,175.2396,165.1418,184.72899999999998,281.89950000000005,-509.4894,-616.7577000000001,5103.508300000002,6083.839799999974,-12.273087239583342,-12.09671650948188,7.008203124999996,0.008294220392213673,0.0,0.98046875,1.0,10.48828125,11.09765625,1.0,1.0,1.5,1.3296148437500006,0.7092447916666669,1.5859375,1.43359375,0.0,6689.80078125,30.54296875,0.0,11.66796875,0.0,19.609375,377.9375,29.4140625,527.08203125,9.8046875,0.0,0.0,12.01171875
83,0.044645233863890195,0.04064321368444433,0.01164829882061109,0.011423819634987557,0.7094837131750036,0.7094112563663849,119.0,105.0,11.228431372549014,9.933650793650795,3.4564425770308134,3.614603174603175,8.894070512820512,7.455056179775282,8.230483592400692,1.0,1.0,145.7076,120.3328,133.91999999999996,73.69299999999998,-488.21239999999995,-453.36019999999996,4615.295900000002,5630.479599999974,-18.731488095238088,-12.599750961243796,10.621502976190484,0.09747737643700201,0.0,0.8616071428571429,1.0,11.665178571428571,12.424107142857142,1.0,1.0,1.46875,1.1876803571428578,3.5305803571428567,1.8839285714285714,1.7008928571428572,0.0,6925.53125,126.72321428571429,0.0,5.339285714285714,0.0,17.232142857142858,425.45535714285717,25.848214285714285,472.8080357142857,8.616071428571429,0.0,0.0,85.11160714285714
84,0.04546664081389397,0.04128726690748192,0.011719567309622312,0.011490808907205306,0.7153744062315478,0.7151021489094621,133.0,143.0,8.859523809523814,9.90722610722611,1.6901002506265668,6.605944055944058,7.752303523035231,5.829012345679012,6.9886437908496735,1.0,1.0,171.46640000000005,105.54320000000001,156.73449999999997,3.72199999999998,-485.26809999999995,-398.17879999999997,4130.027800000002,5232.3007999999745,-21.957468599033817,-12.036197860542027,9.402355072463763,0.05734473944884103,0.0,0.7391304347826086,1.0,11.315217391304348,12.097826086956522,1.0,1.0,1.5181159420289856,1.003657971014493,4.2370772946859905,1.8514492753623188,1.108695652173913,0.0,7268.452898550725,93.78985507246377,0.0,5.315217391304348,0.0,14.782608695652174,309.9166666666667,22.17391304347826,398.0289855072464,7.391304347826087,0.0,0.0,160.43478260869566
85,0.047072388080651104,0.042534640813108024,0.011786784412042462,0.01155394500739412,0.7211884183505766,0.7202706218883794,130.0,140.0,6.925769230769231,6.292023809523812,0.2565384615384615,0.03595238095238095,6.6697435897435895,6.2560714285714285,6.455246913580247,1.0,1.0,178.94580000000002,201.01680000000005,216.82699999999997,249.92999999999998,-537.8811999999999,-548.9132,3592.146600000002,4683.387599999975,-11.552381481481477,-13.031556146948933,6.597160493827159,-0.08768297396179459,0.0,1.0,1.0,11.833333333333334,12.496296296296297,1.0,1.0,1.5185185185185186,1.407268888888889,0.14216049382716048,1.1925925925925926,1.4444444444444444,0.0,6826.033333333334,8.52962962962963,0.0,14.022222222222222,0.0,20.0,387.3,30.0,563.1518518518518,10.0,0.0,0.0,0.0
86,0.04805011603317446,0.04342557628271067,0.011846719691152002,0.011611954314163347,0.7262671870000317,0.7253878697547058,133.0,117.0,9.936967418546363,9.111823361823363,2.1528822055137837,0.9327635327635326,8.151837270341208,8.17905982905983,8.164890710382513,1.0,1.0,169.23479999999998,158.1098,126.44249999999997,148.09249999999992,-457.20770000000005,-489.9826999999999,3134.938900000002,4193.404899999975,-13.194348000000012,-12.49339543353018,9.550799999999995,0.046452263876329676,0.0,0.976,1.0,12.144,12.852,1.0,1.0,1.468,1.3093783999999995,1.5818666666666663,2.188,1.36,0.0,7025.276,80.152,0.0,8.168,0.0,19.52,478.136,29.28,517.6,9.76,0.0,0.0,14.76
87,0.04881022328850686,0.044022139223821324,0.011926142074596297,0.011670181170773786,0.7313684902340963,0.7306672852257751,133.0,129.0,10.351378446115293,10.467700258397922,4.907393483709272,3.256976744186045,7.243499999999999,8.305208333333335,7.804402515723271,1.0,1.0,133.24740000000003,165.5044,46.271000000000015,77.4445,-413.0236,-411.9401,2721.915300000002,3781.464799999975,-20.253919847328238,-12.586276373291774,10.408651399491097,0.09843728769676281,0.0,0.8091603053435115,1.0,11.13740458015267,12.045801526717558,1.0,1.0,1.4923664122137406,1.1402740458015268,4.094783715012723,1.5572519083969465,1.8854961832061068,0.0,7333.1297709923665,128.3206106870229,0.0,2.9236641221374047,0.0,16.18320610687023,378.8320610687023,24.27480916030534,456.4961832061069,8.091603053435115,0.0,0.0,117.36641221374046
88,0.04964689598695977,0.045170858735174665,0.012000843083287773,0.01174442192117005,0.7367798883500903,0.7351984393194148,157.0,124.0,10.401486199575372,6.902150537634409,3.6153927813163467,0.10698924731182795,7.833946078431373,6.79516129032258,7.338525641025641,1.0,1.0,183.1724,171.94080000000002,88.81949999999998,282.50149999999996,-405.6470999999999,-610.5607,2316.2682000000023,3170.904099999975,-15.186600237247932,-12.54751876631538,8.857295373665481,0.011372612039422669,0.0,0.9252669039145908,1.0,11.565836298932384,12.338078291814947,1.0,1.0,1.4412811387900355,1.2637480427046268,2.0672004744958477,1.9572953736654803,1.1423487544483986,0.0,6882.875444839858,78.0711743772242,0.0,8.220640569395018,0.0,18.505338078291814,407.4056939501779,27.75800711743772,501.8967971530249,9.252669039145907,0.0,0.0,45.96085409252669
89,0.050541245607578264,0.04565130143719381,0.01206929758960582,0.011803919560396975,0.7416268671266771,0.7400789673778684,131.0,124.0,10.330661577608142,10.359946236559141,3.0073791348600505,4.7998655913978485,7.928512396694216,7.4137992831541215,7.704828660436137,1.0,1.0,156.7498,130.934,102.80349999999997,51.24050000000001,-446.0537,-420.3065,1870.2145000000023,2750.597599999975,-19.258205228758165,-12.359573277914036,10.344901960784313,0.07474616647419487,0.0,0.8392156862745098,1.0,11.996078431372549,12.870588235294118,1.0,1.0,1.4862745098039216,1.1281717647058829,3.879019607843136,1.6784313725490196,1.4784313725490197,0.0,6839.937254901961,133.85882352941175,0.0,3.803921568627451,0.0,16.784313725490197,387.9529411764706,25.176470588235293,446.2078431372549,8.392156862745098,0.0,0.0,98.88235294117646
90,0.0521689685462608,0.04631656009265358,0.012159232537267613,0.011890620457401682,0.7463998532831332,0.7445463920631097,133.0,146.0,6.593233082706766,9.938470319634709,0.0,2.865525114155252,6.593859649122807,7.82310606060606,7.206163522012578,1.0,1.0,184.01500000000001,174.9588,251.29999999999995,109.41950000000004,-567.285,-434.46070000000003,1302.9295000000025,2316.136899999975,-13.753384707287932,-12.51405876349119,8.343787335722826,-0.010162859886819506,0.0,0.9498207885304659,1.0,12.559139784946236,13.254480286738351,1.0,1.0,1.5232974910394266,1.2866444444444445,1.4995221027479095,1.4265232974910393,1.6057347670250897,0.0,6885.559139784947,59.111111111111114,0.0,9.85663082437276,0.0,18.996415770609318,410.6559139784946,28.49462365591398,509.921146953405,9.498207885304659,0.0,0.0,30.86021505376344
91,0.05313069024188407,0.0475052144825885,0.012243245746963536,0.011962336903742534,0.750797247607472,0.7487178496637643,136.0,125.0,9.302328431372548,9.775733333333333,1.3443627450980393,2.271866666666667,8.19987373737374,7.882212885154063,8.049269588313413,1.0,1.0,187.51160000000002,152.2558,224.83499999999995,112.65149999999994,-537.3233999999999,-460.3956999999999,765.6061000000026,1855.741199999975,-14.1064687100894,-12.416699631849122,9.529054916985949,0.06263568224313666,0.0,0.9616858237547893,1.0,13.065134099616857,13.865900383141762,1.0,1.0,1.4789272030651341,1.3017908045977005,1.7885696040868448,1.9693486590038314,1.5747126436781609,0.0,6707.586206896552,83.75095785440612,0.0,7.222222222222222,0.0,19.233716475095786,464.42911877394636,28.850574712643677,515.8122605363984,9.616858237547893,0.0,0.0,23.563218390804597
92,0.0542162820723662,0.04935865175350188,0.012294605667115056,0.012004830165317207,0.7550456207288089,0.7532670672824113,120.0,121.0,10.103194444444437,6.415289256198347,1.7019444444444438,0.0,8.84342105263158,6.4152892561983474,7.593191489361703,1.0,1.0,155.9164,164.3572,210.82849999999996,294.40000000000003,-554.9121,-630.0427999999999,210.69400000000257,1225.698399999975,-13.019095435684637,-12.475176372584368,8.251590594744115,0.035168042475409556,0.0,0.975103734439834,1.0,13.647302904564315,14.49792531120332,1.0,1.0,1.5020746887966805,1.3289360995850619,0.8474412171507604,1.6721991701244814,1.3485477178423237,0.0,6483.572614107884,35.53526970954357,0.0,11.879668049792532,0.0,19.502074688796682,444.24896265560164,29.25311203319502,527.5228215767635,9.751037344398341,0.0,0.0,15.311203319502075
93,0.05546193188999626,0.05008367329886489,0.012393936527193731,0.012101416317661326,0.7597074218037495,0.7581803358319711,115.0,153.0,6.122898550724638,9.971241830065356,0.09637681159420289,6.4334422657952075,6.026521739130434,6.221647509578544,6.1105610561056105,1.0,1.0,158.36520000000004,124.89240000000001,252.50349999999997,5.08599999999997,-594.1382999999998,-380.19359999999995,-383.44429999999727,845.504799999975,-22.197594527363187,-12.785741516985222,8.319900497512437,-0.01569939631751769,0.0,0.753731343283582,1.0,12.738805970149254,13.791044776119403,1.0,1.0,1.5708955223880596,1.056931343283582,3.7141791044776125,1.4029850746268657,1.0485074626865671,0.0,6665.615671641791,71.3955223880597,0.0,6.936567164179104,0.0,15.074626865671641,276.34328358208955,22.611940298507463,422.59328358208955,7.537313432835821,0.0,0.0,151.455223880597
94,0.05649604808624891,0.05091375213662269,0.012513327947908673,0.012194496533321865,0.7639348916004239,0.7625520298974439,130.0,139.0,8.00128205128206,9.710551558752996,0.9285897435897433,2.6517985611510797,7.127519379844961,7.849333333333333,7.482742782152231,1.0,1.0,176.0332,170.8372,186.98199999999994,113.92299999999994,-510.9488,-443.08579999999995,-894.3930999999973,402.4189999999751,-14.647925650557628,-12.700322608356105,8.884510532837666,-0.002222956938732627,0.0,0.9442379182156134,1.0,13.293680297397769,14.215613382899628,1.0,1.0,1.516728624535316,1.2894810408921928,1.8190210656753416,1.5353159851301115,1.6059479553903346,0.0,7388.416356877324,74.84758364312268,0.0,8.293680297397769,0.0,18.88475836431227,423.92936802973975,28.3271375464684,512.1040892193308,9.442379182156134,0.0,0.0,34.29368029739777
95,0.0579946630160146,0.052930154982369394,0.01258291962333822,0.012262381173239379,0.7682219468135953,0.767137171345427,130.0,138.0,7.298846153846155,5.862198067632848,0.17064102564102565,0.01352657004830918,7.128205128205129,5.85036231884058,6.47021144278607,1.0,1.0,173.217,187.93660000000003,241.47499999999994,276.325,-568.2579999999999,-588.3884,-1462.6510999999973,-185.96940000002496,-11.139370646766173,-12.628768973841597,6.559079601990051,-0.07709426937736476,0.0,1.0,1.0,13.944029850746269,14.832089552238806,1.0,1.0,1.5149253731343284,1.3475880597014922,0.08973880597014926,1.3880597014925373,1.2276119402985075,0.0,6978.4029850746265,5.384328358208955,0.0,14.048507462686567,0.0,20.0,388.160447761194,30.0,533.3395522388059,10.0,0.0,0.0,0.0
96,0.05912881281140584,0.05467079391172706,0.012694452381512938,0.012344258692527574,0.7729447619464596,0.771775052962259,129.0,133.0,8.880490956072352,6.017794486215544,1.163049095607235,0.2714285714285714,7.901190476190476,5.791161616161616,6.821640826873385,1.0,1.0,172.8596,176.58100000000002,158.17549999999994,303.178,-485.31589999999994,-626.597,-1947.9669999999974,-812.5664000000249,-12.126810432569972,-12.567876347462061,7.427290076335874,-0.05369971488090303,0.0,0.9847328244274809,1.0,14.755725190839694,15.553435114503817,1.0,1.0,1.5076335877862594,1.333742748091603,0.7104325699745548,1.4618320610687023,1.4541984732824427,0.0,6605.763358778626,33.23664122137404,0.0,11.595419847328245,0.0,19.69465648854962,403.01145038167937,29.541984732824428,528.5801526717557,9.84732824427481,0.0,0.0,9.389312977099237
97,0.06061689398816611,0.05536060954628661,0.01282421966227476,0.012441998241652314,0.7769056723586608,0.7762128626719849,130.0,134.0,7.109358974358973,10.366044776119404,0.12051282051282053,4.369900497512437,6.988846153846152,7.238588588588589,7.10387275242047,1.0,1.0,171.4708,148.22539999999998,291.5589999999999,58.358999999999966,-620.0881999999999,-410.1336,-2568.055199999997,-1222.7000000000248,-15.371180555555549,-12.469329811217705,8.762373737373741,-0.005761128961176768,0.0,0.9128787878787878,1.0,14.928030303030303,15.825757575757576,1.0,1.0,1.5075757575757576,1.210970454545455,2.27739898989899,1.3446969696969697,1.5378787878787878,0.0,6764.352272727273,83.06439393939394,0.0,8.541666666666666,0.0,18.257575757575758,389.0984848484849,27.386363636363637,477.25,9.128787878787879,0.0,0.0,53.57954545454545
98,0.06157615894391471,0.05584106651411575,0.012956151711172315,0.012547238060448733,0.7806865876096496,0.7797027219268735,128.0,129.0,7.977083333333332,10.630103359173127,0.6188802083333333,6.54250645994832,7.358984374999999,7.030666666666667,7.237684729064038,1.0,1.0,168.7176,102.5712,256.84799999999996,19.252499999999998,-588.1304,-416.6813,-3156.185599999997,-1639.3813000000248,-19.97349675745787,-12.543294387827885,9.30875486381323,-0.0135201704745855,0.0,0.7898832684824902,1.0,14.910505836575876,16.011673151750973,1.0,1.0,1.5019455252918288,1.0555984435797663,3.5922178988326845,1.1089494163424125,1.11284046692607,0.0,6858.066147859922,86.3112840466926,0.0,5.875486381322958,0.0,15.797665369649806,342.9922178988327,23.69649805447471,416.84435797665367,7.898832684824903,0.0,0.0,129.22178988326849
99,0.062499405157779825,0.056908288662507064,0.01307862307970555,0.012659185524913633,0.7843235556484908,0.7831970259389096,129.0,162.0,10.034108527131782,10.097119341563783,2.8644702842377265,4.43477366255144,7.973132183908045,7.110852713178295,7.519115646258504,1.0,1.0,158.05560000000003,171.69660000000002,95.79750000000001,55.96449999999999,-437.7419,-384.2679,-3593.927499999997,-2023.6492000000248,-19.469306987399772,-12.733738147147339,10.069186712485685,0.09473316774778677,0.0,0.8419243986254296,1.0,14.40893470790378,15.487972508591065,1.0,1.0,1.556701030927835,1.1331690721649488,3.738659793814431,1.1993127147766323,1.1099656357388317,0.0,7113.659793814433,127.10309278350516,0.0,3.350515463917526,0.0,16.83848797250859,379.83161512027493,25.257731958762886,448.3127147766323,8.419243986254296,0.0,0.0,97.21649484536083
100,0.06378525521421588,0.05832877086727499,0.013187298795648492,0.012752615807264786,0.7882179431245936,0.7870080347404054,151.0,133.0,8.797571743929359,9.426190476190476,1.3886313465783662,1.7427318295739354,7.662671232876712,8.04750656167979,7.841697191697191,1.0,1.0,201.36400000000003,165.8696,187.31349999999992,133.0425,-485.9494999999999,-467.1729,-4079.8769999999968,-2490.822100000025,-14.076359154929577,-12.678579016587662,9.09196009389671,-0.0061425383228716785,0.0,0.9612676056338029,1.0,14.665492957746478,15.711267605633802,1.0,1.0,1.4683098591549295,1.2930760563380286,1.5544600938967132,1.7288732394366197,1.5704225352112675,0.0,6534.795774647887,69.44718309859155,0.0,8.693661971830986,0.0,19.225352112676056,452.25,28.838028169014084,511.52464788732397,9.612676056338028,0.0,0.0,23.820422535211268
101,0.0641402990772447,0.059902841381020804,0.013304373267856703,0.012863333484332499,0.7917988302583281,0.7905219065806259,139.0,147.0,11.444484412470022,7.716666666666666,3.429976019184652,0.9260770975056687,9.131284153005465,6.932060185185184,7.940726817042606,1.0,1.0,167.61520000000002,200.0858,143.77199999999993,224.53749999999994,-476.1567999999999,-524.4517,-4556.0337999999965,-3015.273800000025,-15.060931235431237,-12.529279302954317,9.52843822843823,0.12400793308543269,0.0,0.9300699300699301,1.0,15.454545454545455,16.513986013986013,1.0,1.0,1.513986013986014,1.2856678321678328,2.143006993006993,1.5909090909090908,1.506993006993007,0.0,6812.538461538462,85.57342657342657,0.0,8.328671328671328,0.0,18.6013986013986,443.12587412587413,27.902097902097903,512.1958041958042,9.3006993006993,0.0,0.0,43.00699300699301
102,0.06588102781341533,0.060642606979307775,0.01340484781387414,0.012960625532768614,0.795227055574694,0.7940460018080359,154.0,151.0,7.304761904761906,11.043267108167775,0.5579004329004329,3.5587196467991187,6.835635964912281,8.694102564102563,7.692375886524823,1.0,1.0,201.6528,182.8342,268.4945,101.56049999999996,-566.8417,-418.7262999999999,-5122.8754999999965,-3434.0001000000248,-15.348632786885238,-12.691386445431382,9.155628415300544,0.04750658466843974,0.0,0.9245901639344263,1.0,15.662295081967214,16.74098360655738,1.0,1.0,1.4950819672131148,1.2606131147540984,2.043551912568307,1.4,1.4065573770491804,0.0,7292.688524590164,76.23606557377049,0.0,7.711475409836066,0.0,18.491803278688526,426.7245901639344,27.737704918032787,500.44262295081967,9.245901639344263,0.0,0.0,46.377049180327866
103,0.06740450168548882,0.0615415065701818,0.01350097541836972,0.013057882026288327,0.7985459338465224,0.7973747137596291,127.0,151.0,7.94225721784777,10.027262693156734,0.2691601049868766,2.3305739514348787,7.675459317585302,8.421739130434782,8.064088050314465,1.0,1.0,170.55059999999997,192.0648,209.12349999999998,126.184,-538.5729,-434.1192,-5661.448399999997,-3868.119300000025,-14.435202637889681,-12.862356271619676,9.07476019184652,0.0356530785645413,0.0,0.9532374100719424,1.0,16.4568345323741,17.47482014388489,1.0,1.0,1.5431654676258992,1.3043719424460427,1.3888489208633095,1.0503597122302157,1.579136690647482,0.0,7260.6294964028775,54.57194244604317,0.0,9.510791366906474,0.0,19.06474820143885,461.1546762589928,28.597122302158272,518.273381294964,9.532374100719425,0.0,0.0,28.758992805755394
104,0.0684816169447375,0.06244451291912395,0.013670322862821046,0.01321591532485748,0.8019068976817412,0.8006367920683325,164.0,124.0,9.87306910569106,9.229973118279569,3.6435975609756093,2.671908602150537,7.298095238095238,7.260714285714286,7.281481481481481,1.0,1.0,189.75560000000002,150.23800000000003,66.28349999999993,101.92799999999998,-376.52789999999993,-451.68999999999994,-6037.976299999997,-4319.809300000024,-16.964951388888895,-12.69329702346251,9.596180555555556,0.021228591874241688,0.0,0.875,1.0,16.12847222222222,17.243055555555557,1.0,1.0,1.4305555555555556,1.1805333333333328,3.22523148148148,1.3854166666666667,1.1284722222222223,0.0,7117.652777777777,116.63888888888889,0.0,4.944444444444445,0.0,17.5,382.25694444444446,26.25,467.34375,8.75,0.0,0.0,76.875
105,0.06951013681400836,0.06385047944892543,0.013808524200821974,0.013325762476448054,0.805050412575167,0.8038126690146552,141.0,165.0,9.959574468085108,9.331818181818182,2.8270685579196235,2.4504040404040404,7.795994832041345,7.671846846846846,7.729663056558365,1.0,1.0,181.1566,192.63120000000004,90.56049999999995,119.91449999999992,-409.4038999999999,-427.2832999999999,-6447.380199999997,-4747.0926000000245,-16.601147058823532,-12.859621869161378,9.621078431372547,-0.005373840815633033,0.0,0.9052287581699346,1.0,16.437908496732025,17.552287581699346,1.0,1.0,1.5392156862745099,1.2215287581699348,2.6239651416122,1.1045751633986929,1.6143790849673203,0.0,7110.892156862745,99.15359477124183,0.0,5.673202614379085,0.0,18.104575163398692,419.8267973856209,27.15686274509804,483.6078431372549,9.052287581699346,0.0,0.0,58.28431372549019
106,0.07112411007430501,0.06473956667442043,0.013946194241622432,0.01343266183338646,0.808347567687747,0.8066810474303112,162.0,160.0,8.370781893004112,9.929374999999997,0.6529835390946502,3.633125000000001,7.765734989648034,7.5201492537313435,7.654180790960452,1.0,1.0,217.34679999999997,180.4826,205.84299999999993,90.43049999999994,-488.49619999999993,-409.94789999999995,-6935.8763999999965,-5157.040500000025,-15.752760869565215,-12.716178719256966,9.1452380952381,0.02521132467592416,0.0,0.9161490683229814,1.0,16.736024844720497,17.96273291925466,1.0,1.0,1.4968944099378882,1.2354950310559005,2.1337991718426506,1.5372670807453417,1.3229813664596273,0.0,6830.341614906833,76.45962732919254,0.0,7.453416149068323,0.0,18.322981366459626,420.68633540372673,27.48447204968944,489.09627329192546,9.161490683229813,0.0,0.0,51.56832298136646
107,0.0716374024560881,0.0659508500544022,0.014105729963195588,0.013546027812922266,0.8112119372613689,0.8095929288924538,141.0,141.0,9.722222222222223,8.61465721040189,6.430732860520092,0.7679669030732859,5.59156626506024,7.903928571428572,7.043273542600897,1.0,1.0,105.2258,187.14340000000004,4.625499999999995,179.64899999999992,-399.3997,-492.50559999999984,-7335.276099999996,-5649.546100000024,-19.812903073286073,-12.517180791759186,9.168439716312054,0.006162922834832197,0.0,0.7907801418439716,1.0,17.379432624113477,18.680851063829788,1.0,1.0,1.5,1.0367702127659568,3.599349881796689,0.8404255319148937,1.3617021276595744,0.0,6890.968085106383,87.29078014184397,0.0,6.0638297872340425,0.0,15.815602836879433,334.14539007092196,23.72340425531915,407.29432624113474,7.907801418439717,0.0,0.0,128.67021276595744
108,0.07241457783881904,0.06667286412976543,0.014234171454142592,0.01364978771923855,0.8141669512856243,0.8125494311781297,148.0,157.0,10.743130630630636,9.84288747346072,3.2942567567567567,3.0903397027600867,8.288972431077696,7.682246376811594,7.9800123001230014,1.0,1.0,171.086,181.22320000000002,128.66949999999997,92.68649999999994,-457.58349999999996,-411.4632999999999,-7792.859599999996,-6061.0094000000245,-17.46272786885245,-12.542361411534984,10.27972677595628,0.04993300977634016,0.0,0.8885245901639345,1.0,17.35737704918033,18.521311475409835,1.0,1.0,1.5147540983606558,1.1551121311475412,3.1892896174863385,1.2721311475409836,1.2950819672131149,0.0,7165.062295081967,122.8,0.0,4.252459016393443,0.0,17.770491803278688,425.42622950819674,26.65573770491803,452.7639344262295,8.885245901639344,0.0,0.0,68.55737704918033
109,0.07338302513203109,0.06709443275233684,0.014349140714760787,0.01377043011307196,0.816782674905327,0.815653059911646,171.0,151.0,10.008089668615986,10.496909492273728,2.7718323586744646,5.559271523178809,8.14078947368421,7.384488448844884,7.838866930171278,1.0,1.0,204.06959999999998,135.5452,147.6135,44.4965,-443.5439,-408.95129999999995,-8236.403499999997,-6469.960700000024,-20.99118219461698,-12.698317035936528,10.237318840579714,0.05371143036785173,0.0,0.7857142857142857,1.0,17.046583850931675,18.279503105590063,1.0,1.0,1.468944099378882,1.054704347826087,4.078985507246379,1.2391304347826086,1.0248447204968945,0.0,6776.273291925466,112.95341614906832,0.0,3.937888198757764,0.0,15.714285714285714,369.5,23.571428571428573,417.0,7.857142857142857,0.0,0.0,131.78571428571428
110,0.07465421080777875,0.0678399316558568,0.014537640150483444,0.013947139453841557,0.8195737877060366,0.81834060421565,155.0,152.0,7.781612903225805,10.238486842105258,0.17397849462365592,5.616447368421053,7.60763440860215,7.242783505154639,7.467195767195767,1.0,1.0,205.99,136.1796,324.5235,43.83299999999999,-618.5335,-407.6534,-8854.936999999996,-6877.614100000024,-19.017739413680783,-12.654991163659194,8.99804560260586,0.05883449252611746,0.0,0.8208469055374593,1.0,17.465798045602607,18.850162866449512,1.0,1.0,1.495114006514658,1.114558957654723,2.8686210640608034,1.231270358306189,0.9185667752442996,0.0,6661.14657980456,61.93811074918567,0.0,7.93485342019544,0.0,16.416938110749186,367.7654723127036,24.62540716612378,442.01628664495115,8.208469055374593,0.0,0.0,110.17915309446254
111,0.07647353367008161,0.06990733732787074,0.014645115291035115,0.014045274474961273,0.8225314624134319,0.8210774412513467,158.0,140.0,6.905590717299582,5.758928571428571,0.015295358649789028,0.008452380952380953,6.891455696202532,5.7527380952380955,6.356487695749442,1.0,1.0,215.2336,186.09660000000002,284.5465,280.38999999999993,-569.3128999999999,-594.2933999999999,-9424.249899999995,-7471.907500000024,-11.05684899328858,-12.802900944560946,6.366890380313198,-0.06880041057207831,0.0,1.0,1.0,18.93959731543624,20.184563758389263,1.0,1.0,1.4697986577181208,1.3467456375838929,0.012080536912751677,1.3288590604026846,0.9530201342281879,0.0,7210.785234899329,0.7248322147651006,0.0,14.791946308724832,0.0,20.0,381.28859060402687,30.0,532.9093959731543,10.0,0.0,0.0,0.0
112,0.07848524595526339,0.07093727772639295,0.014788773820082023,0.014179045796833647,0.8251144314746067,0.8238590414496322,143.0,156.0,6.853729603729605,10.179807692307687,0.10104895104895106,3.6852564102564087,6.756876456876458,7.396958637469587,7.070059523809524,1.0,1.0,184.0826,188.09720000000004,260.99499999999995,67.15100000000001,-576.9123999999999,-379.05379999999997,-10001.162299999995,-7850.961300000024,-14.187356744704575,-12.758860005588348,8.589074693422516,0.030360769684036688,0.0,0.9364548494983278,1.0,18.565217391304348,19.909698996655518,1.0,1.0,1.5217391304347827,1.244748494983278,1.9710702341137116,0.9297658862876255,1.391304347826087,0.0,6773.367892976588,79.18394648829431,0.0,7.949832775919733,0.0,18.729096989966557,397.0802675585284,28.093645484949832,490.84615384615387,9.364548494983278,0.0,0.0,39.080267558528426
113,0.07940307898421367,0.07212160448909086,0.014945835638611009,0.014294245862653349,0.8277538329376263,0.8264166386305966,171.0,148.0,10.435477582846003,9.1240990990991,5.625243664717351,1.9662162162162167,7.153478260869565,7.732603406326034,7.468320105820106,1.0,1.0,155.02100000000002,179.4878,48.44049999999994,145.7205,-393.4194999999999,-466.2327,-10394.581799999994,-8317.194000000023,-20.45278996865204,-12.674067251800768,9.827063740856849,0.08717613392319092,0.0,0.7899686520376176,1.0,18.539184952978058,19.984326018808776,1.0,1.0,1.463949843260188,1.0486169278996862,3.9276384535005247,1.1724137931034482,1.0188087774294672,0.0,7098.793103448276,106.48902821316615,0.0,4.608150470219436,0.0,15.799373040752352,353.9655172413793,23.699059561128525,413.34796238244513,7.899686520376176,0.0,0.0,129.16927899686522
114,0.08058983954302769,0.07317261263042898,0.015093272741425157,0.01442935428942587,0.8301372152541515,0.8291958938751802,167.0,142.0,9.63363273453094,9.105046948356806,3.9683632734530945,1.487793427230047,6.809232613908873,7.895255474452556,7.348309178743961,1.0,1.0,193.41840000000002,189.1602,57.781999999999954,218.4484999999999,-364.3635999999999,-529.2882999999999,-10758.945399999995,-8846.482300000023,-16.61675836030203,-12.948632825534837,9.39072276159655,0.0049206883153897546,0.0,0.8932038834951457,1.0,18.78640776699029,20.233009708737864,1.0,1.0,1.4595469255663431,1.2381184466019424,2.828425026968716,1.343042071197411,1.3171521035598706,0.0,6715.126213592233,104.02588996763754,0.0,5.818770226537217,0.0,17.864077669902912,393.7378640776699,26.796116504854368,493.6181229773463,8.932038834951456,0.0,0.0,65.67961165048544
115,0.08247236090519613,0.07391156633764961,0.015287691486084398,0.014606740357595367,0.8328109161239334,0.8316442233538712,151.0,157.0,6.609050772626936,9.796072186836517,0.3247240618101545,4.837261146496816,6.284326710816777,6.2288,6.259178743961352,1.0,1.0,206.7142,162.43900000000002,289.4224999999999,24.945499999999996,-582.7082999999999,-362.50649999999996,-11341.653699999995,-9208.988800000023,-15.650203463203445,-12.77808956680012,8.23360389610389,-0.03919733092710486,0.0,0.8961038961038961,1.0,19.62012987012987,21.0487012987013,1.0,1.0,1.5097402597402598,1.1985493506493512,2.624945887445888,1.2045454545454546,1.0584415584415585,0.0,7169.061688311688,93.60064935064935,0.0,7.642857142857143,0.0,17.92207792207792,336.5194805194805,26.883116883116884,473.39935064935065,8.96103896103896,0.0,0.0,63.896103896103895
116,0.08285611268287972,0.07482130504445729,0.015521755480505517,0.014813599216578328,0.8354675370646137,0.8338485910215108,155.0,170.0,10.268709677419352,9.83823529411765,7.792795698924729,4.344411764705884,5.814646464646465,6.9181481481481475,6.555804311774461,1.0,1.0,86.1272,178.8612,9.8275,34.154999999999944,-423.70029999999997,-355.2937999999999,-11765.353999999996,-9564.282600000022,-27.315981538461543,-12.733769916659266,10.043538461538464,0.04477300191026437,0.0,0.6184615384615385,1.0,19.363076923076925,21.086153846153845,1.0,1.0,1.523076923076923,0.8153489230769231,5.989025641025641,0.5938461538461538,1.1784615384615384,0.0,6939.464615384615,124.69538461538461,0.0,1.4553846153846153,0.0,12.36923076923077,243.27076923076922,18.553846153846155,320.7876923076923,6.184615384615385,0.0,0.0,234.64615384615385
117,0.08398002342907732,0.07602724804462228,0.015735163452092617,0.01499951959610411,0.8378612846498911,0.836136157448804,139.0,184.0,8.075179856115108,9.928713768115937,1.4796163069544364,2.481884057971015,6.945328282828283,8.156051587301588,7.623333333333334,1.0,1.0,175.7508,236.06820000000002,184.346,169.93050000000002,-508.5952,-433.8623,-12273.949199999995,-9998.144900000023,-15.072708978328187,-12.820144389686329,9.131062951496382,0.003849034671304065,0.0,0.9287925696594427,1.0,19.29721362229102,20.643962848297214,1.0,1.0,1.5696594427244581,1.2749814241486066,2.0505675954592357,1.0526315789473684,1.4891640866873066,0.0,6514.554179566563,79.24148606811146,0.0,7.656346749226006,0.0,18.575851393188856,424.8297213622291,27.86377708978328,507.0495356037152,9.287925696594428,0.0,0.0,43.79256965944273
118,0.08475325139948023,0.07831257839388088,0.0158887497877669,0.015157391345123124,0.8401734263096734,0.8388898128285646,155.0,158.0,10.47494623655914,7.004430379746834,4.3825806451612905,0.17658227848101266,7.740300546448087,6.8297468354430375,7.226488095238095,1.0,1.0,168.81900000000002,211.2946,72.32849999999995,245.95199999999994,-403.50949999999995,-534.6573999999999,-12677.458699999996,-10532.802300000023,-16.089921192758265,-13.065973118308115,8.723056443024499,-0.057434205757502806,0.0,0.8945686900958466,1.0,20.77955271565495,22.472843450479232,1.0,1.0,1.5047923322683705,1.2144204472843447,2.2594249201277963,1.1022364217252396,1.073482428115016,0.0,6914.9297124600635,70.72523961661342,0.0,8.47923322683706,0.0,17.891373801916934,387.8178913738019,26.837060702875398,481.5335463258786,8.945686900958467,0.0,0.0,64.84025559105432
119,0.0863184426976711,0.0787223362396543,0.01604065015428509,0.015292708935946702,0.8423574295193836,0.8414539385393722,166.0,150.0,8.520783132530118,10.569444444444443,1.677008032128514,7.2818888888888935,7.377056277056276,6.404329004329004,7.052813852813853,1.0,1.0,205.06080000000003,104.5504,176.97999999999996,17.986499999999957,-471.91919999999993,-413.4361,-13149.377899999996,-10946.238400000024,-22.563242616033758,-12.711491746849504,9.49324894514768,-0.011780075100772154,0.0,0.7310126582278481,1.0,20.38607594936709,22.212025316455698,1.0,1.0,1.4746835443037976,0.9797822784810128,4.337552742616034,1.3512658227848102,0.7436708860759493,0.0,7105.949367088608,94.82594936708861,0.0,5.281645569620253,0.0,14.620253164556962,309.34177215189874,21.930379746835442,387.20569620253167,7.310126582278481,0.0,0.0,165.4272151898734
120,0.08815011632062394,0.08008477750659136,0.01626362100132799,0.015452900721303738,0.8445577513060877,0.8439346423749479,179.0,176.0,9.60232774674115,9.475852272727272,2.698510242085662,2.6788825757575747,7.5390243902439025,7.3390593047034764,7.43934760448522,1.0,1.0,217.4328,217.9636,106.53450000000001,106.83099999999997,-389.10170000000005,-388.8673999999999,-13538.479599999995,-11335.105800000023,-15.376338028169018,-12.667643190786688,9.539624413145548,0.03258964671361881,0.0,0.9211267605633803,1.0,20.253521126760564,21.87887323943662,1.0,1.0,1.495774647887324,1.2264687323943664,2.6887793427230053,1.1605633802816901,1.4,0.0,6922.290140845071,112.81971830985916,0.0,5.025352112676057,0.0,18.422535211267604,411.0507042253521,27.633802816901408,483.8619718309859,9.211267605633802,0.0,0.0,48.50704225352113
121,0.08925075800437547,0.08057463563498625,0.016449058515415126,0.015611671019209692,0.8466528786914586,0.8462720463294799,156.0,162.0,9.43739316239316,10.593621399176952,1.8912393162393148,6.879423868312754,7.9017897091722595,6.691666666666666,7.446094839609484,1.0,1.0,197.14440000000002,122.35039999999998,158.69949999999992,15.126999999999995,-461.5550999999999,-392.77660000000003,-14000.034699999995,-11727.882400000022,-22.354882599580716,-12.792443959820455,10.02641509433962,0.03197986062929983,0.0,0.7515723270440252,1.0,21.044025157232703,22.78616352201258,1.0,1.0,1.509433962264151,1.0047006289308176,4.432389937106919,1.1635220125786163,1.0062893081761006,0.0,6576.647798742139,113.16037735849056,0.0,3.7735849056603774,0.0,15.031446540880504,335.64150943396226,22.547169811320753,396.7798742138365,7.515723270440252,0.0,0.0,152.78301886792454
122,0.09160076548845505,0.08167360437178088,0.01665964585888555,0.015790594375970694,0.8487719520045168,0.8484879493689835,168.0,176.0,5.831547619047618,10.067992424242425,0.027380952380952377,2.573295454545454,5.8051587301587295,8.244166666666667,6.994918699186992,1.0,1.0,229.091,204.657,273.9435,155.43549999999993,-544.8525,-450.7784999999999,-14544.887199999994,-12178.660900000023,-13.318589147286833,-12.555121236054388,7.999031007751939,-0.015306673016491452,0.0,0.9534883720930233,1.0,20.776162790697676,22.59011627906977,1.0,1.0,1.5116279069767442,1.2608953488372097,1.329941860465116,1.25,1.188953488372093,0.0,6942.697674418605,51.19186046511628,0.0,10.25,0.0,19.069767441860463,400.1453488372093,28.6046511627907,496.5174418604651,9.534883720930232,0.0,0.0,28.6046511627907
123,0.09271539045080052,0.08356312374979313,0.016830186185451287,0.015922651340292533,0.8510244598741071,0.8506725942700404,179.0,179.0,9.982309124767232,9.010893854748602,2.6175046554934824,1.065828677839851,7.895409181636726,8.034839924670433,7.967151162790698,1.0,1.0,223.34320000000002,236.2998,149.5519999999999,174.03399999999993,-426.2087999999999,-437.73419999999993,-14971.095999999994,-12616.395100000023,-13.843256052141518,-12.752008860784253,9.496601489757904,0.010902648676955975,0.0,0.9608938547486033,1.0,21.39664804469274,23.11173184357542,1.0,1.0,1.5,1.283918994413407,1.8416666666666666,1.223463687150838,1.3324022346368716,0.0,7082.480446927374,86.44972067039106,0.0,7.441340782122905,0.0,19.217877094972067,459.2960893854749,28.8268156424581,506.9776536312849,9.608938547486034,0.0,0.0,24.050279329608937
124,0.0935038342296558,0.0849719227957221,0.017026886429239992,0.016091929214934807,0.8528828807598949,0.8526673505338042,162.0,141.0,10.67551440329218,8.9322695035461,5.454629629629628,1.3927895981087466,7.167655367231639,7.703381642512078,7.4564453125,1.0,1.0,154.7606,187.267,45.8075,124.53049999999995,-391.0469,-437.26349999999996,-15362.142899999993,-13053.658600000022,-18.448849284928475,-12.78911326026674,9.864301430143017,0.014722872229976525,0.0,0.8448844884488449,1.0,23.006600660066006,24.854785478547853,1.0,1.0,1.4653465346534653,1.1288039603960403,3.564466446644664,0.9405940594059405,1.0693069306930694,0.0,7384.069306930693,118.47194719471948,0.0,4.881188118811881,0.0,16.897689768976896,377.990099009901,25.346534653465348,445.73267326732673,8.448844884488448,0.0,0.0,95.39603960396039
125,0.09480419074194893,0.08608385918236207,0.01729829677327799,0.01631946629051954,0.8548102523193611,0.8544653170897396,180.0,147.0,9.508888888888894,8.77154195011338,1.9975925925925928,1.0659863945578232,7.770306513409961,7.924358974358974,7.839800210304942,1.0,1.0,237.496,190.62660000000002,162.4929999999999,220.09099999999992,-424.99699999999996,-529.4643999999998,-15787.139899999993,-13583.123000000021,-13.618910295616706,-12.804596807329363,9.177420998980626,0.06692878758460505,0.0,0.9694189602446484,1.0,21.859327217125383,23.724770642201836,1.0,1.0,1.4495412844036697,1.3092434250764533,1.5787971457696235,1.730886850152905,1.2324159021406729,0.0,6840.559633027523,75.92048929663609,0.0,8.19571865443425,0.0,19.388379204892967,455.91743119266056,29.08256880733945,518.4464831804281,9.694189602446484,0.0,0.0,18.807339449541285
126,0.09575987494172004,0.08797862890253932,0.017472356264841518,0.016447028230130487,0.8565845448098439,0.8565311886048373,174.0,157.0,9.899616858237549,8.023354564755834,4.171934865900383,0.8444798301486198,6.922916666666667,7.273548387096774,7.104682274247491,1.0,1.0,194.93160000000003,197.3628,44.41049999999997,196.47199999999998,-349.47889999999995,-499.1092,-16136.618799999993,-14082.232200000022,-15.80952265861028,-12.837790006557444,9.00966767371601,-0.03384867566139847,0.0,0.9033232628398792,1.0,22.9607250755287,24.90332326283988,1.0,1.0,1.4743202416918428,1.1851794561933537,2.593655589123868,0.9697885196374623,1.1963746223564955,0.0,6842.90332326284,96.16314199395771,0.0,7.030211480362538,0.0,18.06646525679758,384.9607250755287,27.099697885196374,465.72205438066464,9.03323262839879,0.0,0.0,59.45619335347432
127,0.09642474518916222,0.08877813087783264,0.017762493347211833,0.016676336975412324,0.8584009222269424,0.8582521845190798,163.0,178.0,10.989775051124743,10.510955056179771,5.6969325153374255,4.330898876404493,7.57046783625731,7.694522144522144,7.639494163424124,1.0,1.0,154.066,188.4738,59.92749999999999,77.05700000000003,-405.8615,-388.58320000000003,-16542.480299999992,-14470.815400000021,-22.48026490713586,-12.915462258228118,10.739833822091882,0.026633232698355075,0.0,0.7536656891495601,1.0,22.98240469208211,25.023460410557185,1.0,1.0,1.5219941348973607,1.0045155425219952,4.983870967741938,1.035190615835777,1.2375366568914956,0.0,6580.299120234604,147.5366568914956,0.0,2.134897360703812,0.0,15.073313782991203,345.3577712609971,22.609970674486803,396.3958944281525,7.536656891495602,0.0,0.0,151.49560117302053
128,0.09736942716770858,0.09003459500987478,0.018054588146410172,0.016933290416154993,0.8602226403201829,0.8601327459261527,151.0,184.0,9.71832229580574,9.650634057971011,2.883333333333334,2.436684782608695,7.821212121212121,7.811372549019608,7.815673289183223,1.0,1.0,181.4602,224.41200000000003,138.00249999999988,147.18099999999995,-456.5422999999999,-422.7689999999999,-16999.022599999993,-14893.584400000022,-16.173758208955217,-12.94725132888977,9.681144278606965,0.015295748970577117,0.0,0.9014925373134328,1.0,23.66865671641791,25.752238805970148,1.0,1.0,1.5492537313432835,1.2115588059701485,2.638009950248756,1.1940298507462686,1.3253731343283581,0.0,6484.922388059702,97.69850746268656,0.0,5.916417910447761,0.0,18.029850746268657,422.5880597014925,27.044776119402986,479.15223880597017,9.014925373134329,0.0,0.0,60.582089552238806
129,0.09912998163655408,0.09216475925987494,0.018353833852839604,0.017136899627973833,0.8622054876992217,0.8620600866322955,168.0,192.0,6.924603174603177,7.896961805555558,0.3281746031746031,0.5968749999999999,6.635928143712575,7.417460317460319,7.050842696629213,1.0,1.0,224.358,260.70020000000005,211.2134999999999,243.67749999999995,-486.8554999999999,-482.9772999999999,-17485.878099999994,-15376.561700000022,-12.055475,-12.93053033167639,7.443194444444446,0.006458633859745967,0.0,0.9888888888888889,1.0,22.552777777777777,24.386111111111113,1.0,1.0,1.5333333333333334,1.3473838888888878,0.47148148148148145,0.9861111111111112,1.386111111111111,0.0,7031.0888888888885,21.455555555555556,0.0,12.266666666666667,0.0,19.77777777777778,418.3027777777778,29.666666666666668,534.8,9.88888888888889,0.0,0.0,6.833333333333333
130,0.10084484154398012,0.09312860312100779,0.01861887246226824,0.017372672693214623,0.8638685746451212,0.8639085308457786,173.0,184.0,6.753275529865126,9.487499999999997,0.5263005780346821,3.3119565217391305,6.34,6.929776422764228,6.6295908183632735,1.0,1.0,231.57120000000003,210.4352,233.75399999999996,69.22149999999993,-502.18279999999993,-358.7862999999999,-17988.060899999993,-15735.348000000022,-14.302558356676009,-12.57959806209448,8.162511671335203,-0.025970562089774867,0.0,0.9355742296918768,1.0,23.324929971988794,25.282913165266105,1.0,1.0,1.515406162464986,1.2381131652661062,1.962044817927171,1.1876750700280112,1.3249299719887955,0.0,6977.708683473389,78.10084033613445,0.0,7.837535014005602,0.0,18.711484593837536,372.0280112044818,28.067226890756302,487.6582633053221,9.355742296918768,0.0,0.0,39.621848739495796
131,0.10219765038856111,0.0941687255609947,0.018963986798625803,0.017657216101589823,0.8657994335154862,0.8656355415637362,172.0,187.0,8.749903100775194,9.38199643493761,1.6091085271317824,5.398752228163994,7.489126016260163,5.601378446115288,6.643771043771044,1.0,1.0,222.42260000000002,165.43200000000002,139.57899999999995,16.136499999999984,-417.15639999999996,-350.70449999999994,-18405.217299999993,-16086.052500000022,-19.148467038068716,-12.818905914799931,9.079155060352841,-0.02358001670515926,0.0,0.8272980501392758,1.0,23.92757660167131,25.997214484679667,1.0,1.0,1.5208913649025069,1.0803749303621173,3.5831012070566373,1.181058495821727,1.0083565459610029,0.0,6998.810584958217,108.77437325905292,0.0,4.938718662952646,0.0,16.545961002785514,329.7632311977716,24.818941504178273,423.983286908078,8.272980501392757,0.0,0.0,106.2116991643454
132,0.10403264706394469,0.09504633599033897,0.019298672253504307,0.01797793834228655,0.8674358426916235,0.8671473137155613,170.0,183.0,6.787254901960785,10.144808743169401,0.04529411764705882,4.705100182149362,6.743725490196079,7.010328638497652,6.865064102564103,1.0,1.0,228.68540000000002,193.5644,252.0239999999999,48.02849999999995,-523.3385999999998,-354.4641,-18928.555899999992,-16440.51660000002,-16.308208687440978,-12.956944685904118,8.527856468366384,-0.04046971275119425,0.0,0.8838526912181303,1.0,24.229461756373937,26.504249291784703,1.0,1.0,1.518413597733711,1.19617507082153,2.4610009442870626,1.1869688385269122,1.3512747875354107,0.0,6850.444759206799,76.22946175637394,0.0,8.161473087818697,0.0,17.677053824362606,364.0113314447592,26.51558073654391,473.95184135977337,8.838526912181303,0.0,0.0,71.43059490084985
133,0.10489273578923139,0.09581936807034315,0.019655720698199583,0.0182461233592717,0.8691015998761021,0.8689594192698947,166.0,193.0,9.957630522088353,9.61908462867012,3.243473895582329,6.288428324697759,7.4802013422818785,5.494159544159544,6.606641604010024,1.0,1.0,202.03699999999998,148.0032,87.80749999999995,15.804500000000019,-385.77049999999997,-367.8013,-19314.32639999999,-16808.31790000002,-22.83940297121634,-12.766084017208138,9.775626740947075,-0.00891733848749227,0.0,0.7409470752089137,1.0,24.537604456824514,26.75766016713092,1.0,1.0,1.5376044568245126,0.9750423398328695,4.880454967502324,1.1838440111420614,0.6963788300835655,0.0,6926.994428969359,133.50974930362116,0.0,2.562674094707521,0.0,14.818941504178273,293.7103064066852,22.228412256267408,383.4456824512535,7.4094707520891365,0.0,0.0,159.3175487465181
134,0.10596322356377295,0.09634056907890769,0.019949643260288596,0.018474379456287195,0.8707211966245867,0.8702971610359144,191.0,163.0,9.482111692844674,9.869529652351735,4.940401396160558,7.722290388548059,5.982528735632185,5.303030303030303,5.76998420221169,1.0,1.0,184.95340000000002,88.681,14.875999999999983,0.0,-329.9226,-411.319,-19644.248999999993,-17219.63690000002,-27.46174764595102,-12.830000351694489,9.660499058380422,-0.028302237138851962,0.0,0.596045197740113,1.0,24.84463276836158,27.271186440677965,1.0,1.0,1.46045197740113,0.7729785310734463,6.221327683615821,0.867231638418079,0.4632768361581921,0.0,7051.728813559322,124.84745762711864,0.0,0.9858757062146892,0.0,11.92090395480226,206.3502824858757,17.88135593220339,302.7683615819209,5.96045197740113,0.0,0.0,248.4322033898305
135,0.10705995026808841,0.09697331676590747,0.020274236832208255,0.018718607180918487,0.8721592769620031,0.8717320469346236,174.0,165.0,10.098084291187742,9.571414141414142,3.4642720306513395,4.813737373737374,7.746868008948546,6.280133333333334,7.077737226277374,1.0,1.0,197.007,164.40000000000003,107.59999999999991,16.821500000000007,-410.5929999999999,-352.4215,-20054.841999999993,-17572.05840000002,-20.180826941986236,-12.780143415884302,9.841740412979354,0.043409029914473325,0.0,0.8082595870206489,1.0,25.87315634218289,28.342182890855458,1.0,1.0,1.4867256637168142,1.0660973451327433,4.12109144542773,1.079646017699115,0.9941002949852508,0.0,6932.805309734514,129.34513274336283,0.0,3.200589970501475,0.0,16.16519174041298,343.23893805309734,24.24778761061947,419.5280235988201,8.08259587020649,0.0,0.0,117.92035398230088
136,0.10773270158066817,0.09818042595916687,0.020650917069436704,0.019041337618052812,0.8738198064752585,0.8733742674901047,194.0,163.0,9.335738831615119,10.23680981595092,6.743298969072168,2.8307770961145184,4.701557632398754,8.04788888888889,6.6546692607003886,1.0,1.0,138.40460000000002,210.3902,0.0,126.39549999999997,-361.5954,-416.0053,-20416.43739999999,-17988.06370000002,-23.125968253968257,-12.897322497246368,9.747152194211015,-0.009504781666781524,0.0,0.7198879551820728,1.0,25.37535014005602,27.92997198879552,1.0,1.0,1.4565826330532212,0.9770162464985993,4.956909430438844,0.6330532212885154,1.526610644257703,0.0,6938.072829131653,125.14565826330532,0.0,2.7254901960784315,0.0,14.397759103641457,287.41456582633054,21.596638655462186,387.3921568627451,7.1988795518207285,0.0,0.0,172.2689075630252
137,0.108556803640235,0.09901063247152643,0.020948652616614123,0.019293347746920576,0.8752222508327793,0.8748999903634009,182.0,185.0,9.985347985347984,10.112522522522521,5.751831501831502,4.004054054054054,5.97687338501292,7.064166666666666,6.57883506343714,1.0,1.0,165.4906,209.81259999999997,15.751499999999965,64.98599999999993,-350.2609,-355.17339999999996,-20766.698299999993,-18343.23710000002,-20.592465031789267,-12.90260464711965,10.049455040871933,0.008236739972424034,0.0,0.7874659400544959,1.0,25.93732970027248,28.724795640326974,1.0,1.0,1.5040871934604905,1.0226245231607634,4.87079927338783,0.7465940054495913,1.1880108991825613,0.0,7003.852861035422,161.53950953678475,0.0,1.8610354223433243,0.0,15.749318801089919,310.7193460490463,23.623978201634877,400.69209809264305,7.874659400544959,0.0,0.0,130.70844686648502
138,0.10878059303814899,0.09966266340420198,0.021276073701542705,0.019571463517485576,0.8766868401569801,0.8762950584689261,170.0,165.0,10.682254901960784,10.053434343434338,6.564607843137255,3.854141414141415,7.004833333333332,7.156759906759906,7.094238683127571,1.0,1.0,138.1884,192.31940000000003,36.25099999999995,57.82949999999999,-398.0626,-365.51009999999997,-21164.760899999994,-18708.74720000002,-22.997419900497512,-13.066027066489708,10.372537313432836,0.017929504744011584,0.0,0.7253731343283583,1.0,27.050746268656717,29.877611940298507,1.0,1.0,1.492537313432836,0.9865904477611938,5.229601990049751,0.8029850746268656,1.1313432835820896,0.0,6779.256716417911,144.88059701492537,0.0,2.1134328358208956,0.0,14.507462686567164,308.57611940298506,21.761194029850746,391.4179104477612,7.253731343283582,0.0,0.0,168.8955223880597
139,0.1097048234132646,0.10106378678863308,0.021682555214680477,0.01995224825158717,0.8780889685617987,0.8778675250103548,189.0,165.0,10.260846560846556,7.742929292929295,3.2280423280423287,0.31202020202020203,7.911904761904762,7.432222222222222,7.674224224224225,1.0,1.0,214.406,215.05560000000003,127.38149999999996,255.17849999999996,-412.97549999999995,-540.1229,-21577.736399999994,-19248.87010000002,-13.917704331450103,-12.425813244803459,9.08724105461393,-0.009971616588780432,0.0,0.940677966101695,1.0,26.838983050847457,29.39265536723164,1.0,1.0,1.4661016949152543,1.2131683615819213,1.8688794726930318,1.189265536723164,1.1355932203389831,0.0,6691.672316384181,75.64971751412429,0.0,8.19774011299435,0.0,18.8135593220339,433.10169491525426,28.220338983050848,474.47740112994353,9.40677966101695,0.0,0.0,36.483050847457626
140,0.11090938767104692,0.10275053625265802,0.021958289969703462,0.0202403474047467,0.8794748541163844,0.8792192665008056,201.0,182.0,9.235406301824211,8.668406593406594,2.177446102819236,0.9328754578754582,7.548404255319149,7.821481481481481,7.681974637681158,1.0,1.0,254.88140000000004,236.75599999999997,118.61799999999991,217.5959999999999,-363.73659999999984,-480.8399999999999,-21941.472999999994,-19729.71010000002,-13.711287206266325,-12.843824816774022,8.96597040905135,-0.025148872201027066,0.0,0.9608355091383812,1.0,25.900783289817234,28.45953002610966,1.0,1.0,1.475195822454308,1.2836485639686683,1.5860313315926895,1.2428198433420365,1.08355091383812,0.0,6891.942558746737,71.0757180156658,0.0,8.26892950391645,0.0,19.216710182767624,442.79634464751956,28.825065274151434,506.84595300261094,9.608355091383812,0.0,0.0,24.08616187989556
141,0.11175291180984558,0.1039013565730961,0.02238655775082279,0.02056694798058038,0.8808266285592572,0.8806262919634578,166.0,201.0,10.407931726907634,9.547014925373132,4.64487951807229,3.1991708126036484,7.358974358974359,7.128026070763501,7.225188781014023,1.0,1.0,173.1672,242.50740000000002,54.800499999999936,91.44749999999999,-381.63329999999996,-348.9401,-22323.106299999996,-20078.65020000002,-18.71412806539509,-12.815439125687616,9.936421435059032,0.031995856296097275,0.0,0.8419618528610354,1.0,27.310626702997276,30.08991825613079,1.0,1.0,1.547683923705722,1.1326283378746589,3.8530881017257044,0.9482288828337875,1.231607629427793,0.0,6682.8310626703,133.99182561307902,0.0,3.5803814713896456,0.0,16.839237057220707,365.0,25.258855585831064,448.0599455040872,8.419618528610354,0.0,0.0,97.19346049046321
142,0.11217910335025492,0.10457261938060561,0.022864161567413156,0.020977904502778616,0.8820567978808593,0.8820421631692187,165.0,190.0,9.846161616161613,9.977982456140348,7.153131313131313,5.828947368421051,5.049431818181818,6.3084,5.788262910798123,1.0,1.0,112.73580000000001,166.63840000000002,0.0,15.440499999999972,-387.26419999999996,-348.80209999999994,-22710.370499999997,-20427.45230000002,-27.635946478873237,-12.732128903422458,9.91671361502348,-0.018322547204373138,0.0,0.6,1.0,27.633802816901408,30.633802816901408,1.0,1.0,1.5352112676056338,0.786969577464789,6.444413145539905,0.7267605633802817,0.8816901408450705,0.0,7168.754929577465,140.66478873239436,0.0,1.0169014084507042,0.0,12.0,208.33802816901408,18.0,309.21408450704223,6.0,0.0,0.0,246.0
143,0.11272487260307501,0.10560535414094012,0.023215917461815096,0.02128431695586703,0.8836065605836613,0.8833148672930375,153.0,191.0,10.088997821350763,9.516666666666666,3.183224400871459,3.441186736474695,7.712287104622871,6.907242063492063,7.268852459016394,1.0,1.0,186.0866,227.43499999999995,81.30499999999998,74.21499999999996,-395.2184,-346.78000000000003,-23105.5889,-20774.232300000018,-17.075153100775186,-12.99975176404585,9.771220930232563,-0.0032699045332772736,0.0,0.8866279069767442,1.0,28.238372093023255,31.24418604651163,1.0,1.0,1.555232558139535,1.2020976744186045,3.3264534883720924,1.2936046511627908,1.375,0.0,6793.229651162791,129.86337209302326,0.0,4.0726744186046515,0.0,17.732558139534884,386.6860465116279,26.598837209302324,476.5203488372093,8.866279069767442,0.0,0.0,69.72383720930233
144,0.11342652358870639,0.10655158712183205,0.023639338610488454,0.021643488341009105,0.885026274516693,0.8845516974884218,178.0,188.0,9.87715355805244,9.5834219858156,4.083052434456928,3.5940602836879405,6.971171171171171,6.950617283950618,6.960430107526881,1.0,1.0,189.7658,217.4952,64.69549999999998,54.28749999999995,-374.92969999999997,-336.79229999999995,-23480.5186,-21111.02460000002,-18.271727686703105,-12.733950447786283,9.72627504553734,-0.003923426500429268,0.0,0.8469945355191257,1.0,27.87431693989071,30.93169398907104,1.0,1.0,1.5136612021857923,1.1127349726775955,3.8318761384335187,1.0136612021857923,1.0710382513661203,0.0,7165.907103825137,135.81420765027323,0.0,2.7295081967213113,0.0,16.939890710382514,353.6639344262295,25.40983606557377,437.379781420765,8.469945355191257,0.0,0.0,94.09836065573771
145,0.11411102763830623,0.1075276071921348,0.023961767605795662,0.0219147942536301,0.8861599044073566,0.8857162133629705,176.0,185.0,9.61808712121212,9.860900900900901,4.7644886363636365,4.976396396396397,6.522519083969465,6.646200980392157,6.585518102372035,1.0,1.0,180.1236,179.92180000000002,31.378499999999974,36.05699999999994,-351.25489999999996,-356.13519999999994,-23831.7735,-21467.15980000002,-22.31449030470913,-12.944251932984084,9.742520775623266,0.00954899538621015,0.0,0.739612188365651,1.0,27.490304709141274,30.537396121883656,1.0,1.0,1.5124653739612188,0.9973556786703596,4.873084025854107,0.9667590027700831,1.0664819944598338,0.0,6801.645429362881,132.24653739612188,0.0,2.6537396121883656,0.0,14.79224376731302,292.1662049861496,22.18836565096953,394.803324099723,7.39612188365651,0.0,0.0,160.13850415512465
146,0.11448211619915101,0.10805668434035749,0.024342069141138647,0.022236547445650286,0.8873972401972425,0.8871754766460341,205.0,176.0,9.959430894308943,9.922253787878782,7.690487804878049,6.103693181818182,5.606224899598393,6.10969696969697,5.8931778929188265,1.0,1.0,110.56880000000001,146.4992,0.0,9.377499999999962,-389.4312,-362.87829999999997,-24221.2047,-21830.03810000002,-31.44704811898513,-12.932254540495075,9.942257217847763,0.026152593802848966,0.0,0.5065616797900262,1.0,28.364829396325458,31.95275590551181,1.0,1.0,1.4619422572178478,0.6747191601049868,6.9574803149606295,0.5800524934383202,0.8530183727034121,0.0,6769.629921259842,113.98425196850394,0.0,0.6351706036745407,0.0,10.131233595800525,179.08661417322836,15.196850393700787,266.21522309711287,5.065616797900263,0.0,0.0,303.46456692913387
147,0.11652680116201873,0.1091583843027204,0.024733840641610938,0.02265240447781956,0.8886211472643735,0.8883720422106984,191.0,190.0,6.601047120418847,9.782807017543856,0.27539267015706803,2.646754385964913,6.361315789473684,7.704261363636364,7.007103825136612,1.0,1.0,248.8372,232.50739999999996,294.94949999999994,128.16199999999992,-546.1123,-395.65459999999996,-24767.317,-22225.69270000002,-13.052543307086625,-12.618017275087796,8.187751531058614,0.034477818618819295,0.0,0.9606299212598425,1.0,29.26509186351706,32.490813648293965,1.0,1.0,1.4986876640419948,1.263371653543307,1.4579615048118986,1.162729658792651,1.10498687664042,0.0,7040.816272965879,63.26509186351706,0.0,9.194225721784777,0.0,19.212598425196852,403.78740157480314,28.818897637795274,496.7769028871391,9.606299212598426,0.0,0.0,24.212598425196852
148,0.11749661590098637,0.11060842233989589,0.025097707566596673,0.02296081929419519,0.8896937941413549,0.8895512893455455,186.0,191.0,9.718279569892477,9.600261780104713,2.5951612903225825,2.823036649214658,7.5278409090909095,7.439367816091954,7.483857142857142,1.0,1.0,239.67940000000002,239.30620000000002,102.51899999999993,104.254,-362.83959999999996,-364.94780000000003,-25130.1566,-22590.640500000023,-15.512127320954905,-13.133339020128215,9.65848806366047,0.001557888631878592,0.0,0.9283819628647215,1.0,29.488063660477454,32.811671087533156,1.0,1.0,1.506631299734748,1.270518832891246,2.710610079575597,0.986737400530504,1.209549071618037,0.0,6918.7082228116715,118.59151193633953,0.0,5.440318302387268,0.0,18.56763925729443,416.87267904509287,27.851458885941646,504.86472148541117,9.283819628647215,0.0,0.0,44.04509283819629
149,0.11810845240193343,0.11156663958469407,0.025449763211073922,0.023291931864698058,0.8908878559321158,0.8905644137201146,191.0,172.0,10.278184991273996,9.92722868217054,5.630977312390926,4.788662790697673,6.827948717948718,6.748091603053434,6.78786717752235,1.0,1.0,178.05939999999998,174.3054,35.87049999999998,47.430499999999945,-357.8111,-373.1251,-25487.967699999997,-22963.765600000024,-23.582780532598736,-13.029012668783887,10.111891643709823,-0.00926559156591735,0.0,0.71900826446281,1.0,29.58953168044077,33.14325068870524,1.0,1.0,1.4738292011019283,0.9707019283746559,5.231864095500462,0.9917355371900827,0.7713498622589532,0.0,6579.027548209367,141.10192837465564,0.0,1.859504132231405,0.0,14.380165289256198,292.801652892562,21.570247933884296,384.3581267217631,7.190082644628099,0.0,0.0,172.8099173553719
150,0.11885188935536337,0.11369893205501995,0.025862591231215783,0.02366661921296418,0.8919682005145595,0.8916286122391073,184.0,179.0,9.783333333333331,5.151303538175047,3.879891304347827,0.00446927374301676,7.007956989247312,5.147765363128492,6.011027944111777,1.0,1.0,213.17180000000002,237.8856,58.619499999999974,285.82649999999995,-345.44769999999994,-547.9408999999999,-25833.415399999998,-23511.706500000026,-14.658876951331488,-13.009777835143023,7.499219467401293,-0.0783349839250006,0.0,0.9201101928374655,1.0,31.019283746556475,34.45730027548209,1.0,1.0,1.4931129476584022,1.2425823691460054,1.9688705234159787,0.9393939393939394,1.0165289256198347,0.0,6994.115702479339,69.0,0.0,8.914600550964188,0.0,18.40220385674931,331.82093663911843,27.60330578512397,492.0495867768595,9.201101928374655,0.0,0.0,49.13223140495868
151,0.1195925161980551,0.11494850449799567,0.026249183753406725,0.024068683797504486,0.893142690216289,0.8928093040523264,184.0,176.0,9.645108695652178,9.817329545454546,2.87391304347826,3.9991477272727263,7.598882113821138,7.062068965517241,7.3469795037756205,1.0,1.0,219.0256,193.91660000000002,104.44949999999997,60.64950000000001,-385.4239,-366.7329,-26218.8393,-23878.439400000025,-18.20420833333333,-13.094314282407991,9.729305555555555,-0.008226759130053076,0.0,0.8583333333333333,1.0,31.041666666666668,34.547222222222224,1.0,1.0,1.488888888888889,1.147061666666667,3.424027777777778,1.0444444444444445,1.05,0.0,6927.797222222222,118.31666666666666,0.0,3.963888888888889,0.0,17.166666666666668,378.31666666666666,25.75,452.96666666666664,8.583333333333334,0.0,0.0,87.125
152,0.12029193450746609,0.11670024545729275,0.026677795481205642,0.024429746698720497,0.8942789655593205,0.8938171777017138,168.0,173.0,9.682341269841269,7.760597302504816,3.0829365079365068,0.738728323699422,7.199350649350649,7.104970760233918,7.149692307692307,1.0,1.0,198.3408,230.07120000000003,100.51,210.11249999999987,-402.1692,-480.04129999999986,-26621.0085,-24358.480700000026,-14.00366568914955,-13.013234582857372,8.707380254154446,-0.05926743177834862,0.0,0.9530791788856305,1.0,31.6950146627566,35.0733137829912,1.0,1.0,1.5073313782991202,1.2563401759530788,1.8936461388074293,1.0381231671554252,1.1642228739002933,0.0,6695.539589442816,84.76246334310851,0.0,8.06158357771261,0.0,19.06158357771261,408.8240469208211,28.592375366568916,494.30791788856305,9.530791788856305,0.0,0.0,28.856304985337243
153,0.12117973315986338,0.11863997630088927,0.027134459412389726,0.024849669904777966,0.8953382985922105,0.894856888870748,175.0,182.0,9.835999999999999,6.953754578754581,5.477238095238093,0.30833333333333335,5.960677083333334,6.682780847145488,6.383656957928803,1.0,1.0,168.27139999999997,238.2636,17.789999999999978,279.3564999999999,-349.5186,-541.0928999999999,-26970.5271,-24899.573600000025,-16.649896358543423,-12.90590683273409,8.366619981325867,-0.05836108342718186,0.0,0.865546218487395,1.0,31.81232492997199,35.56582633053221,1.0,1.0,1.5098039215686274,1.138753501400561,2.842110177404294,1.2156862745098038,1.0700280112044818,0.0,6951.198879551821,87.8375350140056,0.0,7.557422969187675,0.0,17.310924369747898,331.47058823529414,25.96638655462185,447.7955182072829,8.655462184873949,0.0,0.0,82.6890756302521
154,0.12248259493217611,0.1195327776497666,0.02764653278340896,0.025307061001430535,0.8964096211693656,0.8959059747713763,173.0,191.0,9.120134874759152,9.519808027923204,1.8595375722543355,4.911518324607329,7.707873210633947,6.333573141486811,7.075331125827815,1.0,1.0,217.61220000000003,173.7738,157.35399999999998,43.59599999999998,-439.74179999999996,-369.8222,-27410.2689,-25269.395800000024,-18.83254395604394,-12.93193404166492,9.329853479853476,-0.046055262743225404,0.0,0.8296703296703297,1.0,32.722527472527474,36.66208791208791,1.0,1.0,1.5247252747252746,1.075236263736264,3.4609890109890107,1.1318681318681318,0.7967032967032966,0.0,7345.423076923077,102.9065934065934,0.0,4.931318681318682,0.0,16.593406593406595,352.13186813186815,24.89010989010989,421.1043956043956,8.296703296703297,0.0,0.0,104.75274725274726
155,0.12321752942676,0.12076816725296578,0.028158761423422884,0.025747397253805163,0.8973747436266118,0.8970132361603824,188.0,211.0,9.867641843971631,9.914296998420225,4.745921985815601,2.9438388625592418,6.3767108167770425,7.621588946459411,7.075145348837209,1.0,1.0,202.49039999999997,256.5158,39.72249999999997,122.36999999999993,-337.2321,-365.85419999999993,-27747.501,-25635.250000000025,-17.437257309941515,-12.781951473657532,9.892314118629903,0.02263751653141257,0.0,0.8621553884711779,1.0,30.899749373433583,34.45864661654135,1.0,1.0,1.5288220551378446,1.150391478696741,3.7929406850459473,1.155388471177945,1.1102756892230576,0.0,6870.6566416040105,142.80200501253134,0.0,3.0852130325814535,0.0,17.24310776942356,365.9624060150376,25.86466165413534,454.10025062656644,8.62155388471178,0.0,0.0,84.77443609022556
156,0.12414152218652862,0.12236131418389845,0.02866315301165562,0.02620862785131019,0.8985188676923254,0.8980065630890018,197.0,197.0,9.408629441624365,9.164636209813875,3.5404399323181033,1.7841793570219961,6.7211240310077525,7.692857142857143,7.229870729455217,1.0,1.0,226.471,262.24240000000003,76.87249999999992,151.25549999999993,-350.40149999999994,-389.0130999999999,-28097.9025,-26024.263100000026,-15.969963620981384,-12.975426014006535,9.286632825719124,-0.01361394621990631,0.0,0.916243654822335,1.0,31.058375634517766,34.621827411167516,1.0,1.0,1.5,1.2403893401015236,2.6623096446700507,1.0253807106598984,1.3274111675126903,0.0,6692.568527918782,108.22842639593908,0.0,4.99238578680203,0.0,18.3248730964467,397.4593908629442,27.487309644670052,491.48730964467006,9.16243654822335,0.0,0.0,51.51015228426396
157,0.12546033083072608,0.12480119065135238,0.02905108995438629,0.026568472301783018,0.8995483418582461,0.89894000322176,198.0,189.0,10.171212121212116,5.768606701940038,2.2914983164983176,0.0,8.344206773618538,5.768606701940035,7.049556737588652,1.0,1.0,244.16360000000003,245.5652,169.594,286.6004999999999,-425.43039999999996,-541.0352999999999,-28523.3329,-26565.298400000025,-12.530534022394486,-12.809348683343831,8.021102497846679,-0.05969744898522634,0.0,0.9715762273901809,1.0,33.144702842377264,36.7906976744186,1.0,1.0,1.4883720930232558,1.2654490956072348,1.172394487510767,1.1472868217054264,0.8733850129198967,0.0,6955.312661498708,52.86304909560724,0.0,9.602067183462532,0.0,19.43152454780362,410.92248062015506,29.147286821705425,496.25581395348837,9.71576227390181,0.0,0.0,17.48062015503876
158,0.1268222464206998,0.1261834283398433,0.029588022596581158,0.027115907079091305,0.900520274853921,0.9000034354499037,186.0,201.0,9.886200716845881,9.377529021558871,2.5953405017921134,2.1570480928689886,7.840462427745665,7.7197695035460985,7.777608494921515,1.0,1.0,232.91840000000002,247.43760000000003,131.21149999999994,143.91049999999996,-398.2930999999999,-396.4728999999999,-28921.626,-26961.771300000026,-14.853633074935404,-12.927467108606796,9.62200689061154,-0.003336749546262213,0.0,0.9328165374677002,1.0,33.07493540051679,36.83204134366925,1.0,1.0,1.5193798449612403,1.2412299741602062,2.3677002583979334,1.178294573643411,0.9767441860465116,0.0,7089.485788113695,100.74418604651163,0.0,5.2661498708010335,0.0,18.656330749354005,435.25839793281654,27.984496124031008,489.5968992248062,9.328165374677003,0.0,0.0,41.31782945736434
159,0.12862544106214122,0.12661001270634276,0.02990282097787139,0.027462489519424566,0.9015001702999947,0.900948648985854,161.0,199.0,6.483436853002073,10.206783919597989,0.15393374741200827,4.411557788944723,6.330952380952381,7.207812499999999,6.768016614745587,1.0,1.0,222.4214,207.0442,253.31649999999993,81.54499999999993,-530.8951,-374.5007999999999,-29452.5211,-27336.272100000027,-15.724864814814827,-13.01568001676617,8.54162037037037,-0.05940806995499983,0.0,0.8916666666666667,1.0,35.50555555555555,39.391666666666666,1.0,1.0,1.5527777777777778,1.1929600000000007,2.5074537037037032,1.0027777777777778,0.8777777777777778,0.0,6948.377777777778,83.82222222222222,0.0,7.9944444444444445,0.0,17.833333333333332,362.05,26.75,471.2361111111111,8.916666666666666,0.0,0.0,66.625
160,0.12924204878602694,0.12876206391316797,0.030565830750731778,0.028064371607545147,0.9024820587484819,0.9019703690793743,204.0,204.0,9.545915032679735,7.260049019607841,7.174754901960786,0.33488562091503266,4.525700934579439,6.925163398692811,6.0996248660235795,1.0,1.0,140.7022,281.1518,0.0,231.86449999999988,-359.2978,-450.7126999999999,-29811.818900000002,-27786.984800000027,-20.781557189542465,-13.02389526220105,8.40298202614379,-0.02084029643907128,0.0,0.7622549019607843,1.0,33.26470588235294,37.10539215686274,1.0,1.0,1.5,1.033955882352941,3.754820261437909,0.7156862745098039,0.9411764705882353,0.0,6909.573529411765,79.07598039215686,0.0,6.325980392156863,0.0,15.245098039215685,278.8897058823529,22.86764705882353,409.9166666666667,7.622549019607843,0.0,0.0,146.21323529411765
161,0.13114957446002415,0.12979493630578956,0.030874119278989014,0.028345325826394784,0.903372362495772,0.9029161720527118,190.0,225.0,6.91114035087719,9.385555555555557,0.31114035087719294,2.3548888888888895,6.601315789473685,7.392056074766355,7.020173267326734,1.0,1.0,244.53680000000003,287.75260000000003,265.6475,141.21249999999995,-521.1107,-353.45989999999995,-30332.929600000003,-28140.44470000003,-12.96604899598393,-12.88512297917863,8.252690763052206,-0.0378302857820334,0.0,0.9734939759036144,1.0,33.70843373493976,37.34457831325301,1.0,1.0,1.5421686746987953,1.2826250602409641,1.419196787148595,0.7686746987951807,1.202409638554217,0.0,6984.575903614458,68.85060240963855,0.0,9.060240963855422,0.0,19.46987951807229,410.00963855421685,29.204819277108435,504.5855421686747,9.734939759036145,0.0,0.0,16.301204819277107
162,0.132317756172789,0.13043487710327553,0.031382120360592826,0.028791423969629654,0.904287009417637,0.9037356970945412,199.0,209.0,9.075209380234504,10.048006379585328,2.601088777219431,5.474720893141947,7.198510242085661,6.329911699779249,6.801060606060607,1.0,1.0,243.9196,203.26680000000002,84.30099999999996,31.553499999999993,-340.3814,-328.2867,-30673.311,-28468.73140000003,-20.292039215686266,-12.977928666379801,9.573529411764705,0.0013105245070298283,0.0,0.8088235294117647,1.0,33.98039215686274,37.88235294117647,1.0,1.0,1.5122549019607843,1.0960450980392165,4.073120915032679,1.1936274509803921,0.9117647058823529,0.0,6945.14705882353,126.81372549019608,0.0,2.9705882352941178,0.0,16.176470588235293,330.02450980392155,24.264705882352942,434.4117647058824,8.088235294117647,0.0,0.0,117.57352941176471
163,0.13342597616564586,0.13194211742506673,0.03191847659366587,0.02930980170022777,0.9051681774488273,0.9046597168113268,210.0,187.0,9.880555555555551,9.581639928698754,4.8066666666666675,1.8080213903743332,6.1972868217054256,8.167228464419477,7.199142857142856,1.0,1.0,228.8398,234.0826,34.82599999999997,186.80399999999997,-305.9862,-452.72139999999996,-30979.2972,-28921.45280000003,-16.694481947942915,-13.001920765122668,9.739756507136862,-0.021526560002827388,0.0,0.8816120906801007,1.0,34.56926952141058,38.5617128463476,1.0,1.0,1.4710327455919396,1.1660513853904284,3.3942065491183873,1.1385390428211586,1.1360201511335013,0.0,6812.64483627204,130.84382871536525,0.0,4.244332493702771,0.0,17.632241813602015,380.7329974811083,26.448362720403022,459.1939546599496,8.816120906801007,0.0,0.0,72.80856423173803
164,0.13517936467307587,0.13303720904255276,0.032535937584781835,0.029883232500896004,0.9060042499594311,0.9055020262974645,212.0,196.0,8.656367924528304,9.285544217687073,1.2682389937106922,3.9139455782312917,7.5672302737520125,6.419715447154472,7.059973045822103,1.0,1.0,272.88079999999997,217.26300000000003,180.6094999999999,43.582499999999975,-407.72869999999995,-326.31949999999995,-31387.0259,-29247.77230000003,-15.324469771241828,-12.886081861869938,8.958619281045753,0.006555009562019196,0.0,0.9093137254901961,1.0,35.470588235294116,39.509803921568626,1.0,1.0,1.4803921568627452,1.2013328431372552,2.5392156862745088,1.0955882352941178,0.7843137254901961,0.0,6860.651960784314,96.58088235294117,0.0,5.088235294117647,0.0,18.186274509803923,385.16421568627453,27.279411764705884,472.9436274509804,9.093137254901961,0.0,0.0,55.77205882352941
165,0.13640756545070526,0.13345781817391533,0.03312008543791794,0.030411144390071435,0.9067886859749206,0.9063896051266686,202.0,209.0,9.436303630363044,10.038755980861247,2.8175742574257434,7.316507177033494,7.267753623188407,5.746969696969697,6.735747938751472,1.0,1.0,237.83320000000003,129.5848,106.60299999999992,2.4220000000000113,-368.7697999999999,-372.83720000000005,-31755.7957,-29620.60950000003,-24.28675912408758,-12.880453839632795,9.742660178426595,-0.012088109792770214,0.0,0.6885644768856448,1.0,34.715328467153284,38.94647201946472,1.0,1.0,1.508515815085158,0.8939610705596108,5.1053527980535325,1.0681265206812651,0.5985401459854015,0.0,6921.909975669099,114.78832116788321,0.0,2.9075425790754257,0.0,13.771289537712896,278.23844282238446,20.656934306569344,350.25790754257906,6.885644768856448,0.0,0.0,191.53284671532847
166,0.13685642966853903,0.13427340498924903,0.033524673501889105,0.030821975319185835,0.9075918153871749,0.9071500961679542,191.0,187.0,9.709598603839442,10.05499108734403,6.292146596858637,4.745632798573978,5.4866946778711485,6.89826388888889,6.2595690747782,1.0,1.0,150.18959999999998,190.9892,3.55149999999999,57.1835,-353.3619,-366.1943,-32109.1576,-29986.80380000003,-23.92297883597883,-12.8971911328683,9.88046737213404,0.005294279293668846,0.0,0.6957671957671958,1.0,37.00529100529101,41.44444444444444,1.0,1.0,1.4947089947089947,0.902589417989418,5.527072310405642,0.5105820105820106,0.8068783068783069,0.0,7116.931216931217,144.52116402116403,0.0,1.8333333333333333,0.0,13.915343915343914,261.2037037037037,20.873015873015873,353.5608465608466,6.957671957671957,0.0,0.0,187.1031746031746
167,0.13771414425880413,0.13501125018320073,0.03412170501910018,0.03142711147449513,0.9084426565402546,0.9079925894512173,232.0,189.0,9.817385057471267,9.97857142857143,5.763649425287358,7.104850088183419,5.773517382413088,5.222435897435897,5.558863920099875,1.0,1.0,208.8434,134.07780000000002,30.169499999999985,0.0,-321.3261,-365.9222,-32430.483699999997,-30352.72600000003,-26.98847347585117,-13.10454081327966,9.889746634996031,-0.028132704931590168,0.0,0.6342042755344418,1.0,35.87648456057007,40.50593824228029,1.0,1.0,1.4489311163895486,0.8145396674584324,6.365756136183691,0.6983372921615202,0.38004750593824227,0.0,6581.446555819477,156.9809976247031,0.0,0.995249406175772,0.0,12.684085510688837,211.4394299287411,19.026128266033254,318.19952494061755,6.342042755344418,0.0,0.0,224.9643705463183
168,0.13879517072210806,0.1362674109402476,0.03468983325853465,0.03191014734110019,0.9092475665587846,0.9087453829431658,194.0,200.0,9.218900343642616,8.980250000000003,1.7554123711340206,2.4703333333333335,7.86911231884058,6.888800705467372,7.372386058981233,1.0,1.0,246.452,241.90200000000002,147.4735,88.46399999999993,-401.0215,-346.5619999999999,-32831.5052,-30699.28800000003,-14.011230118443319,-12.975687049949764,9.097758037225038,-0.05769216791954073,0.0,0.9467005076142132,1.0,37.631979695431475,42.1497461928934,1.0,1.0,1.5076142131979695,1.2394771573604058,2.1183164128595617,0.8883248730964467,1.0355329949238579,0.0,6947.218274111675,94.31979695431473,0.0,5.893401015228426,0.0,18.934010152284262,418.7664974619289,28.401015228426395,486.79695431472084,9.467005076142131,0.0,0.0,32.77918781725889
169,0.13933344951661403,0.13709984445366802,0.03525364603870581,0.03244024184716311,0.9101078649170559,0.9095148446653379,207.0,213.0,10.033494363929147,9.993974960876372,7.386392914653783,2.6719874804381845,5.2697115384615385,8.082297063903281,7.097418630751965,1.0,1.0,134.2002,262.7554,0.24050000000001148,164.32649999999995,-366.0403,-401.57109999999994,-33197.5455,-31100.85910000003,-23.98133333333335,-13.113405472753566,10.01345238095238,0.005130753768073668,0.0,0.7071428571428572,1.0,36.195238095238096,40.67857142857143,1.0,1.0,1.5071428571428571,0.9451323809523813,4.995515873015871,0.4238095238095238,1.2261904761904763,0.0,6833.045238095238,119.62380952380953,0.0,2.4833333333333334,0.0,14.142857142857142,301.0761904761905,21.214285714285715,373.2452380952381,7.071428571428571,0.0,0.0,180.10714285714286
170,0.1416808187728303,0.13808232924794492,0.03595472943584792,0.03308790574339304,0.9108765520902454,0.9102956650041543,205.0,206.0,6.513902439024391,9.54441747572815,0.3307317073170731,4.554368932038837,6.184552845528455,6.267987804878049,6.22163504968383,1.0,1.0,277.7552,214.191,267.11299999999994,51.99100000000001,-489.35779999999994,-337.79999999999995,-33686.9033,-31438.65910000003,-15.639337388483362,-12.912417626431685,8.032846715328464,-0.05757760639403164,0.0,0.8978102189781022,1.0,35.435523114355234,39.72749391727494,1.0,1.0,1.5012165450121655,1.1969493917274945,2.447688564476887,1.094890510948905,1.24330900243309,0.0,6919.133819951338,84.01459854014598,0.0,7.781021897810219,0.0,17.956204379562045,335.1094890510949,26.934306569343065,472.36739659367396,8.978102189781023,0.0,0.0,62.846715328467155
171,0.1426706448707379,0.13997576809622225,0.03657661407004962,0.03366936876967526,0.9115889280338495,0.9111438172099957,222.0,208.0,9.743168168168172,7.941666666666664,3.784984984984983,1.434134615384615,6.818127147766324,6.767833333333333,6.792597292724197,1.0,1.0,254.904,264.0082,62.714499999999944,127.5135,-307.81049999999993,-363.50530000000003,-33994.7138,-31802.16440000003,-14.965410077519373,-12.988928074684363,8.871744186046513,-0.048131030622246294,0.0,0.9162790697674419,1.0,37.21395348837209,41.593023255813954,1.0,1.0,1.4837209302325582,1.2067725581395354,2.6478294573643413,0.9953488372093023,0.8441860465116279,0.0,6937.776744186047,107.38139534883722,0.0,5.3023255813953485,0.0,18.325581395348838,373.43488372093026,27.488372093023255,474.70232558139537,9.162790697674419,0.0,0.0,51.48837209302326
172,0.14362631485207106,0.14049108312134972,0.03726761615575429,0.03432296551733859,0.9123077655729533,0.9119614432859801,195.0,212.0,9.431965811965814,10.156446540880502,3.2118803418803425,6.857311320754717,6.853389830508474,5.930508474576271,6.484237288135593,1.0,1.0,233.776,148.84500000000003,64.51749999999996,11.841999999999992,-330.7415,-362.99699999999996,-34325.455299999994,-32165.16140000003,-22.71013349713349,-12.887331916240482,9.809336609336606,-0.012298534760294855,0.0,0.7248157248157249,1.0,37.09090909090909,41.73710073710074,1.0,1.0,1.520884520884521,0.9401007371007369,5.110728910728912,1.1031941031941033,0.6855036855036855,0.0,7015.972972972973,137.40540540540542,0.0,1.7518427518427517,0.0,14.496314496314497,281.9164619164619,21.744471744471745,368.23832923832924,7.2481572481572485,0.0,0.0,169.23832923832924
173,0.14442916291031596,0.14152405989175848,0.03790848006737357,0.03494645619294185,0.9130606021550371,0.9126535803635069,223.0,200.0,9.555156950672643,9.11508333333333,6.378998505231689,2.403750000000002,5.366540404040404,7.217831541218637,6.44937106918239,1.0,1.0,174.89040000000003,248.0072,4.27999999999998,130.34749999999994,-329.3896,-382.34029999999996,-34654.8449,-32547.50170000003,-21.053605988967707,-12.890317229878082,9.347084318360913,-0.01961662420285154,0.0,0.75177304964539,1.0,38.319148936170215,43.111111111111114,1.0,1.0,1.4728132387706856,0.9997579196217493,4.499448384554768,0.6903073286052009,1.0543735224586288,0.0,6765.777777777777,117.30732860520095,0.0,3.3617021276595747,0.0,15.035460992907801,290.8581560283688,22.5531914893617,394.290780141844,7.5177304964539005,0.0,0.0,152.6595744680851
174,0.14575611485970066,0.14183326278010003,0.03848580572317165,0.03554669069484162,0.9138370576917424,0.9133580794756475,225.0,219.0,9.376592592592592,10.15547945205479,4.2262962962962956,7.685616438356162,6.099035087719298,5.576288659793814,5.922357723577236,1.0,1.0,248.42239999999998,132.4688,25.982499999999966,7.235500000000009,-277.5601,-374.7667,-34932.405,-32922.26840000003,-26.01116216216216,-13.200592940252971,9.760773273273275,-0.02694619714358654,0.0,0.6463963963963963,1.0,37.52252252252252,42.335585585585584,1.0,1.0,1.4932432432432432,0.8578630630630631,5.932582582582587,0.9121621621621622,0.4617117117117117,0.0,6755.54954954955,138.48873873873873,0.0,1.364864864864865,0.0,12.927927927927929,229.69144144144144,19.39189189189189,338.1216216216216,6.463963963963964,0.0,0.0,217.46621621621622
175,0.1473573823987841,0.14281846779768295,0.03921021945838748,0.036202938286610295,0.9145638062296796,0.9141070198112601,212.0,224.0,7.343317610062892,9.073660714285717,0.2784591194968554,5.48110119047619,7.0648584905660385,5.191827956989248,6.2737965485921885,1.0,1.0,288.519,197.1124,269.59349999999995,3.8095,-481.07449999999994,-306.69710000000003,-35413.4795,-33228.96550000003,-18.053798929663614,-13.07542856581491,8.232301223241592,-0.06948015933258397,0.0,0.841743119266055,1.0,37.428899082568805,42.419724770642205,1.0,1.0,1.5137614678899083,1.113833486238532,2.9513761467889905,0.9403669724770642,0.5160550458715596,0.0,6874.704128440367,79.7545871559633,0.0,6.860091743119266,0.0,16.834862385321102,316.85550458715596,25.25229357798165,438.67201834862385,8.417431192660551,0.0,0.0,97.32798165137615
176,0.14843858637283996,0.14435317661984717,0.03990639480344789,0.03680149757763539,0.9152913972166702,0.9148468399429646,228.0,221.0,9.406505847953218,7.532730015082955,5.799049707602341,0.35030165912518857,5.447019867549669,7.2150757575757565,6.495462713387242,1.0,1.0,196.5464,298.289,0.6959999999999908,253.35,-304.14959999999996,-455.06100000000004,-35717.6291,-33684.02650000003,-18.909522642910172,-13.160825146327713,8.484224201930218,-0.04848439060277586,0.0,0.8262806236080178,1.0,39.52783964365256,44.57015590200445,1.0,1.0,1.4922048997772828,1.1020832962138087,3.1171492204899787,0.6547884187082406,1.1247216035634744,0.0,7025.064587973274,80.19153674832963,0.0,6.5456570155902005,0.0,16.525612472160358,322.0244988864143,24.788418708240535,434.97995545657017,8.262806236080179,0.0,0.0,106.83741648106904
177,0.1509220832833145,0.14531715957765376,0.04041817748897842,0.03723507809698248,0.9159266184074525,0.9155498692221747,212.0,216.0,6.680110062893076,9.855324074074067,0.08238993710691823,3.089737654320987,6.598820754716982,7.532817869415807,7.045114942528737,1.0,1.0,278.909,261.89779999999996,281.1955,108.03999999999999,-502.2865,-346.1422,-36219.9156,-34030.16870000003,-13.72433489096573,-13.02143033015069,8.282554517133955,-0.03064153051555888,0.0,0.9485981308411215,1.0,39.705607476635514,44.69626168224299,1.0,1.0,1.5046728971962617,1.2635672897196257,1.6001168224299058,0.9649532710280374,0.9976635514018691,0.0,7041.22429906542,64.39485981308411,0.0,9.186915887850468,0.0,18.97196261682243,400.946261682243,28.457943925233646,498.5514018691589,9.485981308411215,0.0,0.0,31.61214953271028
178,0.15163147031966306,0.1455623068864705,0.04079054251145451,0.03765952304577976,0.9166019372980637,0.916278549837087,212.0,207.0,10.57633647798742,9.844202898550725,4.612106918238993,7.6968599033816405,7.308766859344893,5.051136363636363,6.547573435504469,1.0,1.0,233.887,112.703,65.06049999999995,2.7619999999999933,-331.17349999999993,-390.059,-36551.0891,-34420.22770000003,-26.445226730310292,-13.138990085639607,10.214638027048526,-0.015228863328938047,0.0,0.6229116945107399,1.0,40.23150357995227,45.60143198090692,1.0,1.0,1.494033412887828,0.827183770883055,6.136077963404932,0.9594272076372315,0.40572792362768495,0.0,6982.019093078759,136.25536992840097,0.0,1.0238663484486874,0.0,12.458233890214798,244.71360381861575,18.687350835322196,326.109785202864,6.229116945107399,0.0,0.0,231.909307875895
179,0.15249860569321272,0.14632719515577716,0.04145491209447636,0.03823137017277859,0.9172640097534165,0.9169168444692654,227.0,207.0,9.699265785609393,9.77262479871176,7.061820851688698,3.8243961352656997,4.751587301587302,6.917977528089888,6.020065789473684,1.0,1.0,158.2092,235.51420000000002,0.0,58.287500000000016,-341.7908,-322.7733,-36892.8799,-34743.00100000003,-23.654340245775742,-12.931347429193458,9.734254992319503,-0.014710395877608938,0.0,0.7004608294930875,1.0,39.13133640552996,44.56221198156682,1.0,1.0,1.476958525345622,0.907196774193548,5.517703533026113,0.5806451612903226,0.7788018433179723,0.0,6913.297235023041,146.84562211981566,0.0,1.3317972350230414,0.0,14.009216589861751,252.99308755760367,21.013824884792626,355.2165898617512,7.0046082949308754,0.0,0.0,184.21658986175115
180,0.15374224781559645,0.14756151657392452,0.04207192160918528,0.03884277482348281,0.9179018168188359,0.9175968620549381,228.0,232.0,9.278801169590642,8.899856321839083,3.0359649122807006,3.518462643678162,6.843749999999999,6.212935323383085,6.533740831295844,1.0,1.0,270.3676,257.26959999999997,77.52699999999996,42.284499999999966,-307.1594,-285.0149,-37200.0393,-35028.015900000035,-16.609201449275375,-12.770520681084657,9.087681159420281,-0.005657605425121934,0.0,0.8891304347826087,1.0,38.90869565217391,44.106521739130436,1.0,1.0,1.5043478260869565,1.1470373913043486,3.279311594202897,1.1,0.6847826086956522,0.0,7078.884782608696,128.57391304347826,0.0,3.369565217391304,0.0,17.782608695652176,348.50217391304346,26.67391304347826,448.6478260869565,8.891304347826088,0.0,0.0,68.18478260869566
181,0.15458469696486934,0.14824445004612136,0.042652002234150416,0.03939132557696229,0.9185076210143395,0.9182805957383924,239.0,218.0,9.720641562064158,9.398700305810399,5.848744769874475,4.573853211009176,5.67719836400818,6.152631578947369,5.920608782435129,1.0,1.0,219.774,224.47640000000004,6.5154999999999745,19.69299999999999,-286.7415,-295.21659999999997,-37486.78079999999,-35323.232500000035,-23.19766447848286,-13.084656599867634,9.567067833698031,-0.024470097505811722,0.0,0.7308533916849015,1.0,39.45295404814004,45.10065645514223,1.0,1.0,1.4770240700218817,0.9721015317286652,5.240590809628007,0.9168490153172867,0.7724288840262582,0.0,7006.63238512035,148.91028446389495,0.0,1.7352297592997812,0.0,14.61706783369803,259.5886214442013,21.925601750547045,383.3894967177243,7.308533916849015,0.0,0.0,165.52516411378556
182,0.15551236744216335,0.14942952452975616,0.043300480025655626,0.04008623058244698,0.9191682581234747,0.9188767126987246,205.0,247.0,9.403333333333336,9.39844804318489,3.854146341463416,5.790620782726049,6.613856589147287,5.3700803212851405,6.0030078895463514,1.0,1.0,224.1936,221.18160000000003,31.70949999999992,4.60949999999999,-307.51589999999993,-283.42789999999997,-37794.29669999999,-35606.66040000004,-22.471651917404145,-13.169354675534473,9.400663716814153,-0.04541606147537992,0.0,0.7477876106194691,1.0,40.85840707964602,46.50221238938053,1.0,1.0,1.5464601769911503,0.9853433628318583,4.912352507374631,0.8606194690265486,0.7787610619469026,0.0,6913.619469026548,139.63053097345133,0.0,1.575221238938053,0.0,14.955752212389381,269.2986725663717,22.43362831858407,387.64159292035396,7.477876106194691,0.0,0.0,155.11061946902655
183,0.15691451399593587,0.15017806618693041,0.04399446041058775,0.04071066574082274,0.9197483479860694,0.919509436154208,255.0,197.0,9.001111111111122,10.006260575296109,4.264771241830062,4.903468697123521,5.892926829268292,6.6572847682119205,6.217134831460674,1.0,1.0,265.9754,198.78180000000003,37.38699999999993,43.35149999999995,-271.41159999999996,-344.5696999999999,-38065.70829999999,-35951.23010000004,-20.30612684365782,-12.685293101151862,9.439196165191737,0.00425946738912332,0.0,0.7876106194690266,1.0,39.5353982300885,44.93805309734513,1.0,1.0,1.4358407079646018,1.0282238938053099,4.543141592920353,1.0199115044247788,0.9424778761061947,0.0,7106.922566371682,141.96902654867256,0.0,2.2610619469026547,0.0,15.752212389380531,293.7632743362832,23.628318584070797,403.4800884955752,7.876106194690266,0.0,0.0,130.61946902654867
184,0.1574257287662743,0.15057716411706312,0.0447778621825043,0.04139227709043348,0.9203910085133129,0.9201364574862707,216.0,221.0,9.76026234567901,10.1711161387632,5.272222222222221,7.556485671191553,6.256021505376345,5.557051282051281,5.975353925353925,1.0,1.0,201.922,131.1794,31.613999999999983,5.4210000000000065,-329.69199999999995,-374.2416,-38395.400299999994,-36325.47170000004,-27.683511060259363,-12.826653704667233,9.968039664378335,-0.006112017859995625,0.0,0.5926773455377574,1.0,41.58352402745995,47.649885583524025,1.0,1.0,1.505720823798627,0.7622457665903889,6.4274218154080875,0.8260869565217391,0.6475972540045767,0.0,7041.913043478261,135.14187643020594,0.0,1.0434782608695652,0.0,11.85354691075515,212.4370709382151,17.780320366132724,297.8878718535469,5.926773455377575,0.0,0.0,250.50343249427917
185,0.15876041690471543,0.15298412240755777,0.0456571746772738,0.042251792296379306,0.9210053296880129,0.9207991682829848,216.0,216.0,9.606404320987652,7.1238425925925934,3.473611111111111,0.2792438271604938,6.828264604810997,6.844598765432099,6.836869918699186,1.0,1.0,252.94320000000002,283.1296,66.84049999999996,232.12949999999992,-313.8973,-448.9998999999999,-38709.29759999999,-36774.47160000004,-13.753626543209865,-13.115570991562105,8.365123456790121,-0.08580678594838716,0.0,0.9490740740740741,1.0,42.604166666666664,48.592592592592595,1.0,1.0,1.5,1.240909259259259,1.8764274691358025,0.7523148148148148,0.8333333333333334,0.0,6977.375,81.26620370370371,0.0,7.8217592592592595,0.0,18.98148148148148,389.32175925925924,28.47222222222222,487.1388888888889,9.49074074074074,0.0,0.0,31.319444444444443
186,0.16013914192101592,0.15445265613492082,0.04633618436636317,0.04295958552985638,0.9216351687583915,0.9214461620922727,217.0,201.0,9.133256528417823,8.775704809286893,3.7062980030721975,1.8040630182421225,6.506353591160221,7.415608465608465,6.970810810810811,1.0,1.0,235.3508,240.68640000000002,47.397999999999946,154.7019999999999,-312.0472,-414.01559999999984,-39021.34479999999,-37188.48720000004,-16.336645933014342,-12.885685569828107,8.961323763955347,-0.03743041434459482,0.0,0.8851674641148325,1.0,43.40909090909091,49.3755980861244,1.0,1.0,1.4808612440191387,1.1388449760765547,2.7915869218500813,0.8157894736842105,0.8779904306220095,0.0,6747.3421052631575,96.87320574162679,0.0,5.648325358851674,0.0,17.70334928229665,370.1842105263158,26.555023923444978,445.08133971291863,8.851674641148325,0.0,0.0,70.622009569378
187,0.16133731764584888,0.15478949444053827,0.04706798498487466,0.04361872933317886,0.9222420168543186,0.9220909155371986,234.0,223.0,9.200213675213675,9.761733931240652,3.867450142450143,6.028849028400601,6.270686767169179,5.550444444444444,5.961127029608406,1.0,1.0,255.2216,193.8046,59.380999999999965,6.958999999999996,-304.15939999999995,-313.1544,-39325.50419999999,-37501.64160000004,-21.640204959883288,-13.04087101957932,9.474215900802344,-0.04688054290248345,0.0,0.7636761487964989,1.0,41.72210065645514,47.61925601750547,1.0,1.0,1.487964989059081,0.9825518599562366,4.922137126185264,0.8096280087527352,0.5601750547045952,0.0,6942.673960612691,149.9890590809628,0.0,2.1684901531728666,0.0,15.273522975929978,273.12472647702407,22.910284463894968,384.0218818380744,7.636761487964989,0.0,0.0,145.33916849015318
188,0.1620850810143877,0.15561454048334786,0.047669103547407145,0.04420938481750746,0.9228202471188783,0.9227031142025852,212.0,236.0,8.990172955974847,9.909675141242943,4.254638364779873,6.836087570621472,5.870955165692008,5.373086419753086,5.651307189542484,1.0,1.0,222.7396,171.1492,28.950999999999965,15.563999999999993,-306.21139999999997,-344.4148,-39631.71559999999,-37846.05640000004,-23.969476190476176,-12.859363937782579,9.474553571428569,-0.021662423747074878,0.0,0.6830357142857143,1.0,43.578125,49.950892857142854,1.0,1.0,1.5267857142857142,0.8792160714285718,5.61450892857143,0.7075892857142857,0.5580357142857143,0.0,6608.064732142857,141.9375,0.0,1.7566964285714286,0.0,13.660714285714286,231.60267857142858,20.491071428571427,343.67857142857144,6.830357142857143,0.0,0.0,194.93303571428572
189,0.16283217919613457,0.15685534481719635,0.04859804907418961,0.045124929645047704,0.9234190791765472,0.9232451839554479,217.0,226.0,9.464592933947777,9.312536873156342,5.99700460829493,4.623746312684367,5.657894736842105,5.95318352059925,5.826902465166131,1.0,1.0,170.80040000000002,228.311,9.977999999999994,14.804500000000004,-339.1776,-286.4935,-39970.89319999999,-38132.549900000035,-23.79399021820921,-13.076583479333618,9.38702031602709,-0.017794784897816548,0.0,0.7020316027088036,1.0,44.14221218961625,50.864559819413095,1.0,1.0,1.510158013544018,0.9009286681715575,5.2964258841233995,0.5169300225733634,0.7268623024830699,0.0,7041.0609480812645,134.53498871331828,0.0,1.6252821670428894,0.0,14.040632054176072,245.43566591422123,21.060948081264108,351.85778781038374,7.020316027088036,0.0,0.0,183.25056433408577
190,0.16394975847546672,0.157821917286848,0.04948441408912916,0.04600254081277066,0.9240022602761959,0.923843321870796,228.0,242.0,9.363011695906433,10.051997245179063,4.874707602339183,3.5836776859504127,5.985867446393762,7.384433962264151,6.760008703220191,1.0,1.0,223.86200000000002,287.20060000000007,26.72199999999998,102.2345,-302.85999999999996,-315.0338999999999,-40273.75319999999,-38447.58380000004,-19.880092907801455,-12.959968138997612,9.717765957446803,0.044147317495458034,0.0,0.8148936170212766,1.0,43.06595744680851,49.246808510638296,1.0,1.0,1.5148936170212766,1.0873672340425535,4.209964539007093,0.7531914893617021,1.195744680851064,0.0,6914.065957446808,138.75744680851065,0.0,2.1659574468085108,0.0,16.29787234042553,330.468085106383,24.4468085106383,429.21276595744683,8.148936170212766,0.0,0.0,113.84042553191489
191,0.16632389722566218,0.15888555917150785,0.05019978002407096,0.046581069494364004,0.9245700223955203,0.9244509602393765,242.0,215.0,5.315013774104683,9.518992248062013,0.26191460055096416,6.0967441860465135,5.053512396694215,5.662179487179487,5.266218637992831,1.0,1.0,314.16099999999994,170.93920000000003,291.41299999999984,2.4984999999999644,-477.2519999999999,-331.55929999999995,-40751.00519999999,-38779.14310000004,-18.05592195477752,-13.034088973197937,7.292815463165581,-0.11663782108681611,0.0,0.8140043763676149,1.0,44.13347921225383,50.65645514223195,1.0,1.0,1.4704595185995624,1.0614884026258204,3.0069657184536847,0.6455142231947484,0.4682713347921225,0.0,6553.442013129103,66.03063457330416,0.0,7.914660831509847,0.0,16.280087527352297,257.15098468271333,24.420131291028447,416.40919037199126,8.140043763676148,0.0,0.0,114.38730853391685
192,0.1672686163465887,0.16022064941213737,0.05105967990996641,0.0474016923091962,0.9250715720481487,0.9249905005656247,229.0,235.0,9.426055312954874,9.445390070921993,5.944687045123722,2.420709219858155,5.248793859649123,7.503636363636364,6.582302867383512,1.0,1.0,198.3234,294.99060000000003,7.808000000000007,131.92049999999998,-309.4846,-336.9299,-41060.489799999996,-39116.07300000004,-20.176459770114956,-13.186563318621635,9.435847701149415,-0.03447050314154706,0.0,0.8017241379310345,1.0,43.69827586206897,50.21120689655172,1.0,1.0,1.5064655172413792,1.0631767241379315,4.159913793103448,0.5625,0.9547413793103449,0.0,7074.0323275862065,127.65517241379311,0.0,2.834051724137931,0.0,16.03448275862069,316.5560344827586,24.051724137931036,418.9719827586207,8.017241379310345,0.0,0.0,121.9396551724138
193,0.16797422179556395,0.1614633855536531,0.051745964480228515,0.04795228673499876,0.9256331651768227,0.9255107192766207,233.0,232.0,9.622603719599427,8.987284482758618,6.739413447782549,1.7366379310344826,4.939583333333333,7.509598214285714,6.538703703703703,1.0,1.0,181.7816,286.8978,5.942999999999991,154.05049999999994,-324.16139999999996,-367.1526999999999,-41384.65119999999,-39483.22570000004,-20.779356989247315,-12.923815848615769,9.305627240143373,-0.028511316578082535,0.0,0.7741935483870968,1.0,44.74193548387097,51.32043010752688,1.0,1.0,1.4989247311827958,1.007912688172043,4.24340501792115,0.6967741935483871,0.9698924731182795,0.0,7049.655913978495,115.73333333333333,0.0,3.3118279569892475,0.0,15.483870967741936,303.73333333333335,23.225806451612904,395.23440860215055,7.741935483870968,0.0,0.0,138.8709677419355
194,0.168841406227256,0.16204096193017428,0.05260988376289309,0.04878732011201641,0.9261664524413215,0.9260805844879627,249.0,216.0,9.469879518072288,9.935262345679009,4.578380187416329,5.890123456790123,6.060530679933665,6.0280459770114945,6.046917148362235,1.0,1.0,270.87840000000006,189.82940000000002,41.13249999999999,18.59899999999999,-270.25409999999994,-328.76959999999997,-41654.90529999999,-39811.99530000004,-22.200827956989244,-13.00629047730275,9.686057347670252,-0.01568679394759302,0.0,0.7440860215053764,1.0,44.06666666666667,50.784946236559136,1.0,1.0,1.4645161290322581,0.9907694623655915,5.187706093189964,0.9698924731182795,0.6580645161290323,0.0,7015.055913978495,153.8752688172043,0.0,1.2365591397849462,0.0,14.881720430107526,269.9010752688172,22.322580645161292,390.8709677419355,7.440860215053763,0.0,0.0,157.38709677419354
195,0.1698828496612401,0.1629205243668335,0.05358024680858021,0.04968437180585964,0.9266806396435563,0.9266363060757895,227.0,213.0,9.388179148311306,9.151251956181532,3.255506607929517,3.1783255086071995,6.925953565505804,6.591882556131261,6.76230964467005,1.0,1.0,269.04679999999996,253.45440000000002,75.22450000000003,54.56299999999995,-306.1777000000001,-301.1085999999999,-41961.08299999999,-40113.10390000004,-15.945348484848497,-13.031297999868023,9.273484848484843,-0.043053369838835544,0.0,0.8954545454545455,1.0,45.925,52.55909090909091,1.0,1.0,1.4840909090909091,1.1875027272727277,3.218143939393942,0.8636363636363636,1.1181818181818182,0.0,7139.227272727273,128.7931818181818,0.0,3.590909090909091,0.0,17.90909090909091,363.32045454545454,26.863636363636363,467.9795454545455,8.954545454545455,0.0,0.0,64.29545454545455
196,0.17148969866322541,0.16393140145458532,0.05446422240261636,0.05043192210227251,0.9272204644705091,0.927139299520532,221.0,238.0,8.685294117647063,9.887605042016808,1.040573152337858,3.9894957983193273,7.749923547400611,6.720334928229665,7.245979703356753,1.0,1.0,280.391,281.04,222.70449999999994,50.57299999999999,-442.3134999999999,-269.53299999999996,-42403.39649999999,-40382.63690000004,-14.821188816267258,-13.018458524522826,9.30871459694989,-0.0008245617644203659,0.0,0.9302832244008714,1.0,47.41394335511983,54.328976034858385,1.0,1.0,1.5185185185185186,1.2231612200435735,2.5696441539578787,0.869281045751634,0.954248366013072,0.0,6885.226579520697,111.30283224400871,0.0,5.403050108932462,0.0,18.60566448801743,404.3442265795207,27.908496732026144,480.91938997821353,9.302832244008714,0.0,0.0,42.87581699346405
197,0.1724908587506149,0.16466920603966867,0.055421996335891725,0.05127782917624008,0.9277078680539423,0.92766374401396,269.0,225.0,8.956505576208183,9.97044444444444,3.946592317224287,6.221851851851854,5.991851851851852,5.73764172335601,5.891397849462365,1.0,1.0,286.63960000000003,194.05980000000002,38.37250000000001,4.272999999999975,-251.73289999999997,-310.2132,-42655.12939999999,-40692.85010000004,-21.506460863697697,-12.897514407081886,9.418319838056677,-0.05158220069566088,0.0,0.7530364372469636,1.0,45.53846153846154,52.087044534412954,1.0,1.0,1.4554655870445343,0.973075708502024,4.982894736842103,0.6437246963562753,0.6336032388663968,0.0,6876.253036437247,147.09109311740892,0.0,2.119433198380567,0.0,15.06072874493927,266.1255060728745,22.591093117408906,380.7611336032389,7.530364372469635,0.0,0.0,151.8825910931174
198,0.17386300600681884,0.16587809961005137,0.05632615390823436,0.052033625323382716,0.9281965710625036,0.928172731382902,241.0,242.0,8.79080221300138,9.08023415977961,3.1453665283540824,3.477548209366389,6.299768518518518,6.518509615384616,6.407075471698113,1.0,1.0,277.53560000000004,281.3752,52.92000000000001,37.82649999999993,-275.38439999999997,-256.45129999999995,-42930.51379999999,-40949.30140000004,-16.776267770876462,-13.161773308645499,8.935817805383028,-0.04506651490888833,0.0,0.8778467908902692,1.0,45.69979296066253,52.20496894409938,1.0,1.0,1.5010351966873705,1.1571652173913045,3.3118012422360237,0.7246376811594203,0.8033126293995859,0.0,6840.144927536232,123.58385093167702,0.0,2.9565217391304346,0.0,17.556935817805382,337.44099378881987,26.335403726708076,455.2815734989648,8.778467908902691,0.0,0.0,75.12422360248448
199,0.17464758096631275,0.16689025485479744,0.057786945423739904,0.053259882367761066,0.9286621061383228,0.9286930793824493,234.0,243.0,9.33326210826211,9.09437585733882,3.5783475783475764,4.148765432098766,6.634564860426929,6.070622895622896,6.356109725685786,1.0,1.0,275.68600000000004,257.8306,60.29650000000001,37.144499999999944,-284.6105,-279.31389999999993,-43215.124299999996,-41228.61530000004,-18.48968204053111,-13.183835792604937,9.211565338923826,-0.044469538090893615,0.0,0.8406708595387841,1.0,46.515723270440255,53.524109014675055,1.0,1.0,1.509433962264151,1.118483438155137,3.86893780573026,0.8867924528301887,0.6436058700209644,0.0,6797.666666666667,134.1488469601677,0.0,3.0754716981132075,0.0,16.81341719077568,320.55765199161425,25.22012578616352,441.1551362683438,8.40670859538784,0.0,0.0,97.9874213836478
200,0.1747521290732597,0.16793265301359944,0.059051360916480375,0.05436342465272416,0.9291482705734961,0.9291868783744273,251.0,227.0,9.422443559096939,9.722320117474304,2.32191235059761,4.461527165932452,7.682040229885057,6.785227272727273,7.295179738562092,1.2,1.0,355.20184,238.21060000000003,19.56349999999999,58.012999999999955,-164.36165999999997,-319.8024,-43379.48596,-41548.41770000004,-19.084573919107388,-13.33892768089636,9.564853556485362,0.0009386332257130054,0.0,0.8535564853556485,1.0,48.82008368200837,56.01255230125523,1.0,1.0,1.4748953974895398,1.2414486192468617,3.338005578800557,1.0711297071129706,0.7573221757322176,0.0,6829.395397489539,110.21757322175732,0.0,2.9665271966527196,0.0,17.07112970711297,373.61087866108784,25.606694560669457,450.244769874477,8.535564853556485,0.0,0.0,90.06276150627615
201,0.17505194630899526,0.1691007827219628,0.060198664087681715,0.055364932693758424,0.9296356477138342,0.9296685193040403,248.0,233.0,9.368279569892481,8.552432045779689,4.396975806451613,2.3402718168812595,6.226683501683502,6.670199692780338,6.458594377510041,1.2,1.0,302.71272,282.3756,1.1003999999999792,95.36499999999998,-198.38768,-312.98939999999993,-43577.87364,-41861.40710000004,-18.312125294525295,-13.011880582723757,8.973076923076915,-0.02074126648396926,0.0,0.8627858627858628,1.0,47.82328482328482,54.91060291060291,1.0,1.0,1.4844074844074844,1.2163998336798347,3.400693000693001,0.9459459459459459,0.8627858627858628,0.0,6848.399168399168,119.65488565488566,0.0,3.494802494802495,0.0,17.255717255717254,334.34303534303535,25.883575883575883,444.1621621621622,8.627858627858627,0.0,0.0,84.38669438669439
202,0.17471478337777627,0.1704641067681081,0.06128317061691272,0.05635555304613169,0.93012221137902,0.9301647031476763,219.0,248.0,10.194444444444452,8.800403225806452,6.095129375951293,4.313373655913977,6.414761904761905,5.65160744500846,5.96864490603363,1.2,1.0,213.36632,254.8992,0.0,14.579499999999975,-286.63368,-259.6803,-43864.50732,-42121.08740000004,-23.344218986438257,-13.007363189412471,9.454139900071384,-0.011498583599987896,0.0,0.721627408993576,1.0,49.29550321199144,56.53747323340471,1.0,1.0,1.531049250535332,1.002709892933618,5.148929336188438,0.8029978586723768,0.702355460385439,0.0,6993.9293361884365,137.73661670235546,0.0,1.5931477516059958,0.0,14.432548179871521,258.3126338329765,21.64882226980728,368.9293361884368,7.2162740899357605,0.0,0.0,171.19914346895075
203,0.17488716499975265,0.17087254369737181,0.06216421110516577,0.05723962653610648,0.930581528909753,0.9306434833329486,262.0,239.0,9.760496183206108,9.308995815899578,7.471755725190836,5.461297071129708,5.0005555555555565,5.473809523809524,5.27662037037037,1.2,1.0,181.94832000000002,218.3924,0.0,3.8044999999999973,-318.05168,-285.4121,-44182.558999999994,-42406.49950000004,-29.995839520958068,-13.080888491632567,9.545109780439123,-0.013080711633653014,0.0,0.5748502994011976,1.0,47.808383233532936,55.30538922155689,1.0,1.0,1.4770459081836327,0.799083273453094,6.5126746506986,0.5528942115768463,0.5329341317365269,0.0,7082.245508982036,129.29341317365268,0.0,0.8063872255489022,0.0,11.497005988023952,181.94610778443115,17.24550898203593,294.11976047904193,5.748502994011976,0.0,0.0,261.4670658682635
204,0.17506989060593697,0.1713544327758428,0.06342055108509788,0.058471048113269856,0.9310457705145012,0.9311119982312338,233.0,249.0,9.839914163090125,9.325435073627842,5.260586552217454,6.040428380187417,6.132088122605364,4.842110453648916,5.496501457725948,1.2,1.0,259.51512,224.70080000000002,8.394100000000002,3.2259999999999778,-248.87897999999998,-278.5252,-44431.437979999995,-42685.02470000004,-24.116458644536678,-13.131753493982785,9.574135546334723,-0.020193314336778255,0.0,0.7116182572614108,1.0,49.35477178423236,57.11825726141079,1.0,1.0,1.516597510373444,1.0045973443983414,5.6634508990318135,0.7219917012448133,0.6058091286307054,0.0,7281.875518672199,162.45228215767634,0.0,0.9979253112033195,0.0,14.232365145228215,234.64107883817428,21.348547717842322,365.9066390041494,7.1161825726141075,0.0,0.0,177.35477178423236
205,0.17517642987633336,0.17168313880246852,0.06443415552057113,0.059387155078347346,0.9315026235126083,0.9315695889513528,222.0,234.0,9.484834834834832,9.510683760683754,4.085360360360362,6.645014245014243,6.480990990990992,4.894890510948905,5.8061594202898545,1.2,1.0,279.23936000000003,180.8632,0.0,0.0,-220.76063999999997,-319.1368,-44652.198619999996,-43004.16150000004,-24.02886900584793,-12.970896316942316,9.498099415204683,-0.008402743073884457,0.0,0.706140350877193,1.0,49.68640350877193,57.401315789473685,1.0,1.0,1.513157894736842,1.008996842105263,5.398866959064324,0.8706140350877193,0.6271929824561403,0.0,7051.9890350877195,143.20833333333334,0.0,1.5679824561403508,0.0,14.12280701754386,245.95394736842104,21.18421052631579,363.75,7.06140350877193,0.0,0.0,180.72368421052633
206,0.17577270333634448,0.17220155661586242,0.06538795765652856,0.06022838399114776,0.931946723397043,0.932017234549585,251.0,229.0,9.381075697211156,9.936754002911213,5.006042496679944,6.099927219796213,5.661426116838487,5.633333333333334,5.648904761904762,1.2,1.0,300.3044,210.2822,0.0,17.22649999999998,-199.6956,-306.9443,-44851.894219999995,-43311.10580000004,-23.831100972222227,-13.1978224209283,9.646180555555553,0.021433523177641526,0.0,0.7291666666666666,1.0,50.87708333333333,59.083333333333336,1.0,1.0,1.4770833333333333,1.0637220833333345,5.527916666666665,0.9416666666666667,0.5791666666666667,0.0,6931.21875,165.1125,0.0,1.1916666666666667,0.0,14.583333333333334,247.09583333333333,21.875,386.75416666666666,7.291666666666667,0.0,0.0,166.5625
207,0.1761262295696459,0.17258030883404754,0.06637342522108634,0.061277837009971935,0.9323892138273998,0.9324998605335304,252.0,246.0,9.525264550264549,9.79119241192412,3.6062169312169305,6.690243902439026,6.749849170437406,5.735588972431078,6.368785310734464,1.2,1.0,329.07752,171.99580000000003,3.640999999999991,2.991499999999995,-174.56348,-330.99569999999994,-45026.45769999999,-43642.10150000004,-23.80489170013386,-12.84628186424322,9.656626506024098,0.011198646459639857,0.0,0.7108433734939759,1.0,49.66465863453815,57.46987951807229,1.0,1.0,1.4939759036144578,1.0061713253012046,5.129651941097727,1.1265060240963856,0.5160642570281124,0.0,6646.979919678715,129.94779116465864,0.0,2.1365461847389557,0.0,14.216867469879517,271.6184738955823,21.325301204819276,358.5281124497992,7.108433734939759,0.0,0.0,177.83132530120483
208,0.17643559472594583,0.1730930908979995,0.06741635256472583,0.062283491126031175,0.9328360442751386,0.9329621983507554,236.0,259.0,8.650070621468927,10.082754182754181,3.0965395480225997,8.064671814671813,6.273524720893142,5.279629629629629,5.954058441558442,1.2,1.0,318.5096000000001,134.01299999999998,0.7419999999999831,1.6719999999999828,-182.2323999999999,-367.659,-45208.69009999999,-44009.76050000004,-27.104566329966374,-12.945543668036903,9.399696969696969,-0.013731247338965498,0.0,0.6222222222222222,1.0,49.95959595959596,58.27070707070707,1.0,1.0,1.5232323232323233,0.9141870707070705,5.696026936026937,0.9212121212121213,0.4262626262626263,0.0,6857.254545454545,109.42828282828283,0.0,2.385858585858586,0.0,12.444444444444445,222.220202020202,18.666666666666668,325.9373737373737,6.222222222222222,0.0,0.0,232.33333333333334
209,0.17647342810630476,0.17392711527257554,0.06822931224822382,0.06293356991118208,0.9333261387221468,0.9334045554561732,241.0,231.0,9.945504840940526,9.715295815295818,6.208921161825725,2.972222222222221,5.631666666666666,7.347405660377359,6.609453405017921,1.2,1.0,253.12096000000003,278.4582,0.0,118.36899999999997,-246.87903999999997,-339.9108,-45455.56913999999,-44349.67130000004,-21.097605790960433,-13.052367200606609,9.832838983050841,0.0013972979238721962,0.0,0.788135593220339,1.0,52.152542372881356,60.529661016949156,1.0,1.0,1.4894067796610169,1.1262270338983045,4.624858757062146,0.7733050847457628,0.8283898305084746,0.0,6941.455508474576,147.1949152542373,0.0,2.385593220338983,0.0,15.76271186440678,312.478813559322,23.64406779661017,415.6271186440678,7.88135593220339,0.0,0.0,130.29661016949152
210,0.17674696115541264,0.17433425245184053,0.06940238943289916,0.06407647757508621,0.933758494945107,0.933827108714558,240.0,228.0,9.722569444444444,10.029824561403515,6.270902777777778,6.388523391812867,5.524666666666667,5.849413145539906,5.682591324200914,1.2,1.0,224.68056,189.28520000000003,0.0,18.427999999999976,-275.31944,-329.14279999999997,-45730.88857999999,-44678.81410000004,-28.609974643874647,-13.226353144914029,9.872257834757837,0.01055878483207574,0.0,0.6239316239316239,1.0,51.333333333333336,60.05982905982906,1.0,1.0,1.4871794871794872,0.8845422222222227,6.328205128205125,0.5769230769230769,0.6367521367521367,0.0,6859.194444444444,148.4102564102564,0.0,0.8867521367521367,0.0,12.478632478632479,212.64316239316238,18.71794871794872,322.10897435897436,6.239316239316239,0.0,0.0,231.28205128205127
211,0.1770953226075863,0.1754198962886728,0.07022768941655268,0.06504483639707793,0.9341973167774882,0.934222356951873,231.0,243.0,9.013564213564221,9.42688614540466,4.708658008658009,3.8762002743484243,5.557262569832402,6.614542483660132,6.120409051348999,1.2,1.0,268.56872,270.366,0.0,65.6695,-231.43128000000002,-295.3035,-45962.31985999999,-44974.11760000004,-20.768827566807325,-13.221859850784687,9.225457102672296,-0.011506330854431007,0.0,0.8080168776371308,1.0,51.959915611814345,60.90084388185654,1.0,1.0,1.5126582278481013,1.1369930801687758,4.281891701828411,0.6455696202531646,0.7531645569620253,0.0,7282.276371308017,138.8438818565401,0.0,2.1772151898734178,0.0,16.160337552742615,296.61392405063293,24.240506329113924,416.59915611814347,8.080168776371307,0.0,0.0,118.06962025316456
212,0.17790579655044708,0.17600446609942166,0.07135340928893506,0.06615710827457194,0.9346296923514265,0.9346663329254256,256.0,232.0,8.115625000000001,9.709770114942524,1.2195312499999995,6.500000000000003,7.206802721088436,5.4772058823529415,6.589413823272092,1.2,1.0,370.60064,173.7304,69.99419999999995,0.11249999999999716,-199.39355999999995,-326.3821,-46161.713419999985,-45300.499700000044,-21.068094808743172,-13.067371731525531,8.873497267759564,-0.017118036732783767,0.0,0.7807377049180327,1.0,52.48155737704918,60.96926229508197,1.0,1.0,1.4754098360655739,1.1154324590163927,3.7299180327868853,1.0245901639344261,0.41188524590163933,0.0,6739.891393442623,88.94877049180327,0.0,5.077868852459017,0.0,15.614754098360656,308.61475409836066,23.422131147540984,396.4938524590164,7.807377049180328,0.0,0.0,134.84631147540983
213,0.1780013761177407,0.17740622717145485,0.07263507216136464,0.06735988598270837,0.9350415431035413,0.9350867966061182,242.0,244.0,9.031404958677683,8.378893442622948,4.5836088154270005,0.7171448087431697,5.696560846560846,7.663251366120218,6.804811393379523,1.2,1.0,292.85544,325.8056,0.0,259.7079999999999,-207.14456,-433.9023999999999,-46368.857979999986,-45734.40210000004,-16.869665569272968,-12.99944023075032,8.70380658436214,0.015803486827654107,0.0,0.8909465020576132,1.0,52.00205761316872,60.635802469135804,1.0,1.0,1.5020576131687242,1.2729651028806588,2.642421124828532,0.8662551440329218,0.9958847736625515,0.0,6822.09670781893,91.47736625514403,0.0,6.139917695473251,0.0,17.818930041152264,363.6831275720165,26.728395061728396,470.1934156378601,8.909465020576132,0.0,0.0,67.0679012345679
214,0.1785501171208258,0.17901645959418389,0.07395869744369866,0.06862639527598195,0.9354645304830306,0.9354995411436482,259.0,233.0,9.255469755469758,8.3549356223176,4.279601029601029,1.2629470672389123,6.348522167487685,7.249561403508772,6.825174013921115,1.2,1.0,309.63608,304.8258,0.0,195.64899999999997,-190.36392,-390.82319999999993,-46559.22189999999,-46125.22530000004,-17.70525514905149,-13.171218480173462,8.8289972899729,-0.029860709690577913,0.0,0.8760162601626016,1.0,52.74593495934959,61.386178861788615,1.0,1.0,1.4735772357723578,1.2489062601626004,2.8509823848238502,0.8272357723577236,0.9552845528455285,0.0,7065.743902439024,94.8089430894309,0.0,5.178861788617886,0.0,17.520325203252032,358.6808943089431,26.28048780487805,458.5955284552846,8.760162601626016,0.0,0.0,76.25
215,0.17846565829117747,0.17995091730280197,0.07474230884121134,0.06947922550710607,0.9358900640869903,0.9359162492977813,255.0,248.0,9.457124183006533,8.975537634408607,3.7084313725490197,4.547513440860216,6.544270833333334,5.720746527777778,6.164182692307693,1.2,1.0,342.81176,246.44980000000004,3.0270999999999972,18.242999999999988,-160.21534,-271.79319999999996,-46719.43723999999,-46397.01850000004,-19.485944466534107,-12.825135173530706,9.219681908548704,0.024492601778338542,0.0,0.827037773359841,1.0,52.45924453280318,61.17097415506958,1.0,1.0,1.4930417495029822,1.1714941550695825,4.122133863485755,1.2047713717693838,0.7892644135188867,0.0,7105.049701789264,140.9562624254473,0.0,2.2664015904572565,0.0,16.54075546719682,305.8528827037773,24.81113320079523,423.1709741550696,8.27037773359841,0.0,0.0,106.37176938369781
216,0.17885071062637692,0.18042902558588164,0.07598961542268676,0.07086996865569235,0.9362998272049381,0.9362913122769921,246.0,261.0,9.05623306233062,9.586398467432952,4.9227642276422765,6.48805874840358,5.382804232804232,5.356512141280353,5.371127450980392,1.2,1.0,280.10880000000003,197.67380000000003,0.0,6.677000000000007,-219.89119999999997,-309.0032,-46939.32843999999,-46706.02170000004,-25.377262195923755,-12.896394615591698,9.329158448389212,0.003986314421227447,0.0,0.6706114398422091,1.0,53.234714003944774,61.94477317554241,1.0,1.0,1.514792899408284,0.9423719921104539,5.728566732412887,0.6646942800788954,0.6094674556213018,0.0,6930.940828402367,141.14003944773177,0.0,0.9447731755424064,0.0,13.41222879684418,216.03550295857988,20.118343195266274,339.6568047337278,6.70611439842209,0.0,0.0,202.57396449704143
217,0.17870506938822672,0.18104238237213052,0.07698002878061272,0.07194315522663448,0.9367001238215326,0.936694439583981,226.0,243.0,9.804351032448377,9.539300411522639,4.343436578171094,6.307681755829905,6.394645941278066,5.166337719298246,5.853478260869566,1.2,1.0,288.09184,200.80920000000003,3.489300000000007,0.0,-215.39746000000002,-299.19079999999997,-47154.72589999999,-47005.21250000004,-23.26209893390192,-13.310900743094393,9.667022032693675,-0.018123739234382236,0.0,0.7356076759061834,1.0,56.03837953091684,65.30703624733475,1.0,1.0,1.5181236673773988,1.042432921108742,5.361158493248046,0.7569296375266524,0.6311300639658849,0.0,7203.460554371002,159.0682302771855,0.0,1.2942430703624734,0.0,14.712153518123667,258.35181236673776,22.068230277185503,376.32835820895525,7.356076759061834,0.0,0.0,162.60127931769722
218,0.17906226206129008,0.1819639149598133,0.07765748676652512,0.07269879254760953,0.937093602970889,0.9371003901529842,247.0,264.0,9.035492577597843,9.103219696969694,4.524156545209175,4.916729797979798,5.5714999999999995,5.526166666666667,5.548833333333333,1.2,1.0,298.57808,256.3144,0.0,18.4745,-201.42192,-262.1601,-47356.14781999999,-47267.37260000004,-21.253010306588383,-12.91335075550251,9.070482713633398,-0.014267146422460152,0.0,0.7827788649706457,1.0,54.60469667318982,63.73385518590998,1.0,1.0,1.5166340508806262,1.0858952641878665,4.726973255055449,1.060665362035225,0.6966731898238747,0.0,6903.847358121331,150.02739726027397,0.0,1.2602739726027397,0.0,15.655577299412915,260.6105675146771,23.483365949119374,393.43639921722115,7.8277886497064575,0.0,0.0,133.59099804305285
219,0.17914239351139136,0.1830648177338181,0.0788561980294852,0.07389545735241915,0.937489622327625,0.9375048779926178,238.0,249.0,9.633613445378156,9.471552878179388,4.382492997198877,5.844310575635875,6.281742043551089,5.3128431372549025,5.835365853658536,1.2,1.0,306.02176000000003,219.79740000000004,0.905399999999986,5.9069999999999965,-194.88363999999996,-286.10959999999994,-47551.03145999999,-47553.48220000004,-22.522724024640656,-13.137488465974817,9.550752908966468,-0.013035837315814904,0.0,0.757700205338809,1.0,56.58932238193019,66.37987679671458,1.0,1.0,1.51129363449692,1.0797108008213556,5.12991101984942,0.944558521560575,0.5544147843942505,0.0,7047.911704312115,158.78028747433265,0.0,1.841889117043121,0.0,15.154004106776181,265.2505133470226,22.73100616016427,390.59753593429156,7.577002053388091,0.0,0.0,149.01437371663243
220,0.1793926879871467,0.1837469533772694,0.07983672666660258,0.07487768485960905,0.9378544219568726,0.9378520823207739,260.0,244.0,9.328974358974357,9.399590163934425,4.184294871794869,4.184767759562843,6.252492211838006,6.428282828282828,6.336974110032363,1.2,1.0,330.80848,256.8918,0.0,49.781499999999966,-169.19152000000003,-292.88969999999995,-47720.22297999999,-47846.37190000004,-20.39546600529099,-13.176797129423814,9.363161375661372,0.0014973822745356312,0.0,0.8174603174603174,1.0,55.48412698412698,64.83333333333333,1.0,1.0,1.4841269841269842,1.1660719841269833,4.184523809523808,0.9761904761904762,0.7380952380952381,0.0,6999.5099206349205,138.8095238095238,0.0,2.0813492063492065,0.0,16.349206349206348,310.718253968254,24.523809523809526,423.4265873015873,8.174603174603174,0.0,0.0,112.26190476190476
221,0.1795760769590236,0.18460768941835945,0.08124249989255806,0.07644142140458783,0.9382312631695906,0.9382199903883756,243.0,243.0,9.658847736625518,9.385596707818927,5.343004115226333,6.041632373113854,5.858938547486033,5.3127450980392155,5.60722891566265,1.2,1.0,264.23792000000003,200.29000000000002,6.485099999999996,7.545999999999985,-242.24717999999996,-307.256,-47962.47015999999,-48153.62790000004,-24.730999451303166,-12.999707582342078,9.522222222222217,-0.02338150501161815,0.0,0.6831275720164609,1.0,56.382716049382715,66.02880658436214,1.0,1.0,1.5,0.9558187654320989,5.692318244170105,0.5925925925925926,0.6275720164609053,0.0,7099.300411522634,146.66255144032922,0.0,0.8497942386831275,0.0,13.662551440329219,229.79423868312756,20.493827160493826,345.24691358024694,6.8312757201646095,0.0,0.0,194.87654320987653
222,0.17980420150302284,0.18493988882060985,0.08206571606412291,0.07766048828157551,0.9386088711257173,0.9385937427150083,276.0,212.0,8.99746376811594,9.737028301886797,4.814009661835751,7.2187893081761,5.3984423676012465,5.133333333333334,5.311740041928721,1.2,1.0,324.26416000000006,133.1308,0.0,0.0,-175.73583999999994,-366.8692,-48138.20599999999,-48520.497100000044,-26.59330765027326,-13.152881933945933,9.318750000000007,0.0022519505361258967,0.0,0.6516393442622951,1.0,56.157786885245905,65.94672131147541,1.0,1.0,1.4344262295081966,0.937284754098361,5.858709016393446,0.7622950819672131,0.4713114754098361,0.0,6702.729508196721,137.28073770491804,0.0,1.2336065573770492,0.0,13.032786885245901,207.60245901639345,19.549180327868854,331.969262295082,6.516393442622951,0.0,0.0,214.24180327868854
223,0.18018365336504394,0.18558451554734218,0.08257890812620758,0.07829950110515023,0.9389688756926756,0.9389552477242249,258.0,231.0,8.603940568475451,9.650144300144303,2.095542635658915,4.104834054834057,6.883128415300545,6.502368866328257,6.713038548752834,1.2,1.0,373.64728,260.98319999999995,37.31449999999999,43.68449999999997,-163.66721999999996,-282.7013,-48301.873219999994,-48803.198400000045,-16.669709884117253,-13.140155357663316,9.098159509202448,-0.002193798552278478,0.0,0.901840490797546,1.0,56.2760736196319,65.86298568507158,1.0,1.0,1.4723926380368098,1.2978128425357878,3.0447171097477854,0.983640081799591,0.9713701431492843,0.0,6830.824130879346,122.31492842535788,0.0,4.325153374233129,0.0,18.03680981595092,363.20654396728014,27.05521472392638,470.2044989775051,9.01840490797546,0.0,0.0,60.3680981595092
224,0.18055663889781245,0.18625599732487755,0.08334465075509745,0.07910713414542546,0.939339445737917,0.9393022675885112,248.0,269.0,9.103965053763442,9.581846344485749,3.5085349462365576,7.112019826517968,6.369036697247707,4.683098591549296,5.704027777777778,1.2,1.0,336.43472,183.3776,0.17489999999998673,0.0,-163.74017999999995,-316.62239999999997,-48465.613399999995,-49119.820800000045,-24.435856608639607,-13.062412658039875,9.352611218568654,0.017492466827742165,0.0,0.6963249516441006,1.0,56.477756286266924,66.5164410058027,1.0,1.0,1.5203094777562862,1.0054396905222436,5.383462282398454,0.8994197292069632,0.4158607350096712,0.0,7059.323017408124,136.247582205029,0.0,1.8452611218568666,0.0,13.926499032882012,238.14893617021278,20.889748549323016,360.5377176015474,6.963249516441006,0.0,0.0,186.76015473887816
225,0.1804498550202299,0.1867885749206717,0.08395232057775154,0.07988368184594176,0.9397139631292772,0.9396520231338489,246.0,243.0,9.637059620596196,9.259122085048011,4.0038617886178836,5.11735253772291,6.694524959742351,5.532417582417582,6.150814053127677,1.2,1.0,321.77592000000004,232.8856,0.0,19.993999999999993,-178.22407999999996,-287.10839999999996,-48643.837479999995,-49406.92920000004,-21.274864894342198,-12.952300989466822,9.449250170415821,0.004505309463319903,0.0,0.7955010224948875,1.0,56.359918200409,66.29856850715747,1.0,1.0,1.4969325153374233,1.1342771370143152,4.5571915473755995,1.1983640081799591,0.6359918200408998,0.0,6918.59918200409,147.6646216768916,0.0,2.077709611451943,0.0,15.91002044989775,293.5235173824131,23.865030674846626,410.4376278118609,7.955010224948875,0.0,0.0,125.76687116564418
226,0.18065349491811197,0.18773344979303044,0.08520128511699435,0.08125065712783172,0.9400550731452328,0.9400053827780934,244.0,252.0,9.462841530054645,8.635714285714284,6.195765027322401,3.3173941798941775,5.176623376623376,6.065309200603319,5.700355555555555,1.2,1.0,231.1648,293.1232,0.0,58.58849999999997,-268.8352,-265.46529999999996,-48912.672679999996,-49672.394500000046,-22.595376881720455,-12.923688249970818,9.042607526881726,0.0043898514198622346,0.0,0.7560483870967742,1.0,56.65120967741935,66.65927419354838,1.0,1.0,1.5080645161290323,1.0570322580645162,4.733366935483869,0.6794354838709677,0.8104838709677419,0.0,7050.5161290322585,133.97177419354838,0.0,2.407258064516129,0.0,15.120967741935484,258.554435483871,22.681451612903224,390.72983870967744,7.560483870967742,0.0,0.0,150.03024193548387
227,0.18133048119238737,0.18819746623088007,0.08618149659191457,0.08230642957687512,0.940409365668107,0.9403426894339009,252.0,261.0,9.026058201058204,9.314495530012769,3.2740740740740755,5.5525542784163475,6.649923547400612,5.250623885918004,6.0038271604938265,1.2,1.0,333.30152,249.4114,4.7475999999999985,6.552,-171.44608000000002,-257.1406,-49084.11876,-49929.535100000045,-20.69950110461341,-13.035170996716392,9.172807017543859,0.02049064789673484,0.0,0.7894736842105263,1.0,57.49707602339181,67.71539961013646,1.0,1.0,1.5087719298245614,1.1358926315789473,4.4333008447043545,1.0175438596491229,0.49122807017543857,0.0,7042.861598440546,136.52436647173488,0.0,1.9883040935672514,0.0,15.789473684210526,284.3703703703704,23.68421052631579,412.8499025341131,7.894736842105263,0.0,0.0,129.47368421052633
228,0.18237606876469586,0.18850628836695682,0.08716929875208843,0.08329035207181024,0.9407583656476843,0.9406819872038323,265.0,225.0,7.923773584905661,9.214296296296297,0.8632075471698116,6.153999999999998,7.169923371647508,4.989613526570048,6.415831244778613,1.2,1.0,403.86911999999995,176.7308,46.444799999999965,1.6929999999999836,-142.57568,-324.9622,-49226.69444,-50254.49730000005,-19.245824761904753,-13.101052003166629,8.516360544217683,-0.025435890221797715,0.0,0.8142857142857143,1.0,59.62244897959184,69.98979591836735,1.0,1.0,1.4591836734693877,1.1848977959183657,3.292653061224489,1.2469387755102042,0.46530612244897956,0.0,6829.2612244897955,83.34489795918367,0.0,5.848979591836735,0.0,16.285714285714285,313.4224489795918,24.428571428571427,421.83061224489796,8.142857142857142,0.0,0.0,114.21428571428571
229,0.1827052680744733,0.1891433071241391,0.08825840441285615,0.08445537209341514,0.9411074511124575,0.9410279051545997,238.0,260.0,8.757563025210082,9.590897435897443,2.708753501400561,7.023974358974361,6.634408602150538,4.736406619385343,5.886871508379889,1.2,1.0,329.40496,186.79680000000002,5.650899999999993,0.0,-176.24593999999996,-313.2032,-49402.94038,-50567.70050000005,-23.40855207496656,-13.117421587462939,9.19263721552878,-0.01484522790272515,0.0,0.7188755020080321,1.0,58.73694779116466,69.31124497991968,1.0,1.0,1.5220883534136547,1.0365497188755008,4.961680053547522,0.8694779116465864,0.6004016064257028,0.0,7089.730923694779,124.80923694779116,0.0,2.710843373493976,0.0,14.377510040160642,253.8574297188755,21.566265060240966,372.3453815261044,7.188755020080321,0.0,0.0,172.89156626506025
230,0.1830647437198114,0.18961690853600457,0.08894241548183296,0.08530789116534823,0.9414571523842226,0.9413671541791376,229.0,282.0,9.189665211062591,9.220212765957443,3.7600436681222704,5.381087470449175,6.443868739205526,5.182137161084529,5.7878938640132676,1.2,1.0,300.22672,266.241,1.2025000000000077,0.0,-200.97578000000001,-233.75900000000001,-49603.91616,-50801.45950000005,-21.522675146771057,-13.161319619279821,9.20652315720809,-0.01832310720385011,0.0,0.786692759295499,1.0,59.731898238747554,70.37377690802349,1.0,1.0,1.5518590998043054,1.1085473972602746,4.654631441617738,0.761252446183953,0.5831702544031311,0.0,6861.51663405088,148.09393346379647,0.0,1.5772994129158513,0.0,15.733855185909981,273.11350293542074,23.60078277886497,403.63013698630135,7.8669275929549904,0.0,0.0,131.1839530332681
231,0.1836739915199665,0.1904908002584597,0.08970881770551943,0.08641638213141455,0.9418004662310399,0.9416949265047887,260.0,215.0,8.559166666666666,9.0553488372093,5.017692307692307,2.198604651162791,4.824083769633508,7.483248730964467,6.174226804123712,1.2,1.0,288.1808,265.70860000000005,0.0,146.52049999999994,-211.81920000000002,-380.8118999999999,-49815.73536,-51182.27140000005,-20.080784701754386,-13.201292861660615,8.783754385964915,-0.008927523515390074,0.0,0.8168421052631579,1.0,59.09473684210526,69.65473684210527,1.0,1.0,1.4526315789473685,1.166082947368421,3.741684210526316,0.7494736842105263,0.848421052631579,0.0,7177.631578947368,111.85894736842106,0.0,3.671578947368421,0.0,16.33684210526316,302.5242105263158,24.50526315789474,427.12631578947367,8.16842105263158,0.0,0.0,112.6421052631579
232,0.1841826572966331,0.19085683933771325,0.0913038399500589,0.08792657126209955,0.9421225733776973,0.9420325478996157,280.0,236.0,8.756785714285716,9.732980225988701,2.6899404761904755,4.1694915254237275,6.584173126614987,6.698894557823129,6.633700440528635,1.2,1.0,405.33312,255.62260000000003,3.523299999999992,78.77299999999994,-98.19017999999998,-323.1503999999999,-49913.92554,-51505.42180000005,-18.01023914728681,-13.180578587805895,9.203262273901807,-0.0110388809049093,0.0,0.8798449612403101,1.0,59.748062015503876,70.53100775193798,1.0,1.0,1.4573643410852712,1.280921937984496,3.366634366925065,1.0310077519379846,0.7170542635658915,0.0,6864.676356589147,128.10271317829458,0.0,3.3488372093023258,0.0,17.5968992248062,350.19767441860466,26.3953488372093,463.0891472868217,8.7984496124031,0.0,0.0,73.8953488372093
233,0.18476275504845968,0.19126671551501534,0.09237709101595586,0.08917038676418447,0.9424481869762368,0.9423867824308637,271.0,233.0,9.305289052890528,9.824463519313305,4.048400984009839,5.855793991416312,6.417192192192192,5.673926380368099,6.102510822510823,1.2,1.0,337.85519999999997,214.3446,8.938799999999993,10.489999999999988,-171.08360000000002,-296.1454,-50085.009139999995,-51801.56720000005,-22.255055423280428,-13.154210974801517,9.54530423280424,0.019036597463796153,0.0,0.7638888888888888,1.0,59.5218253968254,70.33333333333333,1.0,1.0,1.4623015873015872,1.0956345238095233,4.883961640211642,0.8333333333333334,0.7182539682539683,0.0,7198.392857142857,147.8293650793651,0.0,2.123015873015873,0.0,15.277777777777779,279.68055555555554,22.916666666666668,394.9503968253968,7.638888888888889,0.0,0.0,145.20833333333334
234,0.1856237284249678,0.19188232817584586,0.09382095233037056,0.09083841141075123,0.9427839737689372,0.9427074167129393,261.0,260.0,7.389846743295015,9.517499999999997,0.5383780332056195,4.775705128205126,6.905855855855855,5.987702265372168,6.499103942652331,1.2,1.0,393.79576,269.5122,82.2762,26.25849999999992,-188.48044000000004,-256.7462999999999,-50273.489579999994,-52058.31350000005,-16.221048368522077,-12.878735453822921,8.451631477927064,0.003713900167420502,0.0,0.8925143953934741,1.0,59.47600767754319,70.02879078694818,1.0,1.0,1.4990403071017275,1.2731438771593082,2.652975047984643,1.1785028790786949,0.7792706333973128,0.0,7007.731285988483,93.07485604606526,0.0,6.7159309021113245,0.0,17.850287907869482,347.9193857965451,26.775431861804222,459.83493282149715,8.925143953934741,0.0,0.0,66.10364683301344
235,0.18611851702215415,0.1933999552192496,0.09462022149089327,0.09165377609825894,0.9431104421267238,0.94305518357179,265.0,238.0,8.261069182389939,8.324719887955183,1.7224528301886795,1.2493697478991588,6.742153047989623,7.322318840579711,7.01615331964408,1.2,1.0,382.92104,317.25960000000003,21.188799999999993,212.22699999999998,-138.26775999999998,-394.96739999999994,-50411.75734,-52453.28090000005,-13.72321484426772,-13.015764115002225,8.291186216037108,-0.009136524282157334,0.0,0.9681908548707754,1.0,61.916500994035786,72.24254473161034,1.0,1.0,1.4731610337972167,1.392009224652086,1.498608349900597,1.176938369781312,1.0497017892644136,0.0,7000.3459244532805,70.35387673956262,0.0,6.679920477137177,0.0,19.363817097415506,407.55467196819086,29.04572564612326,508.50497017892644,9.681908548707753,0.0,0.0,19.56262425447316
236,0.1865947796183699,0.1943654030920066,0.09552022720063612,0.09268332949406338,0.9434267312696824,0.9433643061510402,238.0,266.0,8.036624649859942,9.67462406015037,2.2918767507002786,4.4486842105263165,6.216136363636364,6.62,6.4133720930232565,1.2,1.0,344.33848000000006,285.43140000000005,16.80120000000001,54.94499999999999,-172.46271999999993,-269.51359999999994,-50584.22006,-52722.79450000005,-18.778980026455027,-13.334245437612482,8.901124338624337,-0.03571177010234554,0.0,0.8531746031746031,1.0,62.214285714285715,73.0079365079365,1.0,1.0,1.5277777777777777,1.249543412698412,3.430191798941797,0.871031746031746,0.7321428571428571,0.0,6992.371031746032,115.51388888888889,0.0,3.5992063492063493,0.0,17.063492063492063,328.2559523809524,25.595238095238095,458.1904761904762,8.531746031746032,0.0,0.0,90.29761904761905
237,0.18672695942159726,0.1949713921879555,0.09649804438371942,0.09351555979790833,0.943746243732988,0.9436663296227219,256.0,252.0,9.608789062499994,9.672552910052913,2.6533203125,4.988888888888889,7.578226950354608,6.279698581560284,7.001103230890465,1.2,1.0,361.56496000000004,247.32960000000003,21.407399999999996,31.599499999999978,-159.84243999999995,-284.26989999999995,-50744.0625,-53007.06440000005,-19.406430446194214,-13.01178964556436,9.640419947506562,0.051850409276547355,0.0,0.8326771653543307,1.0,62.19094488188976,72.92716535433071,1.0,1.0,1.4960629921259843,1.198611338582677,3.8119094488188976,1.263779527559055,0.6988188976377953,0.0,7252.929133858268,125.81102362204724,0.0,3.3622047244094486,0.0,16.653543307086615,349.71062992125985,24.980314960629922,433.83858267716533,8.326771653543307,0.0,0.0,102.90354330708661
238,0.1873511261997991,0.1963290452799328,0.09731912728073495,0.09443523904597817,0.9440426174911688,0.9439931405615204,242.0,247.0,8.615358126721759,7.7282726045883985,1.2741735537190082,0.7690958164642376,7.528813559322034,6.961201079622132,7.238543823326431,1.2,1.0,363.56096,318.34440000000006,39.449799999999954,259.67499999999995,-175.88883999999993,-441.3305999999999,-50919.95134,-53448.39500000005,-12.493703885480569,-13.02129995731824,8.167280163599187,-0.046621374179273756,0.0,0.9877300613496932,1.0,65.4642126789366,76.93456032719837,1.0,1.0,1.5051124744376279,1.3944894887525552,1.019052488070893,1.1390593047034765,0.8261758691206544,0.0,6966.858895705522,53.59713701431493,0.0,9.132924335378323,0.0,19.754601226993866,428.8936605316973,29.631901840490798,507.8036809815951,9.877300613496933,0.0,0.0,7.54601226993865
239,0.18762658241913388,0.19679883192084893,0.09883093245116065,0.09608347781464026,0.9443401162014791,0.9442934216574549,283.0,214.0,8.99958775029446,9.652180685358253,0.9217314487632512,5.72126168224299,8.164880952380953,5.76175799086758,7.3412754303599375,1.2,1.0,439.59736,186.8528,70.43459999999999,25.7095,-130.83724,-338.8567,-51050.78858,-53787.251700000044,-18.19790529845741,-13.024181464923831,9.280583501006046,0.04110547878950585,0.0,0.8571428571428571,1.0,63.498993963782695,74.36619718309859,1.0,1.0,1.4305835010060362,1.2604630985915497,2.9883299798792753,1.432595573440644,0.5533199195171026,0.0,6873.476861167002,91.44265593561369,0.0,5.7082494969818915,0.0,17.142857142857142,377.53521126760563,25.714285714285715,449.2857142857143,8.571428571428571,0.0,0.0,87.85714285714286
240,0.18829701140468635,0.19723008755531965,0.10000078927506573,0.09733471327021997,0.9446450367227586,0.9446008589343182,252.0,252.0,8.10687830687831,9.517063492063489,1.1521825396825396,7.622156084656086,7.095479082321188,4.342727272727273,6.247292250233428,1.2,1.0,372.11368000000004,141.78060000000002,57.58479999999999,0.0,-185.47111999999993,-358.21939999999995,-51236.2597,-54145.471100000046,-23.053568915343938,-12.96347311361554,8.811970899470897,-0.0002717181314007226,0.0,0.7083333333333334,1.0,64.50595238095238,75.73611111111111,1.0,1.0,1.5,1.019631507936508,4.387169312169314,1.3035714285714286,0.34325396825396826,0.0,6962.575396825397,83.85515873015873,0.0,5.111111111111111,0.0,14.166666666666666,265.48809523809524,21.25,360.25198412698415,7.083333333333333,0.0,0.0,179.375
241,0.18912622528812506,0.19782031439014722,0.1010803676229058,0.09845668913227948,0.9449354327689216,0.9449112785449211,244.0,276.0,7.846857923497265,9.387801932367145,0.671379781420765,6.364251207729471,7.267081604426003,5.057575757575758,6.369129720853858,1.2,1.0,368.77768000000003,224.5566,46.99629999999998,7.267999999999979,-178.21861999999993,-282.71139999999997,-51414.47832,-54428.182500000046,-20.59058294871797,-13.054489644889202,8.66474358974359,-0.013713136254080896,0.0,0.7807692307692308,1.0,63.59615384615385,74.71538461538462,1.0,1.0,1.5307692307692307,1.1410274615384612,3.6929807692307692,1.0788461538461538,0.5903846153846154,0.0,6937.538461538462,86.75192307692308,0.0,5.690384615384615,0.0,15.615384615384615,298.3057692307692,23.423076923076923,412.56538461538463,7.8076923076923075,0.0,0.0,134.82692307692307
242,0.1897955605123201,0.1982701953767688,0.10192458789455103,0.09935229657236616,0.9452351603984657,0.9452159136938252,248.0,240.0,7.342002688172038,9.435277777777786,1.0977150537634406,4.13097222222222,6.321564625850341,6.333665008291874,6.327017937219731,1.2,1.0,368.1332,261.7448,23.80329999999998,40.41699999999992,-155.6701,-278.6721999999999,-51570.148420000005,-54706.85470000005,-15.403328142076504,-13.013058660085916,8.371482240437166,-0.021658415138047216,0.0,0.9139344262295082,1.0,69.02459016393442,80.56762295081967,1.0,1.0,1.4918032786885247,1.2907336065573773,2.589480874316941,0.805327868852459,0.6557377049180327,0.0,6977.883196721312,102.43852459016394,0.0,5.639344262295082,0.0,18.278688524590162,346.9200819672131,27.418032786885245,465.84016393442624,9.139344262295081,0.0,0.0,52.93032786885246
243,0.18989711128869577,0.19906637393459328,0.10314663085916605,0.10063976594456625,0.9455076540060404,0.9454933591145241,256.0,260.0,9.3095703125,8.697307692307689,5.045572916666667,4.181858974358972,5.485594639865997,5.7299186991869915,5.609570957095709,1.2,1.0,305.4004,268.07660000000004,0.0,21.565499999999922,-194.5996,-253.4888999999999,-51764.74802000001,-54960.343600000044,-21.328495736434125,-13.011694955840643,9.001065891472871,-0.01988452831032778,0.0,0.7829457364341085,1.0,65.03875968992249,76.45930232558139,1.0,1.0,1.503875968992248,1.1113895348837202,4.610368217054265,0.686046511627907,0.6317829457364341,0.0,7159.897286821705,143.13372093023256,0.0,1.7984496124031009,0.0,15.65891472868217,263.4418604651163,23.488372093023255,405.38953488372096,7.829457364341085,0.0,0.0,133.48837209302326
244,0.1903308656815384,0.20000778945728742,0.10411832322313376,0.10180367325238193,0.9457860956146074,0.9457644318842566,273.0,246.0,9.454273504273514,8.89180216802168,3.742185592185592,3.106097560975608,6.390983606557377,6.472121212121212,6.429454022988506,1.2,1.0,375.8704,285.4198,4.843099999999993,86.78399999999989,-128.97269999999997,-301.36419999999987,-51893.720720000005,-55261.70780000004,-17.01973911368016,-13.036263411200794,9.187668593448947,-0.011869715992006218,0.0,0.8940269749518305,1.0,64.08670520231213,75.38150289017341,1.0,1.0,1.4739884393063585,1.2741622350674364,3.4406872190109214,1.2273603082851638,0.6416184971098265,0.0,7045.672447013488,141.26782273603084,0.0,3.102119460500963,0.0,17.880539499036608,344.8188824662813,26.820809248554912,462.131021194605,8.940269749518304,0.0,0.0,65.17341040462428
245,0.19068780247349584,0.2002007361398219,0.10476106713697275,0.10272073286089214,0.9460534902583597,0.9460500447234449,244.0,268.0,8.617896174863391,9.77605721393036,1.8644808743169394,6.418345771144277,7.228362573099415,5.293333333333333,6.401842546063651,1.2,1.0,340.90584,223.1554,38.75709999999995,4.719500000000004,-197.85125999999994,-281.5641,-52091.57198000001,-55543.27190000004,-21.52091705729168,-13.185685213057504,9.224121093749995,-0.021566431828243283,0.0,0.77734375,1.0,64.8046875,76.201171875,1.0,1.0,1.5234375,1.1016821093749996,4.2481445312499995,0.951171875,0.65234375,0.0,7073.408203125,117.955078125,0.0,3.916015625,0.0,15.546875,298.55859375,23.3203125,396.564453125,7.7734375,0.0,0.0,136.93359375
246,0.19098198423649382,0.20032249592701012,0.10547490554884104,0.10371374633975328,0.9463329241417326,0.9463359976916841,289.0,263.0,8.636043829296426,9.917300380228138,2.833852364475204,7.172306717363753,6.450512820512821,5.349135802469136,6.074092827004219,1.2,1.0,402.12104,177.79840000000002,4.268899999999974,5.283500000000004,-102.14785999999998,-327.4851,-52193.719840000005,-55870.75700000004,-23.69439371980676,-13.108516902026883,9.246497584541064,0.019034172229962752,0.0,0.7155797101449275,1.0,65.4981884057971,76.80072463768116,1.0,1.0,1.4764492753623188,1.0505786956521737,4.900905797101448,1.1032608695652173,0.5235507246376812,0.0,6852.976449275362,119.13586956521739,0.0,2.7119565217391304,0.0,14.31159420289855,260.7355072463768,21.467391304347824,375.07065217391306,7.155797101449275,0.0,0.0,174.91847826086956
247,0.1909894241529119,0.20087009995391242,0.10670429757883979,0.10521634566382541,0.9466209062212972,0.946615125817202,256.0,269.0,9.407812500000004,9.108983890954153,2.700260416666667,4.7603469640644365,7.215546218487395,5.519261006289309,6.416407407407407,1.2,1.0,365.04952000000003,278.46939999999995,22.415999999999976,16.3425,-157.36647999999994,-237.87310000000005,-52351.08632,-56108.63010000004,-18.269197587301587,-12.976189430902696,9.254698412698414,0.01696360550497905,0.0,0.8571428571428571,1.0,65.40380952380953,76.79428571428572,1.0,1.0,1.5123809523809524,1.225750323809524,3.755809523809524,1.1847619047619047,0.7942857142857143,0.0,6900.085714285714,137.49142857142857,0.0,2.702857142857143,0.0,17.142857142857142,329.93333333333334,25.714285714285715,445.127619047619,8.571428571428571,0.0,0.0,87.85714285714286
248,0.19168941758251273,0.20139963516006265,0.1078912589420187,0.10642226519258527,0.9468867840167223,0.9468797330881119,281.0,258.0,7.831613285883747,9.327196382428946,1.390094899169632,5.7818475452196445,6.607542579075425,5.318023255813953,6.110239162929745,1.2,1.0,414.98032,223.8178,30.861600000000003,3.2199999999999918,-115.88128,-279.40219999999994,-52466.9676,-56388.032300000035,-19.03408472479902,-12.903754202163388,8.547495361781081,-0.027140714191517895,0.0,0.8274582560296846,1.0,65.63636363636364,76.96660482374769,1.0,1.0,1.4786641929499071,1.1851542115027833,3.49226963512678,1.2040816326530612,0.5714285714285714,0.0,7195.730983302412,103.42300556586271,0.0,4.547309833024118,0.0,16.549165120593692,303.3135435992579,24.823747680890538,424.0482374768089,8.274582560296846,0.0,0.0,106.11317254174396
249,0.19212381195153036,0.20186470753406804,0.10897631523081518,0.10766809106970501,0.947149526700326,0.9471600205653928,258.0,260.0,8.858914728682166,9.237435897435898,3.480426356589148,5.85019230769231,6.167777777777777,5.180686274509804,5.74295358649789,1.2,1.0,348.68712,222.43,2.2846000000000046,0.0,-153.59748000000002,-277.57,-52620.56508,-56665.602300000035,-21.723121492921482,-13.096821720993422,9.048906048906055,-0.014762315259359582,0.0,0.7625482625482626,1.0,67.95945945945945,79.95366795366796,1.0,1.0,1.501930501930502,1.1025427027027017,4.669884169884166,1.0096525096525097,0.61003861003861,0.0,6865.013513513513,134.16023166023166,0.0,1.5945945945945945,0.0,15.250965250965251,262.74131274131275,22.876447876447877,398.2027027027027,7.625482625482626,0.0,0.0,146.03281853281854
250,0.19274945286274897,0.202285299896067,0.11016575736554104,0.10889547384952199,0.9474207534217454,0.9474429918342558,244.0,291.0,7.871994535519129,8.817754868270331,0.478688524590164,3.211282932416953,7.3962431693989075,6.275192307692307,6.8179232804232806,1.2,1.2,375.33496,399.2072,117.79200000000006,0.0,-242.45704000000003,-100.7928,-52863.02212,-56766.39510000004,-15.190510903426784,-13.06146102282889,8.386417445482861,0.020935575481518906,0.0,0.9420560747663551,1.0,67.04485981308412,78.66542056074766,1.0,1.0,1.54392523364486,1.4477423551401862,1.9650155763239878,1.1308411214953271,0.983177570093458,0.0,7123.231775700935,82.26542056074766,0.0,7.013084112149532,0.0,18.8411214953271,385.2841121495327,28.261682242990656,492.89719626168227,9.42056074766355,0.0,0.0,35.63551401869159
251,0.19366259646450634,0.20248162686552054,0.11153707290576131,0.11039764076365104,0.9476645343624263,0.9477119437375645,293.0,256.0,7.150796359499433,9.562304687499996,1.1040386803185438,4.868033854166669,6.216491228070176,5.979767827529021,6.118587105624143,1.2,1.2,449.81111999999996,317.74848,65.69130000000004,0.0,-115.88018000000008,-182.25152000000003,-52978.9023,-56948.646620000036,-18.041787735276262,-13.304835689045037,8.275288403157257,-0.009348715401934498,0.0,0.8852459016393442,1.0,67.59744990892531,79.2367941712204,1.0,1.0,1.4663023679417122,1.398104918032787,2.8591985428051,0.9216757741347905,0.8870673952641166,0.0,6875.340619307833,100.97814207650273,0.0,6.185792349726776,0.0,17.704918032786885,324.9653916211293,26.557377049180328,478.8670309653916,8.852459016393443,0.0,0.0,70.57377049180327
252,0.19445095293529646,0.2026017254139702,0.11261450084709393,0.1117677306288789,0.9479316578159322,0.9479908868678519,249.0,260.0,7.262851405622487,9.119230769230766,0.32570281124497985,3.5400000000000005,6.938420348058902,6.505680119581465,6.733968926553672,1.2,1.2,384.38856,347.7604,132.26509999999993,0.0,-247.87653999999995,-152.2396,-53226.77884,-57100.88622000004,-15.894057891290114,-13.155966868655245,8.211100196463654,0.06001990823209586,0.0,0.9273084479371316,1.0,71.03143418467583,83.12966601178782,1.0,1.0,1.5108055009823183,1.4384066011787817,1.9675834970530455,1.0609037328094302,0.9390962671905697,0.0,7108.251473477407,73.34970530451866,0.0,7.196463654223969,0.0,18.546168958742633,374.61100196463656,27.81925343811395,490.7190569744597,9.273084479371317,0.0,0.0,44.70530451866405
253,0.1955930600480911,0.20313143457199737,0.11341852942579075,0.11275003986954264,0.9481877452980964,0.9482700657323534,263.0,270.0,7.2996831432192675,8.748641975308647,0.7854879594423321,5.003395061728394,6.589358974358974,4.935121951219513,5.860071684587813,1.2,1.2,391.70552,311.60728,90.06560000000007,0.0,-198.3600800000001,-188.39272,-53425.13892,-57289.27894000004,-17.89103189493433,-12.975381345741853,8.033677298311444,-0.014295619054429222,0.0,0.8724202626641651,1.0,68.90056285178237,80.6923076923077,1.0,1.0,1.5065666041275798,1.319536210131332,2.922138836772982,1.1801125703564728,0.7448405253283302,0.0,6976.142589118199,96.86679174484053,0.0,5.872420262664165,0.0,17.4484052532833,306.6923076923077,26.172607879924954,447.6172607879925,8.72420262664165,0.0,0.0,78.46153846153847
254,0.19621159742260036,0.20320476511963512,0.11499799276117147,0.11456310086719468,0.9484541380241969,0.9485436461118804,258.0,267.0,7.659496124031011,9.432147315855177,0.551485788113695,4.886204744069914,7.191633986928105,5.752448657187994,6.539985693848355,1.2,1.2,392.72015999999996,322.31032,79.84750000000003,0.0,-187.12734000000006,-177.68968,-53612.26626,-57466.96862000004,-17.724017269841262,-13.177887869857138,8.561015873015869,0.004306077329648581,0.0,0.8876190476190476,1.0,70.60571428571428,82.64190476190477,1.0,1.0,1.5085714285714287,1.3619628190476185,2.7560000000000002,1.1352380952380952,0.7466666666666667,0.0,6985.35619047619,96.24571428571429,0.0,6.12,0.0,17.752380952380953,348.30095238095237,26.62857142857143,463.52190476190475,8.876190476190477,0.0,0.0,69.11428571428571
255,0.19653770872587709,0.2032588632374685,0.11566343547438485,0.11554287403692481,0.9487249570048839,0.9487940935088066,265.0,255.0,7.996855345911947,9.385163398692807,1.008427672955975,5.490392156862747,7.1514800514800525,5.58071161048689,6.511670480549199,1.2,1.2,393.65488,271.00096,84.80269999999996,0.0,-191.14781999999997,-228.99903999999998,-53803.414079999995,-57695.967660000046,-19.91481666666666,-12.978833840073337,8.677660256410263,0.020937161532391006,0.0,0.8403846153846154,1.0,69.92307692307692,81.86730769230769,1.0,1.0,1.4903846153846154,1.2781843076923072,3.206314102564104,1.1730769230769231,0.6865384615384615,0.0,6939.7,94.21538461538462,0.0,5.869230769230769,0.0,16.807692307692307,328.28076923076924,25.21153846153846,434.1596153846154,8.403846153846153,0.0,0.0,98.16346153846153
256,0.19667407484394728,0.2034123911700431,0.11650841772184731,0.11646431106861103,0.9489852488055557,0.9490365292955294,261.0,277.0,9.646998722860786,9.266907340553557,4.9811621966794375,5.876714801444044,6.245470085470085,4.9951241134751765,5.631723237597911,1.2,1.2,303.92232,287.42216,4.629899999999964,0.0,-200.70757999999995,-212.57783999999998,-54004.12166,-57908.545500000044,-25.348063197026015,-13.074585804760387,9.451301115241625,0.03234181484625394,0.0,0.7118959107806692,1.0,69.40334572490707,81.682156133829,1.0,1.0,1.5148698884758365,1.0991533085501854,5.442255266418838,1.029739776951673,0.6617100371747212,0.0,7081.868029739777,149.35130111524163,0.0,1.195167286245353,0.0,14.237918215613384,240.54275092936803,21.356877323420075,374.6003717472119,7.118959107806692,0.0,0.0,177.18401486988847
257,0.1977418383668463,0.20360765856797777,0.11781947231267828,0.11787761230704721,0.9492459303512926,0.9492931721330176,256.0,275.0,6.172851562500002,9.373272727272724,0.45058593750000003,6.654242424242423,5.767716535433071,4.675520833333334,5.34561191626409,1.2,1.2,394.2152,237.75112000000001,98.44829999999999,0.0,-204.2331,-262.24888,-54208.354759999995,-58170.79438000004,-21.775366478342757,-13.131912783001665,7.830320150659133,-0.020674803946773537,0.0,0.7796610169491526,1.0,71.54990583804143,84.12806026365348,1.0,1.0,1.5178907721280603,1.190143728813559,3.6634023854362843,0.9623352165725048,0.5988700564971752,0.0,6911.5084745762715,84.29566854990584,0.0,6.39924670433145,0.0,15.59322033898305,250.015065913371,23.389830508474578,404.5762711864407,7.796610169491525,0.0,0.0,135.5084745762712
258,0.19766221064080952,0.2036718020827523,0.11926909883319244,0.11939189479518089,0.9494844447134119,0.9495446466785552,266.0,292.0,9.592794486215531,9.168436073059366,3.9633458646616524,5.551484018264843,6.686011904761905,5.205008210180623,5.9819281811085085,1.2,1.2,342.71864000000005,307.9592,2.6032999999999973,0.0,-159.88465999999994,-192.0408,-54368.23942,-58362.835180000046,-23.37244468339308,-13.079770289092872,9.370728793309443,0.03393224679144255,0.0,0.7652329749103942,1.0,69.79569892473118,82.20609318996416,1.0,1.0,1.5232974910394266,1.166089318996416,4.794414575866184,1.0089605734767024,0.53584229390681,0.0,7121.252688172043,143.2831541218638,0.0,1.8369175627240144,0.0,15.304659498207885,274.578853046595,22.956989247311828,396.2437275985663,7.652329749103942,0.0,0.0,144.38172043010752
259,0.1985220134382452,0.20416689885467074,0.11990697494320428,0.12017980447960798,0.9497207904107505,0.9497922631937438,238.0,281.0,6.9559523809523816,9.222360616844597,0.29796918767507,4.019572953736654,6.660014005602241,6.096875,6.377266387726638,1.2,1.2,358.12984000000006,361.88712,78.47859999999996,5.719499999999989,-220.3487599999999,-143.83238,-54588.58818,-58506.667560000045,-15.932521515735381,-12.990362891196414,8.183044315992293,0.007682864582264778,0.0,0.9210019267822736,1.0,72.47206165703275,85.20423892100193,1.0,1.0,1.5414258188824663,1.3873159152215802,2.3129415542710348,1.0520231213872833,0.9421965317919075,0.0,7012.227360308285,90.1926782273603,0.0,6.845857418111754,0.0,18.42003853564547,352.20616570327553,27.63005780346821,470.16955684007706,9.210019267822736,0.0,0.0,48.58381502890173
260,0.19974901946503595,0.20392128124969053,0.12084766548435948,0.12114198437628033,0.9499675436257142,0.9500428506696165,267.0,245.0,5.851872659176035,9.369455782312926,0.005305867665418227,6.20020408163265,5.847066167290887,5.043181818181818,5.55300870942201,1.2,1.2,410.57736,232.50088,173.04499999999996,0.0,-262.46763999999996,-267.49912,-54851.05582,-58774.166680000046,-19.84522890625002,-13.123352439146172,7.535091145833335,-0.005965189294135917,0.0,0.822265625,1.0,74.58203125,87.384765625,1.0,1.0,1.478515625,1.2560121874999997,2.969661458333332,1.119140625,0.5078125,0.0,7147.197265625,68.873046875,0.0,8.134765625,0.0,16.4453125,273.92578125,24.66796875,427.021484375,8.22265625,0.0,0.0,109.306640625
261,0.2000306814318814,0.20374500540853502,0.12202581705069113,0.12236399826662338,0.9502165188662863,0.9502905533088956,257.0,243.0,9.06407263294423,9.353155006858712,1.8433203631647204,5.296021947873799,7.394555112881806,5.245301418439716,6.474145785876994,1.2,1.2,387.60848,278.79152,22.100499999999982,0.0,-134.49202,-221.20848,-54985.54784,-58995.37516000005,-18.492877599999996,-13.104183170286644,9.204566666666663,0.025578292343831844,0.0,0.878,1.0,73.576,86.068,1.0,1.0,1.486,1.3327999999999993,3.5213333333333336,1.102,0.654,0.0,6996.396,136.25,0.0,3.648,0.0,17.56,340.994,26.34,452.502,8.78,0.0,0.0,75.03
262,0.20029116603165195,0.20391236465715448,0.12337428571647269,0.12392130570184459,0.9504759337874847,0.9505270691849466,248.0,250.0,8.59583333333334,9.253866666666662,0.8774193548387097,4.053066666666667,7.749797570850203,6.250961538461539,7.064615384615385,1.2,1.2,378.37168,311.12800000000004,78.25569999999999,4.372500000000002,-199.88401999999996,-193.24449999999996,-55185.43186,-59188.61966000005,-16.338134939759033,-13.178264470943427,8.926171352074967,0.008044469252202677,0.0,0.9136546184738956,1.0,77.29919678714859,90.92369477911646,1.0,1.0,1.502008032128514,1.38453751004016,2.471619812583668,1.002008032128514,0.891566265060241,0.0,7002.429718875502,95.19477911646587,0.0,5.612449799196787,0.0,18.27309236947791,387.2730923694779,27.40963855421687,469.87550200803213,9.136546184738956,0.0,0.0,53.102409638554214
263,0.20172355855652163,0.20391090522046965,0.1247261427115812,0.12536278969583162,0.9507125705933179,0.950752471614771,242.0,267.0,4.233195592286501,9.005680399500623,0.0,4.050374531835205,4.235192837465565,5.962012012012012,5.061386494252873,1.2,1.2,370.46384,330.21072000000004,260.45989999999995,0.0,-389.99605999999994,-169.78927999999996,-55575.427919999995,-59358.408940000045,-15.681309233791742,-13.060066275981217,6.736640471512764,-0.0609383100025803,0.0,0.9115913555992141,1.0,75.83300589390963,88.90766208251473,1.0,1.0,1.524557956777996,1.3765708447937117,2.124656188605108,0.8585461689587426,0.8447937131630648,0.0,7155.654223968566,73.10805500982319,0.0,8.699410609037328,0.0,18.231827111984284,276.7190569744597,27.347740667976424,466.80157170923377,9.115913555992142,0.0,0.0,54.3713163064833
264,0.20228924949388705,0.20425863587426518,0.12584436215650735,0.12644748387160798,0.9509501244113585,0.9510023011538149,254.0,264.0,7.72808398950131,8.807765151515156,0.28471128608923896,3.835416666666667,7.444028871391077,5.886547085201793,6.715897973445144,1.2,1.2,383.13608,335.29336,102.2131,0.7230999999999881,-219.07702,-165.42973999999998,-55794.50493999999,-59523.838680000044,-16.28206743886743,-13.1403849042888,8.278346203346205,-0.01649818835014788,0.0,0.9208494208494209,1.0,75.91505791505791,89.11389961389962,1.0,1.0,1.5096525096525097,1.3869294208494198,2.094337194337196,1.1042471042471043,0.8166023166023166,0.0,7101.681467181467,76.98262548262548,0.0,7.138996138996139,0.0,18.416988416988417,371.0405405405405,27.625482625482626,470.03088803088804,9.208494208494209,0.0,0.0,48.67760617760618
265,0.20328596504995286,0.2042591752044324,0.12690579338586708,0.12769042256981467,0.9512023108787281,0.9512516128863726,287.0,254.0,5.8224738675958205,9.063779527559054,0.1430894308943089,3.5223753280839882,5.67938443670151,6.369607843137255,5.979658792650918,1.2,1.2,457.49456,340.11752,103.00589999999997,0.0,-145.51134,-159.88248,-55940.01627999999,-59683.721160000045,-15.279182255083185,-13.209023872240861,7.344269870609986,-0.0020803402574886536,0.0,0.9390018484288355,1.0,73.5804066543438,86.00369685767097,1.0,1.0,1.4695009242144177,1.4743291682070232,1.7296672828096107,1.155268022181146,0.878003696857671,0.0,7136.890942698706,66.26617375231054,0.0,8.691312384473198,0.0,18.78003696857671,336.87615526802216,28.170055452865064,504.3271719038817,9.390018484288355,0.0,0.0,37.513863216266174
266,0.20394512426889544,0.2042621010063774,0.12782427337127078,0.12860173774180503,0.9514377961357037,0.9514848777179606,257.0,277.0,7.02833981841764,9.58706377858003,0.5232814526588845,6.763598074608904,6.534114583333334,5.082575757575757,5.98890243902439,1.2,1.2,395.42632000000003,235.67560000000003,62.39369999999992,0.0,-166.96737999999988,-264.32439999999997,-56106.98365999999,-59948.04556000004,-22.13219275905119,-13.14631917209443,8.35561797752809,-0.016969050772470105,0.0,0.7677902621722846,1.0,76.87265917602996,90.31647940074906,1.0,1.0,1.5187265917602997,1.1818388014981271,3.7602996254681633,0.9569288389513109,0.550561797752809,0.0,6994.258426966292,82.80898876404494,0.0,5.940074906367041,0.0,15.355805243445692,275.7191011235955,23.03370786516854,402.5056179775281,7.677902621722846,0.0,0.0,142.80898876404495
267,0.20473045221693423,0.2041446593485406,0.12869129465144552,0.12921343528087703,0.9516684547588778,0.9517107406715384,240.0,248.0,6.2097916666666695,10.070094086021507,0.12125000000000004,7.4676747311827905,6.090208333333333,5.469491525423729,5.8856145251396645,1.2,1.2,358.99248,176.3656,74.64650000000005,0.0,-215.65402000000006,-323.6344,-56322.63767999999,-60271.679960000045,-23.506195081967213,-13.081081646941383,8.171584699453545,-0.030028435932064217,0.0,0.7336065573770492,1.0,79.54303278688525,93.37090163934427,1.0,1.0,1.5081967213114753,1.0970452459016395,3.8546789617486312,0.9118852459016393,0.444672131147541,0.0,7006.098360655737,67.44877049180327,0.0,6.936475409836065,0.0,14.672131147540984,259.0143442622951,22.008196721311474,371.1844262295082,7.336065573770492,0.0,0.0,163.83196721311475
268,0.20566445041684073,0.20412877044513492,0.12960151730556835,0.12998556958780574,0.9519020574377046,0.9519330086454221,268.0,264.0,7.472699004975124,9.47411616161616,0.6548507462686567,6.836174242424241,6.84425717852684,4.804827586206897,6.126496763754045,1.2,1.2,424.48488,211.85992,55.92770000000001,0.0,-131.44282000000004,-288.14008,-56454.08049999999,-60559.82004000004,-22.17674511278196,-13.182447967842126,8.465883458646617,-0.019609558631307936,0.0,0.7744360902255639,1.0,76.30827067669173,89.60714285714286,1.0,1.0,1.4962406015037595,1.1961368421052636,3.722274436090225,1.131578947368421,0.4398496240601504,0.0,7016.024436090225,84.61466165413533,0.0,6.0056390977443606,0.0,15.488721804511279,284.61654135338347,23.23308270676692,407.67857142857144,7.7443609022556394,0.0,0.0,138.7218045112782
269,0.20586464358052567,0.20448998563146875,0.13041356113493624,0.1308962859597837,0.9521322708337614,0.9521628672284861,277.0,278.0,9.311432009626955,9.209592326139086,2.070397111913357,4.701139088729013,7.628200253485424,5.726636225266363,6.764211618257262,1.2,1.2,405.95288,334.31952,21.610299999999967,0.0,-115.65741999999997,-165.68048,-56569.73791999999,-60725.500520000045,-18.85398486486484,-13.21963278566165,9.260420420420418,0.01668710157062786,0.0,0.8684684684684685,1.0,75.88288288288288,89.17477477477478,1.0,1.0,1.500900900900901,1.3338241441441432,3.388138138138135,1.1585585585585585,0.7189189189189189,0.0,6995.913513513514,122.3963963963964,0.0,3.727927927927928,0.0,17.36936936936937,352.3369369369369,26.054054054054053,454.06666666666666,8.684684684684685,0.0,0.0,80.89189189189189
270,0.20622473293473964,0.2044323047587913,0.13160160996318315,0.13200649368458858,0.9523665148092104,0.9523783679368234,271.0,265.0,7.631918819188188,8.8133962264151,0.42736777367773665,3.213647798742137,7.231234567901235,6.451884057971014,6.872733333333333,1.2,1.2,416.66375999999997,351.59024,114.74970000000002,11.235599999999991,-198.08594000000005,-159.64535999999998,-56767.82385999999,-60885.14588000005,-15.681661194029864,-13.125767433297874,8.216044776119404,0.006397050444103202,0.0,0.9328358208955224,1.0,78.16231343283582,91.71828358208955,1.0,1.0,1.4944029850746268,1.4333097014925358,1.8049129353233826,1.0354477611940298,0.9458955223880597,0.0,6978.731343283582,66.98880597014926,0.0,7.92910447761194,0.0,18.65671641791045,384.6679104477612,27.98507462686567,487.94962686567163,9.328358208955224,0.0,0.0,41.30597014925373
271,0.20746415107247335,0.20468587292041554,0.13219089831476197,0.132442111748636,0.9525879975997282,0.9525970132024623,270.0,280.0,5.246975308641978,8.86625,0.0,3.8851190476190465,5.249382716049383,5.7872060857538035,5.503033268101761,1.2,1.2,416.3748,361.22344,282.4561,0.0,-366.0813,-138.77656000000002,-57133.90515999999,-61023.922440000046,-15.524524848484834,-13.015126280571115,7.089515151515151,-0.04746722722461092,0.0,0.9290909090909091,1.0,76.66363636363636,89.59454545454545,1.0,1.0,1.509090909090909,1.4138149818181809,1.9778787878787873,0.9745454545454545,0.8727272727272727,0.0,6871.894545454546,75.06363636363636,0.0,8.36,0.0,18.581818181818182,306.6981818181818,27.87272727272727,480.2709090909091,9.290909090909091,0.0,0.0,43.60909090909091
272,0.20756637241693493,0.20495977654111192,0.13272480554261826,0.13300323401337905,0.9527963411453141,0.9528224105490113,284.0,254.0,9.18661971830986,9.190813648293963,3.079225352112678,4.4056430446194215,6.724483204134367,5.815470494417863,6.317665952890792,1.2,1.2,395.13,316.07504000000006,10.9097,0.0,-115.7797,-183.92495999999994,-57249.68485999999,-61207.84740000004,-18.827433705080544,-13.031184652560727,9.188599752168527,0.03921031749448668,0.0,0.8680297397769516,1.0,78.09293680297398,91.59479553903346,1.0,1.0,1.4721189591078068,1.321942453531597,3.705452292441141,1.0223048327137547,0.7825278810408922,0.0,6984.267657992565,141.1654275092937,0.0,2.9609665427509295,0.0,17.360594795539033,328.9888475836431,26.04089219330855,449.1524163568773,8.680297397769516,0.0,0.0,81.16171003717471
273,0.20891939892610611,0.20564500953731418,0.13382448376025566,0.1337773172578687,0.9530163274589006,0.953031688772929,258.0,266.0,4.465503875968991,8.62061403508772,0.0,3.3249999999999984,4.468604651162791,6.0729885057471265,5.228231292517006,1.2,1.2,394.64832,344.11528,299.1901999999999,5.364699999999999,-404.5418799999999,-161.24942000000001,-57654.226739999984,-61369.09682000004,-14.825481170483462,-13.12657105719967,6.574777353689568,-0.06594848026059195,0.0,0.9351145038167938,1.0,80.9942748091603,94.38358778625954,1.0,1.0,1.5076335877862594,1.4098541984732824,1.687881679389312,0.9141221374045801,0.7690839694656488,0.0,7138.272900763359,61.36832061068702,0.0,9.353053435114504,0.0,18.702290076335878,293.21374045801525,28.053435114503817,477.9236641221374,9.351145038167939,0.0,0.0,39.904580152671755
274,0.21018059139850812,0.20624329720490128,0.13457770010480702,0.13445384260873108,0.9532368426759068,0.9532526064782335,274.0,248.0,5.97347931873479,7.183064516129038,0.10869829683698295,0.3508736559139785,5.865875912408759,6.862280701754385,6.3382597568778,1.2,1.2,402.46816,382.438,153.77379999999994,98.53609999999996,-251.30563999999993,-216.0981,-57905.53237999998,-61585.194920000045,-11.908376756066424,-12.87216235194409,6.548148148148151,-0.01991132056443955,0.0,0.9980842911877394,1.0,80.03639846743295,93.33141762452107,1.0,1.0,1.475095785440613,1.5036516475095782,0.22375478927203069,0.9195402298850575,1.0440613026819923,0.0,7130.88122605364,12.24712643678161,0.0,13.028735632183908,0.0,19.961685823754788,379.46360153256705,29.942528735632184,509.60919540229884,9.980842911877394,0.0,0.0,1.1781609195402298
275,0.2101089836965104,0.20679786655327798,0.13603009496720475,0.1361024951721304,0.9534486184119767,0.9534703909316068,285.0,268.0,8.947134502923973,8.202549751243785,2.6888888888888864,1.0328358208955233,6.807633587786259,7.279482323232323,7.044455006337135,1.2,1.2,393.48591999999996,393.67128,23.858299999999993,51.821599999999954,-130.37238000000002,-158.15031999999994,-58035.90475999998,-61743.345240000046,-14.711078722121764,-12.964250075630964,8.586286919831224,-0.006866011231734939,0.0,0.9511754068716094,1.0,80.96745027124774,94.56600361663652,1.0,1.0,1.484629294755877,1.423430741410487,1.8863170584689561,0.8698010849909584,1.0397830018083183,0.0,6930.54972875226,83.15189873417721,0.0,5.98372513562387,0.0,19.023508137432188,401.998191681736,28.535262206148282,481.67811934900544,9.511754068716094,0.0,0.0,30.027124773960217
276,0.21056536759717456,0.20730847736727023,0.13671416256964858,0.13653400817338124,0.9536601645315643,0.9536891883420171,271.0,261.0,7.130258302583024,7.650830140485316,0.903321033210332,1.2250957854406122,6.416349809885931,6.681739707835326,6.545946822308689,1.2,1.2,402.97208,384.42536,100.50209999999998,19.025000000000034,-197.53001999999998,-134.59964000000002,-58233.43477999998,-61877.94488000005,-13.912879197994974,-13.040800669301339,7.385651629072679,-0.027811260347133382,0.0,0.9661654135338346,1.0,79.59022556390977,92.64285714285714,1.0,1.0,1.4906015037593985,1.4800703759398486,1.0611842105263156,0.9906015037593985,1.018796992481203,0.0,7077.174812030075,42.86278195488722,0.0,10.291353383458647,0.0,19.32330827067669,379.46804511278197,28.984962406015036,503.5338345864662,9.661654135338345,0.0,0.0,20.80827067669173
277,0.21121833965599382,0.20772583163566877,0.13752943581621113,0.13724648955262456,0.9538678033826834,0.9538978333721215,276.0,240.0,6.92415458937198,8.263611111111116,0.19897342995169076,1.4204861111111107,6.725845410628019,7.019586894586893,6.860620915032679,1.2,1.2,417.41928,351.31176000000005,139.3122,9.063800000000015,-221.89291999999998,-157.75203999999997,-58455.32769999998,-62035.696920000046,-12.781474935400508,-13.137983254349129,7.547157622739019,-0.049412551914162356,0.0,0.9883720930232558,1.0,83.20930232558139,96.78875968992249,1.0,1.0,1.4651162790697674,1.4897888372093013,0.7671188630490957,0.9748062015503876,0.7189922480620154,0.0,7137.032945736434,38.87596899224806,0.0,10.011627906976743,0.0,19.767441860465116,406.80232558139534,29.651162790697676,504.98837209302326,9.883720930232558,0.0,0.0,7.151162790697675
278,0.21162777596455215,0.207757828696068,0.13873743315917164,0.13828412363479994,0.954072263384401,0.9541219220579644,257.0,297.0,8.620298313878076,9.368574635241298,1.8824254215304805,6.523793490460158,7.15633608815427,4.855747126436781,6.194070512820512,1.2,1.2,376.33975999999996,265.86672,27.412999999999982,0.0,-151.07324000000003,-234.13328,-58606.40093999998,-62269.83020000005,-22.970314801444026,-13.085729164084857,9.021450060168469,0.0015791010801109867,0.0,0.7509025270758123,1.0,81.85018050541517,95.52346570397111,1.0,1.0,1.536101083032491,1.1592174729241864,4.370667870036102,1.0794223826714802,0.5433212996389891,0.0,6985.992779783393,109.04512635379061,0.0,3.716606498194946,0.0,15.018050541516246,279.0469314079422,22.52707581227437,395.04873646209387,7.509025270758123,0.0,0.0,153.19494584837545
279,0.21208238083607997,0.20806779733174857,0.1394851193287547,0.1389220788729501,0.9542767198537991,0.9543325184493834,260.0,255.0,8.627564102564103,9.343725490196084,1.3277564102564103,1.9541176470588237,7.360529715762274,7.754938271604939,7.551829673985362,1.2,1.2,402.68784,365.27423999999996,37.86440000000003,56.04659999999997,-135.17656000000005,-190.77236,-58741.57749999998,-62460.60256000005,-14.318394822006459,-13.193449547842441,8.982168284789635,0.006033914631118991,0.0,0.9728155339805825,1.0,83.70291262135922,97.83495145631068,1.0,1.0,1.4951456310679612,1.4911885048543683,1.6378964401294493,1.0407766990291263,0.9223300970873787,0.0,7042.392233009708,81.55533980582524,0.0,6.803883495145631,0.0,19.45631067961165,440.65631067961164,29.184466019417474,507.3941747572816,9.728155339805825,0.0,0.0,16.718446601941746
280,0.21330593769959474,0.20916403734870878,0.1407594967546059,0.13994884362266208,0.9544814167559241,0.9545299525780108,261.0,273.0,5.196679438058747,6.960622710622713,0.0,0.567826617826618,5.197509578544062,6.441697416974169,5.831296992481203,1.2,1.2,397.4496,413.96176,260.7699,67.57229999999997,-363.32030000000003,-153.61053999999996,-59104.89779999998,-62614.21310000005,-11.941103620474397,-13.1130789608448,6.098470661672911,-0.06254926686448703,0.0,0.9962546816479401,1.0,84.78089887640449,98.32771535580524,1.0,1.0,1.5112359550561798,1.5194969288389513,0.2902933832709114,0.7471910112359551,0.9606741573033708,0.0,6910.455056179775,15.114232209737828,0.0,13.361423220973784,0.0,19.925093632958802,348.4906367041198,29.8876404494382,516.4344569288389,9.962546816479401,0.0,0.0,2.303370786516854
281,0.21373919513017692,0.2097692236170613,0.14157900879615545,0.14080398644582257,0.954686423532422,0.954731443819304,260.0,265.0,8.05794871794872,7.197044025157231,1.1688461538461532,0.5393710691823901,6.997135416666667,6.683585858585859,6.837948717948718,1.2,1.2,400.7284,399.20183999999995,57.61839999999997,59.11599999999998,-156.88999999999996,-159.91416000000004,-59261.78779999998,-62774.12726000005,-12.801161142857135,-13.036333721708639,7.623396825396821,0.023837617422855836,0.0,0.9904761904761905,1.0,84.3104761904762,98.35047619047619,1.0,1.0,1.5047619047619047,1.5236766476190478,0.8511111111111108,1.0761904761904761,0.8228571428571428,0.0,7062.605714285714,45.20952380952381,0.0,10.038095238095238,0.0,19.80952380952381,406.33714285714285,29.714285714285715,518.8647619047618,9.904761904761905,0.0,0.0,5.857142857142857
282,0.21368652016212186,0.21127128686732838,0.1428568832578638,0.14190840000811653,0.9548841184998437,0.9549320149075434,279.0,276.0,8.796117084826765,5.904710144927539,1.9116487455197122,0.09571256038647342,7.248805031446541,5.808997584541062,6.514263709180531,1.2,1.2,405.03999999999996,413.8008,27.750099999999946,101.13989999999995,-122.71009999999998,-187.33909999999997,-59384.49789999997,-62961.46636000005,-13.35495615615615,-12.895217264577697,7.358228228228219,0.007296540385110911,0.0,0.9747747747747748,1.0,82.12792792792793,95.43783783783783,1.0,1.0,1.4972972972972973,1.4753888288288284,1.0085885885885881,0.9459459459459459,1.0522522522522522,0.0,6881.828828828829,45.001801801801804,0.0,10.4990990990991,0.0,19.495495495495497,380.97837837837835,29.243243243243242,500.5783783783784,9.747747747747749,0.0,0.0,15.513513513513514
283,0.21471596933419104,0.2116420769540344,0.14409786322285198,0.14326263656988353,0.955082935081167,0.9551378341611639,249.0,288.0,4.815327978580992,8.483159722222219,0.0006693440428380187,2.128356481481481,4.818741633199464,6.7793827160493825,5.8387283236994225,1.2,1.2,376.68216,417.9744,223.21499999999997,15.351499999999966,-346.53283999999996,-97.37709999999996,-59731.03073999997,-63058.84346000005,-13.28567970204842,-13.029539497975257,6.782433271260086,-0.04903567998859346,0.0,0.9664804469273743,1.0,83.41713221601489,96.97206703910615,1.0,1.0,1.5363128491620113,1.4798073743016749,1.1417752948479203,0.9031657355679702,1.0204841713221602,0.0,7053.247672253259,47.89199255121043,0.0,10.15270018621974,0.0,19.329608938547487,338.43947858472995,28.99441340782123,503.3780260707635,9.664804469273744,0.0,0.0,20.614525139664803
284,0.21498481563129193,0.21186929515541894,0.14639945875987384,0.14527561449355822,0.9552781928322054,0.9553268413924972,285.0,276.0,8.81573099415205,8.835628019323673,1.9020467836257295,2.8666062801932384,7.353358208955225,6.564209827357237,6.971708413615929,1.2,1.2,400.75288,393.68336,36.814399999999935,0.0,-136.06151999999992,-106.31664,-59867.092259999976,-63165.160100000045,-16.41190707070707,-13.223896859890328,8.825519904931667,0.02726730948460376,0.0,0.9251336898395722,1.0,85.06238859180036,98.53832442067736,1.0,1.0,1.4919786096256684,1.4161073796791441,2.3765894236482468,0.9376114081996435,0.893048128342246,0.0,6971.286987522281,96.55258467023172,0.0,5.106951871657754,0.0,18.502673796791445,386.93582887700535,27.754010695187166,481.6934046345811,9.251336898395722,0.0,0.0,46.0427807486631
285,0.2158908908680237,0.21201774454443836,0.14702803756645214,0.14594861718865504,0.9554593777012435,0.9555154373155498,277.0,272.0,5.752647412755715,8.678615196078429,0.024548736462093865,1.439093137254901,5.728941034897715,7.431383647798742,6.561316113161132,1.2,1.2,414.54136,409.44543999999996,213.88270000000003,37.041699999999985,-299.34134000000006,-127.59626000000003,-60166.433599999975,-63292.75636000004,-12.66736126290224,-13.036387584798055,7.202307225258052,-0.0401932173883379,0.0,0.9872495446265938,1.0,85.0327868852459,98.73952641165756,1.0,1.0,1.4954462659380692,1.5008867030965387,0.7253794778384939,1.0327868852459017,1.0765027322404372,0.0,7098.568306010929,35.681238615664846,0.0,10.918032786885245,0.0,19.744990892531877,388.61566484517306,29.617486338797814,509.73588342440803,9.872495446265939,0.0,0.0,7.841530054644808
286,0.2172746481800724,0.21294059117229502,0.14753849225925292,0.14635638771731665,0.9556480584591637,0.9557044677159069,268.0,245.0,3.9720149253731343,6.452040816326523,0.0,0.08748299319727891,3.979415422885572,6.367551020408164,5.119948018193632,1.2,1.2,414.75928,364.85888,270.90059999999994,111.99099999999999,-356.14131999999995,-247.13212,-60522.57491999998,-63539.888480000045,-11.38149603638726,-13.104731989844414,5.156432748538019,-0.11065729579303604,0.0,1.0,1.0,88.62962962962963,102.51656920077973,1.0,1.0,1.4775828460038987,1.5197235087719287,0.041780376868096165,0.7095516569200779,0.8128654970760234,0.0,6897.384015594542,2.50682261208577,0.0,14.600389863547758,0.0,20.0,306.8791423001949,30.0,516.0916179337232,10.0,0.0,0.0,0.0
287,0.21825914484688924,0.21264557019096572,0.14818570317208588,0.14719800236079678,0.9558429471532083,0.9558911538754412,297.0,244.0,6.889057239057241,8.810177595628415,0.33400673400673386,2.1999999999999997,6.601468926553672,6.893447293447292,6.73062381852552,1.2,1.2,459.51616,359.72736,136.71930000000003,19.381199999999964,-177.20314000000002,-159.65384,-60699.778059999975,-63699.542320000044,-13.473769808995684,-13.178711160238946,7.755514479359217,-0.01856048769537712,0.0,0.977818853974122,1.0,85.37707948243992,98.89279112754159,1.0,1.0,1.4510166358595193,1.5143133456561917,1.1756007393715344,1.1367837338262476,1.055452865064695,0.0,6865.961182994455,56.89463955637708,0.0,9.190388170055453,0.0,19.55637707948244,394.7948243992606,29.33456561922366,516.445471349353,9.77818853974122,0.0,0.0,13.641404805914972
288,0.21910366124636704,0.2134669490549644,0.15014544019999027,0.1489357000977328,0.9560329796750676,0.9560844853383378,274.0,268.0,6.335583941605838,6.965982587064676,0.23436739659367392,0.6297885572139303,6.125274725274725,6.410188679245283,6.2656133828996285,1.2,1.2,413.56584,408.35368000000005,78.77369999999999,107.01049999999995,-165.20786,-198.6568199999999,-60864.98591999998,-63898.19914000004,-12.34253234932348,-13.146996134576955,6.647293972939732,-0.06267146274403491,0.0,0.992619926199262,1.0,88.56088560885608,102.19926199261992,1.0,1.0,1.4944649446494465,1.5164566789667864,0.429889298892989,0.9630996309963099,0.8690036900369004,0.0,7030.215867158671,21.25461254612546,0.0,12.014760147601477,0.0,19.85239852398524,373.04428044280445,29.77859778597786,515.6088560885609,9.92619926199262,0.0,0.0,4.538745387453875
289,0.2204420220615097,0.21379353181710797,0.15113374374895597,0.14967597506480465,0.9562250288256784,0.9562772806481307,272.0,274.0,4.416789215686272,8.588199513381998,0.0,2.133515815085158,4.41905637254902,6.8297940797940795,5.594915254237288,1.2,1.2,407.34799999999996,395.39248,268.88929999999993,22.255899999999997,-361.5413,-126.86342000000002,-61226.527219999974,-64025.06256000004,-13.019575335775349,-13.091588194943705,6.510134310134311,-0.07031751074084015,0.0,0.9725274725274725,1.0,88.56043956043956,101.94139194139194,1.0,1.0,1.5018315018315018,1.4702206593406582,1.0706654456654456,0.8663003663003663,0.7967032967032966,0.0,7026.8626373626375,47.34432234432234,0.0,10.443223443223443,0.0,19.45054945054945,326.36813186813185,29.175824175824175,498.6794871794872,9.725274725274724,0.0,0.0,16.895604395604394
290,0.2213747237473717,0.21393613092888936,0.15251872963261695,0.15101810333206928,0.9564034076419653,0.9564635116965657,266.0,298.0,5.746929824561407,8.300838926174496,0.024874686716791983,1.8952460850111859,5.722807017543859,6.918417874396136,6.331642066420664,1.2,1.2,396.39056000000005,434.70288000000005,126.44049999999999,24.733999999999966,-230.04993999999994,-90.03111999999992,-61456.57715999997,-64115.09368000004,-13.961032624113475,-13.075872435538914,7.096335697399522,-0.02245548682639769,0.0,0.9609929078014184,1.0,86.93971631205673,100.01595744680851,1.0,1.0,1.5283687943262412,1.4735699290780138,1.0131205673758867,0.900709219858156,1.124113475177305,0.0,6919.925531914893,36.797872340425535,0.0,10.659574468085106,0.0,19.21985815602837,364.9929078014184,28.829787234042552,501.4326241134752,9.609929078014185,0.0,0.0,23.98936170212766
291,0.22137688828893767,0.21480696980526148,0.15321679627895468,0.15163848740017213,0.9565887267787925,0.9566512279174504,291.0,267.0,9.170332187857959,6.376779026217227,3.616151202749141,0.0885143570536829,6.4149470899470895,6.2925093632958795,6.351958895311497,1.2,1.2,388.06416,388.94232,1.1056000000000026,106.53529999999998,-113.04144,-217.59297999999998,-61569.61859999997,-64332.68666000004,-15.336605495818418,-13.069800170171707,7.833632019115891,-0.022407769642066682,0.0,0.9301075268817204,1.0,89.7258064516129,103.55017921146954,1.0,1.0,1.478494623655914,1.392484731182795,1.9281959378733564,0.9157706093189965,0.8028673835125448,0.0,6978.093189964157,72.7078853046595,0.0,8.42831541218638,0.0,18.602150537634408,354.326164874552,27.903225806451612,471.2562724014337,9.301075268817204,0.0,0.0,42.983870967741936
292,0.2222633628792369,0.21501884969837268,0.1545841085745117,0.15275149820418224,0.9567630326806512,0.9568393726621348,256.0,301.0,4.6521484375,9.133554817275746,0.0,3.7582502768549286,4.6546875,6.248712998713,5.456343042071198,1.2,1.2,391.3828,388.05592,364.5969999999999,12.925499999999985,-473.21419999999995,-124.86957999999997,-62042.832799999975,-64457.55624000004,-15.134669778575695,-12.853687845906311,7.073877917414719,-0.006067322534473786,0.0,0.9245960502692998,1.0,87.52423698384202,101.37163375224416,1.0,1.0,1.540394973070018,1.3993513824057446,2.030939557151407,0.800718132854578,0.9874326750448833,0.0,7011.122082585278,75.48294434470377,0.0,8.0754039497307,0.0,18.491921005385997,302.5763016157989,27.737881508078996,474.7737881508079,9.245960502692999,0.0,0.0,46.37342908438061
293,0.22377261142226082,0.21547924764721055,0.15506605972363308,0.15311542269257833,0.9569447957517176,0.957012724679141,269.0,261.0,4.2944237918215595,7.591762452107278,0.0,1.0947637292464882,4.295167286245353,6.598119325551232,5.420373891001267,1.2,1.2,420.99055999999996,379.2524,196.8372,42.793299999999974,-275.84664000000004,-163.54089999999997,-62318.67943999998,-64621.09714000004,-12.07660201257861,-13.323112228786188,5.918207547169815,-0.10373044868328465,0.0,0.9924528301886792,1.0,93.77924528301887,108.01509433962264,1.0,1.0,1.4924528301886792,1.50989237735849,0.5391194968553461,0.6132075471698113,0.8037735849056604,0.0,6901.494339622642,27.70566037735849,0.0,12.31132075471698,0.0,19.849056603773583,322.74528301886795,29.77358490566038,512.8830188679245,9.924528301886792,0.0,0.0,4.6415094339622645
294,0.22459923519363026,0.2158293977475678,0.15574833203033608,0.1538833958333708,0.9571299997991938,0.957191105328305,300.0,298.0,5.616722222222227,8.518400447427297,0.11961111111111111,3.6362416107382547,5.500055555555556,5.752503293807641,5.615551537070524,1.2,1.2,467.82312,380.18752000000006,144.6691,0.0,-176.84597999999997,-119.81247999999994,-62495.525419999976,-64740.90962000004,-15.585923299888519,-13.025087785671568,7.062709030100331,-0.04671951564556196,0.0,0.9247491638795987,1.0,86.25585284280936,99.40802675585284,1.0,1.0,1.4983277591973243,1.4180779933110357,1.8720457079152735,1.0334448160535117,0.7374581939799331,0.0,7225.991638795987,66.04347826086956,0.0,8.637123745819398,0.0,18.494983277591974,311.4397993311037,27.74247491638796,482.5635451505017,9.247491638795987,0.0,0.0,46.279264214046826
295,0.22536811141994964,0.21706767398416768,0.15693077814715817,0.15502403686597355,0.9573100501021966,0.9573623032974553,280.0,282.0,5.97285714285714,5.5737588652482275,0.08220238095238094,0.3452127659574468,5.89172619047619,5.2502372479240815,5.570409982174689,1.2,1.2,428.98720000000003,417.2892800000001,96.35969999999998,132.90169999999995,-167.37249999999995,-215.61241999999987,-62662.897919999974,-64956.52204000004,-11.70730438908658,-12.983843822356759,5.772597864768689,-0.08894094581709744,0.0,0.998220640569395,1.0,90.9306049822064,104.45373665480427,1.0,1.0,1.501779359430605,1.5058300355871872,0.21417556346381972,0.8861209964412812,0.8790035587188612,0.0,6842.61921708185,11.756227758007118,0.0,13.466192170818506,0.0,19.964412811387902,333.5053380782918,29.94661921708185,510.51601423487546,9.982206405693951,0.0,0.0,1.094306049822064
296,0.22643726917841178,0.21706485317873137,0.15821703291939979,0.15640246610664607,0.9574850234181952,0.957536960189019,288.0,261.0,5.072222222222224,9.699744572158368,0.007986111111111112,3.2802681992337157,5.066608796296296,7.316521106259097,6.063185041908446,1.2,1.2,443.94168,349.63815999999997,136.27779999999996,3.154699999999991,-192.33611999999994,-153.51654000000002,-62855.234039999974,-65110.03858000004,-14.770306739526417,-13.136217050236167,7.272191863995145,-0.02930106629415682,0.0,0.941712204007286,1.0,90.98907103825137,104.80327868852459,1.0,1.0,1.4754098360655739,1.4455006193078312,1.5636612021857919,0.9253187613843351,0.8688524590163934,0.0,7184.67941712204,57.97267759562842,0.0,9.595628415300547,0.0,18.83424408014572,342.511839708561,28.25136612021858,492.0109289617486,9.41712204007286,0.0,0.0,35.84699453551912
297,0.2270793056181558,0.2173073914200065,0.15916450763447457,0.15708082101299273,0.9576643282002818,0.9577107439609629,275.0,297.0,6.687333333333333,8.949607182940523,0.3690303030303031,1.9056116722783387,6.3204242424242425,7.367077464788733,6.852176505664878,1.2,1.2,417.8156,458.48072,104.80660000000007,11.553900000000006,-186.99100000000004,-53.07317999999999,-63042.225039999976,-65163.111760000036,-13.730273892773898,-13.332227502850222,7.86197552447552,-0.007274991855156568,0.0,0.9772727272727273,1.0,91.61363636363636,105.05594405594405,1.0,1.0,1.5192307692307692,1.531986573426572,1.166870629370629,0.7465034965034965,1.0524475524475525,0.0,7201.372377622378,56.03496503496503,0.0,8.604895104895105,0.0,19.545454545454547,401.7062937062937,29.318181818181817,523.8653846153846,9.772727272727273,0.0,0.0,13.977272727272727
298,0.22836295442571497,0.21815313576728862,0.1604251019508642,0.15835419977913218,0.9578361943947717,0.9578886047861243,317.0,254.0,5.202681388012615,7.228674540682408,0.0016298633017875917,0.475984251968504,5.202155625657204,6.80760582010582,5.9131810193321614,1.2,1.2,482.64512,379.64687999999995,117.15789999999998,138.86039999999997,-134.51277999999996,-259.21352,-63176.73781999997,-65422.325280000034,-11.863358318739053,-13.019669036224599,6.103911266783424,-0.08060920532657642,0.0,0.9964973730297724,1.0,90.61821366024519,103.75131348511384,1.0,1.0,1.4448336252189142,1.5101436077057773,0.21263864565090487,0.7373029772329247,1.0718038528896672,0.0,6851.903677758319,10.604203152364272,0.0,13.688266199649737,0.0,19.929947460595447,353.47635726795096,29.89492119089317,512.5148861646235,9.964973730297723,0.0,0.0,2.1541155866900175
299,0.2292238302012066,0.2183816859215355,0.1615311644326166,0.1594305225445543,0.9580145918673352,0.9580628908897325,289.0,292.0,5.833333333333332,9.193493150684933,0.015916955017301036,2.412157534246575,5.817531718569781,7.149157641395909,6.469228504122497,1.2,1.2,434.78752000000003,431.56408,165.92079999999993,9.929399999999973,-231.1332799999999,-78.36531999999998,-63407.871099999975,-65500.69060000003,-13.542620768789437,-12.96891109265073,7.522088353413658,0.03674064774577461,0.0,0.9741824440619621,1.0,91.4406196213425,105.06884681583477,1.0,1.0,1.5025817555938037,1.4911387263339058,1.220223752151463,0.9982788296041308,1.2598967297762478,0.0,7054.511187607573,57.33562822719449,0.0,9.783132530120483,0.0,19.483648881239244,378.1118760757315,29.225473321858864,507.2134251290878,9.741824440619622,0.0,0.0,15.877796901893287
300,0.23063892259504384,0.2191518319571586,0.16248255633949493,0.1600508943049986,0.9581851993945566,0.9582383918579612,302.0,278.0,4.242991169977924,7.083752997601918,0.0,0.7705635491606718,4.244977924944813,6.42881562881563,5.281826086956522,1.2,1.2,451.94,420.49056,268.5476,53.587599999999995,-316.6076,-133.09704,-63724.47869999998,-65633.78764000002,-11.977250344827597,-13.102024782014848,5.604597701149429,-0.09164582098785073,0.0,0.9913793103448276,1.0,93.97586206896551,107.68793103448276,1.0,1.0,1.4793103448275862,1.504190620689655,0.36933908045977026,0.7965517241379311,1.0034482758620689,0.0,6853.222413793103,16.858620689655172,0.0,13.051724137931034,0.0,19.82758620689655,314.11551724137934,29.74137931034483,510.63275862068963,9.913793103448276,0.0,0.0,5.301724137931035
301,0.23195093601002642,0.2203110768994158,0.1640744916889982,0.16145424970824981,0.9583572203699169,0.9584126640145647,281.0,305.0,4.98760379596679,5.308907103825136,0.0,0.030054644808743168,4.9890865954922905,5.27896174863388,5.139960182025029,1.2,1.2,422.98735999999997,471.61616000000004,191.2031,213.08610000000002,-268.21574000000004,-241.46993999999998,-63992.69443999998,-65875.25758000002,-11.424995904436855,-13.086947336858767,5.15483503981797,-0.11087892987751298,0.0,1.0,1.0,91.99317406143345,105.37201365187714,1.0,1.0,1.5204778156996588,1.5266271672354943,0.01564277588168373,0.8720136518771331,0.8993174061433447,0.0,6859.295221843004,0.9385665529010239,0.0,14.62457337883959,0.0,20.0,308.35153583617745,30.0,518.9778156996587,10.0,0.0,0.0,0.0
302,0.23351707561626098,0.22093598726331176,0.16556545241188714,0.1625329516780864,0.9585328136958593,0.9585874834113147,302.0,289.0,4.450883002207503,7.1257785467128025,0.0018763796909492274,1.6383506343713956,4.449613686534216,5.787956204379562,5.086255787037037,1.2,1.2,455.69792,418.00792,215.10919999999993,4.6992999999999725,-259.4112799999999,-86.69137999999995,-64252.10571999998,-65961.94896000002,-12.668014664410613,-13.04422010095867,5.758911449520588,-0.0836716613329942,0.0,0.9746192893401016,1.0,94.74111675126903,108.51099830795262,1.0,1.0,1.4890016920473774,1.4783516751269026,0.8021150592216583,0.7140439932318104,0.8883248730964467,0.0,7103.081218274112,32.51776649746193,0.0,11.77326565143824,0.0,19.492385786802032,297.4077834179357,29.238578680203045,501.83756345177665,9.746192893401016,0.0,0.0,15.609137055837563
303,0.23464814000797596,0.22086274597123962,0.1665531041575974,0.1634814681806236,0.9587008153395687,0.9587567851196479,265.0,298.0,4.394025157232705,9.24977628635346,0.0,4.717897091722597,4.395849056603773,5.58236914600551,4.962195923734386,1.2,1.2,404.28664000000003,375.42944,214.16499999999994,0.19349999999999312,-309.87835999999993,-124.76406,-64561.98407999998,-66086.71302000002,-16.560111308466542,-13.133927495045212,6.964209591474246,-0.00044329263178943373,0.0,0.9005328596802842,1.0,93.90941385435168,107.32859680284191,1.0,1.0,1.5293072824156306,1.3849308703374776,2.497217288336295,0.8099467140319716,0.7779751332149201,0.0,7242.591474245115,88.6607460035524,0.0,7.982238010657194,0.0,18.010657193605685,268.01953818827707,27.015985790408525,471.5790408525755,9.005328596802842,0.0,0.0,61.172291296625225
304,0.234937694213234,0.2215725336604136,0.16837187380354499,0.16500558167476428,0.9588653507385869,0.9589195329498037,294.0,272.0,7.832539682539685,7.735539215686273,0.6917800453514733,0.5417892156862745,7.167178612059158,7.1937500000000005,7.179970501474926,1.2,1.2,453.0476,413.40008,99.39700000000002,43.74359999999999,-146.34940000000003,-130.34351999999998,-64708.33347999998,-66217.05654000002,-12.598964428739702,-13.191957450844109,7.7859246171967,-0.030286009088009012,0.0,0.9982332155477032,1.0,95.67491166077738,109.53003533568905,1.0,1.0,1.480565371024735,1.5308262897526494,0.6196996466431093,0.9081272084805654,1.0971731448763251,0.0,7063.95406360424,36.09540636042403,0.0,10.76148409893993,0.0,19.964664310954063,429.97349823321554,29.946996466431095,520.9434628975265,9.982332155477032,0.0,0.0,1.0865724381625441
305,0.23536422111597502,0.22174800545647955,0.169456763273361,0.16585022429388976,0.9590278548116901,0.9590823312691169,284.0,297.0,6.313438967136152,8.358305274971938,0.4123239436619717,1.4347362514029185,5.922673733804476,7.240492957746478,6.582745443856555,1.2,1.2,421.64632000000006,437.62520000000006,54.47990000000001,23.350600000000007,-132.83357999999996,-85.72539999999995,-64841.16705999998,-66302.78194000002,-13.132696270797492,-13.003624874451873,7.35874928284567,-0.033040089253543695,0.0,0.9759036144578314,1.0,95.54044750430293,108.95352839931154,1.0,1.0,1.5111876075731498,1.4789527022375202,0.9349684452094094,0.8227194492254734,0.891566265060241,0.0,6991.903614457831,41.278829604130806,0.0,9.951807228915662,0.0,19.518072289156628,385.42685025817553,29.27710843373494,501.9380378657487,9.759036144578314,0.0,0.0,14.819277108433734
306,0.23544152127288262,0.22253367259375037,0.16925117101181975,0.16518368829130345,0.9592024625059858,0.9592471045773504,265.0,334.0,8.234842767295603,7.4678642714570875,1.1065408805031451,1.0199600798403194,7.185487959442333,6.5866972477064225,6.85361581920904,1.2,1.2,397.17536,498.04560000000004,57.99449999999994,42.81429999999998,-160.81913999999992,-44.768699999999946,-65001.98619999998,-66347.55064000002,-13.137229604897055,-12.935603185217218,7.80717863105175,-0.003786804348108107,0.0,0.9849749582637729,1.0,95.12520868113522,108.61936560934892,1.0,1.0,1.5575959933222037,1.4945258096828038,1.0582637729549247,0.8781302170283807,1.2470784641068446,0.0,7099.921535893155,54.25542570951586,0.0,9.175292153589316,0.0,19.69949916527546,404.93489148580966,29.54924874791319,507.35225375626044,9.84974958263773,0.0,0.0,9.240400667779634
307,0.23667155507874346,0.22266658408062295,0.17060989749453132,0.166252692202871,0.9593700027834473,0.9594079047117304,286.0,280.0,4.377214452214449,9.208452380952389,0.0,2.4535119047619034,4.382575757575759,7.331847545219638,5.781311274509805,1.2,1.2,430.40488,382.59216000000004,209.36739999999998,25.927799999999984,-278.96252,-143.33563999999996,-65280.94871999998,-66490.88628000002,-13.7488047114252,-12.977936545518965,6.767226148409901,-0.057088237709490355,0.0,0.9611307420494699,1.0,97.04416961130742,111.01413427561837,1.0,1.0,1.4946996466431095,1.4363905300353346,1.2137514723203764,0.7367491166077739,1.0017667844522968,0.0,7239.031802120141,48.920494699646646,0.0,9.803886925795053,0.0,19.2226148409894,333.208480565371,28.833922261484098,485.93109540636044,9.6113074204947,0.0,0.0,23.90459363957597
308,0.2376611622862893,0.2234591469704552,0.17165017316872214,0.16715021864304794,0.9595307218945156,0.9595647006267258,295.0,290.0,5.029999999999999,6.980459770114942,0.035254237288135586,0.3808045977011493,4.995423728813559,6.599655172413793,5.790683760683761,1.2,1.2,443.76112,452.44448,202.7616,109.64929999999995,-259.00048,-157.20481999999996,-65539.94919999997,-66648.09110000002,-11.795933903133905,-13.02876848325996,5.996894586894587,-0.0739934734235071,0.0,1.0,1.0,97.31794871794872,110.93333333333334,1.0,1.0,1.4957264957264957,1.5319753846153832,0.20655270655270652,0.8495726495726496,0.9606837606837607,0.0,7046.276923076923,12.393162393162394,0.0,12.988034188034188,0.0,20.0,347.42051282051284,30.0,521.1897435897436,10.0,0.0,0.0,0.0
309,0.2379778740373363,0.2246719403968808,0.1719683879398952,0.16738749341315098,0.9596909578964169,0.9597280524528443,286.0,288.0,7.4624125874125795,5.209722222222224,0.6698135198135196,0.0,6.865194346289753,5.209722222222223,6.030210157618214,1.2,1.2,428.75199999999995,450.75239999999997,71.47409999999999,223.95719999999994,-142.72210000000004,-273.2048,-65682.67129999997,-66921.29590000003,-12.172590940766549,-13.176392036656077,6.33214285714286,-0.05515446818660528,0.0,0.9947735191637631,1.0,99.01393728222996,112.51393728222996,1.0,1.0,1.5017421602787457,1.5322376306620196,0.3337398373983739,0.7857142857142857,0.7334494773519163,0.0,7128.841463414634,16.810104529616726,0.0,12.973867595818815,0.0,19.89547038327526,359.90418118466897,29.843205574912893,521.9181184668989,9.94773519163763,0.0,0.0,3.2142857142857144
310,0.23852171801113978,0.22515882658456557,0.17360051723844824,0.1686477752723835,0.9598497219244311,0.9598837986861486,291.0,297.0,5.2249140893470765,8.540179573512903,0.010366552119129438,1.8300224466891144,5.218671248568155,7.119285714285714,6.150671336835961,1.2,1.2,443.88144,432.66688,70.83709999999996,9.384499999999974,-126.95565999999997,-76.71761999999998,-65809.62695999998,-66998.01352000002,-13.502647165532874,-13.094749876904455,6.899461451247169,-0.049580119226765744,0.0,0.9710884353741497,1.0,98.70068027210884,112.18027210884354,1.0,1.0,1.5051020408163265,1.4907284353741481,0.9294784580498869,0.9982993197278912,0.8316326530612245,0.0,7096.108843537415,37.98809523809524,0.0,10.518707482993197,0.0,19.421768707482993,358.19897959183675,29.132653061224488,507.4013605442177,9.710884353741497,0.0,0.0,17.78061224489796
311,0.23852904720803597,0.2250659585346714,0.17449934765861197,0.16931835416124738,0.960012216605278,0.9600363838931006,284.0,302.0,8.272887323943662,9.141666666666659,1.49712441314554,2.159161147902869,6.922002398081536,7.400877192982456,7.164416814683244,1.2,1.2,428.25008,441.62904000000003,38.94209999999996,11.98249999999998,-110.69201999999993,-70.35345999999996,-65920.31897999998,-67068.36698000002,-14.586443686006836,-13.0794383833023,8.720620022753126,0.05727750440856576,0.0,0.9607508532423208,1.0,98.56996587030717,112.37542662116041,1.0,1.0,1.515358361774744,1.484435358361774,1.838310580204779,1.023890784982935,1.0546075085324231,0.0,6845.110921501707,86.160409556314,0.0,5.643344709897611,0.0,19.215017064846418,412.938566552901,28.822525597269625,505.98805460750856,9.607508532423209,0.0,0.0,24.138225255972696
312,0.2396735647538125,0.2258509857594134,0.1757419851636145,0.17017433154527967,0.9601629233932368,0.9602019627268418,290.0,306.0,4.241321839080461,6.705664488017432,0.0,0.4463507625272332,4.242298850574713,6.262472766884532,5.279502237136465,1.2,1.2,444.50072,459.41592,236.4598,59.72889999999999,-291.95908,-100.31297999999995,-66212.27805999998,-67168.67996000002,-11.501878970917215,-13.015687167668002,5.506571588366889,-0.08188752308777948,0.0,1.0,1.0,99.26510067114094,112.53859060402685,1.0,1.0,1.5134228187919463,1.5166386577181192,0.22916666666666674,0.7030201342281879,0.8808724832214765,0.0,7053.0385906040265,13.75,0.0,13.416107382550335,0.0,20.0,316.6442953020134,30.0,514.8171140939597,10.0,0.0,0.0,0.0
313,0.2406301971982682,0.2267288405867092,0.17686413185150995,0.17129243556790572,0.9603299996065499,0.9603534052375967,290.0,290.0,4.693390804597701,6.591379310344828,0.0,0.6975287356321838,4.6946551724137935,5.914244521337946,5.303396660909615,1.2,1.2,432.90176,440.26840000000004,196.06749999999994,117.07389999999995,-263.1657399999999,-176.8054999999999,-66475.44379999998,-67345.48546000003,-11.562923448275859,-12.987506520196558,5.6423850574712615,-0.07851745365453192,0.0,0.9982758620689656,1.0,100.35,113.75862068965517,1.0,1.0,1.5,1.5054657931034474,0.3487643678160919,0.6896551724137931,1.0086206896551724,0.0,6819.415517241379,19.86551724137931,0.0,12.98103448275862,0.0,19.96551724137931,317.61724137931037,29.948275862068964,510.3724137931035,9.982758620689655,0.0,0.0,1.0603448275862069
314,0.24111268203070788,0.22728087569722613,0.17788261165701544,0.17223890120278262,0.9604839134003897,0.9605081809918311,322.0,268.0,7.326656314699796,7.182462686567158,0.643478260869565,0.7567786069651742,6.788590956887487,6.498930817610062,6.6567010309278345,1.2,1.2,488.47616,399.01144,39.49730000000003,86.26239999999999,-51.02114000000004,-187.25096,-66526.46493999998,-67532.73642000003,-13.038015593220353,-13.093686572379008,7.261158192090402,-0.033876243749553045,0.0,0.9864406779661017,1.0,100.80677966101695,114.27118644067797,1.0,1.0,1.4542372881355932,1.5042162711864395,0.6949435028248586,0.7711864406779662,0.940677966101695,0.0,6872.545762711864,33.35762711864407,0.0,10.552542372881357,0.0,19.728813559322035,393.9728813559322,29.593220338983052,511.22033898305085,9.864406779661017,0.0,0.0,8.338983050847459
315,0.2422788316815239,0.2284450007052811,0.17846243503627116,0.17287163924387322,0.9606285543940807,0.960659148653652,282.0,277.0,4.367612293144209,5.550240673886883,0.0,0.08965102286401926,4.370449172576833,5.463718411552347,4.912194394752534,1.2,1.2,429.47015999999996,421.56232,293.1058999999999,139.02599999999995,-363.63573999999994,-217.46367999999995,-66890.10067999997,-67750.20010000003,-11.317613118664278,-13.10858079032192,4.953637447823497,-0.11529950416672859,0.0,1.0,1.0,104.86225402504472,118.7030411449016,1.0,1.0,1.4955277280858676,1.5224194633273682,0.04442456768038163,0.817531305903399,0.6601073345259392,0.0,7177.604651162791,2.665474060822898,0.0,14.706618962432916,0.0,20.0,294.5527728085868,30.0,517.2182468694097,10.0,0.0,0.0,0.0
316,0.24307953510534255,0.22962815963118818,0.17982136687391248,0.17371749616077348,0.9607808908451275,0.9608162907316639,306.0,268.0,4.9631263616557755,4.16337064676617,0.0,0.0,4.964978213507626,4.16337064676617,4.590708478513356,1.2,1.2,466.37952,409.42264,194.98,240.5174,-228.60047999999998,-331.09476,-67118.70115999997,-68081.29486000004,-11.193584436701512,-13.166454098387138,4.589721254355395,-0.10895093359741617,0.0,1.0,1.0,104.68989547038328,118.63240418118467,1.0,1.0,1.4668989547038327,1.5257877351916362,0.0,0.6933797909407665,0.6167247386759582,0.0,7111.778745644599,0.0,0.0,15.0,0.0,20.0,275.38327526132406,30.0,518.6271777003484,10.0,0.0,0.0,0.0
317,0.24403809474330976,0.2299040932731663,0.18054009748642622,0.17435975955346014,0.9609329164307401,0.9609685816523039,306.0,302.0,5.128322440087145,8.572461368653414,0.012037037037037039,1.554139072847683,5.1189542483660135,7.308735632183907,6.184451901565995,1.2,1.2,469.78176,433.04264,255.23039999999992,42.3804,-285.4486399999999,-109.33776,-67404.14979999997,-68190.63262000003,-12.880214912280707,-13.028184818349647,6.839062499999998,-0.04114038843816517,0.0,0.9802631578947368,1.0,101.38157894736842,114.95230263157895,1.0,1.0,1.4967105263157894,1.484908552631578,0.7780153508771933,0.6726973684210527,1.0625,0.0,7044.5328947368425,34.54276315789474,0.0,11.006578947368421,0.0,19.605263157894736,363.66282894736844,29.407894736842106,503.90625,9.802631578947368,0.0,0.0,12.138157894736842
318,0.2451094275724249,0.23057291041611225,0.1827455123209106,0.17631178613125786,0.9610860801893223,0.9611151453249319,286.0,304.0,4.165501165501166,7.037993421052638,0.0,0.20010964912280696,4.167948717948718,6.838541666666666,5.543983050847458,1.2,1.2,443.04664,453.7192,255.03529999999992,132.59559999999996,-311.98865999999987,-178.87639999999996,-67716.13845999997,-68369.50902000003,-11.57859186440678,-13.115384495505428,5.6455649717514165,-0.09401546735912975,0.0,1.0,1.0,104.4135593220339,117.99661016949153,1.0,1.0,1.5152542372881357,1.5199421016949142,0.10310734463276833,0.6813559322033899,0.9067796610169492,0.0,7043.301694915254,6.186440677966102,0.0,14.083050847457628,0.0,20.0,332.54745762711866,30.0,516.1966101694916,10.0,0.0,0.0,0.0
319,0.24612459064305384,0.23105143048959664,0.18344460178945715,0.17696594272438979,0.9612326502599537,0.9612651346814102,282.0,300.0,4.744858156028368,8.004111111111104,0.0007092198581560283,1.5695000000000003,4.7482860520094565,6.523592342342344,5.657439446366782,1.2,1.2,435.38256,456.67976,283.91899999999987,3.4017000000000053,-348.53643999999986,-46.72194000000002,-68064.67489999997,-68416.23096000003,-12.33932829324169,-13.138629165569942,6.424885452462769,-0.06391872492697627,0.0,0.993127147766323,1.0,102.45017182130584,116.13230240549828,1.0,1.0,1.5154639175257731,1.5327531271477641,0.809364261168385,0.8608247422680413,1.0,0.0,7057.931271477663,44.33505154639175,0.0,10.592783505154639,0.0,19.86254295532646,336.93127147766324,29.79381443298969,522.3247422680413,9.93127147766323,0.0,0.0,4.22680412371134
320,0.2466056470199799,0.23113066373066501,0.18355951952673955,0.17706034261727652,0.9613777284479098,0.9614133494678953,291.0,293.0,6.149885452462774,8.857906712172925,0.159106529209622,2.2313993174061433,5.991924398625429,6.934166666666666,6.453969643899592,1.2,1.2,435.51408,436.21912,155.91589999999997,14.521800000000006,-220.40182,-78.30268000000004,-68285.07671999997,-68494.53364000002,-13.352254566210034,-13.108802436615782,7.508533105022833,-0.029982842013916208,0.0,0.9777397260273972,1.0,103.54623287671232,117.3527397260274,1.0,1.0,1.5017123287671232,1.4926938356164374,1.1988013698630138,0.7431506849315068,1.0102739726027397,0.0,7105.537671232877,58.238013698630134,0.0,9.131849315068493,0.0,19.554794520547944,378.583904109589,29.33219178082192,507.43150684931504,9.777397260273972,0.0,0.0,13.690068493150685
321,0.2476395328785805,0.23244248286826846,0.18471084968156318,0.17763454287667277,0.9615279084225173,0.9615591068440724,300.0,290.0,4.6514999999999995,4.546609195402302,0.0,0.0,4.653277777777777,4.549827586206897,4.602429378531074,1.2,1.2,458.48424,448.9952,259.5609999999999,257.71569999999997,-301.0767599999999,-308.72049999999996,-68586.15347999996,-68803.25414000002,-11.276322937853104,-13.043733925932575,4.599943502824859,-0.08115723934331001,0.0,1.0,1.0,102.6728813559322,116.09152542372881,1.0,1.0,1.4915254237288136,1.5381007457627116,0.0,0.752542372881356,0.8050847457627118,0.0,7221.3,0.0,0.0,15.0,0.0,20.0,275.99661016949153,30.0,523.7525423728814,10.0,0.0,0.0,0.0
322,0.24882156286197032,0.2328032409417717,0.1859760540921116,0.17880112656859024,0.9616677075370986,0.9617094041792293,285.0,315.0,4.0442105263157915,7.861005291005292,0.0,1.7769312169312173,4.044327485380117,6.368327796234773,5.238054607508532,1.2,1.2,441.31536000000006,450.38248,291.06960000000004,38.53869999999998,-349.75424,-88.15621999999999,-68935.90771999996,-68891.41036000002,-12.774730222222225,-12.949889124909403,6.048027777777778,-0.04893137291977559,0.0,0.9766666666666667,1.0,104.53,118.135,1.0,1.0,1.525,1.4861630666666645,0.9328888888888891,0.8533333333333334,0.88,0.0,6840.86,41.623333333333335,0.0,10.513333333333334,0.0,19.533333333333335,306.90833333333336,29.3,504.8383333333333,9.766666666666667,0.0,0.0,14.35
323,0.24933212398098897,0.2338049573929202,0.18705880498154573,0.17973898248147077,0.9618057709847891,0.961857023674171,287.0,303.0,5.680836236933796,6.507150715071502,0.15987224157955862,0.18751375137513754,5.520963995354239,6.362624584717607,5.951814058956916,1.2,1.2,441.89984,469.57744,174.33710000000002,123.80479999999996,-232.43726000000004,-154.22735999999992,-69168.34497999997,-69045.63772000003,-12.089860564971751,-13.10693625343093,6.105197740112999,-0.016383626875301937,0.0,0.9966101694915255,1.0,104.94745762711864,118.82881355932203,1.0,1.0,1.5135593220338983,1.544876745762711,0.17406779661016952,0.8016949152542373,0.976271186440678,0.0,6963.094915254237,8.359322033898305,0.0,13.77457627118644,0.0,19.93220338983051,355.8677966101695,29.89830508474576,526.9745762711865,9.966101694915254,0.0,0.0,2.0847457627118646
324,0.25058633638778505,0.2353605814247534,0.18768227717485478,0.1801339213290584,0.9619486520757723,0.9619977192932214,312.0,282.0,4.601068376068377,3.7263002364066242,0.0,0.0,4.602083333333333,3.7291962174940902,4.187682379349046,1.2,1.2,478.03296,434.41584,190.03739999999993,253.1669,-212.00443999999993,-318.75106,-69380.34941999997,-69364.38878000002,-11.097947250280592,-13.169414167518015,4.185774410774404,-0.14635023986902254,0.0,1.0,1.0,104.60774410774411,117.93434343434343,1.0,1.0,1.4747474747474747,1.5361090909090895,0.0,0.7626262626262627,0.6818181818181818,0.0,6864.358585858586,0.0,0.0,15.0,0.0,20.0,251.14646464646464,30.0,522.9276094276095,10.0,0.0,0.0,0.0
325,0.2508874402609397,0.23620936662584271,0.18913731622777558,0.18152499905016287,0.9620940797609937,0.962141642157999,287.0,322.0,6.992392566782812,6.9702380952380905,0.3040650406504065,0.6329192546583849,6.690476190476191,6.400052246603971,6.537596259625962,1.2,1.2,444.44504,466.85296000000005,100.42549999999999,73.9958,-155.98046,-107.14283999999995,-69536.32987999998,-69471.53162000002,-12.181112205801861,-12.953807669912509,6.98067870826492,-0.030202903314699017,0.0,0.9950738916256158,1.0,104.27750410509032,117.76190476190476,1.0,1.0,1.528735632183908,1.4963842364532007,0.47794198139025734,0.8522167487684729,0.9326765188834154,0.0,6967.957307060756,25.64696223316913,0.0,11.949096880131362,0.0,19.901477832512317,390.16420361247947,29.852216748768473,506.9376026272578,9.950738916256158,0.0,0.0,3.0295566502463056
326,0.2519647226474461,0.2376887875599042,0.19005418895170073,0.18226747195748338,0.9622299108493071,0.9622843184671016,293.0,282.0,4.320193401592717,3.951122931442082,0.0,0.0,4.321843003412969,3.9511229314420806,4.1400289855072465,1.2,1.2,448.43215999999995,426.04967999999997,239.44979999999998,285.7634,-291.01764000000003,-359.71372,-69827.34751999998,-69831.24534000002,-10.981731942028988,-13.073036770566237,4.1391884057971,-0.14270038316795147,0.0,1.0,1.0,106.98086956521739,120.79130434782608,1.0,1.0,1.4904347826086957,1.520837982608695,0.0,0.72,0.7739130434782608,0.0,6972.253913043478,0.0,0.0,15.0,0.0,20.0,248.3513043478261,30.0,516.56,10.0,0.0,0.0,0.0
327,0.253012072083609,0.23810348922332106,0.1910445933843943,0.1828899513648516,0.9623715711228427,0.9624215331922874,306.0,291.0,4.639379084967324,8.131443298969069,0.0,1.266437571592211,4.641394335511983,7.084101654846335,5.812896825396825,1.2,1.2,469.53792,423.86472000000003,225.278,52.1193999999999,-255.74008,-128.25467999999987,-70083.08759999998,-69959.50002000002,-12.42687727526522,-13.033689944583754,6.341541038525965,-0.061674255328620683,0.0,0.9849246231155779,1.0,107.91624790619765,121.85092127303183,1.0,1.0,1.4874371859296482,1.496486834170853,0.6173087660524846,0.6934673366834171,0.8994974874371859,0.0,6968.631490787269,27.76716917922948,0.0,11.716917922948074,0.0,19.698492462311556,343.4539363484087,29.547738693467338,508.1842546063652,9.849246231155778,0.0,0.0,9.271356783919598
328,0.2536078066910277,0.23886155819760782,0.19195187545913808,0.18352448947213335,0.9625129976700809,0.96256048743969,307.0,316.0,5.38056460369164,7.319145569620253,0.37269272529858843,0.978006329113924,5.058607456140351,6.444372990353698,5.759376693766938,1.2,1.2,458.08888,479.43824,124.24410000000002,34.259899999999995,-166.15521999999999,-54.82165999999999,-70249.24281999998,-70014.32168000002,-12.416775601926156,-13.01004861512926,6.363857677902625,-0.03618837466833054,0.0,0.9871589085072231,1.0,106.46067415730337,119.73515248796147,1.0,1.0,1.507223113964687,1.5048589406099508,0.6797217763509897,0.8747993579454254,0.8908507223113965,0.0,7053.736757624398,32.88603531300161,0.0,11.765650080256822,0.0,19.74317817014446,341.04815409309793,29.614767255216695,511.40770465489567,9.87158908507223,0.0,0.0,7.897271268057785
329,0.2547434785152806,0.2403927578378659,0.19271411033326574,0.18410015855921902,0.962650817728813,0.9626987718728257,290.0,301.0,4.737068965517245,3.9470099667774106,0.06885057471264368,0.0,4.671149425287356,3.949612403100775,4.303666102650873,1.2,1.2,439.48136,453.43935999999997,205.96719999999996,363.92719999999997,-266.48583999999994,-410.48784,-70515.72865999998,-70424.80952000002,-10.996227185561198,-13.041491455813471,4.334686971235193,-0.14407842205480098,0.0,1.0,1.0,107.15736040609137,120.39763113367174,1.0,1.0,1.509306260575296,1.510864162436546,0.03378454596728709,0.637901861252115,0.7038917089678511,0.0,7132.331641285956,2.027072758037225,0.0,14.77326565143824,0.0,20.0,258.05414551607447,30.0,512.409475465313,10.0,0.0,0.0,0.0
330,0.2556365519910191,0.24100047672079347,0.19307067113640738,0.184574462719572,0.9627879925994328,0.9628340531026476,319.0,307.0,4.535893416927903,8.01400651465798,0.0,1.258306188925082,4.53730407523511,6.8675496688741715,5.670531400966183,1.2,1.2,486.38368,447.39512,188.33789999999993,37.89139999999993,-201.9542199999999,-90.49627999999991,-70717.68287999998,-70515.30580000003,-11.992244515441973,-12.89756712996253,6.241613418530355,-0.0654044700244034,0.0,0.9920127795527156,1.0,108.01597444089457,121.45367412140575,1.0,1.0,1.4904153354632588,1.4916594249201263,0.6170926517571887,0.8099041533546326,0.9968051118210862,0.0,7001.722044728434,32.11341853035144,0.0,12.044728434504792,0.0,19.840255591054312,337.4712460063898,29.76038338658147,505.3338658146965,9.920127795527156,0.0,0.0,4.912140575079873
331,0.2563605361730191,0.2422595782812196,0.19502233716159145,0.18649737466603292,0.9629253335352468,0.9629685818659417,288.0,306.0,4.752025462962961,5.329901960784311,0.0,0.1335511982570806,4.752604166666667,5.199237472766884,4.982687991021325,1.2,1.2,441.46416,468.55008,411.9855,166.64,-470.52134,-198.08992,-71188.20421999999,-70713.39572000003,-11.417330864197526,-13.082103760256938,5.049719416386083,-0.08574439678439974,0.0,1.0,1.0,109.32154882154882,122.78282828282828,1.0,1.0,1.5151515151515151,1.532010505050504,0.06879910213243545,0.835016835016835,0.8383838383838383,0.0,7096.927609427609,4.127946127946128,0.0,14.483164983164983,0.0,20.0,298.8552188552189,30.0,521.2171717171717,10.0,0.0,0.0,0.0
332,0.2572555317574765,0.24337592781071554,0.19616451390048667,0.1875563895985827,0.9630610541551482,0.9631008793242845,307.0,287.0,5.339685124864277,5.957433217189315,0.06292073832790446,0.2663182346109176,5.278501628664495,5.691114982578398,5.477861952861953,1.2,1.2,457.39336000000003,432.41743999999994,228.99019999999996,152.83869999999996,-271.59683999999993,-220.42126000000002,-71459.80105999998,-70933.81698000003,-11.435455667788977,-13.014106488600197,5.638159371492702,-0.09227339141112909,0.0,1.0,1.0,111.46632996632997,124.92929292929293,1.0,1.0,1.4831649831649831,1.4979979797979783,0.16119528619528622,0.6851851851851852,0.8552188552188552,0.0,6959.69696969697,9.671717171717171,0.0,13.478114478114477,0.0,20.0,328.6178451178451,30.0,507.06060606060606,10.0,0.0,0.0,0.0
333,0.2586440227554388,0.24412301225427058,0.19830214619916806,0.1895459664478767,0.9631928562352186,0.9632379008484561,304.0,307.0,3.9319627192982445,6.283441910966341,0.0,0.3175895765472313,3.935361842105263,5.96585233441911,4.955591925804692,1.2,1.2,464.6173600000001,465.04240000000004,282.6294999999999,52.575900000000054,-318.0121399999998,-87.5335,-71777.81319999999,-71021.35048000004,-11.375911838516096,-13.086205990028699,5.113475177304965,-0.10761321733395031,0.0,1.0,1.0,110.52864157119477,124.03436988543372,1.0,1.0,1.5024549918166938,1.5215380687397695,0.15957446808510642,0.6333878887070377,0.9198036006546645,0.0,6987.315875613748,9.574468085106384,0.0,13.620294599018003,0.0,20.0,297.2340425531915,30.0,516.8494271685761,10.0,0.0,0.0,0.0
334,0.25953791122615655,0.2453616528706273,0.19923150158292643,0.19012404396276406,0.9633182978523083,0.9633685507763906,310.0,294.0,4.600913978494618,5.335884353741496,5.3763440860215054e-05,0.012811791383219955,4.603440860215054,5.323072562358276,4.953725165562914,1.2,1.2,478.39432000000005,452.40672000000006,229.76519999999996,203.32059999999996,-251.37087999999991,-250.9138799999999,-72029.18407999999,-71272.26436000003,-11.438761368653429,-13.105593433653029,4.958664459161155,-0.08800519676393716,0.0,1.0,1.0,112.20198675496688,125.68211920529801,1.0,1.0,1.4867549668874172,1.5410613245033105,0.0062637969094922735,0.7599337748344371,0.8162251655629139,0.0,7114.867549668874,0.3758278145695364,0.0,14.92384105960265,0.0,20.0,297.14403973509934,30.0,524.9966887417219,10.0,0.0,0.0,0.0
335,0.2602158970978841,0.24627799280443902,0.19897926671479613,0.18981453847373328,0.9634493513709125,0.9635036775767913,268.0,315.0,4.382524875621892,6.3830158730158715,0.0,0.23428571428571432,4.385012437810945,6.14925925925926,5.338250428816466,1.2,1.2,415.11472000000003,473.35824,336.4583999999999,96.85039999999988,-421.3436799999999,-123.49215999999986,-72450.52776,-71395.75652000002,-11.53140331618067,-13.161383501937994,5.463407661520868,-0.08919322345650657,0.0,1.0,1.0,114.68096054888508,128.59519725557462,1.0,1.0,1.5403087478559176,1.5239673413379067,0.1265866209262436,0.5951972555746141,0.9451114922813036,0.0,6943.5265866209265,7.595197255574614,0.0,14.080617495711836,0.0,20.0,320.20926243567754,30.0,517.861063464837,10.0,0.0,0.0,0.0
336,0.2611674672623133,0.24686655692677176,0.20051491841239164,0.19132410392097296,0.963585894577601,0.9636350954864449,313.0,317.0,4.743823216187437,7.538538380651944,0.0027689030883919063,0.8721871713985281,4.741054313099041,6.752449414270501,5.746751863684771,1.2,1.2,474.47440000000006,475.07896,123.97589999999997,81.34299999999998,-149.5014999999999,-106.26403999999998,-72600.02926,-71502.02056000002,-12.042645925925926,-12.920020280075525,6.150052910052909,-0.041782935648135365,0.0,0.9936507936507937,1.0,111.64444444444445,125.12063492063493,1.0,1.0,1.5031746031746032,1.507227555555554,0.4402380952380954,0.7825396825396825,1.146031746031746,0.0,7084.72380952381,22.50952380952381,0.0,12.673015873015872,0.0,19.873015873015873,342.5888888888889,29.80952380952381,511.6174603174603,9.936507936507937,0.0,0.0,3.9047619047619047
337,0.2621441643666272,0.24755691602151875,0.20114305678451044,0.19164565497522063,0.9637161597446656,0.9637666390110634,304.0,283.0,4.650657894736841,6.2485276796230895,0.0,0.10400471142520612,4.65422149122807,6.144876325088339,5.372884724588301,1.2,1.2,451.76704,446.61519999999996,166.8225,107.24519999999995,-215.05545999999998,-160.63,-72815.08472,-71662.65056000002,-11.555970244179438,-13.260036348124661,5.4210107893242485,-0.12113244796699504,0.0,1.0,1.0,114.04258943781942,127.38500851788757,1.0,1.0,1.4821124361158433,1.530463781942077,0.050141964792731405,0.5281090289608177,0.8313458262350937,0.0,6926.0425894378195,3.008517887563884,0.0,14.61839863713799,0.0,20.0,322.25212947189095,30.0,520.5741056218058,10.0,0.0,0.0,0.0
338,0.26318390411025344,0.24849480676466115,0.20186474556045983,0.19188624076877445,0.963845941604808,0.9638944048987567,296.0,304.0,3.8542229729729733,5.891721491228071,0.0,0.06463815789473686,3.8560247747747747,5.828070175438596,4.855194444444445,1.2,1.2,454.27232,452.40904,289.3492,201.63769999999994,-335.07688,-249.22865999999993,-73150.16159999999,-71911.87922000002,-11.218716888888881,-13.088388360289231,4.886555555555556,-0.12551019529265314,0.0,1.0,1.0,113.46,127.05166666666666,1.0,1.0,1.5066666666666666,1.5111355999999998,0.03275,0.5866666666666667,0.9833333333333333,0.0,7040.318333333334,1.965,0.0,14.441666666666666,0.0,20.0,291.22833333333335,30.0,512.525,10.0,0.0,0.0,0.0
339,0.2641229376390777,0.24882339711775747,0.20290806854440344,0.19267489100625468,0.9639734670629438,0.9640294064615023,301.0,314.0,4.662236987818384,6.817569002123144,0.0,0.22929936305732476,4.663178294573644,6.589755838641189,5.646829268292683,1.2,1.2,456.82192000000003,486.01472,296.91849999999994,109.00530000000003,-340.0965799999999,-122.99058000000002,-73490.25817999999,-72034.86980000001,-11.709295176151766,-13.066351204378323,5.762682926829272,-0.07243440055900335,0.0,1.0,1.0,113.29268292682927,126.69268292682926,1.0,1.0,1.5105691056910568,1.5330677073170718,0.11707317073170727,0.7528455284552845,1.0634146341463415,0.0,6985.022764227642,7.024390243902439,0.0,14.003252032520326,0.0,20.0,338.73658536585367,30.0,521.6650406504065,10.0,0.0,0.0,0.0
340,0.26481599372479536,0.25030579868120895,0.20381391240997454,0.1933324322941603,0.964102120095134,0.9641606109904569,317.0,314.0,4.74121976866456,4.7264861995753735,0.0014721345951629863,0.0,4.740904311251314,4.726963906581741,4.733967247754887,1.2,1.2,482.00095999999996,485.44304,227.50689999999994,187.73019999999997,-245.50593999999998,-202.28715999999997,-73735.76411999999,-72237.15696000002,-11.29855256207078,-13.038760056319346,4.733888008452195,-0.07839659588583599,0.0,1.0,1.0,113.27416798732172,126.49762282091918,1.0,1.0,1.497622820919176,1.5331917591125186,0.0007395668251452721,0.7892234548335975,0.9160063391442155,0.0,6983.5229793977815,0.044374009508716325,0.0,14.97622820919176,0.0,20.0,283.9889064976228,30.0,521.7115689381933,10.0,0.0,0.0,0.0
341,0.26539390696024634,0.25170733942642853,0.20460895664998632,0.19364448260198014,0.964231112373311,0.9642874713435755,309.0,295.0,5.211650485436899,3.8765536723163856,0.0,0.0,5.213592233009709,3.8784745762711865,4.561506622516557,1.2,1.2,464.99952,444.7996,123.9042,338.7526,-158.90467999999998,-393.953,-73894.6688,-72631.10996000002,-11.056957395143497,-13.015220830511357,4.5595750551876355,-0.11466685417065865,0.0,1.0,1.0,116.67549668874172,130.2913907284768,1.0,1.0,1.4884105960264902,1.506289933774833,0.0,0.7119205298013245,0.7533112582781457,0.0,7075.963576158941,0.0,0.0,15.0,0.0,20.0,273.5745033112583,30.0,510.50331125827813,10.0,0.0,0.0,0.0
342,0.26662202882245917,0.252536950625009,0.20568145820656933,0.19458623568266756,0.9643558023094017,0.9644138877746359,311.0,303.0,4.524758842443731,5.775137513751376,0.0019828510182207932,0.053355335533553344,4.52566988210075,5.722552255225523,5.116313789359393,1.2,1.2,481.29296000000005,456.28872,185.79639999999995,120.52630000000005,-204.5034399999999,-164.23758000000004,-74099.17224,-72795.34754000002,-11.422168946796965,-13.112062314797203,5.141802388707931,-0.10696599429513896,0.0,1.0,1.0,115.7328990228013,129.30618892508144,1.0,1.0,1.493485342019544,1.5270059934853408,0.027334419109663402,0.6482084690553745,0.8355048859934854,0.0,7057.280130293159,1.6400651465798046,0.0,14.574918566775244,0.0,20.0,306.8680781758958,30.0,519.1254071661238,10.0,0.0,0.0,0.0
343,0.2672371139886762,0.25343850556676784,0.2077099449365275,0.19623611511619202,0.9644808198350172,0.9645373003097237,322.0,298.0,4.262060041407867,5.478803131991054,0.0,0.029753914988814318,4.263509316770186,5.450503355704698,4.834032258064515,1.2,1.2,495.89536,446.0344,239.28119999999996,135.07739999999998,-243.38583999999997,-189.04299999999998,-74342.55808,-72984.39054000002,-11.254610967741938,-13.003276320112827,4.846881720430113,-0.0935919590716331,0.0,1.0,1.0,115.9274193548387,129.19193548387096,1.0,1.0,1.4806451612903226,1.5192415483870958,0.014301075268817205,0.8290322580645161,0.8564516129032258,0.0,6846.982258064516,0.8580645161290322,0.0,14.680645161290322,0.0,20.0,289.9548387096774,30.0,515.8951612903226,10.0,0.0,0.0,0.0
344,0.2681005631622154,0.2547446554547462,0.2093283002007278,0.1978048766015154,0.9646048430129918,0.9646529119128505,321.0,306.0,4.867289719626165,4.417701525054469,0.0,0.0,4.870093457943924,4.421840958605665,4.651329080276449,1.2,1.2,472.39776,467.3616,270.69470000000007,243.1191,-298.29694000000006,-275.7575,-74640.85502,-73260.14804000003,-11.044513769271665,-12.840944577630228,4.647873471557683,-0.11160511522951848,0.0,1.0,1.0,114.41786283891547,127.81658692185007,1.0,1.0,1.4880382775119618,1.49881875598086,0.0,0.7894736842105263,0.7783094098883573,0.0,7016.054226475279,0.0,0.0,15.0,0.0,20.0,278.8724082934609,30.0,507.38118022328547,10.0,0.0,0.0,0.0
345,0.26843316192088956,0.2548290669345121,0.21127808965032766,0.19965109110607543,0.9647322437853544,0.9647844530949914,313.0,314.0,7.200745473908409,8.435828025477708,0.37811501597444086,1.303397027600849,6.822630457933974,7.295059717698154,7.056559139784945,1.2,1.2,471.62152000000003,473.50696000000005,118.88449999999995,38.213200000000064,-147.2629799999999,-64.70624000000001,-74788.118,-73324.85428000003,-12.88406188197767,-13.112346464457808,7.819271664008503,-0.034664631330468196,0.0,0.988835725677831,1.0,117.0414673046252,130.51834130781498,1.0,1.0,1.5007974481658692,1.5073819457735234,0.8414938862307288,0.8532695374800638,0.7607655502392344,0.0,6886.5837320574165,43.62360446570973,0.0,9.853269537480063,0.0,19.77671451355662,418.6666666666667,29.66507177033493,512.2663476874003,9.88835725677831,0.0,0.0,6.866028708133971
346,0.2691807582428168,0.25578926298175286,0.21243587164689853,0.20083939734176476,0.9648540547894908,0.964907347487303,313.0,305.0,4.685090521831734,3.9942076502732258,0.004952076677316294,0.0,4.680511182108626,3.9950819672131144,4.342233009708738,1.2,1.2,481.93528000000003,451.86584,226.21329999999995,214.9262,-244.2780199999999,-263.06036,-75032.39602,-73587.91464000003,-11.000925997842504,-13.07075459895479,4.3441208198489765,-0.1323707012737434,0.0,1.0,1.0,120.25242718446601,133.68608414239483,1.0,1.0,1.493527508090615,1.5110050485436888,0.0025080906148867315,0.7491909385113269,0.470873786407767,0.0,7053.1375404530745,0.15048543689320387,0.0,14.940129449838187,0.0,20.0,260.49676375404533,30.0,512.4757281553398,10.0,0.0,0.0,0.0
347,0.2695727813858374,0.2568935191583134,0.2135351301208142,0.2018323627904739,0.964979830383641,0.9650254664015597,335.0,322.0,6.844328358208957,4.8394927536231895,0.4912935323383084,0.006780538302277433,6.44929292929293,4.8337474120082815,5.651431492842535,1.2,1.2,513.1452,494.404,66.1122,248.40989999999996,-52.966999999999956,-254.00589999999997,-75085.36302,-73841.92054000004,-12.267683612379498,-12.985040700630684,5.861745306950786,-0.047701181988104135,0.0,0.9923896499238964,1.0,113.4855403348554,126.27092846270928,1.0,1.0,1.4901065449010655,1.5335604261796032,0.2538305428716388,0.989345509893455,0.9771689497716894,0.0,6946.738203957382,10.549467275494672,0.0,13.598173515981735,0.0,19.84779299847793,336.4748858447489,29.771689497716896,522.7549467275495,9.923896499238966,0.0,0.0,4.680365296803653
348,0.2706405451695727,0.25718025120873506,0.21508440396259618,0.203102521199422,0.9650976092924829,0.9651391973737019,327.0,311.0,4.205249745158001,7.466988210075025,0.0,0.6965702036441587,4.2084607543323145,6.836904761904762,5.483359580052492,1.2,1.2,503.66304,472.13432,276.1853,72.8156,-272.52225999999996,-100.68128,-75357.88528,-73942.60182000004,-12.01440543364682,-13.100709694570366,5.795219435736674,-0.08540698022095332,0.0,0.9952978056426333,1.0,118.45141065830721,131.61755485893417,1.0,1.0,1.4874608150470219,1.5294629467084635,0.33955067920585164,0.6739811912225705,0.7460815047021944,0.0,7054.023510971787,17.481191222570533,0.0,13.150470219435737,0.0,19.905956112852664,327.34012539184954,29.858934169278996,520.7037617554859,9.952978056426332,0.0,0.0,2.8918495297805644
349,0.2712145505808994,0.2584063618814367,0.21645575551855994,0.20450479310390343,0.9652073848484689,0.9652633030179512,304.0,322.0,4.531743421052631,4.363975155279503,0.0,0.002484472049689441,4.535142543859649,4.366356107660455,4.44832268370607,1.2,1.2,466.98448,485.16016,288.6165,129.17020000000002,-321.63201999999995,-144.01004,-75679.5173,-74086.61186000003,-11.105260702875393,-13.058993299354398,4.445447284345042,-0.13579195075496048,0.0,1.0,1.0,118.64696485623003,131.77316293929712,1.0,1.0,1.5143769968051117,1.5209978274760374,0.0012779552715654952,0.7523961661341853,0.6309904153354633,0.0,7013.209265175718,0.07667731629392971,0.0,14.952076677316294,0.0,20.0,266.65015974440894,30.0,516.6277955271565,10.0,0.0,0.0,0.0
350,0.27196812867631115,0.25957589243384427,0.21873716003004548,0.20669297542955758,0.9653281304075463,0.965376943387538,294.0,330.0,4.61955782312925,3.767171717171715,0.0,0.0,4.62171201814059,3.7680808080808084,4.170272435897436,1.2,1.2,441.61464,499.05048,223.0703,249.08259999999996,-281.45565999999997,-250.03211999999996,-75960.97296000001,-74336.64398000004,-10.908240811965817,-12.930702780801983,4.168776709401713,-0.12469270140669994,0.0,1.0,1.0,119.73397435897436,132.91666666666666,1.0,1.0,1.5288461538461537,1.5074761538461514,0.0,0.7916666666666666,0.6233974358974359,0.0,6946.253205128205,0.0,0.0,15.0,0.0,20.0,250.12660256410257,30.0,511.0048076923077,10.0,0.0,0.0,0.0
351,0.2725828386135383,0.2602964419625321,0.21989838201585898,0.20778236647058868,0.9654471113759345,0.9654939940781073,326.0,304.0,5.105265848670753,5.758662280701753,0.0,0.05071271929824561,5.107770961145195,5.709923245614035,5.398333333333333,1.2,1.2,489.0296,456.14104000000003,201.11320000000006,127.71259999999992,-212.08360000000005,-171.5715599999999,-76173.05656000001,-74508.21554000003,-11.362888677248666,-12.915777861927177,5.420555555555556,-0.07796365604220437,0.0,1.0,1.0,119.74285714285715,132.64126984126983,1.0,1.0,1.4825396825396826,1.5002708571428562,0.02447089947089947,0.7777777777777778,0.6095238095238096,0.0,6995.357142857143,1.4682539682539681,0.0,14.596825396825396,0.0,20.0,323.7650793650794,30.0,507.9936507936508,10.0,0.0,0.0,0.0
352,0.27344985005121913,0.26129481730435644,0.21945614194626725,0.2075856759203052,0.9655641203570465,0.9656088538996475,289.0,327.0,4.6602652825836195,6.052140672782879,0.0,0.06656472986748217,4.661303344867359,5.986493374108052,5.364772727272727,1.2,1.2,430.90288,484.89744,351.1942,144.76809999999992,-420.29132000000004,-159.8706599999999,-76593.34788000002,-74668.08620000003,-11.267551298701294,-12.87839936151152,5.3991341991342,-0.10349183038399908,0.0,1.0,1.0,120.17532467532467,133.22727272727272,1.0,1.0,1.530844155844156,1.4866888311688298,0.03533549783549784,0.7272727272727273,0.8717532467532467,0.0,7090.25487012987,2.1201298701298703,0.0,14.569805194805195,0.0,20.0,321.8279220779221,30.0,502.336038961039,10.0,0.0,0.0,0.0
353,0.2742395262870563,0.26263534360535457,0.2207355891166427,0.2089884738278754,0.9656808848140386,0.9657255492576577,325.0,317.0,4.347999999999998,3.8729758149316518,0.00317948717948718,0.0,4.346820512820513,3.87602523659306,4.1143561786085145,1.2,1.2,486.42976,480.42056,172.5675,259.77689999999996,-186.13774,-279.35633999999993,-76779.48562000002,-74947.44254000003,-10.87662242990653,-12.887297716718422,4.113447559709243,-0.10866608197804001,0.0,1.0,1.0,120.98909657320873,133.95171339563862,1.0,1.0,1.4937694704049844,1.5059973831775686,0.0016095534787123574,0.8925233644859814,0.7274143302180686,0.0,7241.059190031153,0.09657320872274143,0.0,14.957943925233645,0.0,20.0,246.71028037383178,30.0,510.37694704049846,10.0,0.0,0.0,0.0
354,0.2745420631169731,0.26294717395745615,0.22188690848191187,0.2100250584225295,0.9657924200129144,0.9658403862143603,308.0,340.0,5.074945887445891,6.9798039215686245,0.02186147186147186,0.9690686274509803,5.054437229437229,6.17416918429003,5.634454877412624,1.2,1.2,475.13984000000005,491.53768,181.58219999999992,30.47629999999996,-206.44235999999987,-38.938619999999936,-76985.92798000002,-74986.38116000003,-12.231903497942389,-12.921211723891382,6.074408436213994,-0.0514878165018451,0.0,0.9861111111111112,1.0,119.94598765432099,132.63734567901236,1.0,1.0,1.5246913580246915,1.4917862962962951,0.5188528806584363,0.7978395061728395,0.6728395061728395,0.0,7028.216049382716,22.589506172839506,0.0,12.405864197530864,0.0,19.72222222222222,333.3333333333333,29.583333333333332,506.08024691358025,9.86111111111111,0.0,0.0,8.541666666666666
355,0.27539743759301144,0.2634417790433858,0.22283145126683104,0.21082606531589823,0.965907015185748,0.9659603056508135,317.0,308.0,4.009674027339638,7.074025974025978,0.0,0.22386363636363643,4.012302839116719,6.850162337662339,5.4108,1.2,1.2,469.41584,469.45232000000004,289.8955,174.31150000000008,-320.47966,-204.85918000000004,-77306.40764000002,-75191.24034000003,-11.414811946666664,-13.012705711022848,5.519786666666666,-0.08222378977536815,0.0,1.0,1.0,124.456,137.9424,1.0,1.0,1.4928,1.5021890559999989,0.11032000000000003,0.672,0.704,0.0,7059.8384,6.6192,0.0,13.8352,0.0,20.0,324.568,30.0,508.7856,10.0,0.0,0.0,0.0
356,0.27630885759284507,0.26435262140200133,0.2231311095612261,0.21123905322394199,0.9660178325994706,0.966075463058975,325.0,329.0,4.0572820512820496,4.835764944275583,0.0,0.016261398176291793,4.059846153846154,4.820921985815603,4.4427115188583075,1.2,1.2,492.5644,496.38703999999996,279.5241,153.92489999999995,-286.9597,-157.53786,-77593.36734000003,-75348.77820000003,-11.050143527013242,-12.960911797595353,4.44890417940877,-0.12724632058716323,0.0,1.0,1.0,122.35474006116208,135.17889908256882,1.0,1.0,1.503058103975535,1.5121581651376133,0.008180428134556574,0.5657492354740061,0.7660550458715596,0.0,6945.380733944954,0.4908256880733945,0.0,14.86085626911315,0.0,20.0,266.4434250764526,30.0,512.9373088685015,10.0,0.0,0.0,0.0
357,0.27722760682246966,0.26546412849429646,0.22308165412076147,0.21132848870922533,0.9661309269306503,0.9661879910132475,332.0,334.0,5.196435742971886,4.287724550898204,0.24021084337349394,0.0,4.973313192346425,4.289770459081836,4.63,1.2,1.2,503.85688000000005,498.3760000000001,67.89249999999998,230.46809999999996,-64.03561999999994,-232.09209999999987,-77657.40296000002,-75580.87030000002,-11.2631057057057,-12.903238381497014,4.740715715715719,-0.09373230919812917,0.0,0.9984984984984985,1.0,120.55555555555556,133.48648648648648,1.0,1.0,1.5015015015015014,1.504854174174174,0.11974474474474472,0.7072072072072072,0.6066066066066066,0.0,6911.695195195195,6.261261261261262,0.0,14.232732732732734,0.0,19.96996996996997,277.25825825825825,29.954954954954953,510.0840840840841,9.984984984984985,0.0,0.0,0.9234234234234234
358,0.27767785096793424,0.2659043847326903,0.2242754608395035,0.21254491179515544,0.9662452572297565,0.9663009163673969,351.0,325.0,6.497863247863247,5.930666666666667,0.26144349477682804,0.2740000000000001,6.237654320987654,5.65723076923077,5.958604536489152,1.2,1.2,533.24256,504.03928,125.66629999999996,80.29620000000003,-92.42373999999994,-76.25692000000001,-77749.82670000002,-75657.12722000002,-11.90307573964498,-12.938866116665858,6.225172583826432,-0.0330129079896496,0.0,1.0,1.0,119.01183431952663,131.70562130177515,1.0,1.0,1.4807692307692308,1.5344405917159756,0.26748027613412234,1.0118343195266273,0.9023668639053254,0.0,7022.079881656805,16.048816568047336,0.0,12.670118343195266,0.0,20.0,357.46153846153845,30.0,522.241124260355,10.0,0.0,0.0,0.0
359,0.2786035985702952,0.2662879473342224,0.22431717261000372,0.21269306330541235,0.9663559202408336,0.9664052831817672,317.0,323.0,4.256992639327024,6.195149638802888,0.0,0.1526831785345717,4.260462670872766,6.04406604747162,5.1606250000000005,1.2,1.2,480.38648,490.322,287.7853999999999,105.77510000000001,-307.3989199999999,-115.4531,-78057.22562000003,-75772.58032000002,-11.393873541666661,-13.040968300645579,5.235156250000003,-0.09271119009683437,0.0,1.0,1.0,124.7625,137.71875,1.0,1.0,1.5046875,1.5167319999999989,0.07705729166666665,0.728125,0.8515625,0.0,6934.56875,4.6234375,0.0,14.4734375,0.0,20.0,309.4859375,30.0,514.8453125,10.0,0.0,0.0,0.0
360,0.2792805012675412,0.26734743241467746,0.22482720051881422,0.21294453297804966,0.9664640078775425,0.9665200413655777,331.0,326.0,5.135095669687818,4.164110429447857,0.0016112789526686808,0.0,5.136555891238671,4.167280163599182,4.655606291222729,1.2,1.2,512.4920800000001,493.72856,242.93839999999994,274.10859999999997,-230.44631999999984,-280.38003999999995,-78287.67194000003,-76052.96036000003,-11.25573800101472,-12.968769245801647,4.653297818366311,-0.09772173636628544,0.0,1.0,1.0,122.45814307458143,135.29375951293758,1.0,1.0,1.4961948249619483,1.5315382648401823,0.0008117706747843734,0.8736681887366818,0.756468797564688,0.0,7068.8021308980215,0.0487062404870624,0.0,14.961948249619482,0.0,20.0,279.1491628614916,30.0,521.0182648401826,10.0,0.0,0.0,0.0
361,0.2791717123286533,0.2684431609184705,0.2250211705580345,0.2132810004728753,0.9665720624276083,0.9666288130544098,341.0,322.0,8.463147605083089,4.656832298136643,2.6267839687194527,0.0,6.280704521556257,4.656935817805383,5.462467396974439,1.2,1.2,476.9026400000001,484.54432,5.343899999999991,315.78000000000003,-28.441259999999914,-331.23568,-78316.11320000004,-76384.19604000002,-13.309089994972359,-12.979417777482153,6.614529914529915,-0.07200217915046984,0.0,0.9638009049773756,1.0,126.92911010558069,140.0844645550528,1.0,1.0,1.4856711915535445,1.4501462443438906,1.3510306686777276,0.7375565610859729,0.7828054298642534,0.0,7087.3725490196075,58.79939668174962,0.0,9.292609351432882,0.0,19.27601809954751,315.8099547511312,28.914027149321267,491.3438914027149,9.638009049773755,0.0,0.0,22.262443438914026
362,0.2792734763429653,0.269723488282866,0.2258714995145229,0.21419674248921908,0.9666842370999533,0.9667406376450579,351.0,314.0,7.500332383665714,4.5116242038216585,0.8258309591642924,0.0,6.675261158594491,4.512420382165605,5.654010025062657,1.2,1.2,524.1864,466.5344,54.67160000000004,350.48559999999986,-30.485199999999992,-383.95119999999986,-78346.59840000003,-76768.14724000002,-11.563444611528823,-12.794768192168183,6.089122807017542,-0.06475351842608004,0.0,1.0,1.0,124.01203007518797,136.82406015037594,1.0,1.0,1.4721804511278196,1.4898057142857133,0.4358897243107769,0.9804511278195489,0.724812030075188,0.0,6878.58947368421,26.153383458646616,0.0,11.750375939849624,0.0,20.0,339.19398496240603,30.0,503.6300751879699,10.0,0.0,0.0,0.0
363,0.2800208424033164,0.27092143563168475,0.22793233738942817,0.21612160870785208,0.9667910843506573,0.9668510285676325,303.0,328.0,4.194829482948294,4.85111788617886,0.0,0.025813008130081305,4.195874587458746,4.826676829268293,4.523771790808241,1.2,1.2,469.40279999999996,493.6672,231.5761,185.68300000000005,-262.17330000000004,-192.01580000000007,-78608.77170000003,-76960.16304000001,-11.175092445853133,-13.19983676645036,4.535974643423137,-0.14417786719385017,0.0,1.0,1.0,128.93026941362916,142.09825673534073,1.0,1.0,1.5198098256735342,1.5262599049128363,0.013417855256207081,0.7369255150554676,0.5879556259904913,0.0,6902.234548335975,0.8050713153724247,0.0,14.727416798732172,0.0,20.0,271.35340729001587,30.0,518.8209191759113,10.0,0.0,0.0,0.0
364,0.280834945257033,0.27197619178510496,0.22935695833395003,0.21745726432059212,0.9669002194607821,0.9669627573354638,320.0,318.0,5.34802083333333,4.179612159329139,0.06989583333333332,0.0,5.280989583333334,4.180555555555555,4.7324973876698015,1.2,1.2,483.73568,469.90776000000005,249.49229999999997,189.04469999999998,-265.75662,-219.13693999999992,-78874.52832000003,-77179.29998000001,-11.06557554858934,-12.875228544136581,4.765647857889238,-0.11562773955280076,0.0,1.0,1.0,127.1692789968652,139.99686520376176,1.0,1.0,1.4984326018808778,1.494738934169279,0.03505747126436781,0.7586206896551724,0.7445141065830722,0.0,7117.887147335423,2.103448275862069,0.0,14.630094043887148,0.0,20.0,283.83542319749216,30.0,505.68652037617557,10.0,0.0,0.0,0.0
365,0.28176763026438023,0.2728707704720289,0.23168167103389953,0.2197599075646794,0.9670134355540766,0.9670729250543201,347.0,311.0,5.143852065321804,4.3381028938906745,0.05854947166186359,0.0,5.086599423631124,4.341639871382637,4.734498480243161,1.2,1.2,517.84232,474.9596,191.65769999999998,272.81549999999993,-173.81538,-297.8558999999999,-79048.34370000003,-77477.15588,-11.15449787234043,-12.895304663770279,4.763019250253291,-0.08260249956846742,0.0,1.0,1.0,128.19148936170214,141.40577507598783,1.0,1.0,1.472644376899696,1.5088175075987837,0.030876393110435663,0.7446808510638298,0.7310030395136778,0.0,6922.29179331307,1.8525835866261398,0.0,14.601823708206688,0.0,20.0,283.92857142857144,30.0,511.5607902735562,10.0,0.0,0.0,0.0
366,0.28291376888974296,0.27339079738140487,0.2338297655015245,0.2220336460786787,0.9671175247672897,0.9671832076461153,326.0,352.0,4.220245398773004,5.624857954545449,0.0,0.11103219696969696,4.2219836400818,5.516429924242424,4.894026548672566,1.2,1.2,490.83464000000004,533.92096,350.27009999999996,208.56149999999997,-359.4354599999999,-174.64053999999993,-79407.77916000002,-77651.79642,-11.245823008849559,-12.97731331611256,4.949483775811207,-0.12275787774124793,0.0,1.0,1.0,124.2330383480826,137.0825958702065,1.0,1.0,1.519174041297935,1.5114389380530966,0.057645034414945916,0.6637168141592921,0.8289085545722714,0.0,7039.628318584071,3.4587020648967552,0.0,14.56637168141593,0.0,20.0,293.51032448377583,30.0,512.6504424778761,10.0,0.0,0.0,0.0
367,0.283064519687156,0.2745026956902268,0.23428096158434053,0.2226958778021199,0.967228031539497,0.9672880350555713,358.0,298.0,8.519646182495345,3.41112975391499,2.262290502793295,0.0,6.6085545722713865,3.413982102908277,5.114076399790685,1.2,1.2,529.6034400000001,432.2536,9.825499999999998,526.7139999999998,19.777940000000093,-594.4603999999998,-79388.00122000002,-78246.25682,-12.76265487804879,-12.932161223760643,6.199009146341471,-0.07149303099747802,0.0,0.9710365853658537,1.0,129.47713414634146,142.58079268292684,1.0,1.0,1.454268292682927,1.466245487804878,1.2346036585365847,0.7454268292682927,0.6661585365853658,0.0,6809.951219512195,56.263719512195124,0.0,9.231707317073171,0.0,19.420731707317074,297.8643292682927,29.13109756097561,497.1996951219512,9.710365853658537,0.0,0.0,17.8125
368,0.28395619582533704,0.27520069227608673,0.23504523064384567,0.22360105937495683,0.9673340431952162,0.9673926991748542,329.0,329.0,5.262613981762915,5.3816616008105385,0.015450861195542046,0.023809523809523808,5.247872340425531,5.360385005065856,5.304128672745694,1.2,1.2,495.74408000000005,502.85,151.3449,202.99999999999997,-155.60081999999994,-200.14999999999995,-79543.60204000003,-78446.40681999999,-11.434377507598775,-13.041843262101454,5.322137791286724,-0.09171084129362359,0.0,1.0,1.0,130.10334346504558,143.1565349544073,1.0,1.0,1.5,1.5176201823708209,0.019630192502532926,0.7644376899696048,0.513677811550152,0.0,7006.113981762918,1.1778115501519757,0.0,14.693009118541033,0.0,20.0,318.15045592705167,30.0,515.226443768997,10.0,0.0,0.0,0.0
369,0.28436402845039177,0.2762286579093172,0.2358870030629692,0.2244437431797445,0.9674416642713997,0.9674970692626239,317.0,347.0,5.277602523659308,5.245389048991356,0.006256572029442692,0.02439961575408262,5.2723449001051526,5.222478386167148,5.246285140562249,1.2,1.2,484.47536,529.53344,204.96109999999996,288.55809999999997,-220.48573999999994,-259.0246599999999,-79764.08778000003,-78705.43147999998,-11.470472891566265,-13.030594359839638,5.260768072289153,-0.09647591296958646,0.0,1.0,1.0,129.72590361445782,142.6777108433735,1.0,1.0,1.5225903614457832,1.5271216867469881,0.015737951807228916,0.6551204819277109,0.75,0.0,7231.17921686747,0.9442771084337349,0.0,14.620481927710843,0.0,20.0,314.70180722891564,30.0,519.1671686746988,10.0,0.0,0.0,0.0
370,0.28514437491658634,0.27760657144016043,0.23725028805097767,0.2257205641996394,0.9675461173961221,0.9675970879502716,322.0,355.0,4.966407867494818,3.9467136150234734,0.0,0.0,4.967132505175983,3.950469483568076,4.434022648941409,1.2,1.2,490.49728000000005,535.88584,265.89849999999996,292.42609999999996,-275.4012199999999,-256.54025999999993,-80039.48900000003,-78961.97173999998,-11.068329295913339,-12.965335716636694,4.431708517971444,-0.10092373629989887,0.0,1.0,1.0,127.74298375184638,140.66765140324964,1.0,1.0,1.5243722304283605,1.5160755096011813,0.0,0.741506646971935,0.691285081240768,0.0,7095.796159527326,0.0,0.0,15.0,0.0,20.0,265.9025110782866,30.0,514.5805022156574,10.0,0.0,0.0,0.0
371,0.2862586070343987,0.2790702207524779,0.23766913952980226,0.22628852221132287,0.9676485673017371,0.9676991899435291,368.0,327.0,5.303487318840579,4.567431192660551,0.03980978260869565,0.0028032619775739042,5.264809782608696,4.566258919469929,4.936139088729017,1.2,1.2,566.3153599999999,488.65296,131.43229999999997,211.5285,-65.11694000000003,-222.87554,-80104.60594000004,-79184.84727999997,-11.290424364508379,-12.843421104865413,4.957170263788968,-0.0785499045095935,0.0,1.0,1.0,125.94388489208633,138.30935251798562,1.0,1.0,1.4705035971223022,1.5179400287769786,0.022398081534772178,0.8618705035971223,0.6359712230215827,0.0,7127.555395683453,1.3438848920863309,0.0,14.55251798561151,0.0,20.0,296.0863309352518,30.0,515.3568345323741,10.0,0.0,0.0,0.0
372,0.2863737442947414,0.2790225217574206,0.23941778078594025,0.2281339317592802,0.9677548610143256,0.9678011385088104,305.0,362.0,8.202131147540978,8.061648250460404,0.8833333333333334,1.5144106813996314,7.392494481236203,6.73532196969697,7.038786952089706,1.2,1.2,457.99376,541.42816,55.21689999999995,24.9052,-97.22313999999994,16.522960000000047,-80201.82908000004,-79168.32431999997,-13.504461169415286,-12.978569545185517,8.125887056471779,-0.0003458461847422925,0.0,0.9805097451274363,1.0,129.53223388305847,142.311844077961,1.0,1.0,1.542728635682159,1.4983836881559214,1.2258370814592705,0.881559220389805,0.8785607196401799,0.0,6955.263868065967,61.56371814092954,0.0,7.904047976011994,0.0,19.610194902548727,414.00299850074964,29.415292353823087,509.4857571214393,9.805097451274364,0.0,0.0,11.986506746626686
373,0.2873793859243448,0.2802876859186031,0.24063703223435898,0.2293979725460928,0.9678575468023167,0.967906976489707,360.0,323.0,4.830879629629628,4.934674922600616,0.023888888888888887,0.0014447884416924663,4.80824074074074,4.936429308565531,4.868862859931674,1.2,1.2,544.75416,491.01728,149.72359999999992,230.21289999999988,-104.96943999999996,-239.19561999999985,-80306.79852000004,-79407.51993999997,-11.250357052220584,-12.964480617972994,4.879965836993653,-0.10906848170706816,0.0,1.0,1.0,128.68374816983894,141.6207906295754,1.0,1.0,1.472913616398243,1.5165028404099554,0.013274768179599805,0.808199121522694,0.5622254758418741,0.0,7087.691068814056,0.7964860907759883,0.0,14.797950219619327,0.0,20.0,292.00146412884334,30.0,514.7569546120059,10.0,0.0,0.0,0.0
374,0.2883956401071449,0.28050347109599905,0.24118806700264353,0.23004156330838382,0.9679619219039147,0.9680086892852651,357.0,339.0,5.273155929038284,5.884365781710916,0.07843137254901959,0.20285152409046214,5.195891690009337,5.682841691248771,5.433069923371647,1.2,1.2,547.8340800000001,505.06896000000006,68.445,125.59470000000002,-20.610919999999908,-120.52573999999996,-80327.40944000005,-79528.04567999997,-11.502991187739466,-12.88875961659862,5.570857279693489,-0.04579562897793287,0.0,1.0,1.0,129.4956896551724,142.125,1.0,1.0,1.4870689655172413,1.5127917241379312,0.1390325670498084,0.8979885057471264,0.7169540229885057,0.0,7039.139367816092,8.341954022988507,0.0,13.554597701149426,0.0,20.0,325.9094827586207,30.0,513.2068965517242,10.0,0.0,0.0,0.0
375,0.28871626892579205,0.2814911861691194,0.24280585012572448,0.23186496084975255,0.968062592152807,0.9681121105000554,371.0,321.0,7.349685534591201,4.631671858774663,0.6654986522911052,0.00036344755970924193,6.702252252252252,4.6313084112149525,5.740207428847081,1.2,1.2,558.44776,488.37984,24.105799999999988,214.3544,34.34196000000003,-225.97456,-80293.06748000004,-79754.02023999997,-11.787646820809245,-12.9509009924305,6.088872832369944,-0.07252744731527579,0.0,0.9985549132947977,1.0,132.1864161849711,145.0650289017341,1.0,1.0,1.4638728323699421,1.512756647398844,0.3569605009633912,0.8063583815028902,0.7297687861271677,0.0,7046.778901734104,20.528901734104046,0.0,11.947976878612717,0.0,19.971098265895954,343.91473988439304,29.95664739884393,513.3612716763006,9.985549132947977,0.0,0.0,0.888728323699422
376,0.2886967008241157,0.28252135307641163,0.24431940961446783,0.2332666486466778,0.9681640632182065,0.9682123719577043,367.0,295.0,7.903315168029066,3.890395480225989,1.2558128973660307,0.0,6.853932584269663,3.892316384180791,5.511879160266258,1.2,1.2,545.8712,442.98616000000004,49.02049999999999,292.8594999999999,-3.149299999999947,-349.87333999999987,-80296.21678000005,-80103.89357999997,-12.431421752265871,-12.901073133306083,6.115080563947639,-0.05111592658517429,0.0,0.9833836858006042,1.0,130.65558912386706,143.5287009063444,1.0,1.0,1.445619335347432,1.4937422356495458,0.6961983887210472,0.959214501510574,0.6873111782477341,0.0,7116.722054380664,31.552870090634443,0.0,11.250755287009063,0.0,19.667673716012086,325.13293051359517,29.501510574018127,507.2175226586103,9.833836858006043,0.0,0.0,10.219033232628398
377,0.28995971201746495,0.28314757289084447,0.24513876138191015,0.23436917640144517,0.9682634149056839,0.96831294810739,333.0,334.0,3.4903403403403384,5.301596806387226,0.0,0.036826347305389216,3.4924924924924925,5.266067864271457,4.380609695152423,1.2,1.2,502.74648,489.44392000000005,392.14480000000003,201.72990000000004,-389.39832,-212.28598,-80685.61510000004,-80316.17955999998,-10.872251874062972,-12.87012491035946,4.397326336831587,-0.13105165909872107,0.0,1.0,1.0,136.74362818590706,149.73163418290855,1.0,1.0,1.5007496251874064,1.4875418290854554,0.018440779610194902,0.6656671664167916,0.7886056971514243,0.0,7211.230884557721,1.106446776611694,0.0,14.785607196401799,0.0,20.0,262.73313343328334,30.0,502.68365817091455,10.0,0.0,0.0,0.0
378,0.2909300849269659,0.284385967507356,0.24649098274643383,0.23585512471678022,0.9683682724652264,0.9684105350469464,325.0,343.0,4.082051282051283,4.045286686103012,0.0,0.0,4.085076923076923,4.0463556851311955,4.065194610778443,1.2,1.2,487.8148,507.96160000000003,334.1367,263.23300000000006,-346.3219,-255.27140000000003,-81031.93700000003,-80571.45095999997,-10.758700598802378,-12.91941050574925,4.063173652694614,-0.15442350759568085,0.0,1.0,1.0,136.76347305389223,149.94461077844312,1.0,1.0,1.5134730538922156,1.4906832335329336,0.0,0.6212574850299402,0.6062874251497006,0.0,6884.877245508982,0.0,0.0,15.0,0.0,20.0,243.79041916167665,30.0,504.0044910179641,10.0,0.0,0.0,0.0
379,0.29166929856206997,0.28545045613804504,0.24809021128971193,0.23746030702726273,0.9684671098073011,0.9685055386873969,350.0,323.0,4.804333333333335,3.8666150670794615,0.00280952380952381,0.0,4.803238095238094,3.8678534571723424,4.354309063893016,1.2,1.2,547.23224,478.32224,214.69959999999992,189.40479999999994,-167.46735999999987,-211.08255999999992,-81199.40436000003,-80782.53351999997,-11.087101139177811,-12.984255645622014,4.354284299157995,-0.11876597060627218,0.0,1.0,1.0,135.5334323922734,148.36849925705795,1.0,1.0,1.4799405646359585,1.5238550965824655,0.0014611193660227838,0.7845468053491828,0.6032689450222882,0.0,6983.45765230312,0.08766716196136701,0.0,14.943536404160476,0.0,20.0,261.1693907875186,30.0,517.8335809806835,10.0,0.0,0.0,0.0
380,0.29248597792784714,0.28647065824031615,0.24967771598844316,0.23917299486369922,0.968567513382314,0.9686015631834503,356.0,333.0,4.917649812734076,4.283683683683685,0.0,0.0,4.9193352059925095,4.2864364364364365,4.613449443638123,1.2,1.2,539.8637600000001,494.48784000000006,156.28929999999997,221.7352,-116.4255399999999,-227.24735999999993,-81315.82990000003,-81009.78087999996,-11.045309143686502,-12.953968996091291,4.6112481857764855,-0.13239042318199845,0.0,1.0,1.0,134.42815674891148,147.23947750362845,1.0,1.0,1.4833091436865022,1.5012359941944844,0.0,0.7010159651669086,0.44847605224963716,0.0,7085.786647314949,0.0,0.0,15.0,0.0,20.0,276.67489114658923,30.0,508.388969521045,10.0,0.0,0.0,0.0
381,0.2931662500526133,0.28742547242930294,0.25001248461826453,0.23967469113985929,0.9686636585486617,0.9687004815884833,359.0,309.0,4.4623026926648075,4.14670981661273,0.0007892293407613742,0.0,4.465598885793873,4.149083063646171,4.319186626746507,1.2,1.2,536.75552,464.20128,104.37140000000004,383.21849999999995,-67.61587999999999,-419.01721999999995,-81383.44578000002,-81428.79809999996,-10.909487025948108,-12.837761012068261,4.316317365269463,-0.11404062439741615,0.0,1.0,1.0,136.23652694610777,149.22155688622755,1.0,1.0,1.4625748502994012,1.4984383233532919,0.0004241516966067864,0.6721556886227545,0.7140718562874252,0.0,7078.185628742515,0.025449101796407185,0.0,14.974550898203592,0.0,20.0,258.95359281437123,30.0,507.2305389221557,10.0,0.0,0.0,0.0
382,0.29409037064565285,0.28852357341130525,0.2513735733067126,0.2410880856764803,0.9687611559530988,0.9687990298665451,347.0,346.0,4.5249759846301645,4.630828516377643,0.005955811719500479,0.0,4.520220941402497,4.633285163776494,4.576671476671477,1.2,1.2,519.71,520.2716800000001,163.1148,195.2619,-143.40479999999997,-174.99021999999994,-81526.85058000003,-81603.78831999996,-11.0285065897066,-12.823164862437288,4.577825877825879,-0.12289681063490115,0.0,1.0,1.0,133.17748917748918,145.7229437229437,1.0,1.0,1.4992784992784993,1.5006950649350657,0.002982202982202982,0.7518037518037518,0.6608946608946609,0.0,6787.141414141414,0.17893217893217894,0.0,14.904761904761905,0.0,20.0,274.4906204906205,30.0,508.1702741702742,10.0,0.0,0.0,0.0
383,0.2949694107556762,0.2900451790521608,0.2519881121936945,0.241990374195163,0.9688595096895501,0.9688978109301637,333.0,344.0,3.892642642642646,3.6691375968992244,0.0,0.0,3.894494494494494,3.671220930232558,3.7810438207779424,1.2,1.2,500.38848,513.12752,372.7385999999999,215.3392,-372.3501199999999,-202.21168,-81899.20070000003,-81805.99999999996,-10.685824716888229,-12.947369371551133,3.779074347612009,-0.15120175695112167,0.0,1.0,1.0,137.74150664697194,150.65288035450516,1.0,1.0,1.5081240768094535,1.497069423929098,0.0,0.4874446085672083,0.48005908419497784,0.0,7015.9069423929095,0.0,0.0,15.0,0.0,20.0,226.74446085672082,30.0,506.65435745937964,10.0,0.0,0.0,0.0
384,0.29524590457293043,0.29115585137059363,0.25224587827856415,0.2427736339865315,0.968954446276129,0.9689936794333571,359.0,360.0,8.037233054781797,4.413472222222222,1.3142061281337045,0.0,6.998647342995169,4.414722222222222,5.6791962174940895,1.2,1.2,522.6187199999999,541.79808,46.975599999999964,156.65249999999997,-24.356880000000025,-114.85441999999995,-81923.55758000004,-81920.85441999996,-12.553295317570697,-12.813930446308975,6.222832637923041,-0.06182410911153486,0.0,0.980528511821975,1.0,132.17385257301808,144.71488178025035,1.0,1.0,1.5006954102920724,1.4804127955493753,0.6561891515994436,0.9374130737134909,0.7440890125173852,0.0,6958.500695410292,27.396383866481223,0.0,11.408901251738525,0.0,19.6105702364395,333.99860917941584,29.41585535465925,501.9930458970793,9.80528511821975,0.0,0.0,11.974965229485397
385,0.29605004639411303,0.2918387065436297,0.25327753789740565,0.24394273805547131,0.9690454840675399,0.9690899832800852,357.0,356.0,4.399953314659195,5.727621722846441,0.0,0.06067415730337078,4.401167133520074,5.6689606741573035,5.03417484805984,1.2,1.2,531.62328,536.8565600000001,288.46419999999995,142.60200000000003,-256.8409199999999,-105.74543999999997,-82180.39850000004,-82026.59985999996,-11.208918934081359,-12.767919241539074,5.0628564749883145,-0.07093796934184893,0.0,1.0,1.0,134.3422159887798,146.80925666199158,1.0,1.0,1.4992987377279103,1.498569200561011,0.0302945301542777,0.5792426367461431,0.7321178120617111,0.0,6874.903225806452,1.817671809256662,0.0,14.483870967741936,0.0,20.0,301.9537166900421,30.0,507.2791023842917,10.0,0.0,0.0,0.0
386,0.2969379099146823,0.29268077971164436,0.25298405960676185,0.24388582943167947,0.9691383560489737,0.9691859760780598,313.0,372.0,4.187007454739086,5.275716845878136,0.0,0.017517921146953407,4.188125665601705,5.259139784946236,4.769756690997568,1.2,1.2,476.71504000000004,557.7744,339.4551,93.48979999999992,-362.74005999999997,-35.7153999999999,-82543.13856000004,-82062.31525999996,-11.16941197080292,-12.850843253333695,4.778248175182486,-0.11408376921436915,0.0,1.0,1.0,134.58102189781022,147.0978102189781,1.0,1.0,1.543065693430657,1.510203562043795,0.00951338199513382,0.7124087591240876,0.7343065693430657,0.0,6947.211678832116,0.5708029197080292,0.0,14.725547445255474,0.0,20.0,286.1240875912409,30.0,512.1284671532846,10.0,0.0,0.0,0.0
387,0.297761172642289,0.29292398830811983,0.2529706114039273,0.24374336573725874,0.9692348605722773,0.9692823908055772,338.0,372.0,4.818836291913215,7.024103942652337,0.0,0.6398297491039424,4.82051282051282,6.401841868823002,5.647978373295722,1.2,1.2,517.5761600000001,563.1012800000001,208.3943,75.5574,-190.81813999999991,-12.456119999999913,-82733.95670000004,-82074.77137999996,-11.779784600938985,-12.966894077802904,5.974272300469487,-0.07445920972379312,0.0,0.9985915492957746,1.0,135.45352112676056,148.03521126760563,1.0,1.0,1.523943661971831,1.52208090140845,0.33523474178403745,0.7436619718309859,0.8338028169014085,0.0,7015.702816901408,19.24788732394366,0.0,12.626760563380282,0.0,19.971830985915492,338.34225352112674,29.95774647887324,517.2492957746479,9.985915492957746,0.0,0.0,0.8661971830985915
388,0.29834256527872594,0.2944049115108576,0.254078882659886,0.2451331548226826,0.9693308019431495,0.9693725705148066,352.0,351.0,5.782670454545457,3.9966761633428343,0.11032196969696968,0.0,5.673106060606061,3.9993352326685656,4.837411095305833,1.2,1.2,520.69528,539.16144,120.01629999999994,385.4774,-99.32101999999992,-346.31596,-82833.27772000004,-82421.08733999997,-11.197989947842569,-12.87919806837221,4.8909435751540995,-0.07829071924635264,0.0,1.0,1.0,137.41109530583213,150.0981507823613,1.0,1.0,1.499288762446657,1.5076198008534847,0.05523944997629208,0.6372688477951636,0.6173541963015647,0.0,7034.402560455192,3.314366998577525,0.0,14.244665718349928,0.0,20.0,290.14224751066854,30.0,511.05405405405406,10.0,0.0,0.0,0.0
389,0.2991577797815185,0.29528165301747383,0.2550543898735024,0.24612727092943812,0.9694242833585137,0.9694659742225448,324.0,351.0,4.738117283950615,5.181813865147196,0.0,0.16652421652421653,4.739711934156379,5.016144349477683,4.883456790123457,1.2,1.2,482.3196,510.2138400000001,195.1477,120.75359999999995,-212.8281,-110.53975999999983,-83046.10582000004,-82531.62709999997,-10.991467456790126,-12.68240356577261,4.968839506172844,-0.11408510388049241,0.0,1.0,1.0,139.8325925925926,152.17777777777778,1.0,1.0,1.52,1.4704199111111096,0.0865925925925926,0.6903703703703704,0.8918518518518519,0.0,7008.580740740741,5.195555555555556,0.0,14.22962962962963,0.0,20.0,292.93481481481484,30.0,495.54962962962964,10.0,0.0,0.0,0.0
390,0.3001149616816753,0.2961717025735251,0.25569707343131376,0.24697582873962343,0.9695136343147587,0.9695590244726467,352.0,345.0,4.777035984848486,4.153816425120773,0.002367424242424242,0.0,4.775473484848485,4.156714975845411,4.469201339072214,1.2,1.2,530.4051999999999,534.2853600000001,174.0152,310.66519999999997,-143.61000000000007,-276.3798399999999,-83189.71582000004,-82808.00693999996,-11.15628809182208,-12.929641740354878,4.468555714968912,-0.1186796515148028,0.0,1.0,1.0,139.25394548063127,151.9583931133429,1.0,1.0,1.4949784791965566,1.5275330846484942,0.0011956001912960305,0.7403156384505022,0.7675753228120517,0.0,6994.282639885222,0.07173601147776183,0.0,14.96987087517934,0.0,20.0,268.0416068866571,30.0,519.3601147776184,10.0,0.0,0.0,0.0
391,0.30083701564993887,0.2974119413496006,0.25721542301399414,0.24856745626008647,0.9696048976076422,0.9696512129533531,369.0,349.0,5.922312556458898,3.608309455587393,0.1840108401084011,0.0,5.739927732610659,3.6106494746895885,4.704944289693593,1.2,1.2,562.89576,525.6008800000001,130.1516,210.5729,-67.25584,-184.97201999999993,-83256.97166000004,-82992.97895999996,-11.214247725162501,-12.884197117855544,4.7975394614670375,-0.11485658025271962,0.0,1.0,1.0,136.8649025069638,149.49860724233983,1.0,1.0,1.4860724233983287,1.516012033426184,0.0945682451253482,0.9415041782729805,0.6545961002785515,0.0,6909.143454038997,5.674094707520891,0.0,14.157381615598887,0.0,20.0,282.1782729805014,30.0,514.5515320334262,10.0,0.0,0.0,0.0
392,0.3013240473206423,0.29851704167438287,0.25735810110213847,0.2490446521983892,0.9696953420983081,0.9697414837410844,326.0,344.0,4.561707566462169,4.315891472868219,0.0,0.0,4.5644683026584865,4.317635658914728,4.43773631840796,1.2,1.2,496.57232,515.10968,272.4401,373.472,-275.86778,-358.36231999999995,-83532.83944000004,-83351.34127999996,-11.030855721393035,-12.96494260789444,4.43549751243781,-0.1376821862437623,0.0,1.0,1.0,141.59850746268657,154.2417910447761,1.0,1.0,1.5134328358208955,1.509973134328359,0.0,0.7223880597014926,0.5805970149253732,0.0,6949.910447761194,0.0,0.0,15.0,0.0,20.0,266.12985074626863,30.0,512.0373134328358,10.0,0.0,0.0,0.0
393,0.302146565851266,0.29962982168377594,0.2587282704273189,0.25056932092602713,0.9697842685909525,0.9698289254725811,353.0,323.0,3.904343720491031,4.34943240454076,0.0,0.0,3.9072710103871575,4.3501547987616105,4.118885601577909,1.2,1.2,521.44784,499.08032000000003,249.7167,328.9971999999999,-228.26885999999996,-329.9168799999999,-83761.10830000004,-83681.25815999997,-10.901416370808674,-12.953231493743422,4.117011834319526,-0.13481268294319299,0.0,1.0,1.0,143.12130177514794,155.87278106508876,1.0,1.0,1.477810650887574,1.5096570414201174,0.0,0.727810650887574,0.5428994082840237,0.0,6981.559171597633,0.0,0.0,15.0,0.0,20.0,247.0207100591716,30.0,511.89792899408286,10.0,0.0,0.0,0.0
394,0.3029438082693817,0.30025121444756214,0.2594156290319152,0.25167763408479155,0.9698701193792278,0.96991782866255,330.0,350.0,3.36611111111111,5.001476190476189,0.0,0.02438095238095238,3.367828282828283,4.978714285714286,4.196960784313727,1.2,1.2,502.00464,512.11736,335.64929999999987,259.62339999999995,-333.6446599999999,-247.50603999999998,-84094.75296000004,-83928.76419999996,-10.820852941176476,-12.8492217781028,4.207843137254901,-0.1306655040167942,0.0,1.0,1.0,144.11911764705883,156.85735294117646,1.0,1.0,1.5147058823529411,1.49135588235294,0.012549019607843137,0.5426470588235294,0.6014705882352941,0.0,6991.135294117647,0.7529411764705882,0.0,14.777941176470588,0.0,20.0,251.71764705882353,30.0,504.28088235294115,10.0,0.0,0.0,0.0
395,0.30346850461737895,0.30144465577484214,0.25947684472591853,0.251959915076838,0.9699633602260724,0.9700053997399862,377.0,352.0,7.004465075154733,3.957054924242426,0.5055260831122901,0.0,6.518173758865249,3.9583806818181815,5.2804716117216115,1.2,1.2,567.35752,531.6004,61.440999999999974,297.34459999999996,5.916520000000048,-265.7441999999999,-84088.83644000004,-84194.50839999996,-11.534053955189764,-12.801939732392256,5.533013260173757,-0.05538988210623036,0.0,0.9986282578875172,1.0,138.28532235939645,150.3991769547325,1.0,1.0,1.4828532235939644,1.5074868587105628,0.26143118427069045,0.869684499314129,0.53360768175583,0.0,7015.539094650206,14.842249657064471,0.0,13.27846364883402,0.0,19.972565157750342,316.2949245541838,29.958847736625515,511.1604938271605,9.986282578875171,0.0,0.0,0.8436213991769548
396,0.3046253179868383,0.3023767260716021,0.2595358460321403,0.2522709584956617,0.9700557419437096,0.9700928799747556,345.0,357.0,4.1528502415458926,4.1627917833800225,0.0,0.002427637721755369,4.157294685990338,4.162791783380019,4.1600902184235515,1.2,1.2,513.40008,540.63816,367.09870000000006,225.12019999999995,-353.69862000000006,-184.48203999999998,-84442.53506000004,-84378.99043999997,-10.865538271604933,-12.901369229047805,4.157905982905983,-0.1381568320620952,0.0,1.0,1.0,142.24074074074073,154.87749287749287,1.0,1.0,1.5085470085470085,1.5014789743589745,0.0012345679012345679,0.5170940170940171,0.7094017094017094,0.0,7105.850427350428,0.07407407407407407,0.0,14.957264957264957,0.0,20.0,249.4002849002849,30.0,508.494301994302,10.0,0.0,0.0,0.0
397,0.3058040257938836,0.30337301282045764,0.26078570229178083,0.2535621770152839,0.9701466952470471,0.9701819380318775,373.0,352.0,3.7924932975871304,3.966903409090909,0.0,0.0,3.7948614834673813,3.968039772727272,3.8789425287356325,1.2,1.2,549.2166400000001,532.06336,238.6774,309.6868,-189.4607599999999,-277.62344,-84631.99582000004,-84656.61387999996,-10.689011494252863,-12.76276157313086,3.8771724137931076,-0.13850500285108464,0.0,1.0,1.0,139.58896551724138,151.66620689655173,1.0,1.0,1.4855172413793103,1.4914206896551727,0.0,0.6248275862068966,0.7158620689655173,0.0,7046.190344827586,0.0,0.0,15.0,0.0,20.0,232.6303448275862,30.0,504.31172413793104,10.0,0.0,0.0,0.0
398,0.30611099966968214,0.30462556055923967,0.26085969811288334,0.2536046174517493,0.9702340467592917,0.9702708346054102,341.0,339.0,6.219208211143692,4.074090462143562,0.24213098729227764,0.0,5.978445747800587,4.074532940019666,5.0292892156862745,1.2,1.2,519.5156000000001,502.00487999999996,85.73150000000008,242.3825,-66.21590000000002,-240.37762000000004,-84698.21172000004,-84896.99149999996,-11.267130980392164,-12.978962326470914,5.149803921568623,-0.09352192604833214,0.0,1.0,1.0,148.40441176470588,161.20147058823528,1.0,1.0,1.4985294117647059,1.502235999999999,0.121421568627451,0.4764705882352941,0.5161764705882353,0.0,6942.460294117647,7.285294117647059,0.0,14.197058823529412,0.0,20.0,301.7029411764706,30.0,508.80882352941177,10.0,0.0,0.0,0.0
399,0.30671261001901107,0.3056127346507309,0.2624208875438321,0.255322304192046,0.9703200299166079,0.970357741298893,363.0,352.0,6.136271808999079,4.114725378787878,0.0755739210284665,0.0,6.062764003673094,4.115909090909091,5.104312354312354,1.2,1.2,567.8604,510.90784,85.8604,296.47539999999987,-17.99999999999997,-285.56755999999984,-84716.21172000004,-85182.55905999996,-11.305376969696978,-12.830459022385062,5.141048951048951,-0.07797670449941932,0.0,1.0,1.0,141.62517482517484,153.82797202797204,1.0,1.0,1.4923076923076923,1.5087667692307694,0.03836829836829837,0.7762237762237763,0.5468531468531469,0.0,6867.335664335665,2.302097902097902,0.0,14.406993006993007,0.0,20.0,306.16083916083915,30.0,511.53706293706296,10.0,0.0,0.0,0.0
400,0.3071142728900828,0.30678843314734555,0.26284647710097936,0.2559812788620197,0.9704061439450212,0.9704421681790705,347.0,354.0,3.462728146013446,3.5834274952919,0.0,0.0,3.467435158501441,3.5862994350282484,3.5274607703281027,1.4,1.2,582.20512,528.40728,265.4027,294.2775,-183.19758000000002,-265.87021999999996,-84899.40930000003,-85448.42927999995,-11.003892534474566,-12.821613086571794,3.523680456490728,-0.12876108367200714,0.0,1.0,1.0,145.2410841654779,157.4037089871612,1.0,1.0,1.5049928673323822,1.5843258202567767,0.0,0.6005706134094151,0.68188302425107,0.0,6930.784593437946,0.0,0.0,15.0,0.0,20.0,211.42082738944364,30.0,501.8373751783167,10.0,0.0,0.0,0.0
401,0.3073658306507786,0.3077564775226661,0.2638171569529628,0.25686785893032904,0.970494060443111,0.9705280439008358,362.0,350.0,4.348388581952117,4.156761904761907,0.08743093922651934,0.0,4.263075506445672,4.159571428571429,4.2121956928838955,1.4,1.2,609.8996400000001,536.3348000000001,110.17959999999995,295.38649999999996,-0.27995999999986054,-259.05169999999987,-84899.68926000003,-85707.48097999995,-11.454895411985017,-12.890459255351436,4.254190074906366,-0.09294492755662082,0.0,1.0,1.0,145.48455056179776,157.92134831460675,1.0,1.0,1.4915730337078652,1.6098798314606753,0.04445224719101124,0.6952247191011236,0.7219101123595506,0.0,6855.689606741573,2.667134831460674,0.0,14.64185393258427,0.0,20.0,252.58426966292134,30.0,511.14606741573033,10.0,0.0,0.0,0.0
402,0.3074670179582716,0.3087686697372058,0.2641510546954157,0.257397420553379,0.970580500640248,0.9706144857774328,363.0,371.0,5.641551882460973,4.578436657681941,0.0,0.0,5.64315886134068,4.58099730458221,5.106289736603088,1.4,1.2,625.2366400000001,566.0026399999999,60.54219999999998,186.69349999999994,64.6944400000001,-120.69086000000001,-84834.99482000002,-85828.17183999995,-11.87854187102633,-12.864905355123955,5.1042007266121665,-0.02668152456070784,0.0,1.0,1.0,143.8801089918256,156.31062670299727,1.0,1.0,1.505449591280654,1.6229417983651226,0.0,0.9237057220708447,0.7643051771117166,0.0,6889.776566757493,0.0,0.0,15.0,0.0,20.0,306.25204359673023,30.0,516.6457765667575,10.0,0.0,0.0,0.0
403,0.3079705996959451,0.30956881083281745,0.26565326278884527,0.25897526969005147,0.9706642222619468,0.9706969561997719,369.0,326.0,4.373622402890693,4.320347648261761,0.0,0.0,4.378003613369466,4.320961145194274,4.351247002398081,1.4,1.2,634.179,493.36376,118.69339999999997,268.4993999999999,15.485600000000005,-275.1356399999999,-84819.50922000002,-86103.30747999994,-11.562600191846517,-12.927004045490046,4.348633093525179,-0.09193215279494003,0.0,1.0,1.0,148.33381294964028,160.64028776978418,1.0,1.0,1.469064748201439,1.6223636834532378,0.0,0.7683453237410072,0.6446043165467625,0.0,7011.955395683453,0.0,0.0,15.0,0.0,20.0,260.9179856115108,30.0,513.3985611510791,10.0,0.0,0.0,0.0
404,0.3083389825265832,0.3103695653586912,0.2659488174306641,0.2595554426827895,0.9707479513390702,0.9707814579567615,364.0,352.0,3.725091575091577,4.888778409090908,0.0,0.0026515151515151517,3.7278846153846152,4.8862215909090905,4.297346368715084,1.4,1.2,629.36832,539.9368,170.117,208.6893,-40.74867999999995,-168.75250000000005,-84860.25790000003,-86272.05997999995,-11.616045996275611,-12.967005401891814,4.297183426443199,-0.09074418229993529,0.0,1.0,1.0,144.77374301675977,157.2709497206704,1.0,1.0,1.4916201117318435,1.633107709497208,0.0013035381750465549,0.8100558659217877,0.7094972067039106,0.0,7032.9706703910615,0.0782122905027933,0.0,14.976256983240223,0.0,20.0,257.7527932960894,30.0,519.4902234636871,10.0,0.0,0.0,0.0
405,0.30872061364498077,0.31091607155167583,0.2675014980164426,0.2613337483372458,0.9708347922215198,0.9708638793958393,320.0,373.0,3.9786979166666656,5.839276139410189,0.0,0.01970509383378016,3.979374999999999,5.821581769436997,4.970923520923522,1.4,1.2,548.6829600000001,562.7284,180.59909999999996,103.65569999999998,-131.91613999999987,-40.92730000000002,-84992.17404000003,-86312.98727999994,-11.716512938912945,-12.903000590646625,4.980134680134684,-0.06662474963340197,0.0,1.0,1.0,148.7070707070707,161.17460317460316,1.0,1.0,1.5382395382395382,1.6037681962481969,0.010606060606060605,0.7027417027417028,0.7070707070707071,0.0,6931.852813852814,0.6363636363636364,0.0,14.797979797979798,0.0,20.0,298.17171717171715,30.0,511.6854256854257,10.0,0.0,0.0,0.0
406,0.3091503631117181,0.312028000460163,0.2681529055230029,0.2621546547300975,0.9709196528647911,0.9709495124890936,320.0,369.0,3.7663020833333354,4.07420957542909,0.0,0.0,3.7691666666666666,4.074209575429087,3.932535074987905,1.4,1.2,546.9912,561.4396800000001,155.8586,182.33279999999996,-108.86739999999995,-120.8931199999999,-85101.04144000003,-86433.88039999994,-11.328540493468791,-13.01682357320874,3.9312046444121913,-0.10369163884249853,0.0,1.0,1.0,152.96516690856313,165.76923076923077,1.0,1.0,1.5355587808417996,1.608753091436866,0.0,0.648766328011611,0.590711175616836,0.0,7111.628447024674,0.0,0.0,15.0,0.0,20.0,235.87227866473148,30.0,513.687953555878,10.0,0.0,0.0,0.0
407,0.30945615706088103,0.31310532688029147,0.26904449991361534,0.26338074456380495,0.971005639459142,0.9710324212310233,336.0,373.0,3.9574900793650767,4.323815907059877,0.0,0.0,3.960962301587302,4.3255138516532625,4.152750352609309,1.4,1.2,565.117,553.71208,101.85830000000001,268.7698,-36.74130000000005,-215.05771999999996,-85137.78274000002,-86648.93811999993,-11.219767842031034,-12.782473794974937,4.150211565585334,-0.0977943726358549,0.0,1.0,1.0,147.90691114245416,160.3286318758815,1.0,1.0,1.526093088857546,1.5780381946403401,0.0,0.6304654442877292,0.7574047954866009,0.0,7089.734837799718,0.0,0.0,15.0,0.0,20.0,249.0126939351199,30.0,500.84767277856133,10.0,0.0,0.0,0.0
408,0.30961229131551365,0.3142745672064152,0.26884692181931114,0.26362742051714516,0.9710878948725887,0.971118235584561,375.0,347.0,4.57248888888889,4.216282420749278,0.0,0.0,4.573688888888889,4.219116234390009,4.403277931671283,1.4,1.2,638.72564,528.2540000000001,114.8998,428.9324,23.82584,-400.67839999999984,-85113.95690000002,-87049.61651999994,-11.549905170821798,-12.872732246998464,4.4012927054478315,-0.07764610931404409,0.0,1.0,1.0,149.84764542936287,162.40858725761774,1.0,1.0,1.4806094182825484,1.6163152908587268,0.0,0.7645429362880887,0.685595567867036,0.0,7024.673130193906,0.0,0.0,15.0,0.0,20.0,264.0775623268698,30.0,512.3434903047091,10.0,0.0,0.0,0.0
409,0.31034797072729164,0.3148895918544338,0.26917344523224573,0.26441568022269857,0.9711680644185554,0.9712012896195711,364.0,345.0,3.7521978021978057,5.268212560386474,0.0,0.11130434782608697,3.7554945054945046,5.15792270531401,4.437917254348848,1.4,1.2,621.5647200000001,508.22184000000004,223.37189999999995,156.34969999999998,-101.80717999999987,-148.12785999999994,-85215.76408000002,-87197.74437999993,-11.440803196991064,-12.824621651216592,4.489891866478608,-0.09147724189539955,0.0,1.0,1.0,149.68547249647392,162.16502115655854,1.0,1.0,1.4866008462623412,1.5934930324400594,0.05416078984485191,0.6586741889985895,0.61212976022567,0.0,7118.516220028208,3.249647390691114,0.0,14.440056417489421,0.0,20.0,266.1438645980254,30.0,503.21438645980254,10.0,0.0,0.0,0.0
410,0.3108619060360032,0.3158781751682987,0.2697872466119092,0.2653753375607441,0.971246480830819,0.9712828062393721,364.0,375.0,3.9460622710622744,4.3933333333333335,0.0,0.0,3.948489010989011,4.394444444444445,4.174785746504285,1.4,1.2,639.6471200000001,563.44848,161.16840000000002,205.47529999999995,-21.521279999999933,-142.02681999999993,-85237.28536000002,-87339.77119999993,-11.535531799729364,-12.924766660393582,4.173026612539468,-0.08071786727173234,0.0,1.0,1.0,146.81596752368065,158.92286874154263,1.0,1.0,1.5074424898511503,1.628004871447902,0.0,0.8322056833558863,0.6373477672530447,0.0,7107.631935047361,0.0,0.0,15.0,0.0,20.0,250.38159675236807,30.0,517.8890392422193,10.0,0.0,0.0,0.0
411,0.31122299329867115,0.31686616563233344,0.2707213646655195,0.26667887010426977,0.9713267625787805,0.9713636251572153,375.0,365.0,3.986800000000004,3.7399999999999967,0.0,0.0,3.9880888888888886,3.7419634703196354,3.8666891891891892,1.4,1.2,637.92708,558.7258400000001,139.9441,328.19309999999996,-2.0170199999999454,-269.4672599999999,-85239.30238000002,-87609.23845999994,-11.344172882882887,-12.80815245388385,3.86506756756757,-0.0801971784371809,0.0,1.0,1.0,148.88783783783785,161.06486486486486,1.0,1.0,1.4932432432432432,1.617098540540541,0.0,0.8202702702702702,0.6175675675675676,0.0,6926.1662162162165,0.0,0.0,15.0,0.0,20.0,231.90405405405406,30.0,513.795945945946,10.0,0.0,0.0,0.0
412,0.3118648277959331,0.3176878363137557,0.27155956359848504,0.2678206750622286,0.9714047117943806,0.9714417232928986,359.0,342.0,3.76954503249768,3.955116959064328,0.0,0.0,3.773119777158775,3.958479532163743,3.863552068473609,1.4,1.2,612.80688,508.6267200000001,199.39569999999998,282.6164,-86.58882,-273.9896799999999,-85325.89120000003,-87883.22813999993,-11.229378982406084,-12.95028658921831,3.8600808368996664,-0.12222995530740706,0.0,1.0,1.0,155.9614835948645,168.63480741797432,1.0,1.0,1.4878744650499287,1.599762624821685,0.0,0.5934379457917262,0.5820256776034237,0.0,6904.784593437946,0.0,0.0,15.0,0.0,20.0,231.60485021398003,30.0,505.96005706134093,10.0,0.0,0.0,0.0
413,0.31187645182785245,0.3187144926519289,0.2719667722034348,0.2685571126841913,0.9714863819027987,0.9715215887835896,386.0,349.0,4.722538860103629,4.330276981852911,0.0,0.0,4.723056994818654,4.331566380133715,4.537165532879818,1.4,1.2,653.93804,532.3494400000001,95.93310000000005,159.9579,58.00493999999995,-127.60845999999992,-85267.88626000003,-88010.83659999994,-11.588391020408173,-12.810527689121919,4.536281179138327,-0.058022066258308254,0.0,1.0,1.0,147.91564625850341,160.10068027210883,1.0,1.0,1.474829931972789,1.613996571428572,0.0,0.9714285714285714,0.6,0.0,6919.0829931972785,0.0,0.0,15.0,0.0,20.0,272.17687074829934,30.0,511.16870748299317,10.0,0.0,0.0,0.0
414,0.3125318212631608,0.31953261271570443,0.27229686803725595,0.26900226357402557,0.9715662052559758,0.9715980909183887,375.0,378.0,3.7779555555555544,4.514021164021161,0.0,0.0036596119929453263,3.7805777777777783,4.512742504409172,4.148118636564852,1.4,1.2,635.36004,580.76808,184.68169999999998,232.64119999999997,-49.32165999999995,-151.87311999999991,-85317.20792000003,-88162.70971999994,-11.447132270916336,-12.791161740007999,4.147454625940686,-0.07612217851443973,0.0,1.0,1.0,148.72908366533864,160.84196547144754,1.0,1.0,1.50199203187251,1.6150439840637454,0.00183709606020363,0.7808764940239044,0.6640106241699867,0.0,7099.010624169987,0.1102257636122178,0.0,14.9800796812749,0.0,20.0,248.73705179282868,30.0,513.879150066401,10.0,0.0,0.0,0.0
415,0.3128606610460872,0.319797621477257,0.2731047349087254,0.2700538374539037,0.9716458764060335,0.9716751992363846,355.0,362.0,3.7827230046948372,7.176012891344383,0.0,0.635635359116022,3.7846009389671353,6.558494921514312,5.183170391061453,1.4,1.2,606.5693200000001,536.2955199999999,163.30659999999995,89.39180000000003,-56.737279999999885,-53.096280000000135,-85373.94520000003,-88215.80599999994,-11.909260344026027,-12.856637906018928,5.495932124593209,-0.046911825440396425,0.0,0.99860529986053,1.0,154.46164574616458,167.12412831241284,1.0,1.0,1.5048814504881451,1.5939537517433762,0.32092050209205014,0.7698744769874477,0.6861924686192469,0.0,7181.375174337518,18.397489539748953,0.0,12.500697350069736,0.0,19.9721059972106,310.50069735006974,29.9581589958159,505.08228730822873,9.9860529986053,0.0,0.0,0.8577405857740585
416,0.31340458050192355,0.3207955864295519,0.2735705904831934,0.2707223620779924,0.971725671080187,0.971751330692757,358.0,374.0,3.930121042830537,3.876336898395725,0.0,0.0,3.9313314711359406,3.8775401069518716,3.9038479052823316,1.4,1.2,613.2103599999999,565.6328000000001,142.428,251.85789999999997,-29.217640000000074,-186.22509999999988,-85403.16284000003,-88402.03109999993,-11.32055892531876,-12.81333345921971,3.902641165755923,-0.08366585839636624,0.0,1.0,1.0,151.0136612021858,163.02322404371586,1.0,1.0,1.510928961748634,1.6104414754098362,0.0,0.7295081967213115,0.6243169398907104,0.0,7069.419398907104,0.0,0.0,15.0,0.0,20.0,234.1584699453552,30.0,512.188524590164,10.0,0.0,0.0,0.0
417,0.3136841343432733,0.32187706730455873,0.2732442158139137,0.27095025078494916,0.9718034049983431,0.9718288498970434,347.0,393.0,4.0393371757925065,4.479728583545377,0.0,0.0,4.041690682036504,4.481043256997455,4.275022522522523,1.4,1.2,586.7467200000001,608.28072,227.4958,258.20349999999996,-140.7490799999999,-149.92278,-85543.91192000003,-88551.95387999993,-11.505045765765779,-12.952870319380867,4.2732207207207225,-0.10189588255219657,0.0,1.0,1.0,152.86621621621623,165.09324324324325,1.0,1.0,1.531081081081081,1.614901945945944,0.0,0.7081081081081081,0.6229729729729729,0.0,6951.498648648649,0.0,0.0,15.0,0.0,20.0,256.39324324324326,30.0,516.3743243243243,10.0,0.0,0.0,0.0
418,0.314164199501408,0.3224496907371617,0.27328415046317983,0.27108385018362857,0.9718843775189526,0.9719066613834799,353.0,357.0,3.425590179414542,4.583146591970119,0.0,0.00042016806722689073,3.432530689329556,4.584920634920635,4.0119718309859165,1.4,1.2,587.2846,532.5031200000001,187.30140000000003,204.33420000000004,-100.01680000000007,-171.83107999999996,-85643.92872000003,-88723.78495999993,-11.152458122065731,-12.859108976552427,4.007629107981218,-0.11806147647968059,0.0,1.0,1.0,159.8549295774648,172.7619718309859,1.0,1.0,1.5028169014084507,1.577165802816901,0.0002112676056338028,0.5971830985915493,0.5577464788732395,0.0,7045.987323943662,0.01267605633802817,0.0,14.987323943661972,0.0,20.0,240.44507042253522,30.0,499.0732394366197,10.0,0.0,0.0,0.0
419,0.31442544789412313,0.323233715457866,0.27341521378698685,0.27174954259113376,0.9719617338100599,0.9719826013879449,360.0,383.0,4.277083333333334,4.557180156657965,0.0,0.004699738903394255,4.279768518518519,4.55574412532637,4.422027815163751,1.4,1.2,613.96132,571.83728,215.7937,250.9376,-101.83238,-179.10032000000004,-85745.76110000003,-88902.88527999993,-11.437594885598937,-12.807269382407643,4.42146702557201,-0.07160494377689204,0.0,1.0,1.0,154.25975773889635,166.5921938088829,1.0,1.0,1.515477792732167,1.5959604306864064,0.0024226110363391655,0.8021534320323015,0.5423956931359354,0.0,7096.250336473755,0.14535666218034993,0.0,14.886944818304173,0.0,20.0,265.14266487213996,30.0,506.76177658142666,10.0,0.0,0.0,0.0
420,0.3149225799168823,0.32388499944734933,0.27345665380463174,0.2720860482964722,0.9720393526198364,0.9720619175423082,355.0,357.0,3.739953051643193,4.497338935574229,0.0,0.0,3.74206572769953,4.498786181139122,4.121488764044944,1.4,1.2,614.85424,535.5974400000001,167.08730000000003,307.565,-52.23306000000002,-271.9675599999999,-85797.99416000003,-89174.85283999993,-11.437038951310859,-12.947776280299248,4.119709737827716,-0.08950503056376895,0.0,1.0,1.0,159.69522471910113,172.29073033707866,1.0,1.0,1.5014044943820224,1.6158029213483152,0.0,0.6839887640449438,0.5828651685393258,0.0,7081.122191011236,0.0,0.0,15.0,0.0,20.0,247.18258426966293,30.0,513.0421348314607,10.0,0.0,0.0,0.0
421,0.31533903730457935,0.3248017806321955,0.2739784547077977,0.2730233319972486,0.9721173341591098,0.9721391443692565,382.0,344.0,4.483595113438043,3.1224806201550392,0.0,0.0,4.484293193717278,3.130232558139535,3.8426997245179066,1.4,1.2,653.70004,501.53336,113.4348,378.15259999999995,40.26523999999995,-376.61923999999993,-85757.72892000004,-89551.47207999993,-11.16181864095501,-12.797387106485033,3.8386593204774972,-0.10647869245414697,0.0,1.0,1.0,155.86914600550963,168.21763085399448,1.0,1.0,1.4738292011019283,1.5912305785123961,0.0,0.8085399449035813,0.45179063360881544,0.0,6998.946280991736,0.0,0.0,15.0,0.0,20.0,230.31955922865015,30.0,501.06060606060606,10.0,0.0,0.0,0.0
422,0.31575766970312663,0.3254554550721171,0.2741181545437562,0.27343549208185336,0.9721956663044153,0.9722131373938059,381.0,355.0,4.0516622922134715,5.016854460093894,0.0,0.008685446009389673,4.055468066491688,5.012159624413146,4.516915760869566,1.4,1.2,657.56656,544.3398400000001,198.47729999999999,217.4327,-40.910740000000004,-173.09285999999992,-85798.63966000004,-89724.56493999994,-11.701202898550704,-12.90179325720529,4.517210144927539,-0.06543565986121865,0.0,1.0,1.0,154.6548913043478,166.89809782608697,1.0,1.0,1.482336956521739,1.6330249999999997,0.004189311594202899,0.8817934782608695,0.6467391304347826,0.0,6904.785326086957,0.2513586956521739,0.0,14.86820652173913,0.0,20.0,270.78125,30.0,518.758152173913,10.0,0.0,0.0,0.0
423,0.3162219004757261,0.32616731681378663,0.27614164236886707,0.2757101302864409,0.9722677915092688,0.9722866651869915,395.0,386.0,4.036877637130805,4.216796200345421,0.0,0.0,4.037341772151899,4.2176597582038005,4.126461801109688,1.4,1.2,684.55828,583.6606400000001,152.66500000000002,220.38769999999994,31.893279999999947,-136.72705999999988,-85766.74638000004,-89861.29199999994,-11.488601707212986,-12.81428250427347,4.125800256081948,-0.07690956748366,0.0,1.0,1.0,153.13060179257363,164.96670934699102,1.0,1.0,1.4942381562099871,1.6238398463508326,0.0,0.9628681177976952,0.7003841229193342,0.0,7080.992317541613,0.0,0.0,15.0,0.0,20.0,247.54801536491678,30.0,515.7247119078105,10.0,0.0,0.0,0.0
424,0.31684209662931684,0.3271536918922217,0.2760772013699218,0.27647246870275616,0.9723432162257243,0.9723607681177509,368.0,366.0,3.061231884057968,3.5453096539162128,0.0,0.0,3.0659420289855075,3.5468123861566485,3.3057220708446864,1.4,1.2,618.07284,560.3088,254.37779999999998,409.7766,-136.30495999999994,-349.46779999999995,-85903.05134000003,-90210.75979999994,-11.048317257039047,-12.893359436797667,3.302611262488649,-0.10513745218798896,0.0,1.0,1.0,157.6008174386921,169.94822888283377,1.0,1.0,1.4986376021798364,1.6054245776566751,0.0,0.7479564032697548,0.5681198910081744,0.0,7045.036784741144,0.0,0.0,15.0,0.0,20.0,198.1566757493188,30.0,510.0449591280654,10.0,0.0,0.0,0.0
425,0.3172647023669178,0.32796507681919057,0.27652940870152865,0.27720196771714956,0.9724164936992158,0.9724356646091359,375.0,364.0,4.191333333333335,4.469230769230768,0.0,0.0,4.1956444444444445,4.470421245421246,4.330987821380243,1.4,1.2,644.0772800000001,535.16776,198.87979999999996,231.31089999999995,-54.80251999999987,-196.1431399999999,-85957.85386000003,-90406.90293999994,-11.391085069914304,-12.767681880503215,4.328213802435723,-0.08481653934631846,0.0,1.0,1.0,158.28146143437078,170.5683355886333,1.0,1.0,1.4925575101488497,1.5957307713125837,0.0,0.7848443843031123,0.6238159675236806,0.0,7020.921515561569,0.0,0.0,15.0,0.0,20.0,259.6928281461434,30.0,504.34370771312587,10.0,0.0,0.0,0.0
426,0.3178408500378712,0.3287754555502548,0.2776788737217703,0.2787537675301168,0.9724908682088018,0.9725131326403871,359.0,385.0,3.426183844011144,3.900909090909086,0.0,0.0,3.4298514391829156,3.903419913419914,3.674910394265233,1.4,1.2,617.43752,568.45144,164.8366,268.66799999999995,-47.399080000000055,-200.2165599999999,-86005.25294000003,-90607.11949999994,-11.123953584229394,-12.804921002551696,3.671841397849461,-0.10984592269708075,0.0,1.0,1.0,158.5497311827957,170.76747311827958,1.0,1.0,1.51747311827957,1.5939367741935477,0.0,0.831989247311828,0.5309139784946236,0.0,7025.798387096775,0.0,0.0,15.0,0.0,20.0,220.31048387096774,30.0,505.65994623655916,10.0,0.0,0.0,0.0
427,0.3180481176614577,0.3297171988289132,0.27709237268413717,0.2784142696585149,0.972563878457126,0.9725885742417856,347.0,381.0,4.117819404418831,3.6784339457567774,0.0,0.0,4.120124879923151,3.681189851268592,3.8904075091575088,1.4,1.2,610.77576,568.1208,201.3813,372.1738999999999,-90.60554000000002,-304.05309999999986,-86095.85848000004,-90911.17259999995,-11.370690659340646,-12.956675520361594,3.8878663003663,-0.0862772210022474,0.0,1.0,1.0,163.89972527472528,176.53021978021977,1.0,1.0,1.5233516483516483,1.619363406593407,0.0,0.8324175824175825,0.6002747252747253,0.0,7076.707417582417,0.0,0.0,15.0,0.0,20.0,233.27197802197801,30.0,515.6181318681319,10.0,0.0,0.0,0.0
428,0.3185735110974877,0.3306526230804487,0.27860544886531274,0.2805995635610873,0.9726385697965182,0.9726617781134669,360.0,402.0,3.5262037037037066,4.086733001658375,0.0,0.0,3.5290277777777774,4.088184079601989,3.8240157480314965,1.4,1.2,605.7469600000001,618.59664,170.6866,172.6751,-64.93963999999994,-54.07846000000001,-86160.79812000004,-90965.25105999995,-11.272223972003498,-12.93457585630713,3.8219160104986845,-0.10824383441949531,0.0,1.0,1.0,160.39238845144357,172.4750656167979,1.0,1.0,1.5275590551181102,1.6067501312335946,0.0,0.5866141732283464,0.60498687664042,0.0,7004.077427821522,0.0,0.0,15.0,0.0,20.0,229.31496062992127,30.0,512.9120734908137,10.0,0.0,0.0,0.0
429,0.31872442566015385,0.33143980816347485,0.2788287433260676,0.28133579917136303,0.9727159316302628,0.9727351816150546,380.0,357.0,4.367017543859651,4.139962651727358,0.0014035087719298245,0.0002334267040149393,4.368421052631579,4.139729225023343,4.257643600180913,1.4,1.2,660.7398000000001,508.93512000000004,94.84160000000001,182.76669999999996,65.89820000000005,-173.83157999999992,-86094.89992000004,-91139.08263999995,-11.30283301673451,-12.757291021142617,4.257033016734506,-0.0942622670644619,0.0,1.0,1.0,163.29850746268656,175.6784260515604,1.0,1.0,1.4843962008141112,1.5870758751696072,0.0008367254635911353,0.7340569877883311,0.45725915875169604,0.0,7012.100407055631,0.050203527815468114,0.0,14.956580732700136,0.0,20.0,255.3717774762551,30.0,499.3921302578019,10.0,0.0,0.0,0.0
430,0.3192101983645566,0.33234281931186926,0.27949079233877594,0.2822525121432446,0.972787840609295,0.9728077402861227,364.0,386.0,3.4107600732600702,4.2669689119170995,0.0,0.0,3.4123168498168495,4.2703799654576855,3.853933333333334,1.4,1.2,618.3256799999999,581.60096,220.65500000000003,275.33989999999994,-102.32932000000011,-193.73893999999996,-86197.22924000004,-91332.82157999995,-11.235142044444435,-12.744457698524176,3.8514222222222276,-0.0801540671109456,0.0,1.0,1.0,159.17066666666668,171.33066666666667,1.0,1.0,1.5146666666666666,1.5999021866666674,0.0,0.7746666666666666,0.6426666666666667,0.0,7025.6213333333335,0.0,0.0,15.0,0.0,20.0,231.08533333333332,30.0,508.51866666666666,10.0,0.0,0.0,0.0
431,0.3197392097922104,0.3331685138591999,0.27984644023608385,0.28334467662209245,0.9728596759324305,0.9728797542194659,354.0,362.0,3.567090395480228,4.077209944751379,0.0,0.0,3.5692561205273066,4.078591160220995,3.826769087523278,1.4,1.2,594.9904799999999,539.6554400000001,234.22940000000003,232.5292,-139.2389200000001,-192.8737599999999,-86336.46816000005,-91525.69533999995,-11.126647486033523,-12.811375069369525,3.825,-0.11653959830898711,0.0,1.0,1.0,165.4832402234637,177.7905027932961,1.0,1.0,1.505586592178771,1.5847010055865938,0.0,0.723463687150838,0.505586592178771,0.0,6880.421787709497,0.0,0.0,15.0,0.0,20.0,229.5,30.0,501.9427374301676,10.0,0.0,0.0,0.0
432,0.31980744466669275,0.3340747691760856,0.28146324683615626,0.28522337436798195,0.9729315689559278,0.9729527309648129,376.0,376.0,4.531382978723406,4.015514184397164,0.0,0.0,4.534618794326241,4.018306737588653,4.276462765957446,1.4,1.2,648.7888399999999,564.8936800000001,98.58400000000002,253.30099999999993,50.20483999999992,-188.4073199999998,-86286.26332000004,-91714.10265999995,-11.486860726950354,-12.882593415775952,4.273448581560277,-0.09917085536975881,0.0,1.0,1.0,161.05984042553192,172.98670212765958,1.0,1.0,1.5,1.613939521276596,0.0,0.8617021276595744,0.523936170212766,0.0,7023.98670212766,0.0,0.0,15.0,0.0,20.0,256.406914893617,30.0,512.3351063829788,10.0,0.0,0.0,0.0
433,0.32012737012479886,0.3355112194885046,0.28317874549195515,0.28742700896417955,0.9730026378925328,0.9730251832801289,377.0,381.0,4.080946065428825,3.4216972878390197,0.0,0.0,4.085190097259063,3.4244531933508306,3.7530782761653483,1.4,1.2,645.2051200000001,567.05664,202.73399999999998,346.2282,-57.5288799999999,-279.17156,-86343.79220000004,-91993.27421999995,-11.185860334212835,-12.742697560689658,3.749582233948984,-0.10528938953245003,0.0,1.0,1.0,160.79023746701847,172.71240105540898,1.0,1.0,1.5026385224274406,1.5992899208443276,0.0,0.9696569920844327,0.5395778364116095,0.0,7077.353562005277,0.0,0.0,15.0,0.0,20.0,224.97493403693932,30.0,506.87335092348286,10.0,0.0,0.0,0.0
434,0.3205837881017336,0.33649892180419994,0.2847465502230354,0.28929110383036877,0.9730746082719567,0.9730952513404985,404.0,368.0,4.402227722772277,3.26485507246377,0.0,0.0,4.403960396039603,3.2693840579710143,3.863126079447323,1.4,1.2,691.07388,569.2287200000001,156.3896,291.4606999999999,34.68428000000003,-222.23197999999985,-86309.10792000004,-92215.50619999995,-11.435060017271143,-12.912617492455755,3.860060449050089,-0.09373855814869188,0.0,1.0,1.0,157.52720207253887,169.53108808290156,1.0,1.0,1.4766839378238341,1.6325163212435245,0.0,0.9935233160621761,0.5272020725388601,0.0,7003.756476683938,0.0,0.0,15.0,0.0,20.0,231.60362694300517,30.0,518.5362694300518,10.0,0.0,0.0,0.0
435,0.3213156080174501,0.3374671444738021,0.2863202505347654,0.2914759883256459,0.9731451375705225,0.9731653858188941,362.0,369.0,3.386372007366478,3.505781391147247,0.0,0.0,3.3890423572744015,3.506413730803975,3.4482900136798906,1.4,1.2,605.0853199999999,564.63456,385.99839999999995,298.7994,-280.91308000000004,-234.16484000000003,-86590.02100000004,-92449.67103999994,-11.074782580939358,-12.868953826713613,3.446648426812591,-0.1176151065052712,0.0,1.0,1.0,164.42270861833106,176.45143638850888,1.0,1.0,1.5047879616963065,1.6001639945280448,0.0,0.6634746922024624,0.42270861833105333,0.0,7045.3214774281805,0.0,0.0,15.0,0.0,20.0,206.79890560875512,30.0,508.5909712722298,10.0,0.0,0.0,0.0
436,0.321749573084494,0.3379309992339884,0.2881420466771171,0.2935124767311705,0.973213613572728,0.9732386192190842,424.0,372.0,4.416391509433964,4.659318996415768,0.03250786163522012,0.0,4.386438679245282,4.660752688172043,4.514635678391961,1.4,1.2,708.41288,564.75336,66.3725,364.7774999999999,142.04037999999997,-300.0241399999999,-86447.98062000003,-92749.69517999994,-11.49334321608039,-12.796055897540493,4.529920435510887,-0.07069442524182573,0.0,1.0,1.0,164.06658291457288,176.21984924623115,1.0,1.0,1.4673366834170853,1.5994550753768868,0.017315745393634837,0.8442211055276382,0.6319095477386935,0.0,7101.452261306533,1.0389447236180904,0.0,14.64824120603015,0.0,20.0,270.7562814070352,30.0,505.22989949748745,10.0,0.0,0.0,0.0
437,0.3222878448565326,0.33865958236646304,0.28936126772787124,0.2956007320211837,0.9732836717702991,0.9733127032111303,386.0,355.0,3.2604058721934353,3.1683098591549284,0.0,0.0,3.265587219343696,3.1699061032863844,3.219748088169141,1.4,1.2,668.9278400000001,531.13288,222.52319999999992,356.9361,-53.59535999999986,-325.80322,-86501.57598000004,-93075.49839999994,-11.092865856950073,-12.86992507906166,3.2162843004948294,-0.11978395761868026,0.0,1.0,1.0,166.9365721997301,179.1322537112011,1.0,1.0,1.4790823211875843,1.6195151417004066,0.0,0.8677462887989204,0.45479082321187586,0.0,7009.6234817813765,0.0,0.0,15.0,0.0,20.0,192.9770580296896,30.0,512.6329284750337,10.0,0.0,0.0,0.0
438,0.32271865521003523,0.33876110331460113,0.2879664828184042,0.2948407333680463,0.9733557407293024,0.9733820932745333,355.0,400.0,3.4514553990610324,6.4249999999999945,0.0,0.557291666666667,3.4525352112676053,5.92790404040404,4.757789613848201,1.4,1.2,611.46848,601.66152,283.7526,100.58829999999998,-172.28411999999997,1.0732200000000205,-86673.86010000003,-93074.42517999993,-12.105168565121412,-12.929833708664669,5.026843267108162,-0.07337060588937552,0.0,0.9947019867549669,1.0,164.54437086092716,176.71390728476823,1.0,1.0,1.5298013245033113,1.6067947019867548,0.29525386313465796,0.7006622516556291,0.6609271523178808,0.0,7153.17880794702,14.456953642384105,0.0,13.072847682119205,0.0,19.894039735099337,283.8953642384106,29.841059602649008,512.6331125827815,9.947019867549669,0.0,0.0,3.2582781456953644
439,0.3233994473445557,0.33946825883431186,0.2880789324564924,0.29549065341359726,0.9734252582677959,0.9734515079021009,375.0,362.0,3.7460000000000013,3.658931860036833,0.0,0.0,3.7482222222222217,3.6632136279926333,3.7064676616915424,1.4,1.2,637.51436,542.22176,116.02150000000003,481.16150000000005,21.49285999999998,-438.93974000000003,-86652.36724000004,-93513.36491999993,-11.174387969244691,-12.823051506820418,3.703233830845772,-0.09928372181852196,0.0,1.0,1.0,168.56309362279512,180.77204884667572,1.0,1.0,1.491180461329715,1.6007274355495251,0.0,0.6200814111261872,0.5481682496607869,0.0,7091.5251017639075,0.0,0.0,15.0,0.0,20.0,222.19402985074626,30.0,506.8371777476255,10.0,0.0,0.0,0.0
440,0.32380870084519664,0.3403543250130654,0.28811777213092293,0.296173790058584,0.973495215467522,0.9735218939793462,378.0,373.0,3.850749559082895,3.8478105451295823,0.0,0.0,3.852380952380952,3.848882931188562,3.8506435863293382,1.4,1.2,644.91924,564.4151200000001,143.76729999999998,294.9295,1.1519399999999678,-230.5143799999999,-86651.21530000004,-93743.87929999993,-11.294938038171319,-12.86215041287206,3.8492898357745156,-0.107582806443488,0.0,1.0,1.0,166.34487350199734,178.2676431424767,1.0,1.0,1.496671105193076,1.6102987483355542,0.0,0.7470039946737683,0.5246338215712384,0.0,6972.7696404793605,0.0,0.0,15.0,0.0,20.0,230.95739014647137,30.0,511.1185086551265,10.0,0.0,0.0,0.0
441,0.32431777468261436,0.34115172137242883,0.2885194428871758,0.2968652572658081,0.973563457433998,0.973593282773689,379.0,372.0,3.5897977132805665,4.392786738351253,0.0,0.0,3.593579595426562,4.393772401433692,3.989946737683089,1.4,1.2,650.4388799999999,563.70936,160.12929999999994,330.0218,-9.690420000000017,-266.31244000000004,-86660.90572000004,-94010.19173999992,-11.389801864181075,-12.90843747734905,3.987549933422103,-0.08149457251802612,0.0,1.0,1.0,169.99866844207722,182.17310252996006,1.0,1.0,1.4953395472703062,1.616708708388817,0.0,0.7243675099866844,0.5645805592543276,0.0,7184.12516644474,0.0,0.0,15.0,0.0,20.0,239.25299600532622,30.0,513.3715046604527,10.0,0.0,0.0,0.0
442,0.3246703005351131,0.3419909919449317,0.2892821132827477,0.2980449217126962,0.9736308564886108,0.9736657682528784,391.0,360.0,3.6684143222506385,4.079907407407407,0.0,0.0,3.6698209718670074,4.082407407407407,3.8675987572126056,1.4,1.2,669.0583200000001,538.78584,180.67510000000001,382.2408,-11.61677999999992,-343.45495999999997,-86672.52250000004,-94353.64669999992,-11.283387660896578,-12.794917190835273,3.8656679982245876,-0.08996382925819152,0.0,1.0,1.0,165.5392809587217,177.33155792276963,1.0,1.0,1.4793608521970705,1.6083144607190432,0.0,0.8055925432756325,0.5286284953395473,0.0,6953.414114513981,0.0,0.0,15.0,0.0,20.0,231.94007989347537,30.0,508.6644474034621,10.0,0.0,0.0,0.0
443,0.3249713009186947,0.34310153364139023,0.28849088675625006,0.2975944120817192,0.9736978697932791,0.9737345948139046,391.0,369.0,3.7600596760443334,3.8281842818428204,0.0,0.0,3.7620204603580567,3.829810298102981,3.794934210526315,1.4,1.2,677.64368,555.32616,164.0722,290.883,13.571480000000008,-235.55684000000002,-86658.95102000004,-94589.20353999993,-11.343402456140367,-12.816771116936684,3.793135964912279,-0.0870053329173004,0.0,1.0,1.0,168.63815789473685,180.67236842105262,1.0,1.0,1.4855263157894736,1.6223287368421055,0.0,0.8460526315789474,0.5671052631578948,0.0,7007.247368421053,0.0,0.0,15.0,0.0,20.0,227.58815789473684,30.0,514.3513157894737,10.0,0.0,0.0,0.0
444,0.32546651855857534,0.3439483069575217,0.2885643981194723,0.2978812164167122,0.9737661166019776,0.9738025848500123,370.0,381.0,3.1677027027027034,4.788670166229219,0.0,0.0,3.169099099099099,4.788757655293089,3.9907900577008433,1.4,1.2,624.14828,567.51936,229.77749999999995,274.7424999999999,-105.62921999999995,-207.2231399999999,-86764.58024000004,-94796.42667999993,-11.205829826897466,-12.800557914370742,3.9900577008433213,-0.0954913432695942,0.0,1.0,1.0,171.40079893475365,183.46870838881492,1.0,1.0,1.507323568575233,1.5867744873502014,0.0,0.6311584553928096,0.521970705725699,0.0,6959.115845539281,0.0,0.0,15.0,0.0,20.0,239.4034620505992,30.0,502.780292942743,10.0,0.0,0.0,0.0
445,0.3258891247377553,0.34468461453512617,0.289451942783044,0.2991853200857791,0.9738310577524352,0.973872554449225,395.0,370.0,4.054430379746836,3.364054054054053,0.0,0.0,4.056033755274261,3.3661711711711706,3.722374727668845,1.4,1.2,674.5846799999999,560.03056,151.0928,338.04179999999985,23.491879999999924,-278.0112399999998,-86741.08836000004,-95074.43791999994,-11.262426405228751,-12.827163907043968,3.720522875816998,-0.09117096787827117,0.0,1.0,1.0,169.640522875817,181.5032679738562,1.0,1.0,1.4836601307189543,1.6138761307189562,0.0,0.7189542483660131,0.4888888888888889,0.0,7041.02091503268,0.0,0.0,15.0,0.0,20.0,223.2313725490196,30.0,511.45098039215685,10.0,0.0,0.0,0.0
446,0.3265520485007393,0.345546675036705,0.29029289032443895,0.30049781372918116,0.9739003057466855,0.9739354730867916,384.0,391.0,3.363845486111112,3.617263427109973,0.0,0.0,3.3647135416666667,3.619607843137255,3.4933118279569895,1.4,1.2,647.28216,600.8977600000001,213.1283,234.79979999999998,-65.84614000000002,-133.90203999999991,-86806.93450000003,-95208.33995999994,-11.157762924731179,-12.970507702049586,3.4916989247311845,-0.13249172650741847,0.0,1.0,1.0,170.36129032258066,182.4774193548387,1.0,1.0,1.504516129032258,1.6105547354838716,0.0,0.7561290322580645,0.4503225806451613,0.0,6983.301935483871,0.0,0.0,15.0,0.0,20.0,209.50193548387097,30.0,512.4929032258065,10.0,0.0,0.0,0.0
447,0.3268170358324878,0.3463795248366181,0.2914068657684592,0.3019822793997597,0.9739662589380563,0.9740044821983719,380.0,375.0,3.514561403508773,4.092577777777779,0.0,0.0,3.5177631578947373,4.0957333333333334,3.8048344370860923,1.4,1.2,650.60212,564.1176,190.57179999999997,275.82059999999996,-39.969679999999954,-211.70299999999992,-86846.90418000003,-95420.04295999993,-11.266351346578363,-12.93941814757561,3.8016556291390735,-0.11959854811406236,0.0,1.0,1.0,171.23841059602648,183.34701986754968,1.0,1.0,1.4966887417218544,1.6089002913907295,0.0,0.704635761589404,0.4543046357615894,0.0,7043.717880794702,0.0,0.0,15.0,0.0,20.0,228.09933774834437,30.0,510.3562913907285,10.0,0.0,0.0,0.0
448,0.3273286848200902,0.34699612126316276,0.29222419893439266,0.3033451024157048,0.9740328487401969,0.9740702926509583,369.0,410.0,3.553071364046972,4.26508130081301,0.0,0.0,3.554516711833785,4.266666666666667,3.9293324775353016,1.4,1.2,619.8402,616.574,240.06900000000002,131.67680000000001,-120.22880000000004,-15.102800000000059,-86967.13298000002,-95435.14575999993,-11.189479246897722,-12.815017485464542,3.9278134360291004,-0.10909004299403559,0.0,1.0,1.0,172.73170731707316,184.73555840821567,1.0,1.0,1.5263157894736843,1.5871812580231068,0.0,0.6046213093709885,0.576379974326059,0.0,7095.350449293966,0.0,0.0,15.0,0.0,20.0,235.66880616174583,30.0,504.73427471116815,10.0,0.0,0.0,0.0
449,0.32779213680093655,0.34799745367265117,0.29413908438056763,0.30548605349055646,0.974102155304771,0.9741371103677073,407.0,382.0,3.664127764127761,3.5938045375218195,0.0,0.0,3.665888615888616,3.5953752181500875,3.631749049429658,1.4,1.2,674.6546800000001,582.6896800000001,99.26309999999995,322.7441,75.39158000000015,-240.05441999999994,-86891.74140000003,-95675.20017999993,-11.101928770595688,-12.702701485121363,3.630080270384451,-0.10366942665912592,0.0,1.0,1.0,170.3637515842839,182.49936628643852,1.0,1.0,1.4841571609632447,1.5935923447401774,0.0,0.7579214195183777,0.541191381495564,0.0,7146.794676806084,0.0,0.0,15.0,0.0,20.0,217.80481622306718,30.0,504.5804816223067,10.0,0.0,0.0,0.0
450,0.3283904575504679,0.34797350008655875,0.29383699989859996,0.3055851360163246,0.9741668832383081,0.9742037018098022,370.0,405.0,3.4870720720720683,4.3209876543209855,0.0,0.0,3.489594594594594,4.322263374485597,3.9247311827956985,1.4,1.4,631.42492,692.96304,339.4714,113.53739999999996,-208.04647999999997,79.42564000000002,-87099.78788000003,-95595.77453999993,-11.813135225806452,-12.802695820894622,3.9228602150537677,-0.05580037922796714,0.0,1.0,1.0,171.31870967741935,183.1290322580645,1.0,1.0,1.5225806451612902,1.708887690322582,0.0,0.7212903225806452,0.6787096774193548,0.0,7103.810322580645,0.0,0.0,15.0,0.0,20.0,235.3716129032258,30.0,509.8658064516129,10.0,0.0,0.0,0.0
451,0.32888868040184366,0.3479917031349553,0.29437888799999984,0.30660582370564915,0.974230468046402,0.9742706461487097,388.0,394.0,3.7632731958762826,4.274365482233501,0.0,0.0,3.7667525773195876,4.276184433164128,4.0234228473998295,1.4,1.4,660.29964,663.36116,165.24380000000002,90.71879999999999,-4.944160000000068,72.64236000000005,-87104.73204000003,-95523.13217999993,-11.751867860187547,-12.741881470618024,4.0207800511508935,-0.04390256460207118,0.0,1.0,1.0,173.37212276214834,185.31713554987212,1.0,1.0,1.5038363171355498,1.692660869565219,0.0,0.7404092071611253,0.6982097186700768,0.0,7021.324808184143,0.0,0.0,15.0,0.0,20.0,241.2468030690537,30.0,504.07544757033247,10.0,0.0,0.0,0.0
452,0.3293855920213925,0.34825039965509474,0.2947654532043923,0.30730398057608177,0.9742961357128829,0.9743349514364804,379.0,380.0,4.160466138962183,3.6840350877192978,0.0,0.0,4.162620932277924,3.684780701754386,3.9233860342556004,1.4,1.4,656.21332,649.2558799999999,219.39440000000002,76.47570000000002,-63.181080000000065,72.78017999999992,-87167.91312000003,-95450.35199999993,-11.881452788757128,-12.890953844811024,3.9219367588932763,-0.06834546592350452,0.0,1.0,1.0,176.03820816864294,188.02898550724638,1.0,1.0,1.5006587615283267,1.7199857707509902,0.0,0.7786561264822134,0.6205533596837944,0.0,7055.852437417655,0.0,0.0,15.0,0.0,20.0,235.31620553359684,30.0,513.8247694334651,10.0,0.0,0.0,0.0
453,0.3299688469367848,0.34832433023415105,0.2947567856459525,0.3075175958325978,0.9743639790609083,0.9744014028844505,375.0,400.0,3.7943555555555566,3.741916666666666,0.0,0.0,3.7987555555555557,3.742749999999999,3.769849462365591,1.4,1.4,630.4284,686.33796,180.44799999999998,104.86389999999999,-50.01959999999997,81.47405999999997,-87217.93272000003,-95368.87793999993,-11.690002322580643,-12.715617382918577,3.767290322580642,-0.03294311824668192,0.0,1.0,1.0,171.44774193548386,183.24129032258065,1.0,1.0,1.5161290322580645,1.6990533677419373,0.0,0.8219354838709677,0.7690322580645161,0.0,7109.023225806452,0.0,0.0,15.0,0.0,20.0,226.0374193548387,30.0,506.34580645161293,10.0,0.0,0.0,0.0
454,0.33030628623784697,0.34839292272701344,0.2951097057801949,0.3082142999909128,0.9744274301672159,0.9744657717568447,389.0,364.0,4.625578406169666,4.356822344322341,0.0,0.0,4.628106255355612,4.358653846153847,4.4978530323151835,1.4,1.4,676.7082,618.72048,119.78929999999997,185.70789999999997,56.918900000000065,-66.98742000000001,-87161.01382000002,-95435.86535999994,-12.113267020805676,-12.79161680900975,4.495661797255422,-0.0020351071222015466,0.0,1.0,1.0,175.7503320053121,187.83532536520585,1.0,1.0,1.4833997343957503,1.7203568127490054,0.0,0.8698539176626826,0.6361221779548473,0.0,7065.158034528553,0.0,0.0,15.0,0.0,20.0,269.73970783532536,30.0,513.9654714475431,10.0,0.0,0.0,0.0
455,0.3308728886031359,0.3485881979509811,0.29593962526480755,0.3094699809513382,0.9744935689956743,0.9745279636195142,399.0,388.0,3.6801587301587264,4.097336769759446,0.0,0.0,3.6829156223893063,4.098668384879725,3.8878864887759423,1.4,1.4,675.12228,660.90948,204.91049999999996,104.69649999999999,-29.78821999999991,56.212980000000044,-87190.80204000002,-95379.65237999994,-11.728621939855989,-12.755544832218384,3.885832274459981,-0.03450743312177314,0.0,1.0,1.0,174.30368487928843,186.1677255400254,1.0,1.0,1.4930114358322744,1.6976261245235071,0.0,0.8792884371029225,0.6581956797966964,0.0,6933.911054637865,0.0,0.0,15.0,0.0,20.0,233.14993646759848,30.0,505.8475222363405,10.0,0.0,0.0,0.0
456,0.3312035647889827,0.3488043850567691,0.2972455452846807,0.3111782989538138,0.9745557963702773,0.9745915786105789,373.0,405.0,3.9449061662198437,3.587901234567901,0.0,0.0,3.9473190348525464,3.590576131687243,3.7616109682947725,1.4,1.4,647.86204,687.9538400000001,224.85079999999994,182.12480000000005,-76.98875999999996,5.829040000000077,-87267.79080000002,-95373.82333999994,-11.797758440445573,-12.801349761343985,3.759061696658095,-0.06861892089297775,0.0,1.0,1.0,173.39845758354755,185.24550128534705,1.0,1.0,1.5205655526992288,1.716986992287919,0.0,0.8534704370179949,0.8020565552699229,0.0,6775.223650385604,0.0,0.0,15.0,0.0,20.0,225.54370179948586,30.0,512.7596401028278,10.0,0.0,0.0,0.0
457,0.33162618276204553,0.34895037022449077,0.29839500333599683,0.312294536985311,0.9746221861880289,0.9746557060245962,377.0,396.0,3.6967727674624236,4.2532407407407415,0.0,0.0,3.700044208664899,4.255429292929293,3.984562311341095,1.4,1.4,639.317,679.2010399999999,118.52819999999994,48.569300000000005,20.788800000000066,130.63173999999992,-87247.00200000002,-95243.19159999995,-11.817046399310048,-12.778992661201219,3.9818456231134074,-0.0389674033925177,0.0,1.0,1.0,177.77619663648125,189.5601552393273,1.0,1.0,1.5122897800776196,1.705715446313068,0.0,0.7671410090556274,0.7839586028460543,0.0,7017.588615782665,0.0,0.0,15.0,0.0,20.0,238.91073738680467,30.0,508.71927554980596,10.0,0.0,0.0,0.0
458,0.33197288926720764,0.34930942588342945,0.2978611154770821,0.3120268973576754,0.9746853694069986,0.9747174294723099,379.0,400.0,3.7601583113456467,3.4375833333333343,0.0,0.0,3.7625769569041343,3.4381666666666666,3.5959991442019685,1.4,1.4,655.30584,684.19456,188.5231,180.66140000000001,-33.21726000000001,3.5331600000000094,-87280.21926000003,-95239.65843999994,-11.747567821994018,-12.915248655440728,3.5945228925973516,-0.082976338274442,0.0,1.0,1.0,176.64955070603338,188.3209242618742,1.0,1.0,1.5134788189987163,1.7195127086007713,0.0,0.8703465982028241,0.6225930680359435,0.0,6890.604621309371,0.0,0.0,15.0,0.0,20.0,215.67137355584083,30.0,513.6585365853658,10.0,0.0,0.0,0.0
459,0.33269806614537145,0.34960245631903475,0.2985948508467676,0.312828904432702,0.9747478573391622,0.9747796245161031,368.0,376.0,3.3824275362318827,3.472030141843971,0.0,0.0,3.3851902173913038,3.47313829787234,3.4296370967741936,1.4,1.4,605.4904799999999,656.8030000000001,204.88729999999998,208.8834,-99.39682000000005,-52.080399999999884,-87379.61608000002,-95291.73883999995,-11.539230376344092,-12.762558316603023,3.4277105734767055,-0.08426194266620077,0.0,1.0,1.0,178.58333333333334,190.67069892473117,1.0,1.0,1.5053763440860215,1.696631021505378,0.0,0.7325268817204301,0.7916666666666666,0.0,6961.489247311828,0.0,0.0,15.0,0.0,20.0,205.66263440860214,30.0,505.497311827957,10.0,0.0,0.0,0.0
460,0.3328958182970783,0.3498587071208836,0.29975690716094316,0.3142988381899035,0.9748117892577479,0.9748428528123727,373.0,405.0,4.238650580875781,4.002345679012348,0.0,0.0,4.239365504915103,4.006666666666667,4.118230505569837,1.4,1.4,640.06572,690.57744,222.8292,122.24699999999999,-82.76347999999993,68.33044000000004,-87462.37956000002,-95223.40839999994,-11.899210539845761,-12.791418423789581,4.115638389031704,-0.049467547320844955,0.0,1.0,1.0,180.44473007712082,192.20565552699227,1.0,1.0,1.5205655526992288,1.710338251928022,0.0,0.800771208226221,0.7249357326478149,0.0,7129.485861182519,0.0,0.0,15.0,0.0,20.0,246.93830334190233,30.0,510.379177377892,10.0,0.0,0.0,0.0
461,0.33335502764679564,0.3502809955134317,0.3005765254511305,0.31506544973776013,0.9748719668972496,0.974906402242426,384.0,391.0,3.725607638888885,3.4381500426257463,0.0,0.0,3.728645833333334,3.440110826939471,3.583075268817204,1.4,1.4,650.9736800000001,652.84268,126.445,248.0093,24.528680000000065,-95.16662000000002,-87437.85088000001,-95318.57501999995,-11.511912000000006,-12.73826001848496,3.5805806451612856,-0.08096443396544324,0.0,1.0,1.0,179.01806451612904,191.0116129032258,1.0,1.0,1.504516129032258,1.6823436903225821,0.0,0.7909677419354839,0.6258064516129033,0.0,6963.110967741935,0.0,0.0,15.0,0.0,20.0,214.83483870967743,30.0,500.3883870967742,10.0,0.0,0.0,0.0
462,0.3337775239859433,0.35051683684078383,0.3000148169895961,0.3143438750073648,0.9749349551476075,0.9749697607039881,368.0,375.0,3.146557971014493,3.5897333333333354,0.0,0.0,3.151766304347826,3.5932,3.3745625841184386,1.4,1.4,629.74772,635.05904,204.7733,262.8181,-75.02558000000005,-127.75906000000003,-87512.87646000001,-95446.33407999994,-11.551292687303722,-12.766144631038225,3.3702332884701676,-0.07339500405932876,0.0,1.0,1.0,182.06191117092868,193.89905787348587,1.0,1.0,1.5047106325706594,1.702297119784657,0.0,0.8156123822341858,0.7940780619111709,0.0,6904.50067294751,0.0,0.0,15.0,0.0,20.0,202.21399730820997,30.0,507.514131897712,10.0,0.0,0.0,0.0
463,0.33427806656173026,0.3507525293292773,0.30103326056386664,0.31536559903221173,0.9749966751045951,0.9750310839446761,384.0,396.0,3.6523003472222246,3.499957912457909,0.0,0.0,3.655164930555556,3.5013468013468017,3.5770726495726497,1.4,1.4,643.54164,662.0208,137.80039999999997,180.341,5.741240000000062,-18.3202,-87507.13522000001,-95464.65427999994,-11.456729316239302,-12.688330079845375,3.574957264957263,-0.08539904823577604,0.0,1.0,1.0,181.96666666666667,193.86153846153846,1.0,1.0,1.5076923076923077,1.673798000000001,0.0,0.7346153846153847,0.7102564102564103,0.0,7025.110256410257,0.0,0.0,15.0,0.0,20.0,214.4974358974359,30.0,497.3269230769231,10.0,0.0,0.0,0.0
464,0.3344295532326971,0.35114632521884476,0.3005495655067583,0.3150072432583965,0.9750594377737272,0.9750895315226602,375.0,381.0,3.898355555555557,3.5419510061242314,0.0,0.0,3.9012444444444445,3.546150481189851,3.72228835978836,1.4,1.4,632.31952,642.2164,225.7898,252.17290000000003,-93.47028,-109.9565,-87600.6055,-95574.61077999994,-11.589179365079357,-12.85193718373279,3.7187389770723134,-0.09090468855846028,0.0,1.0,1.0,186.53968253968253,198.94179894179894,1.0,1.0,1.503968253968254,1.6858940740740747,0.0,0.7473544973544973,0.5886243386243386,0.0,7067.160052910053,0.0,0.0,15.0,0.0,20.0,223.12433862433863,30.0,501.66402116402116,10.0,0.0,0.0,0.0
465,0.33473495787876706,0.35132271764468503,0.301150267945013,0.31559829706146536,0.975121595004058,0.9751484427074086,364.0,383.0,3.7859432234432253,3.620147954743253,0.0,0.0,3.7891941391941386,3.622802436901653,3.703882195448461,1.4,1.4,622.2599600000001,646.72524,194.61329999999998,154.16929999999996,-72.35333999999989,-7.444059999999979,-87672.95884,-95582.05483999994,-11.661761713520741,-12.81696805786246,3.7009370816599705,-0.055529454465873394,0.0,1.0,1.0,184.71753681392235,196.70682730923696,1.0,1.0,1.5127175368139223,1.6987753681392246,0.0,0.6198125836680054,0.6144578313253012,0.0,6839.274431057564,0.0,0.0,15.0,0.0,20.0,222.0562248995984,30.0,506.2530120481928,10.0,0.0,0.0,0.0
466,0.33516290014716216,0.3515303038595889,0.3029229743039927,0.3174028208269449,0.9751826583273424,0.9752083898785076,404.0,384.0,3.930156765676564,3.978819444444447,0.0,0.0,3.931806930693069,3.9802083333333327,3.9553934010152285,1.4,1.4,703.5672000000001,650.8362,78.73540000000003,174.91619999999998,124.83180000000004,-24.080000000000013,-87548.12704,-95606.13483999994,-11.886819373942464,-12.703741026951791,3.953870558375633,-0.04474694288273419,0.0,1.0,1.0,177.60152284263958,189.15862944162436,1.0,1.0,1.4873096446700507,1.7187860406091384,0.0,1.0888324873096447,0.700507614213198,0.0,7022.307106598984,0.0,0.0,15.0,0.0,20.0,237.23223350253807,30.0,513.4022842639594,10.0,0.0,0.0,0.0
467,0.3354760235504518,0.35158937255160283,0.3024158840716434,0.3167624538124791,0.9752437587622407,0.9752690454864384,390.0,379.0,3.7290170940170957,3.737291116974496,0.0,0.0,3.732179487179487,3.7388742304309597,3.735478977026441,1.4,1.4,667.80252,647.2337200000001,258.38059999999996,157.4135,-90.57808,-10.179779999999937,-87638.70512000001,-95616.31461999995,-11.744474902470733,-12.777662833881191,3.73309492847854,-0.0428937655223581,0.0,1.0,1.0,181.23537061118336,193.3927178153446,1.0,1.0,1.4928478543563068,1.7100601300390115,0.0,0.8179453836150845,0.8179453836150845,0.0,6967.830949284786,0.0,0.0,15.0,0.0,20.0,223.98569570871263,30.0,510.2808842652796,10.0,0.0,0.0,0.0
468,0.3359112132968578,0.3517191052749541,0.302703976019013,0.3169773654661031,0.9753016054654102,0.9753287776681678,366.0,410.0,3.2985883424408033,4.076341463414637,0.0,0.0,3.302049180327869,4.076829268292683,3.711404639175258,1.4,1.4,615.74548,695.73644,249.11989999999997,128.68789999999998,-133.37441999999993,67.04854000000003,-87772.07954,-95549.26607999994,-11.61120652920963,-12.663761040432213,3.709514604810992,-0.0595599078328649,0.0,1.0,1.0,182.06701030927834,193.87757731958763,1.0,1.0,1.5283505154639174,1.6900540206185575,0.0,0.759020618556701,0.6817010309278351,0.0,7129.6610824742265,0.0,0.0,15.0,0.0,20.0,222.5708762886598,30.0,503.13917525773195,10.0,0.0,0.0,0.0
469,0.3360758491808727,0.3520342362477399,0.3029629332180916,0.31724195637756497,0.975361656551708,0.975388640558912,387.0,371.0,3.944530577088716,2.975157232704405,0.0,0.0,3.9454349698535744,2.9793351302785265,3.4725813544415125,1.4,1.4,656.83016,625.37552,167.0948,293.3531,-10.264640000000014,-167.97757999999993,-87782.34418,-95717.24365999995,-11.52481319261213,-12.758913470130812,3.4700747581354436,-0.06274814916980402,0.0,1.0,1.0,187.8957783641161,199.79815303430078,1.0,1.0,1.4894459102902375,1.691564221635884,0.0,0.7071240105540897,0.5976253298153035,0.0,7092.646437994723,0.0,0.0,15.0,0.0,20.0,208.20448548812664,30.0,503.688654353562,10.0,0.0,0.0,0.0
470,0.3364838026283265,0.35247690949900173,0.30252665420097063,0.3171272080215368,0.9754240125684396,0.9754466248036184,392.0,403.0,3.818239795918367,3.6363937138130717,0.0,0.0,3.819557823129252,3.6378825475599674,3.727463312368973,1.4,1.4,668.8138799999999,680.55512,167.02349999999998,109.58030000000002,1.7903799999999421,70.97481999999997,-87780.5538,-95646.26883999995,-11.662790356394142,-12.791100396479669,3.7260587002096415,-0.0732714046258607,0.0,1.0,1.0,184.30817610062894,196.23396226415093,1.0,1.0,1.5069182389937108,1.6973194968553467,0.0,0.9069182389937107,0.529559748427673,0.0,6932.420125786163,0.0,0.0,15.0,0.0,20.0,223.56352201257863,30.0,505.7308176100629,10.0,0.0,0.0,0.0
471,0.3367098286866892,0.3528135175308358,0.30371201404520975,0.31849223555214584,0.9754848920683103,0.9755058907457876,402.0,389.0,3.7176616915422858,3.530377035132815,0.0,0.0,3.7208540630182423,3.534961439588689,3.6294353139485884,1.4,1.4,679.51464,663.01648,138.60420000000002,276.5954,40.910439999999966,-113.57891999999998,-87739.64335999999,-95759.84775999995,-11.62221946902654,-12.8246056982403,3.6255583649389003,-0.06961981003635398,0.0,1.0,1.0,188.57269279393174,200.48166877370417,1.0,1.0,1.4917825537294565,1.6972580530973458,0.0,0.7825537294563844,0.3780025284450063,0.0,7052.174462705436,0.0,0.0,15.0,0.0,20.0,217.53350189633375,30.0,505.7117572692794,10.0,0.0,0.0,0.0
472,0.33686110907834377,0.35326091622633965,0.3053668142470359,0.32004102025296144,0.9755438807507977,0.9755633843430266,382.0,398.0,3.914834205933682,3.625125628140706,0.0,0.0,3.918586387434555,3.6253768844221104,3.7689743589743587,1.4,1.4,651.86604,665.38892,230.98219999999998,200.81799999999998,-79.11615999999998,-35.42908,-87818.75951999999,-95795.27683999995,-11.626365128205126,-12.750522377362218,3.7670085470085466,-0.06659652234765755,0.0,1.0,1.0,188.67435897435897,200.62307692307692,1.0,1.0,1.5102564102564102,1.688788410256412,0.0,0.7935897435897435,0.6871794871794872,0.0,6926.093589743589,0.0,0.0,15.0,0.0,20.0,226.02051282051283,30.0,502.68589743589746,10.0,0.0,0.0,0.0
473,0.3373218184785632,0.35354800314960394,0.3050897347375433,0.3198003919800027,0.9756002099568918,0.975622513264713,408.0,389.0,3.6807189542483667,3.383890317052268,0.0,0.0,3.682148692810457,3.3872322193658957,3.5382057716436637,1.4,1.4,703.54564,667.4847199999999,113.25549999999998,175.38769999999997,90.29014000000006,-7.902980000000042,-87728.46938,-95803.17981999995,-11.728563529903804,-12.77824576067666,3.5358427436219126,-0.05764645779759278,0.0,1.0,1.0,185.2245922208281,197.05395232120452,1.0,1.0,1.4880803011292347,1.7202388456712683,0.0,0.918444165621079,0.7741530740276035,0.0,6946.140526976161,0.0,0.0,15.0,0.0,20.0,212.15056461731493,30.0,513.9096612296111,10.0,0.0,0.0,0.0
474,0.33751180364800326,0.35383857941867775,0.30574509802455124,0.3203133591781889,0.9756594211068267,0.975681877236272,429.0,346.0,3.884226884226882,3.5165703275529854,0.0,0.0,3.886713286713287,3.5195086705202314,3.7227741935483865,1.4,1.4,725.40328,587.9490400000001,120.52219999999998,308.60130000000004,104.88108000000001,-220.65225999999996,-87623.58829999999,-96023.83207999995,-11.64388593548388,-12.755006422074903,3.7200860215053724,-0.07320878768954459,0.0,1.0,1.0,188.37677419354839,200.08129032258066,1.0,1.0,1.4464516129032259,1.6946481548387105,0.0,0.8348387096774194,0.6670967741935484,0.0,6904.643870967742,0.0,0.0,15.0,0.0,20.0,223.2051612903226,30.0,504.78322580645164,10.0,0.0,0.0,0.0
475,0.337853965576441,0.35384341422892474,0.30741645925348393,0.3219486184433888,0.9757172212985435,0.9757418477655745,388.0,379.0,3.4381872852233695,4.0490325417766035,0.0,0.0002638522427440633,3.443127147766323,4.05131926121372,3.7436549326379835,1.4,1.4,665.22288,650.37756,345.40350000000007,93.189,-180.18062000000003,57.188560000000024,-87803.76891999999,-95966.64351999995,-11.779385745328105,-12.90492559576808,3.7400260756192982,-0.07173272748676501,0.0,1.0,1.0,192.61277705345503,204.5697522816167,1.0,1.0,1.4941329856584094,1.7152548109517611,0.0001303780964797914,0.8057366362451108,0.5228161668839635,0.0,6942.9908735332465,0.007822685788787484,0.0,14.992177314211213,0.0,20.0,224.39374185136896,30.0,512.1303780964798,10.0,0.0,0.0,0.0
476,0.3379590724216712,0.3540724343494858,0.307458939945701,0.3221349026067252,0.975775684064237,0.9758012354203883,386.0,387.0,4.139119170984455,3.811240310077519,0.0,0.0,4.140241796200345,3.8132644272179155,3.9765416127641218,1.4,1.4,639.0154399999999,652.38908,263.0846,164.55099999999996,-124.06916000000012,-12.161919999999924,-87927.83807999999,-95978.80543999995,-11.59718749460974,-12.655144187710842,3.974967658473478,-0.0629861279138827,0.0,1.0,1.0,189.79560155239326,201.63389391979302,1.0,1.0,1.500646830530401,1.6706397412677876,0.0,0.7658473479948253,0.6313065976714101,0.0,7057.133247089263,0.0,0.0,15.0,0.0,20.0,238.4980595084088,30.0,496.2005174644243,10.0,0.0,0.0,0.0
477,0.3385067501810974,0.3543687050379753,0.3071169042079876,0.32201801853941764,0.975833633386156,0.975859240493893,388.0,372.0,3.78848797250859,3.3091397849462347,0.0,0.0,3.792568728522337,3.3113351254480285,3.557017543859649,1.4,1.4,645.16312,641.07624,253.8913,218.61589999999998,-108.72817999999995,-77.53966,-88036.56625999999,-96056.34509999995,-11.563596666666667,-12.756062903474845,3.5538596491228094,-0.07042062758223692,0.0,1.0,1.0,194.85263157894738,206.925,1.0,1.0,1.4894736842105263,1.6924202105263173,0.0,0.7710526315789473,0.6210526315789474,0.0,7026.880263157895,0.0,0.0,15.0,0.0,20.0,213.23157894736843,30.0,503.98552631578946,10.0,0.0,0.0,0.0
478,0.3389934482838985,0.35457646693587885,0.30759288886975394,0.322431319734475,0.9758926944304426,0.9759181348612065,377.0,406.0,3.220380194518127,3.865394088669951,0.0,0.0,3.226392572944297,3.866584564860427,3.5583439761600686,1.4,1.4,633.32836,692.9635999999999,198.6959,90.77179999999997,-65.36754000000002,102.19179999999996,-88101.9338,-95954.15329999995,-11.572873307790548,-12.781553834935984,3.554831843337588,-0.07635514193798411,0.0,1.0,1.0,194.15325670498083,206.25159642401022,1.0,1.0,1.5185185185185186,1.693859463601535,0.0,0.5772669220945083,0.6590038314176245,0.0,7042.831417624521,0.0,0.0,15.0,0.0,20.0,213.28991060025544,30.0,504.49297573435507,10.0,0.0,0.0,0.0
479,0.3393810976981651,0.3550021387271377,0.30676721550162434,0.32175469983768396,0.9759503120535216,0.9759757810785702,419.0,367.0,3.8040970564836902,3.1042688465031762,0.0,0.0,3.805051710421639,3.1086739327883746,3.479898218829516,1.4,1.4,711.90616,603.008,137.81949999999995,353.5460999999999,74.08666000000005,-250.53809999999987,-88027.84714,-96204.69139999995,-11.41227837150127,-12.595130683842573,3.4773324851569156,-0.07908204982960199,0.0,1.0,1.0,191.08142493638678,202.6323155216285,1.0,1.0,1.4669211195928753,1.672918778625956,0.0,0.7544529262086515,0.6183206106870229,0.0,6953.217557251908,0.0,0.0,15.0,0.0,20.0,208.63994910941477,30.0,497.0254452926209,10.0,0.0,0.0,0.0
480,0.33995576280850065,0.35513124406566754,0.3082320038692372,0.323363709513467,0.9760072970497304,0.9760310318161434,401.0,385.0,3.1546134663341663,4.336060606060603,0.0,0.0,3.1567331670822942,4.338008658008658,3.7353477523324843,1.4,1.4,672.16268,661.2771200000001,242.639,218.42149999999998,-70.47631999999999,-57.1443799999999,-88098.32346,-96261.83577999995,-11.660545801526712,-12.702327873328162,3.733312128922812,-0.05248350051584065,0.0,1.0,1.0,189.02544529262087,200.90458015267177,1.0,1.0,1.4898218829516539,1.6964882951653955,0.0,0.7137404580152672,0.6170483460559797,0.0,7167.134860050891,0.0,0.0,15.0,0.0,20.0,223.99872773536896,30.0,505.43384223918576,10.0,0.0,0.0,0.0
481,0.34031760363385405,0.3554565521679271,0.30818624987398413,0.32362667719007016,0.976061545469432,0.9760906759193941,374.0,409.0,3.4583333333333317,4.032722086389563,0.0,0.0,3.4614527629233516,4.0348818255908725,3.760983397190294,1.4,1.4,637.37436,691.65292,274.23159999999996,174.08759999999995,-136.85723999999993,17.565320000000042,-88235.1807,-96244.27045999996,-11.675925585355472,-12.792315945833058,3.7583652618135384,-0.07405077989735465,0.0,1.0,1.0,192.91954022988506,204.4022988505747,1.0,1.0,1.5223499361430395,1.6973528480204352,0.0,0.8020434227330779,0.7062579821200511,0.0,6992.097062579821,0.0,0.0,15.0,0.0,20.0,225.50191570881225,30.0,505.74457215836526,10.0,0.0,0.0,0.0
482,0.340583541980844,0.3558735367973434,0.3087796641324316,0.32440228371657964,0.9761181000486742,0.9761439935798485,401.0,375.0,4.046425602660016,3.2229333333333323,0.0,0.0,4.049044056525354,3.2256444444444443,3.651138316151203,1.4,1.4,685.44308,642.87356,118.0251,286.4028,67.41798000000001,-143.52924000000002,-88167.76272,-96387.79969999996,-11.721120962199297,-12.765184165093116,3.648475085910648,-0.034713699503259345,0.0,1.0,1.0,195.49742268041237,207.52835051546393,1.0,1.0,1.4832474226804124,1.7117482474226813,0.0,0.9110824742268041,0.7074742268041238,0.0,6990.488402061856,0.0,0.0,15.0,0.0,20.0,218.9085051546392,30.0,510.89690721649487,10.0,0.0,0.0,0.0
483,0.34102538479714717,0.35588212922143614,0.30900598484462183,0.3246236271766268,0.9761736393943653,0.9761990890984283,383.0,387.0,3.6701914708442125,4.0815676141257535,0.0,0.0,3.6708442123585727,4.082084409991387,3.877532467532467,1.4,1.4,651.9690800000001,658.14728,224.09679999999997,212.7526,-72.1277199999999,-54.60531999999998,-88239.89044,-96442.40501999996,-11.748729610389606,-12.869832765895394,3.876948051948055,-0.05942218072191175,0.0,1.0,1.0,196.95844155844156,208.95584415584415,1.0,1.0,1.5025974025974025,1.7014498181818198,0.0,0.574025974025974,0.6337662337662338,0.0,7009.511688311688,0.0,0.0,15.0,0.0,20.0,232.61688311688312,30.0,507.2103896103896,10.0,0.0,0.0,0.0
484,0.3412048084057114,0.3561525102501788,0.308639703990383,0.3242855742061114,0.9762299534078306,0.976256338223968,414.0,383.0,3.8307971014492734,3.5640557006092237,0.0,0.0,3.832045088566828,3.565665796344647,3.704035968214136,1.4,1.4,702.66448,646.0563199999999,113.9786,199.0444,88.68588000000003,-52.98808000000008,-88151.20456,-96495.39309999996,-11.622041823504794,-12.653257884094488,3.7026139690506104,-0.049494531781416246,0.0,1.0,1.0,192.49937264742786,204.24717691342533,1.0,1.0,1.480552070263488,1.6922469259723978,0.0,0.877038895859473,0.7252195734002509,0.0,7073.279799247177,0.0,0.0,15.0,0.0,20.0,222.1568381430364,30.0,503.9284818067754,10.0,0.0,0.0,0.0
485,0.3416043190318753,0.3562579695577887,0.30910482216202695,0.32481246485343795,0.9762859047628368,0.9763106089915268,387.0,382.0,3.306675279931093,3.799563699825483,0.0,0.0,3.3085701981050826,3.800087260034904,3.5527308192457734,1.4,1.4,669.53628,645.60356,315.941,187.18840000000003,-146.40471999999994,-41.584840000000014,-88297.60928,-96536.97793999995,-11.672695101863894,-12.8020250192549,3.5515171218032062,-0.06502823790704629,0.0,1.0,1.0,196.6736020806242,208.39141742522756,1.0,1.0,1.4967490247074122,1.7101948504551379,0.0,0.7243172951885566,0.6267880364109233,0.0,6928.56566970091,0.0,0.0,15.0,0.0,20.0,213.09102730819245,30.0,510.33420026007803,10.0,0.0,0.0,0.0
486,0.3420555804987754,0.35660245871363966,0.30900977890241965,0.32462742409599055,0.9763419980215304,0.9763648084085597,428.0,360.0,3.5769470404984447,3.0660648148148186,0.0,0.0,3.5784267912772583,3.0682407407407406,3.3453468697123516,1.4,1.4,722.729,602.028,126.61039999999998,211.6692,96.11860000000006,-109.64119999999997,-88201.49068,-96646.61913999995,-11.409782148900153,-12.677265027785003,3.343549069373939,-0.07914545645425236,0.0,1.0,1.0,195.7956852791878,207.5951776649746,1.0,1.0,1.4568527918781726,1.681163705583757,0.0,0.7918781725888325,0.6434010152284264,0.0,7114.706852791878,0.0,0.0,15.0,0.0,20.0,200.61294416243655,30.0,499.96319796954316,10.0,0.0,0.0,0.0
487,0.34261083279030224,0.35666470473962486,0.3098863239655162,0.32558687796563146,0.9763974312534106,0.9764211921242933,402.0,373.0,3.335945273631841,3.8428060768543326,0.0,0.0,3.3385986733001656,3.8443699731903487,3.5820215053763436,1.4,1.4,678.81492,629.1166,293.11979999999994,177.13259999999997,-114.30487999999991,-48.01600000000002,-88315.79556,-96694.63513999995,-11.544500129032258,-12.686302609101782,3.5798924731182833,-0.05545260763219764,0.0,1.0,1.0,198.82451612903225,210.82451612903225,1.0,1.0,1.481290322580645,1.6876535741935494,0.0,0.7625806451612903,0.7225806451612903,0.0,7071.309677419355,0.0,0.0,15.0,0.0,20.0,214.79354838709676,30.0,502.2825806451613,10.0,0.0,0.0,0.0
488,0.34280853153904955,0.3567562299839951,0.3090407368618107,0.3247679038205641,0.976453516200235,0.976473023842632,382.0,421.0,3.559904013961601,4.2763262074425965,0.0,0.0,3.5637434554973826,4.277355502771179,3.9378787878787875,1.4,1.4,642.4292,724.89452,276.0337,49.75999999999997,-133.60449999999997,175.1345200000001,-88449.40006,-96519.50061999995,-11.780322042341211,-12.7908689340595,3.935512660855125,-0.06061037844252039,0.0,1.0,1.0,196.47571606475717,208.0186799501868,1.0,1.0,1.5242839352428394,1.7027692652552948,0.0,0.7459526774595268,0.6301369863013698,0.0,6913.222914072229,0.0,0.0,15.0,0.0,20.0,236.13075965130759,30.0,507.68119551681195,10.0,0.0,0.0,0.0
489,0.34327457017322827,0.3570964794226408,0.3087610639862909,0.3244799620269171,0.9765064875197607,0.9765310596949415,399.0,405.0,3.523642439431911,3.1682304526748957,0.0,0.0,3.5264411027568925,3.171399176954732,3.3475953565505803,1.4,1.4,667.7487600000001,673.64808,158.9967,277.6719,8.752060000000057,-104.02381999999994,-88440.648,-96623.52443999995,-11.33120339966833,-12.657605759159472,3.3446102819237202,-0.09175393746091959,0.0,1.0,1.0,198.80223880597015,210.56094527363183,1.0,1.0,1.5037313432835822,1.668404029850747,0.0,0.6629353233830846,0.667910447761194,0.0,7020.814676616916,0.0,0.0,15.0,0.0,20.0,200.6766169154229,30.0,495.4017412935323,10.0,0.0,0.0,0.0
490,0.34367970686134725,0.3572669933610057,0.30828703388391887,0.32404002878277555,0.9765589882181842,0.9765853524487065,415.0,389.0,3.410481927710845,3.8453727506426723,0.0,0.0,3.413172690763053,3.8478149100257064,3.6234660033167496,1.4,1.4,695.9498,678.2028399999999,145.8106,250.73550000000003,50.13919999999999,-72.5326600000001,-88390.5088,-96696.05709999995,-11.693967495854054,-12.76369423548154,3.620895522388056,-0.05203353823327039,0.0,1.0,1.0,199.4863184079602,211.4266169154229,1.0,1.0,1.4838308457711442,1.7091450746268677,0.0,0.8432835820895522,0.7251243781094527,0.0,7059.511194029851,0.0,0.0,15.0,0.0,20.0,217.2537313432836,30.0,509.9651741293532,10.0,0.0,0.0,0.0
491,0.3438686417494836,0.35732301660064186,0.30949508150801536,0.3253075737978273,0.9766118902356874,0.9766386949574892,412.0,385.0,3.602063106796115,3.3695238095238085,0.0,0.0,3.605461165048543,3.372207792207792,3.4927854454203264,1.4,1.4,697.09892,654.9844,271.3518,196.4237,-74.25288,-41.439299999999946,-88464.76168,-96737.49639999995,-11.56296938519448,-12.80439248984701,3.4897323295692213,-0.08544186223809447,0.0,1.0,1.0,200.74278544542034,212.75533249686325,1.0,1.0,1.4830614805520703,1.6964658971141802,0.0,0.7302383939774153,0.6499372647427855,0.0,7017.983688833124,0.0,0.0,15.0,0.0,20.0,209.38393977415308,30.0,505.4240903387704,10.0,0.0,0.0,0.0
492,0.3441083406409111,0.3574957862430499,0.30892383561650555,0.324717557192846,0.9766673784633904,0.9766927119580273,399.0,401.0,3.735045948203844,3.6180382377389884,0.0,0.0,3.7390559732664994,3.6204904405652534,3.679625,1.4,1.4,665.43932,688.40968,273.8328,130.4325,-108.39348000000007,57.977179999999976,-88573.15516,-96679.51921999994,-11.611922916666668,-12.661461660397961,3.676395833333335,-0.06589746605829437,0.0,1.0,1.0,198.58375,210.295,1.0,1.0,1.50125,1.6923112500000033,0.0,0.855,0.745,0.0,7119.99375,0.0,0.0,15.0,0.0,20.0,220.58375,30.0,503.9425,10.0,0.0,0.0,0.0
493,0.34452515760925645,0.35769013898519086,0.31062183320861153,0.32623009735248976,0.9767202336964551,0.9767475864713114,382.0,379.0,3.278054101221638,3.5095866314863695,0.0,0.0,3.281326352530541,3.5117854001759015,3.3961016206745507,1.4,1.4,635.733,654.2905600000001,293.9867,253.86189999999993,-158.25370000000004,-99.5713399999998,-88731.40886,-96779.09055999994,-11.516400963644319,-12.783236854839311,3.3933639947437575,-0.08009603659395118,0.0,1.0,1.0,204.78055190538765,216.57030223390277,1.0,1.0,1.4980289093298291,1.695168935611038,0.0,0.7122207621550591,0.6438896189224704,0.0,7031.710906701708,0.0,0.0,15.0,0.0,20.0,203.6018396846255,30.0,504.96320630749017,10.0,0.0,0.0,0.0
494,0.3446606984196495,0.3579243105353453,0.3114723906530438,0.3269605612281336,0.9767727871097459,0.9768017076387475,402.0,410.0,3.9752072968490872,3.6878861788617874,0.0,0.0,3.9769900497512443,3.6906097560975617,3.8323891625615767,1.4,1.4,682.62292,693.24752,126.6097,122.4134,56.01322000000002,70.83412000000001,-88675.39564,-96708.25643999994,-11.686472331691283,-12.695414865979108,3.8301313628899822,-0.047477423061765264,0.0,1.0,1.0,198.49261083743843,210.23891625615764,1.0,1.0,1.5049261083743843,1.6944217241379327,0.0,0.8903940886699507,0.7746305418719212,0.0,7001.304187192119,0.0,0.0,15.0,0.0,20.0,229.807881773399,30.0,504.6933497536946,10.0,0.0,0.0,0.0
495,0.34503525762434323,0.3581009736747439,0.3122438675186465,0.32754582664477555,0.9768279268227518,0.9768552276464347,375.0,390.0,3.364844444444442,3.362136752136752,0.0,0.0,3.3699555555555554,3.3658974358974354,3.3678867102396515,1.4,1.4,643.678,664.10176,232.1189,257.3154,-88.4409,-93.21364,-88763.83654,-96801.47007999994,-11.593270762527226,-12.851528503446522,3.363464052287585,-0.07724050291640665,0.0,1.0,1.0,207.06013071895424,219.0562091503268,1.0,1.0,1.5098039215686274,1.7095160261437914,0.0,0.6535947712418301,0.6052287581699346,0.0,7107.03137254902,0.0,0.0,15.0,0.0,20.0,201.8078431372549,30.0,510.09150326797385,10.0,0.0,0.0,0.0
496,0.34528833943320486,0.3583274145279198,0.31166209584655064,0.32708376616206447,0.9768814860381319,0.9769095926307682,421.0,386.0,4.379414093428348,3.2118307426597603,0.0,0.0,4.383095803642121,3.2125215889464593,3.8231928954977277,1.4,1.4,699.00796,650.96108,93.2844,219.24039999999997,105.72356000000002,-68.27931999999993,-88658.11298,-96869.74939999994,-11.549126641883522,-12.600824695099043,3.8209417596034707,-0.05475013096293705,0.0,1.0,1.0,200.05824039653035,211.64931846344487,1.0,1.0,1.4783147459727386,1.6728240892193325,0.0,0.8141263940520446,0.6926889714993805,0.0,6937.022304832713,0.0,0.0,15.0,0.0,20.0,229.25650557620818,30.0,496.9888475836431,10.0,0.0,0.0,0.0
497,0.34559945213815807,0.35864201855764277,0.31181726967270296,0.3271287340623789,0.9769350181395614,0.9769637116480948,397.0,403.0,3.2415617128463494,3.4788668320926375,0.0,0.0,3.244290512174643,3.483622828784119,3.3648541666666665,1.4,1.4,680.4756,675.2127200000001,228.94299999999998,121.0797,-48.4674,54.1330200000001,-88706.58038,-96815.61637999995,-11.50003950000002,-12.765505431074194,3.3611041666666677,-0.08819478366130891,0.0,1.0,1.0,204.3775,216.26125,1.0,1.0,1.50375,1.6946104000000028,0.0,0.8025,0.65125,0.0,7007.33625,0.0,0.0,15.0,0.0,20.0,201.66625,30.0,504.76375,10.0,0.0,0.0,0.0
498,0.3459358935689788,0.35890742265594283,0.31233581090832074,0.32736086690505284,0.9769877413027651,0.977015033584617,406.0,397.0,4.066789819376027,3.441099916036943,0.0,0.0,4.0687192118226605,3.444248530646515,3.7599833955998334,1.4,1.4,692.20228,680.08584,174.2944,177.13860000000003,17.907879999999977,2.947239999999937,-88688.6725,-96812.66913999995,-11.747368949771705,-12.772179851087335,3.7574512245745106,-0.03903753376764111,0.0,1.0,1.0,203.80697384806973,215.6587795765878,1.0,1.0,1.4943960149439601,1.7089515815691174,0.0,0.8953922789539228,0.7870485678704857,0.0,6975.46699875467,0.0,0.0,15.0,0.0,20.0,225.44707347447073,30.0,509.88916562889165,10.0,0.0,0.0,0.0
499,0.3463335154493275,0.35913745818425485,0.3130133855126408,0.3280914995021985,0.977039787018503,0.9770663225932767,402.0,380.0,3.291625207296847,3.363859649122803,0.0,0.0,3.2950663349917084,3.364649122807018,3.3288789428815,1.4,1.4,689.85,641.2299599999999,166.18669999999997,299.903,23.66330000000005,-158.67304000000013,-88665.0092,-96971.34217999995,-11.532957971014499,-12.746590105856752,3.326726342710998,-0.06482016278640351,0.0,1.0,1.0,204.2608695652174,216.01918158567776,1.0,1.0,1.485933503836317,1.702148286445014,0.0,0.7186700767263428,0.7953964194373402,0.0,6966.112531969309,0.0,0.0,15.0,0.0,20.0,199.60358056265986,30.0,507.45780051150894,10.0,0.0,0.0,0.0
500,0.3461663263514019,0.3592242672855,0.3139025281350388,0.32902339512019735,0.9770917691113266,0.9771181335072665,391.0,391.0,3.782395566922421,3.7052003410059706,0.0,0.0,3.7831628303495304,3.706052855924979,3.744607843137255,1.6,1.4,745.0524800000001,662.95376,151.39459999999997,241.68829999999997,93.65788000000009,-78.73453999999998,-88571.35132,-97050.07671999995,-12.18780204603581,-12.798295581554994,3.743797953964194,-0.03736967500172456,0.0,1.0,1.0,208.2992327365729,220.13299232736574,1.0,1.0,1.5,1.8005194884910503,0.0,0.8670076726342711,0.5639386189258312,0.0,7149.9884910485935,0.0,0.0,15.0,0.0,20.0,224.62787723785166,30.0,506.3056265984655,10.0,0.0,0.0,0.0
501,0.3459235532852415,0.35954098276689667,0.3147908950369195,0.32965777362696164,0.9771441184920777,0.9771688249129807,432.0,376.0,3.9820216049382697,3.307712765957448,0.0,0.0,3.9851080246913577,3.3088209219858156,3.6704001650165012,1.6,1.4,835.0342400000001,645.2331199999999,21.87399999999994,170.21559999999997,313.16024000000016,-24.982480000000095,-88258.19108,-97075.05919999996,-12.34198448844886,-12.839457739125608,3.6682343234323445,-0.027374359956779257,0.0,1.0,1.0,206.09158415841586,217.89480198019803,1.0,1.0,1.4653465346534653,1.8320140594059409,0.0,0.9542079207920792,0.6571782178217822,0.0,7139.222772277228,0.0,0.0,15.0,0.0,20.0,220.09405940594058,30.0,514.3861386138614,10.0,0.0,0.0,0.0
502,0.3458506279980099,0.3595751509569088,0.3157957362269605,0.3305618321347551,0.9771961995696776,0.9772198654236416,391.0,392.0,3.0045609548167076,4.15535714285714,0.0,0.0,3.010272804774083,4.157993197278912,3.5848659003831416,1.6,1.4,740.58784,653.1067200000001,197.47639999999996,219.389,43.11144000000007,-66.2822799999999,-88215.07964000001,-97141.34147999996,-11.996176415495963,-12.618399019844414,3.580693912303113,-0.01276758458980223,0.0,1.0,1.0,207.4214559386973,219.10344827586206,1.0,1.0,1.500638569604087,1.77994196679438,0.0,0.9284802043422733,0.6896551724137931,0.0,7220.656449553001,0.0,0.0,15.0,0.0,20.0,214.84163473818646,30.0,499.2567049808429,10.0,0.0,0.0,0.0
503,0.34558851780012706,0.3598493483590013,0.31644945846926076,0.3311292382609083,0.9772487932047682,0.9772728057816366,414.0,363.0,3.955515297906601,3.2190082644628086,0.0,0.0,3.9588164251207734,3.221258034894398,3.614242814242814,1.6,1.4,779.7484800000001,619.9676,28.978799999999985,230.98949999999996,250.7696800000001,-111.02190000000002,-87964.30996000001,-97252.36337999997,-12.134341999142007,-12.757023790330194,3.6114328614328586,-0.0347337951724789,0.0,1.0,1.0,205.62548262548262,217.23166023166024,1.0,1.0,1.4671814671814671,1.8014363963963986,0.0,0.9523809523809523,0.7232947232947233,0.0,7018.469755469756,0.0,0.0,15.0,0.0,20.0,216.68597168597168,30.0,504.7760617760618,10.0,0.0,0.0,0.0
504,0.34547461965225923,0.3600331047162369,0.31676166254137983,0.3315453924063325,0.9773010375035976,0.9773228700079867,382.0,395.0,3.3435427574171035,3.9511814345991545,0.0,0.0,3.3450698080279233,3.9517721518987345,3.6534963534963536,1.6,1.4,714.71616,676.58528,208.20929999999993,79.72149999999999,6.506860000000017,96.86378000000002,-87957.80310000002,-97155.49959999997,-12.094427970827962,-12.719984925310529,3.652445302445306,-0.0330559081020238,0.0,1.0,1.0,212.36936936936937,224.3088803088803,1.0,1.0,1.5083655083655083,1.790606743886746,0.0,0.788931788931789,0.7541827541827542,0.0,6944.746460746461,0.0,0.0,15.0,0.0,20.0,219.14671814671814,30.0,504.1248391248391,10.0,0.0,0.0,0.0
505,0.34518282539418355,0.360107759952853,0.3167395531713045,0.33151266621534675,0.9773521002314979,0.9773741984436861,368.0,407.0,3.5116847826086985,3.68177723177723,0.0,0.0,3.514583333333333,3.6820638820638822,3.602537634408602,1.6,1.4,684.7292800000001,682.2998,202.58159999999995,163.99069999999995,-17.85231999999982,18.309100000000058,-87975.65542000002,-97137.19049999997,-11.913284387096764,-12.632179817013895,3.6010107526881714,-0.02497982084837749,0.0,1.0,1.0,211.04,222.61032258064517,1.0,1.0,1.5251612903225806,1.7639084903225806,0.0,0.8154838709677419,0.7109677419354838,0.0,7025.965161290323,0.0,0.0,15.0,0.0,20.0,216.06064516129032,30.0,496.00129032258064,10.0,0.0,0.0,0.0
506,0.34468802605433957,0.3603588230150172,0.31770524694016017,0.3324606673254937,0.9774011773721751,0.977424261670844,401.0,395.0,4.084330839567747,3.2619409282700427,0.0,0.0,4.087655860349127,3.2664135021097045,3.6801298157453934,1.6,1.4,769.73472,663.4616800000001,75.66139999999999,237.12619999999998,194.07332000000005,-73.66451999999987,-87781.58210000003,-97210.85501999997,-12.15867504187605,-12.677151877703219,3.6762353433835853,-0.01297068372895981,0.0,1.0,1.0,207.32412060301507,219.06909547738692,1.0,1.0,1.4962311557788945,1.8004979899497493,0.0,0.9020100502512562,0.8517587939698492,0.0,7117.693467336683,0.0,0.0,15.0,0.0,20.0,220.57412060301507,30.0,505.7072864321608,10.0,0.0,0.0,0.0
507,0.3445569270455129,0.36064524033025164,0.3181209695087857,0.33291087985549356,0.9774505815198861,0.9774729263884641,400.0,405.0,3.423583333333332,3.696502057613168,0.0,0.0,3.427083333333333,3.6996296296296296,3.564202898550725,1.6,1.4,757.4569600000001,697.8283200000001,96.54209999999992,130.76989999999995,160.91486000000017,67.05842000000013,-87620.66724000002,-97143.79659999997,-12.161374409937896,-12.782796915681732,3.560890269151138,-0.03188683226721509,0.0,1.0,1.0,209.7192546583851,221.6086956521739,1.0,1.0,1.5031055900621118,1.807807801242236,0.0,0.8869565217391304,0.724223602484472,0.0,6888.003726708074,0.0,0.0,15.0,0.0,20.0,213.65341614906833,30.0,509.3937888198758,10.0,0.0,0.0,0.0
508,0.3441064953698272,0.3608196618861412,0.3179988554057947,0.3328236534970218,0.9775026587619997,0.9775234385788474,406.0,377.0,3.853612479474547,3.304774535809013,0.0,0.0,3.8558292282430218,3.30711759504863,3.591634738186462,1.6,1.4,793.8377600000001,630.8716400000001,81.37529999999994,328.9387,212.4624600000002,-198.0670599999999,-87408.20478000003,-97341.86365999997,-12.235521924223084,-12.780183076889617,3.5893571732652205,0.008319737919105502,0.0,1.0,1.0,213.2273307790549,225.17752234993614,1.0,1.0,1.4814814814814814,1.819552234993614,0.0,0.8748403575989783,0.632183908045977,0.0,6941.067688378033,0.0,0.0,15.0,0.0,20.0,215.36143039591315,30.0,510.60536398467434,10.0,0.0,0.0,0.0
509,0.34390721723217016,0.36095667346454197,0.319054909905697,0.33402819767183356,0.9775521911367828,0.9775735686032112,412.0,366.0,3.5523462783171538,3.7594717668488156,0.0,0.0,3.5554611650485435,3.761429872495446,3.6523564695801203,1.6,1.4,777.1296,610.35212,107.42899999999992,249.28759999999994,169.70060000000007,-138.93547999999993,-87238.50418000003,-97480.79913999997,-12.038545758354756,-12.716018911404774,3.6497857754927194,-0.03804544831140515,0.0,1.0,1.0,213.23136246786632,225.23264781491002,1.0,1.0,1.4704370179948587,1.783395526992288,0.0,0.7660668380462725,0.6709511568123393,0.0,6961.623393316196,0.0,0.0,15.0,0.0,20.0,218.98714652956298,30.0,498.4961439588689,10.0,0.0,0.0,0.0
510,0.34377036213481577,0.36119954148179345,0.3191888644262747,0.33424784316059153,0.9776038917935366,0.9776223517435269,381.0,401.0,2.9652668416447945,4.006899418121363,0.0,0.0,2.9660104986876643,4.011886949293433,3.5023231031543056,1.6,1.4,720.0668800000001,673.21464,182.78139999999996,108.60279999999997,37.28548000000012,64.61184000000006,-87201.21870000003,-97416.18729999998,-11.977699403239546,-12.719384069934344,3.499403239556694,-0.0483131962938112,0.0,1.0,1.0,214.5460358056266,226.65217391304347,1.0,1.0,1.5127877237851663,1.7816899232736596,0.0,0.7570332480818415,0.6470588235294118,0.0,6903.829923273657,0.0,0.0,15.0,0.0,20.0,209.96419437340154,30.0,500.846547314578,10.0,0.0,0.0,0.0
511,0.3435934335089517,0.3613833606027439,0.3206964086638686,0.3357390880225088,0.9776516413836773,0.9776730608902404,380.0,396.0,3.4360964912280703,3.540656565656567,0.0,0.0,3.437719298245615,3.542718855218855,3.4913015463917527,1.6,1.4,711.3984,663.5986,107.15609999999995,225.83010000000002,104.24230000000009,-62.23149999999998,-87096.97640000003,-97478.41879999997,-11.913868127147754,-12.612421071631665,3.4894544673539554,-0.013681069826127048,0.0,1.0,1.0,213.37757731958763,225.01417525773195,1.0,1.0,1.5103092783505154,1.7719033505154642,0.0,0.9574742268041238,0.7036082474226805,0.0,7063.628865979382,0.0,0.0,15.0,0.0,20.0,209.3672680412371,30.0,497.5708762886598,10.0,0.0,0.0,0.0
512,0.3433754282908204,0.3614345297689127,0.3210567580264115,0.33599400916457983,0.977700879468878,0.977721431088804,383.0,401.0,3.610791993037426,3.9197423108894416,0.0,0.0,3.6133594429939073,3.921155444721529,3.7707908163265302,1.6,1.4,709.3632000000001,691.6302400000001,78.75499999999992,153.77609999999999,130.60820000000018,37.854140000000086,-86966.36820000003,-97440.56465999997,-12.120676700680267,-12.850806805435523,3.76881377551021,-0.03859490305883289,0.0,1.0,1.0,217.9387755102041,230.0701530612245,1.0,1.0,1.5114795918367347,1.7869814285714303,0.0,0.8073979591836735,0.6632653061224489,0.0,7026.1377551020405,0.0,0.0,15.0,0.0,20.0,226.12882653061226,30.0,503.4732142857143,10.0,0.0,0.0,0.0
513,0.3431284609038629,0.3617990435024442,0.3205640251207469,0.3355507864094814,0.9777503397307808,0.9777718158696754,396.0,406.0,4.359006734006735,3.490311986863709,0.0,0.0,4.359301346801347,3.4915024630541875,3.9199916874480465,1.6,1.4,776.9212800000001,682.4588400000001,57.26719999999997,155.278,219.65408000000016,27.18084000000013,-86746.71412000003,-97413.38381999997,-12.373928428927691,-12.715082629836491,3.919243557772237,-0.004149686044370685,0.0,1.0,1.0,210.31047381546134,221.96633416458852,1.0,1.0,1.5062344139650872,1.819675960099753,0.0,1.071072319201995,0.7992518703241895,0.0,7106.654613466334,0.0,0.0,15.0,0.0,20.0,235.15461346633415,30.0,512.35536159601,10.0,0.0,0.0,0.0
514,0.3429213822434663,0.36197519489966007,0.32046294835109795,0.3358139130565605,0.9777996770560228,0.9778220544698286,364.0,420.0,3.3969322344322346,3.516230158730159,0.0,0.0,3.399038461538461,3.520396825396826,3.4640518707482997,1.6,1.4,682.0009600000001,725.8202,182.79029999999992,180.0771,-0.7893399999998394,45.7431,-86747.50346000004,-97367.64071999997,-12.055560119047604,-12.808121245661269,3.460841836734693,-0.02679425133962348,0.0,1.0,1.0,220.2155612244898,232.0548469387755,1.0,1.0,1.5357142857142858,1.795690255102042,0.0,0.7117346938775511,0.6989795918367347,0.0,7005.701530612245,0.0,0.0,15.0,0.0,20.0,207.65051020408163,30.0,507.8316326530612,10.0,0.0,0.0,0.0
515,0.3419299407010719,0.36221190783887214,0.32161495359292436,0.3373720638283892,0.977850613091267,0.977870132986308,425.0,399.0,5.154980392156866,3.3938178780284023,0.011529411764705884,0.0,5.146078431372549,3.39640768588137,4.298847087378641,1.6,1.4,816.0278400000002,687.6234400000001,20.97119999999999,206.96359999999996,295.0566400000002,-19.340159999999884,-86452.44682000004,-97386.98087999997,-12.55661375404531,-12.736467463961986,4.302184466019417,0.008190591470981985,0.0,1.0,1.0,210.57038834951456,222.04368932038835,1.0,1.0,1.4842233009708738,1.8248195145631074,0.005946601941747573,1.0048543689320388,0.8932038834951457,0.0,7157.2123786407765,0.3567961165048544,0.0,14.798543689320388,0.0,20.0,257.7742718446602,30.0,513.492718446602,10.0,0.0,0.0,0.0
516,0.3418933808989886,0.3623846210006021,0.32254433275756794,0.33851246331492785,0.9779015424149028,0.9779196670162364,396.0,405.0,3.119739057239056,3.3980658436214,0.0,0.0,3.121127946127946,3.400205761316872,3.2622347066167294,1.6,1.4,762.50912,685.97312,146.30399999999992,170.24289999999996,116.20512000000014,15.730220000000031,-86336.24170000004,-97371.25065999998,-12.042798002496887,-12.664872451881887,3.260466084061592,0.00869560600784762,0.0,1.0,1.0,213.84519350811485,225.51186017478153,1.0,1.0,1.5056179775280898,1.8083423720349572,0.0,0.846441947565543,0.8614232209737828,0.0,7273.556803995006,0.0,0.0,15.0,0.0,20.0,195.62796504369538,30.0,509.06991260923843,10.0,0.0,0.0,0.0
517,0.34168845360144057,0.36273546798961565,0.3229687128323927,0.33900887451408646,0.9779478613710355,0.9779680884519356,383.0,428.0,3.5577893820713644,3.851168224299066,0.0,0.0,3.56053089643168,3.852453271028038,3.7145910398684747,1.6,1.4,740.0355200000001,722.2754,153.46599999999995,177.23440000000002,86.56952000000018,45.04099999999997,-86249.67218000004,-97326.20965999998,-12.196096917385944,-12.681682911034201,3.7126181668721734,0.0031863741655155653,0.0,1.0,1.0,216.422934648582,228.22318125770653,1.0,1.0,1.5277435265104808,1.803096078914922,0.0,0.9075215782983971,0.7225647348951911,0.0,7081.8766954377315,0.0,0.0,15.0,0.0,20.0,222.75709001233045,30.0,508.6707768187423,10.0,0.0,0.0,0.0
518,0.34167828544905304,0.3630222043030991,0.32320083861938953,0.33966881457258574,0.9779958639517803,0.9780178322949566,363.0,419.0,3.160376492194674,3.419252187748607,0.0,0.0,3.1629935720844813,3.419252187748608,3.300298380221654,1.6,1.4,679.0720000000001,698.92032,95.11539999999992,278.1736,83.9566000000002,-79.25328000000007,-86165.71558000003,-97405.46293999998,-11.783369479965893,-12.63905668139705,3.299083546462064,-0.040695035352534034,0.0,1.0,1.0,219.71227621483376,231.48081841432224,1.0,1.0,1.5358056265984654,1.7621385166240398,0.0,0.8337595907928389,0.7442455242966752,0.0,7106.138107416879,0.0,0.0,15.0,0.0,20.0,197.94501278772378,30.0,495.9130434782609,10.0,0.0,0.0,0.0
519,0.34155408408604765,0.36322627172674005,0.32282201384754644,0.3393107041051459,0.978045065619179,0.9780636093922096,380.0,400.0,4.0099122807017515,3.6322500000000026,0.0,0.0,4.013859649122807,3.634791666666666,3.8194658119658116,1.6,1.4,710.5670400000001,698.33344,55.19709999999997,257.0529,155.36994000000016,-58.719460000000026,-86010.34564000003,-97464.18239999998,-12.258139829059823,-12.744764111398394,3.8162393162393147,0.018248379636181145,0.0,1.0,1.0,220.44358974358974,232.3294871794872,1.0,1.0,1.5128205128205128,1.8062826666666696,0.0,0.9141025641025641,0.6794871794871795,0.0,6929.679487179487,0.0,0.0,15.0,0.0,20.0,228.97435897435898,30.0,510.0692307692308,10.0,0.0,0.0,0.0
520,0.3412847981939878,0.3633541258438109,0.3224175711706172,0.3392168746489358,0.9780918144692432,0.9781112788715836,410.0,393.0,3.703048780487807,3.6768023748939767,0.0,0.0,3.7056504065040654,3.678753180661577,3.6924865089248655,1.6,1.4,762.86592,659.32916,27.474599999999967,259.4899,235.39132,-100.16073999999998,-85774.95432000003,-97564.34313999998,-11.985112577833132,-12.688845232005274,3.6902034039020326,-0.04838113837334394,0.0,1.0,1.0,222.66749688667497,234.3038605230386,1.0,1.0,1.489414694894147,1.771102216687423,0.0,0.9315068493150684,0.651307596513076,0.0,7145.25902864259,0.0,0.0,15.0,0.0,20.0,221.41220423412204,30.0,496.0560398505604,10.0,0.0,0.0,0.0
521,0.341102698167767,0.3634477201031513,0.321670481091757,0.33882982604447276,0.9781379594761832,0.9781599709117161,401.0,389.0,3.5129675810473837,3.330377035132822,0.0,0.0,3.5148379052369076,3.332862039417309,3.425232067510548,1.6,1.4,755.7603200000001,652.883,136.04539999999992,186.4951,119.71492000000018,-33.61209999999997,-85655.23940000003,-97597.95523999998,-11.951341687763708,-12.658656839883381,3.423059071729958,-0.03301842453710173,0.0,1.0,1.0,221.11772151898734,232.81898734177216,1.0,1.0,1.4924050632911392,1.7830928101265828,0.0,0.8974683544303798,0.6392405063291139,0.0,7177.282278481012,0.0,0.0,15.0,0.0,20.0,205.38354430379746,30.0,499.99620253164557,10.0,0.0,0.0,0.0
522,0.34070059924627283,0.3636238917643097,0.3212017303788894,0.3386798605002989,0.978185214335134,0.9782060935305666,385.0,399.0,3.4318614718614717,3.2701754385964934,0.0,0.0,3.4318614718614713,3.272639933166249,3.350829081632653,1.6,1.4,738.49184,666.5506399999999,91.73699999999997,172.8341,146.75484000000006,-6.283460000000076,-85508.48456000004,-97604.23869999999,-11.97952261904761,-12.734668778662405,3.349574829931974,-0.03184588451746735,0.0,1.0,1.0,222.97448979591837,234.54719387755102,1.0,1.0,1.5089285714285714,1.7921460204081645,0.0,0.8137755102040817,0.6658163265306123,0.0,7051.84056122449,0.0,0.0,15.0,0.0,20.0,200.97448979591837,30.0,503.6887755102041,10.0,0.0,0.0,0.0
523,0.3405458390743874,0.36384068851179274,0.32086797838489306,0.3384845507883496,0.9782321877240363,0.9782529378384792,407.0,377.0,3.4743243243243254,3.4121131741821387,0.0,0.0,3.475880425880426,3.414633068081344,3.446428571428571,1.6,1.4,766.60832,637.51716,72.14829999999998,212.3696999999999,194.46002000000007,-74.85253999999992,-85314.02454000004,-97679.09124,-12.006051105442188,-12.67864759240671,3.4444090136054455,-0.025466420723820958,0.0,1.0,1.0,221.57780612244898,233.12882653061226,1.0,1.0,1.4808673469387754,1.7909763775510232,0.0,0.9502551020408163,0.5727040816326531,0.0,7009.480867346939,0.0,0.0,15.0,0.0,20.0,206.66454081632654,30.0,502.0216836734694,10.0,0.0,0.0,0.0
524,0.34039591329214847,0.36382351155691756,0.3200114512563957,0.33817298412899854,0.9782792609517043,0.9782996198900701,384.0,414.0,3.0986979166666657,3.9454508856682815,0.0,0.0,3.0997829861111112,3.946739130434783,3.5391812865497077,1.6,1.4,710.1395200000001,687.981,155.1180999999999,87.76579999999997,55.02142000000015,100.21520000000002,-85259.00312000004,-97578.87603999999,-11.813862907268181,-12.683553311114613,3.5379908103592297,-0.060918259305859375,0.0,1.0,1.0,227.24185463659148,239.3095238095238,1.0,1.0,1.518796992481203,1.7520307268170474,0.0,0.731829573934837,0.6240601503759399,0.0,6972.5927318295735,0.0,0.0,15.0,0.0,20.0,212.27944862155388,30.0,491.55388471177946,10.0,0.0,0.0,0.0
525,0.33983791413156367,0.3641300646242918,0.3197820087686985,0.3382107721919153,0.9783266086235011,0.9783473401318294,423.0,379.0,4.124192277383767,3.2710642040457314,0.0,0.0,4.12565011820331,3.2734828496042216,3.722942643391522,1.6,1.4,828.6748800000001,633.9382,65.59749999999997,298.6862999999999,263.0773800000002,-164.74809999999985,-84995.92574000004,-97743.62413999999,-12.311411554447224,-12.780105313207722,3.7210307564422305,-0.0036699645240366673,0.0,1.0,1.0,222.95137157107231,234.48379052369077,1.0,1.0,1.472568578553616,1.8237070822942658,0.0,1.0511221945137157,0.6097256857855362,0.0,6879.128428927681,0.0,0.0,15.0,0.0,20.0,223.26184538653368,30.0,511.33915211970077,10.0,0.0,0.0,0.0
526,0.33963660633657006,0.3642355245976063,0.3198623080325176,0.3387025180913907,0.9783746197801917,0.9783952105418284,368.0,413.0,3.0672101449275355,4.24511702986279,0.0,0.0,3.0714221014492753,4.245641646489105,3.692360221937687,1.6,1.4,695.1580800000002,687.80236,206.5618999999999,148.69140000000002,-11.40381999999974,39.110960000000006,-85007.32956000004,-97704.51317999998,-11.99018207426375,-12.647398337498553,3.690098164746049,-0.00113598952857847,0.0,1.0,1.0,225.8642765685019,237.65556978233033,1.0,1.0,1.528809218950064,1.7707560051216398,0.0,0.7772087067861716,0.7093469910371318,0.0,7118.408450704225,0.0,0.0,15.0,0.0,20.0,221.40588988476313,30.0,498.1088348271447,10.0,0.0,0.0,0.0
527,0.3393643425835052,0.3643529680275832,0.3183184484432671,0.3374185986686866,0.9784222699508756,0.9784416417572093,384.0,393.0,3.6947482638888913,3.6648430873621693,0.0,0.0,3.695659722222223,3.665776081424936,3.6805448305448305,1.6,1.4,734.2803200000001,668.60416,93.98719999999997,280.0389,140.2931200000001,-111.43474000000003,-84867.03644000004,-97815.94791999998,-12.19396276276276,-12.769642535014253,3.679622479622478,-0.028175482482746095,0.0,1.0,1.0,224.61518661518662,236.33590733590734,1.0,1.0,1.505791505791506,1.8055141312741319,0.0,0.9716859716859717,0.7284427284427284,0.0,7019.9665379665375,0.0,0.0,15.0,0.0,20.0,220.77734877734878,30.0,508.36293436293437,10.0,0.0,0.0,0.0
528,0.3390991161231262,0.36407730140585753,0.3193070848622318,0.338656078192236,0.9784691916117456,0.9784858879769083,385.0,396.0,3.7020779220779203,4.399705387205386,0.0,0.015614478114478116,3.703593073593073,4.385648148148148,4.049423815620999,1.6,1.4,721.3456000000001,670.77948,232.5746999999999,220.01090000000005,-11.22909999999979,-49.231420000000014,-84878.26554000004,-97865.17933999997,-12.205043192488274,-12.666581588573088,4.055804524114384,-0.013874011535172875,0.0,1.0,1.0,225.93213828425095,237.56338028169014,1.0,1.0,1.5070422535211268,1.7824904993597972,0.007917200170721297,1.0473751600512164,0.6197183098591549,0.0,7139.144686299616,0.47503201024327785,0.0,14.935979513444302,0.0,20.0,242.8732394366197,30.0,501.0806658130602,10.0,0.0,0.0,0.0
529,0.3387671812308974,0.3642455743325678,0.3200585466486588,0.3399150993653801,0.9785154923492451,0.9785293299283543,416.0,398.0,3.9898237179487146,3.2757118927973203,0.0,0.0,3.992588141025641,3.277596314907873,3.642997542997543,1.6,1.4,788.7686400000001,665.7786800000001,80.05969999999995,168.42769999999996,208.70894000000015,-2.6490199999998367,-84669.55660000004,-97867.82835999997,-12.060364373464374,-12.651231843938307,3.6406633906633914,-0.029234227051475044,0.0,1.0,1.0,222.9017199017199,234.5933660933661,1.0,1.0,1.488943488943489,1.7869131695331733,0.0,1.0307125307125307,0.7481572481572482,0.0,6994.066339066339,0.0,0.0,15.0,0.0,20.0,218.43980343980343,30.0,500.85995085995086,10.0,0.0,0.0,0.0
530,0.3384330650870249,0.3645439148311552,0.3199079964530866,0.3400231315337929,0.978560453207447,0.9785742629091625,441.0,409.0,4.074338624338626,3.2872045639771805,0.0,0.0,4.077059712773998,3.289160554197229,3.6979411764705885,1.6,1.4,840.8624000000001,704.3993600000001,119.69379999999994,126.89329999999998,221.16860000000014,77.50606000000013,-84448.38800000004,-97790.32229999997,-12.271806431372559,-12.695127235828291,3.695588235294119,-0.010854558242347776,0.0,1.0,1.0,218.98117647058822,230.44588235294117,1.0,1.0,1.4811764705882353,1.8179550117647088,0.0,1.2223529411764706,0.9247058823529412,0.0,7060.163529411765,0.0,0.0,15.0,0.0,20.0,221.73529411764707,30.0,511.13882352941175,10.0,0.0,0.0,0.0
531,0.3383115598735557,0.364780668037965,0.31892293262455085,0.3390533636373264,0.9786051232335571,0.9786192252801335,404.0,378.0,3.1135313531353126,3.120634920634924,0.0,0.0,3.1190594059405945,3.1226190476190476,3.120780051150895,1.6,1.4,772.8457600000002,628.1237199999999,187.93549999999993,309.7277,84.91026000000022,-181.6039800000001,-84363.47774000003,-97971.92627999997,-11.876782693947138,-12.656471823205045,3.116965046888319,-0.04292178541589655,0.0,1.0,1.0,227.05626598465474,238.59079283887468,1.0,1.0,1.4833759590792839,1.7915210741687986,0.0,0.979539641943734,0.6649616368286445,0.0,7011.273657289003,0.0,0.0,15.0,0.0,20.0,187.01790281329923,30.0,501.7173913043478,10.0,0.0,0.0,0.0
532,0.33796559884291383,0.36501207159267374,0.3196427661228255,0.34019565645827854,0.978649835873571,0.9786631181216016,425.0,355.0,3.6221568627450997,3.2080751173708926,0.0,0.0,3.62564705882353,3.2116431924882627,3.437222222222222,1.6,1.4,805.05056,591.31072,89.93259999999995,246.46699999999998,215.11796000000007,-155.15628000000004,-84148.35978000003,-98127.08255999997,-11.98996547008548,-12.693957512208724,3.4336965811965836,-0.015620126372139704,0.0,1.0,1.0,232.42307692307693,244.40384615384616,1.0,1.0,1.455128205128205,1.7902067692307708,0.0,1.0038461538461538,0.6089743589743589,0.0,7003.655128205128,0.0,0.0,15.0,0.0,20.0,206.02179487179487,30.0,499.63589743589745,10.0,0.0,0.0,0.0
533,0.3378699614093915,0.36499509871242747,0.3185741192907112,0.3393886095326988,0.9786947319686806,0.9787074224850518,366.0,404.0,3.1998178506375243,4.272689768976897,0.0,8.250825082508251e-05,3.2014116575591984,4.2740511551155125,3.764199134199134,1.6,1.4,698.90112,686.00924,201.69189999999992,55.248299999999986,-2.790779999999927,130.76094,-84151.15056000002,-97996.32161999997,-12.189110562770564,-12.82269754006063,3.7627272727272714,-0.02395863080136753,0.0,1.0,1.0,235.0038961038961,247.05454545454546,1.0,1.0,1.5246753246753246,1.798584883116885,4.329004329004329e-05,0.9376623376623376,0.6675324675324675,0.0,7179.4857142857145,0.0025974025974025974,0.0,14.997402597402598,0.0,20.0,225.76103896103896,30.0,507.3285714285714,10.0,0.0,0.0,0.0
534,0.3375675976465498,0.36525283673747555,0.3183676605730396,0.33953755030949206,0.9787400767525413,0.9787529502970786,401.0,379.0,4.121404821280135,3.4515831134564627,0.0,0.0,4.122527015793849,3.4532981530343005,3.7973504273504273,1.6,1.4,757.61248,636.91908,35.00359999999993,296.36249999999995,222.60888000000008,-159.44341999999995,-83928.54168000002,-98155.76503999997,-12.128151025641026,-12.833551939783058,3.795940170940173,-0.019401687337253115,0.0,1.0,1.0,234.65384615384616,246.63717948717948,1.0,1.0,1.485897435897436,1.7878609743589757,0.0,0.8461538461538461,0.5884615384615385,0.0,7159.820512820513,0.0,0.0,15.0,0.0,20.0,227.75641025641025,30.0,501.14102564102564,10.0,0.0,0.0,0.0
535,0.33739862489768424,0.3654810732781136,0.31933346454027267,0.3409404010154534,0.9787851455627324,0.9787979881023132,401.0,376.0,3.4829177057356593,3.5499556737588636,0.0,0.0,3.485162094763092,3.551063829787234,3.517052767052767,1.6,1.4,756.93888,645.13148,129.71859999999992,189.09399999999997,127.22028000000012,-43.962519999999955,-83801.32140000003,-98199.72755999997,-12.118333504933501,-12.799219294749498,3.515358215358217,-0.03910062836713711,0.0,1.0,1.0,233.14414414414415,245.07850707850707,1.0,1.0,1.483912483912484,1.8044663577863587,0.0,0.9202059202059202,0.7232947232947233,0.0,7080.075933075933,0.0,0.0,15.0,0.0,20.0,210.92149292149293,30.0,506.95752895752895,10.0,0.0,0.0,0.0
536,0.3372302739894767,0.36571747915604325,0.32019949992446767,0.3417173511254537,0.9788286010203648,0.9788427217510492,401.0,387.0,3.393599334995843,3.3468130921619283,0.0,0.0,3.3935993349958435,3.3500861326442726,3.3722292724196277,1.6,1.4,752.4934400000001,660.4665200000001,132.23729999999992,133.78449999999998,120.25614000000016,26.68202000000008,-83681.06526000003,-98173.04553999998,-11.992639340101526,-12.727278883384209,3.370621827411169,-0.03410134305400662,0.0,1.0,1.0,234.5469543147208,246.2005076142132,1.0,1.0,1.4911167512690355,1.7930963959390853,0.0,0.8591370558375635,0.6218274111675127,0.0,6954.88959390863,0.0,0.0,15.0,0.0,20.0,202.23730964467006,30.0,503.6725888324873,10.0,0.0,0.0,0.0
537,0.3368396825445357,0.36596063715998317,0.31882638123309887,0.3405423120915833,0.9788710629351772,0.9788871520747155,390.0,396.0,3.6732478632478607,3.3157828282828303,0.0,0.0,3.676153846153846,3.318013468013468,3.4957167090754875,1.6,1.4,744.4323200000001,674.8750399999999,212.72599999999994,119.75689999999997,31.706320000000176,55.118139999999926,-83649.35894000003,-98117.92739999997,-12.120513316369804,-12.779369410004557,3.493150975402883,-0.039930882618700064,0.0,1.0,1.0,232.2582697201018,243.73918575063612,1.0,1.0,1.5038167938931297,1.80573455470738,0.0,0.8956743002544529,0.8320610687022901,0.0,7068.29262086514,0.0,0.0,15.0,0.0,20.0,209.58905852417303,30.0,508.37404580152673,10.0,0.0,0.0,0.0
538,0.33661658847166537,0.3661979535049893,0.3171888481334661,0.3390601542273099,0.978916686369876,0.978930351979364,380.0,386.0,3.28390350877193,3.495207253886012,0.0,0.0,3.2875877192982457,3.4974093264248705,3.3933202785030465,1.6,1.4,703.01152,654.62012,198.41199999999998,267.5757,4.599520000000041,-112.95557999999994,-83644.75942000003,-98230.88297999997,-11.877199564838984,-12.67439223444777,3.3903829416884217,-0.0338739790286199,0.0,1.0,1.0,238.8289817232376,250.84334203655354,1.0,1.0,1.5039164490861618,1.7723650652741538,0.0,0.9086161879895561,0.5926892950391645,0.0,7069.442558746737,0.0,0.0,15.0,0.0,20.0,203.42297650130547,30.0,497.76631853785904,10.0,0.0,0.0,0.0
539,0.3362980097811881,0.36639241017884444,0.3158499905192454,0.33795871887593487,0.9789611263140575,0.9789754496120202,371.0,430.0,3.7898023360287474,3.636899224806203,0.0,0.0,3.790745732255167,3.6401162790697676,3.7098834789846027,1.6,1.4,705.5632000000002,731.8472,130.83749999999995,125.6079,74.72570000000022,106.23930000000004,-83570.03372000004,-98124.64367999996,-12.145399916770701,-12.759315603821857,3.7077195172700783,-0.035465231054380174,0.0,1.0,1.0,233.4868913857678,245.11860174781523,1.0,1.0,1.536828963795256,1.7945198501872681,0.0,0.8489388264669163,0.7940074906367042,0.0,7174.478152309613,0.0,0.0,15.0,0.0,20.0,222.46317103620476,30.0,506.9138576779026,10.0,0.0,0.0,0.0
540,0.3359909222335723,0.3665962336422557,0.3149760964235683,0.3372889767578343,0.9790049510607075,0.9790183488788303,412.0,386.0,3.86334951456311,3.426597582037998,0.0,0.0,3.8638349514563104,3.4286701208981003,3.653341687552213,1.6,1.4,778.09536,646.38252,76.85349999999998,387.16599999999994,201.24186000000003,-240.78347999999994,-83368.79186000004,-98365.42715999996,-12.05278120300751,-12.643248327059766,3.65208855472013,-0.011763869786839994,0.0,1.0,1.0,234.3609022556391,245.97117794486215,1.0,1.0,1.4837092731829573,1.785060000000001,0.0,1.0175438596491229,0.6441102756892231,0.0,7032.7192982456145,0.0,0.0,15.0,0.0,20.0,219.12531328320802,30.0,499.9937343358396,10.0,0.0,0.0,0.0
541,0.3358019009249496,0.36682911906574234,0.3140478867176643,0.3366938267392029,0.9790482323555865,0.9790608943156364,394.0,387.0,3.5642554991539765,3.381567614125754,0.0,0.0,3.567301184433164,3.3838501291989664,3.476397780623133,1.6,1.4,757.3584000000001,637.17388,154.00129999999996,230.5092,103.35710000000012,-93.33531999999994,-83265.43476000005,-98458.76247999996,-11.984910029876229,-12.671496509089835,3.4737302603499765,-0.030292426027129404,0.0,1.0,1.0,237.72343149807938,249.50064020486556,1.0,1.0,1.4955185659411012,1.785572701664534,0.0,0.9961587708066582,0.646606914212548,0.0,6966.348271446863,0.0,0.0,15.0,0.0,20.0,208.4238156209987,30.0,500.2663252240717,10.0,0.0,0.0,0.0
542,0.3354696581526866,0.3668636003459143,0.3133926946884377,0.33658291226737663,0.9790904984824178,0.979104106189024,413.0,394.0,3.9732849071832113,3.656006768189506,0.0,0.0,3.976109765940274,3.6582064297800336,3.8209004543577034,1.6,1.4,783.24,666.5100400000001,101.82209999999992,214.50639999999999,181.4179000000001,-47.99635999999987,-83084.01686000005,-98506.75883999997,-12.190384386617103,-12.699765977569983,3.8183808343659686,-0.02890481420262803,0.0,1.0,1.0,233.76208178438662,245.21065675340768,1.0,1.0,1.4882280049566294,1.7964684510532842,0.0,1.0247831474597273,0.734820322180917,0.0,7114.22800495663,0.0,0.0,15.0,0.0,20.0,229.10285006195787,30.0,504.2069392812887,10.0,0.0,0.0,0.0
543,0.33529510939968615,0.3671125737451842,0.31431720449164896,0.3380550524159202,0.9791345662379876,0.9791472140319474,419.0,376.0,3.430509148766902,3.3831560283687936,0.0,0.0,3.432975338106603,3.3866134751773047,3.4110482180293498,1.6,1.4,784.48224,648.62504,140.46989999999997,229.175,144.01234000000008,-80.54996,-82940.00452000005,-98587.30879999997,-12.062762767295599,-12.730506470365793,3.4081132075471743,-0.03735118110632847,0.0,1.0,1.0,236.94213836477988,248.72201257861636,1.0,1.0,1.4729559748427672,1.8026506666666675,0.0,0.949685534591195,0.8427672955974843,0.0,6948.966037735849,0.0,0.0,15.0,0.0,20.0,204.4867924528302,30.0,505.87924528301886,10.0,0.0,0.0,0.0
544,0.33490233233919126,0.36731616242638515,0.3146907197318606,0.3387864567373918,0.979178390341347,0.9791893527474227,403.0,385.0,3.430107526881723,3.798181818181815,0.0,0.0,3.4315136476426797,3.7999134199134197,3.6115059221658212,1.6,1.4,769.47104,654.1108,120.67719999999991,192.0108,148.7938400000001,-37.89999999999995,-82791.21068000005,-98625.20879999996,-12.168713028764806,-12.87455528350968,3.6099407783417936,-0.04568018570115778,0.0,1.0,1.0,241.76395939086294,253.66116751269035,1.0,1.0,1.4885786802030456,1.8065759390862979,0.0,0.9416243654822335,0.6027918781725888,0.0,6992.615482233503,0.0,0.0,15.0,0.0,20.0,216.5964467005076,30.0,507.5571065989848,10.0,0.0,0.0,0.0
545,0.33470739974465746,0.36738710262318647,0.31468729230618436,0.3392687889527031,0.9792222991115498,0.9792326787136566,402.0,393.0,3.7532752902155893,4.010008481764209,0.0,0.0,3.7571724709784418,4.01225614927905,3.883270440251572,1.6,1.4,773.08032,662.0698,151.8755,209.78269999999998,121.20482000000004,-47.71289999999999,-82670.00586000005,-98672.92169999996,-12.268734507337525,-12.696721810918518,3.880188679245287,0.022759677013768877,0.0,1.0,1.0,236.10943396226415,247.92955974842766,1.0,1.0,1.4943396226415093,1.80522027672956,0.0,1.0716981132075472,0.7157232704402515,0.0,7093.890566037736,0.0,0.0,15.0,0.0,20.0,232.81132075471697,30.0,507.16729559748427,10.0,0.0,0.0,0.0
546,0.3344313553788415,0.3674440478692891,0.3152733008260334,0.3404282143111452,0.9792666057710764,0.9792750847206271,409.0,381.0,3.303178484107578,4.057742782152232,0.0,0.0,3.307579462102689,4.058530183727034,3.6697468354430374,1.6,1.4,791.5062400000002,637.95984,104.27309999999996,276.4365,187.23314000000022,-138.47666000000004,-82482.77272000005,-98811.39835999996,-12.205823291139216,-12.864907082048182,3.6670886075949354,-0.044052700552492004,0.0,1.0,1.0,241.1481012658228,252.70126582278482,1.0,1.0,1.4822784810126581,1.8094507341772161,0.0,1.0734177215189873,0.5253164556962026,0.0,7000.0151898734175,0.0,0.0,15.0,0.0,20.0,220.0253164556962,30.0,507.52025316455695,10.0,0.0,0.0,0.0
547,0.3340848014262705,0.3676436560977793,0.314594913513777,0.3402053733848339,0.9793089373704701,0.9793175499315253,400.0,374.0,3.881791666666664,3.452718360071298,0.0,0.0,3.886333333333333,3.453698752228164,3.6772825150732125,1.6,1.4,764.33536,619.06936,200.10699999999994,214.97499999999994,64.2283600000001,-95.90563999999998,-82418.54436000006,-98907.30399999996,-12.074018432385882,-12.711339903752508,3.6744616709733084,-0.03725823070760445,0.0,1.0,1.0,241.25968992248062,252.91343669250645,1.0,1.0,1.483204134366925,1.7873445994832051,0.0,0.9974160206718347,0.5297157622739018,0.0,6921.222222222223,0.0,0.0,15.0,0.0,20.0,220.46770025839794,30.0,500.2532299741602,10.0,0.0,0.0,0.0
548,0.33384101175068565,0.3677510298282294,0.314070363427056,0.33930617394549056,0.9793506038659565,0.9793601692105134,368.0,422.0,3.671376811594204,3.8872037914691915,0.0,0.0,3.673867753623188,3.8885071090047396,3.7885232067510546,1.6,1.4,705.5248000000001,694.95244,172.48089999999993,123.53029999999998,33.04390000000021,71.42214000000004,-82385.50046000005,-98835.88185999996,-12.0405352742616,-12.636199956217471,3.786666666666668,-0.007393101111729796,0.0,1.0,1.0,241.88101265822786,253.64303797468355,1.0,1.0,1.5341772151898734,1.7727560000000022,0.0,0.8683544303797468,0.8291139240506329,0.0,7108.891139240506,0.0,0.0,15.0,0.0,20.0,227.2,30.0,498.626582278481,10.0,0.0,0.0,0.0
549,0.33364740344251076,0.36783546260932243,0.315213869892592,0.3411454640516378,0.9793932616448856,0.9794029970715381,390.0,418.0,3.747350427350429,3.627113237639552,0.0,0.0,3.75034188034188,3.630303030303031,3.688242574257426,1.6,1.4,741.7068800000002,705.38776,90.18049999999997,216.68720000000002,151.52638000000022,-11.299440000000061,-82233.97408000006,-98847.18129999997,-12.109616171617148,-12.668617375634424,3.6851485148514906,-0.030077196191831065,0.0,1.0,1.0,235.03217821782178,246.41336633663366,1.0,1.0,1.5173267326732673,1.7909587128712872,0.0,1.113861386138614,0.8143564356435643,0.0,7058.179455445545,0.0,0.0,15.0,0.0,20.0,221.1089108910891,30.0,504.2289603960396,10.0,0.0,0.0,0.0
550,0.3333640831800362,0.36745557948266927,0.314499221762217,0.34096540062580444,0.9794365052077528,0.9794438750409189,389.0,417.0,3.5043701799485873,3.6255395683453213,0.0,0.0,3.5065981148243357,3.6278577138289374,3.569334160463193,1.6,1.6,748.3763200000001,801.23328,70.03959999999992,145.35219999999995,178.33672000000016,155.88108000000008,-82055.63736000005,-98691.30021999996,-12.749294458229953,-12.779536428640077,3.567059553349878,0.016022911863569148,0.0,1.0,1.0,241.075682382134,253.00248138957815,1.0,1.0,1.5173697270471465,1.9225925558312675,0.0,0.8970223325062034,0.7816377171215881,0.0,6910.502481389578,0.0,0.0,15.0,0.0,20.0,214.02357320099256,30.0,512.8523573200993,10.0,0.0,0.0,0.0
551,0.3329460099650826,0.36724004946241756,0.31550599474315677,0.3421819003673402,0.9794783911099645,0.9794855993052364,403.0,380.0,3.3187344913151344,3.2681140350877174,0.0,0.0,3.3216708023159636,3.272149122807018,3.2976372924648785,1.6,1.6,759.176,718.7500800000001,96.22569999999996,207.0900999999999,162.95030000000008,11.659980000000246,-81892.68706000005,-98679.64023999996,-12.428242315879109,-12.789639895394112,3.294167730949341,-0.016183683684397827,0.0,1.0,1.0,247.1647509578544,259.029374201788,1.0,1.0,1.4853128991060025,1.8875173435504484,0.0,0.8812260536398467,0.6475095785440613,0.0,7046.102171136654,0.0,0.0,15.0,0.0,20.0,197.6500638569604,30.0,501.8965517241379,10.0,0.0,0.0,0.0
552,0.33282449630557737,0.36692588601893555,0.31741492002661265,0.3437639574866987,0.9795216079840113,0.9795271811080076,377.0,402.0,3.2072502210433256,3.597636815920398,0.0,0.0,3.2081343943412906,3.6004145936981757,3.410569105691057,1.6,1.6,713.5468800000001,758.1945600000001,125.95619999999994,60.089999999999954,87.59068000000016,198.1045600000002,-81805.09638000006,-98481.53567999996,-12.484634830979894,-12.791972132297325,3.4087077449721894,-0.013578953694364907,0.0,1.0,1.0,249.04492939666238,260.9614890885751,1.0,1.0,1.5160462130937098,1.889270141206676,0.0,0.7599486521181001,0.7073170731707317,0.0,7108.250320924262,0.0,0.0,15.0,0.0,20.0,204.5224646983312,30.0,502.4403080872914,10.0,0.0,0.0,0.0
553,0.33250504200996367,0.3665212013637373,0.31718547520247203,0.343805141059316,0.979564581065202,0.9795698428315,393.0,402.0,3.8808736217133175,3.737686567164178,0.0,0.0,3.8818490245971162,3.7390132669983416,3.809622641509434,1.6,1.6,720.8256000000001,758.2764800000001,181.96819999999997,149.9951999999999,38.857400000000155,108.28128000000021,-81766.23898000007,-98373.25439999996,-12.470797148846968,-12.5544880478959,3.8084696016771504,0.028062578754938085,0.0,1.0,1.0,244.09685534591196,255.725786163522,1.0,1.0,1.5056603773584907,1.8605057610062912,0.0,0.8037735849056604,0.8566037735849057,0.0,7090.851572327044,0.0,0.0,15.0,0.0,20.0,228.50817610062893,30.0,493.46415094339625,10.0,0.0,0.0,0.0
554,0.33201555088243073,0.36635761968152364,0.3171396258767438,0.34463028290746334,0.9796075034118403,0.9796124330371984,412.0,385.0,4.089441747572813,3.5231168831168804,0.0,0.0,4.0920307443365695,3.524372294372294,3.817816813048933,1.6,1.6,770.1235200000001,748.59968,132.30149999999992,165.52679999999992,137.82202000000018,83.07288000000011,-81628.41696000006,-98290.18151999995,-12.745854454203258,-12.752653688640985,3.8158720200752847,0.016526328220094758,0.0,1.0,1.0,241.07779171894606,252.62484316185697,1.0,1.0,1.4830614805520703,1.9055498117942304,0.0,0.972396486825596,0.8732747804265998,0.0,6948.299874529485,0.0,0.0,15.0,0.0,20.0,228.95232120451695,30.0,507.52697616060226,10.0,0.0,0.0,0.0
555,0.3319341948877903,0.3661023870440716,0.3167005342756495,0.34430288763642664,0.9796498373890257,0.9796553977010664,416.0,380.0,3.605729166666669,3.3114912280701763,0.0,0.0,3.6088141025641027,3.313640350877193,3.4679020100502513,1.6,1.6,793.17024,708.7459200000001,97.92979999999994,104.80109999999995,195.2404400000001,103.94482000000012,-81433.17652000007,-98186.23669999995,-12.49251356783919,-12.671372630957523,3.465263819095475,0.013961125309725424,0.0,1.0,1.0,246.20100502512562,257.928391959799,1.0,1.0,1.4773869346733668,1.8868293467336699,0.0,0.9522613065326633,0.7625628140703518,0.0,6931.619346733668,0.0,0.0,15.0,0.0,20.0,207.91582914572865,30.0,501.678391959799,10.0,0.0,0.0,0.0
556,0.33176712011874127,0.3657964134512576,0.31732144578863186,0.34530685894868857,0.9796905847361834,0.9796950051539164,404.0,416.0,3.1620462046204643,4.034695512820509,0.0,0.0,3.1653052805280524,4.036057692307692,3.6070528455284547,1.6,1.6,768.16992,788.25792,88.38539999999992,68.55049999999997,179.78452000000013,219.70742000000004,-81253.39200000007,-97966.52927999994,-12.616336422764226,-12.603463475759256,3.6047560975609763,0.04320452687821092,0.0,1.0,1.0,238.8280487804878,250.3329268292683,1.0,1.0,1.5073170731707317,1.8980827317073172,0.0,1.0817073170731708,0.9280487804878049,0.0,7085.0939024390245,0.0,0.0,15.0,0.0,20.0,216.28536585365853,30.0,505.2060975609756,10.0,0.0,0.0,0.0
557,0.3315384615217721,0.365719170425478,0.3175298790831904,0.3455303778781963,0.9797304664823729,0.9797357107694603,378.0,391.0,3.244532627865961,3.168456947996592,0.0,0.0,3.2468694885361553,3.1713128729752773,3.208452535760728,1.6,1.6,722.9561600000001,750.9340800000001,158.9844999999999,152.5746999999999,63.971660000000156,98.35938000000021,-81189.42034000007,-97868.16989999995,-12.568818205461639,-12.840241444583288,3.2058517555266564,-0.012623588100963694,0.0,1.0,1.0,247.99869960988298,259.81404421326397,1.0,1.0,1.5084525357607281,1.916632301690508,0.0,0.9687906371911573,0.7594278283485045,0.0,7085.570871261379,0.0,0.0,15.0,0.0,20.0,192.35110533159948,30.0,510.99479843953185,10.0,0.0,0.0,0.0
558,0.33103396934624657,0.3654730031965516,0.3174239798026838,0.34545451669366,0.97977030432889,0.9797768330513789,410.0,389.0,4.049390243902439,3.330162810625534,0.0,0.0,4.049837398373984,3.3320051413881746,3.7003546099290774,1.6,1.6,775.5424,737.64,79.70859999999999,98.77279999999993,195.83380000000005,138.86720000000005,-80993.58654000008,-97729.30269999996,-12.628475594493121,-12.764477343073192,3.699228201919064,0.008633909767571066,0.0,1.0,1.0,250.369211514393,262.0413016270338,1.0,1.0,1.4868585732165207,1.89384530663329,0.0,0.9073842302878599,0.7359198998748435,0.0,6921.078848560701,0.0,0.0,15.0,0.0,20.0,221.95369211514392,30.0,503.86733416770966,10.0,0.0,0.0,0.0
559,0.3307376668382183,0.3649610812909044,0.31787760450181607,0.34600498062517404,0.9798098855478072,0.9798181533323367,392.0,411.0,3.3532312925170062,3.934225466342255,0.0,0.0,3.3557397959183675,3.9360502838605025,3.6527604815276042,1.6,1.6,755.5689600000001,769.10816,152.29149999999993,96.58799999999997,103.27746000000013,172.52016000000003,-80890.30908000008,-97556.78253999996,-12.638545786633443,-12.688706956730803,3.650601909506016,0.05546217756668476,0.0,1.0,1.0,246.8244084682441,258.4819427148194,1.0,1.0,1.5118306351183064,1.8987261768368615,0.0,1.0585305105853051,0.7696139476961394,0.0,6811.0199252801995,0.0,0.0,15.0,0.0,20.0,219.03611457036115,30.0,505.4022415940224,10.0,0.0,0.0,0.0
560,0.33048495264554323,0.36479847047280556,0.317821873016007,0.34644908675386904,0.9798506567118201,0.9798581881717006,384.0,411.0,3.5663628472222246,3.2792781832927855,0.0,0.0,3.5696614583333335,3.282846715328467,3.421383647798742,1.6,1.6,725.5699200000001,780.38752,161.3868999999999,116.73489999999995,64.18302000000023,163.65262000000004,-80826.12606000008,-97393.12991999996,-12.518642180293488,-12.762307954369584,3.417945492662468,0.0037154922677083767,0.0,1.0,1.0,250.99496855345913,262.70188679245285,1.0,1.0,1.5169811320754718,1.8942860880503154,0.0,1.0477987421383648,0.7459119496855345,0.0,7045.737106918239,0.0,0.0,15.0,0.0,20.0,205.07672955974843,30.0,504.01006289308174,10.0,0.0,0.0,0.0
561,0.3302538577511743,0.3644810853367649,0.31677481938509483,0.3454421713213951,0.9798902001283059,0.979897178446282,380.0,401.0,3.4172368421052632,3.8037822111388206,0.0,0.0,3.419166666666667,3.804488778054863,3.6170081092616306,1.6,1.6,704.61376,758.9328,85.08479999999996,168.55369999999994,119.52896,90.37910000000011,-80706.59710000009,-97302.75081999996,-12.474800853606489,-12.676291705040509,3.615706359368331,0.012771696927682166,0.0,1.0,1.0,252.78104993597952,264.64532650448143,1.0,1.0,1.5134443021766966,1.8739392573623577,0.0,0.9500640204865557,0.7144686299615877,0.0,6998.941101152369,0.0,0.0,15.0,0.0,20.0,216.94238156209988,30.0,497.64660691421255,10.0,0.0,0.0,0.0
562,0.3301098661643348,0.36421656487549964,0.3157815870669315,0.3447808814225508,0.9799295215420694,0.97993687464566,389.0,393.0,3.751371036846614,3.4606870229007605,0.0,0.0,3.7532990574121685,3.4623409669211194,3.6070758738277924,1.6,1.6,730.30208,732.34176,71.97889999999994,100.25829999999992,158.3231800000001,132.08346000000012,-80548.27392000008,-97170.66735999996,-12.449214663256614,-12.671692242218953,3.6052855924978755,-0.008140935769342088,0.0,1.0,1.0,250.93606138107418,262.47314578005114,1.0,1.0,1.5025575447570332,1.870388542199489,0.0,0.9808184143222506,0.6815856777493606,0.0,7092.030690537084,0.0,0.0,15.0,0.0,20.0,216.31713554987212,30.0,496.5473145780051,10.0,0.0,0.0,0.0
563,0.3295889846606211,0.36405188783287484,0.31424050565146333,0.34351657665319774,0.9799702039235918,0.9799770444029615,423.0,372.0,3.877777777777775,3.523431899641577,0.0,0.0,3.8782899921197793,3.5283602150537634,3.7145492662473796,1.6,1.6,821.49216,701.5664000000002,60.59369999999995,181.68519999999995,260.89846000000006,19.881200000000206,-80287.37546000008,-97150.78615999996,-12.766208972746337,-12.66911989207462,3.711970649895183,0.024237364775696876,0.0,1.0,1.0,247.1823899371069,258.7358490566038,1.0,1.0,1.4679245283018867,1.9157969308176135,0.0,1.220125786163522,0.919496855345912,0.0,7145.015094339623,0.0,0.0,15.0,0.0,20.0,222.71823899371068,30.0,510.7308176100629,10.0,0.0,0.0,0.0
564,0.3294171045531646,0.3637390899691603,0.3141382301996718,0.34335148813018224,0.9800080773215846,0.9800167652623328,374.0,409.0,3.418449197860958,3.7130399348003253,0.0,0.0,3.4220588235294125,3.7140586797066013,3.5745849297573433,1.6,1.6,714.8704,756.47648,191.14599999999993,51.09309999999994,23.724400000000088,205.3833800000001,-80263.65106000008,-96945.40277999996,-12.488728480204351,-12.588812418816318,3.5723286504895677,0.05084288885384259,0.0,1.0,1.0,252.9897828863346,264.64240102171135,1.0,1.0,1.5223499361430395,1.8791147892720308,0.0,0.9118773946360154,0.756066411238825,0.0,7132.628352490421,0.0,0.0,15.0,0.0,20.0,214.3397190293742,30.0,499.2669220945083,10.0,0.0,0.0,0.0
565,0.32918479001609247,0.3633871362704239,0.31598135508515557,0.345289947734607,0.9800468061140208,0.9800557982942009,376.0,411.0,3.655851063829787,3.23487429034874,0.0012411347517730497,0.0,3.658643617021277,3.2375912408759118,3.4387547649301142,1.6,1.6,716.6099200000001,770.88544,47.60799999999997,122.36319999999994,169.00192000000013,148.52224000000007,-80094.64914000008,-96796.88053999995,-12.500487251164765,-12.764465791274631,3.43600169419738,-0.0022228514060791166,0.0,1.0,1.0,253.8055908513342,265.55781448538755,1.0,1.0,1.522236340533672,1.8900830495552736,0.0005929690808979246,0.9644218551461246,0.761118170266836,0.0,6934.752223634054,0.035578144853875476,0.0,14.96823379923761,0.0,20.0,206.12452350698857,30.0,502.70139771283357,10.0,0.0,0.0,0.0
566,0.3290249619217372,0.36318283539398283,0.3149472012908744,0.34484441134922145,0.9800860229830408,0.9800968416851943,392.0,376.0,3.2065901360544196,3.2272163120567354,0.0,0.0,3.2088010204081634,3.2293439716312062,3.218858506944444,1.6,1.6,727.31872,715.8662400000001,88.19389999999996,167.90159999999992,139.12482000000003,47.964640000000145,-79955.52432000008,-96748.91589999995,-12.34666857638888,-12.696421394251274,3.216688368055555,-0.001880518455591895,0.0,1.0,1.0,256.6640625,268.6419270833333,1.0,1.0,1.4895833333333333,1.8791470833333352,0.0,0.9192708333333334,0.7864583333333334,0.0,7094.864583333333,0.0,0.0,15.0,0.0,20.0,193.00130208333334,30.0,499.27734375,10.0,0.0,0.0,0.0
567,0.32878080233969287,0.36287371051471906,0.3158836043587417,0.3457787248401558,0.9801258367611281,0.9801366664314238,393.0,407.0,3.589609838846478,3.6292792792792774,0.0,0.0,3.592663273960984,3.631081081081081,3.612208333333333,1.6,1.6,772.3952000000002,758.4809600000001,67.50419999999997,84.59279999999998,204.8910000000002,173.8881600000001,-79750.63332000008,-96575.02773999995,-12.71205516666667,-12.74646996950358,3.6097916666666716,0.011260781614366961,0.0,1.0,1.0,251.50375,263.20875,1.0,1.0,1.50875,1.9135951999999998,0.0,1.05125,0.8475,0.0,6992.35,0.0,0.0,15.0,0.0,20.0,216.5875,30.0,510.04875,10.0,0.0,0.0,0.0
568,0.32863517115059815,0.3626456707997352,0.31535825072773255,0.3455563672836726,0.9801657061464217,0.9801761404832574,389.0,386.0,3.2077549271636707,3.260880829015544,0.0,0.0,3.2111825192802055,3.2629101899827293,3.2369462365591395,1.6,1.6,720.5296000000001,736.2588800000001,74.19419999999994,141.64189999999994,146.33540000000013,94.61698000000015,-79604.29792000008,-96480.41075999994,-12.3571772903226,-12.706173667123217,3.234215053763438,-0.01351231877078437,0.0,1.0,1.0,259.1174193548387,270.818064516129,1.0,1.0,1.4980645161290322,1.879727070967743,0.0,0.9032258064516129,0.8025806451612904,0.0,6948.338064516129,0.0,0.0,15.0,0.0,20.0,194.05290322580646,30.0,499.45677419354837,10.0,0.0,0.0,0.0
569,0.3284594672479093,0.3623602205073245,0.3157984896984186,0.34651232172797913,0.9802051843343417,0.9802152307062626,386.0,385.0,3.4041882556131284,3.4317748917748894,0.0,0.0,3.407124352331606,3.4326406926406925,3.4198659749243405,1.6,1.6,713.3929600000001,734.53088,123.53249999999991,126.38829999999993,89.86046000000022,108.1425800000001,-79514.43746000009,-96372.26817999994,-12.420167574578482,-12.625929531837661,3.4179636835278817,0.006274504028929069,0.0,1.0,1.0,256.77950713359274,268.5369649805447,1.0,1.0,1.4993514915693904,1.8779816342412465,0.0,0.9092088197146563,0.8560311284046692,0.0,6935.980544747082,0.0,0.0,15.0,0.0,20.0,205.07782101167317,30.0,498.92217898832683,10.0,0.0,0.0,0.0
570,0.32824590447421576,0.3620977439692528,0.3155925111139335,0.34648211235722465,0.9802428904127833,0.980253596903349,392.0,414.0,3.4151360544217684,3.328945249597426,0.0,0.0,3.418537414965986,3.331441223832528,3.373800661703888,1.6,1.6,741.5424,774.3852800000002,108.95939999999993,41.693399999999954,132.5830000000001,232.69188000000025,-79381.85446000009,-96139.57629999994,-12.418302398676591,-12.640286073223809,3.3708643507030573,0.005117038361262147,0.0,1.0,1.0,253.92803970223326,265.6786600496278,1.0,1.0,1.5136476426799008,1.8808035732009933,0.0,1.0483870967741935,0.967741935483871,0.0,6977.941687344914,0.0,0.0,15.0,0.0,20.0,202.25186104218363,30.0,499.7816377171216,10.0,0.0,0.0,0.0
571,0.3280139081155094,0.361816812378009,0.3150027525477037,0.34580887798766524,0.9802809446868542,0.980291847088305,402.0,373.0,3.6440713101160878,2.9947721179624676,0.0,0.0,3.646766169154229,2.997899910634495,3.3344731182795697,1.6,1.6,750.5990400000001,699.89824,84.35089999999992,150.0444999999999,166.24814000000015,49.85374000000007,-79215.6063200001,-96089.72255999994,-12.347070623655917,-12.733927516748064,3.331569892473119,-0.015679152971114076,0.0,1.0,1.0,261.7083870967742,273.5367741935484,1.0,1.0,1.481290322580645,1.8716093935483868,0.0,0.9187096774193548,0.6954838709677419,0.0,6999.212903225806,0.0,0.0,15.0,0.0,20.0,199.8941935483871,30.0,496.9187096774194,10.0,0.0,0.0,0.0
572,0.3277113557056616,0.36142264567436305,0.31396750643749033,0.34499999582219926,0.9803186350157725,0.980330877328989,382.0,398.0,3.9763961605584655,3.8074539363484043,0.0,0.0,3.979493891797557,3.8109296482412063,3.893482905982906,1.6,1.6,731.07648,735.3251200000001,187.4749,136.1987999999999,43.601579999999956,99.12632000000019,-79172.00474000009,-95990.59623999994,-12.62125811965813,-12.624887915299494,3.8901923076923124,0.0341718328278352,0.0,1.0,1.0,262.23205128205126,274.1384615384615,1.0,1.0,1.5102564102564102,1.8800020512820521,0.0,0.8897435897435897,0.6397435897435897,0.0,7120.944871794872,0.0,0.0,15.0,0.0,20.0,233.41153846153847,30.0,499.55128205128204,10.0,0.0,0.0,0.0
573,0.32744897019906594,0.3612006275521251,0.3145105752645705,0.3460336813816791,0.9803558595040669,0.9803689185859116,365.0,396.0,3.8382191780821917,3.4636784511784504,0.0,0.0,3.839315068493151,3.467929292929293,3.6460578186596586,1.6,1.6,673.2243200000001,742.1900800000001,204.34639999999993,93.66349999999997,-31.122079999999784,148.5265800000001,-79203.12682000009,-95842.06965999994,-12.40123346473938,-12.608304366424145,3.6433201927288636,0.009005929653033016,0.0,1.0,1.0,262.5676741130092,274.4244415243101,1.0,1.0,1.5203679369250986,1.8599400788436284,0.0,0.7871222076215506,0.7700394218134035,0.0,7105.455978975033,0.0,0.0,15.0,0.0,20.0,218.59921156373193,30.0,493.26149802890933,10.0,0.0,0.0,0.0
574,0.3271490191502594,0.360893694331215,0.315682150368794,0.3472336302664755,0.9803942437198745,0.9804060668745123,389.0,398.0,3.431448157669234,3.6888609715242855,0.0,0.0,3.43363324764353,3.692085427135679,3.5643371452774253,1.6,1.6,730.5628800000001,759.95456,55.72789999999994,101.13729999999991,174.83498000000012,158.8172600000001,-79028.29184000009,-95683.25239999994,-12.573888860652259,-12.733011645270034,3.561626429479035,0.024430990192579258,0.0,1.0,1.0,258.7662007623888,270.50063532401526,1.0,1.0,1.50571791613723,1.8939230495552724,0.0,0.9783989834815756,0.9199491740787802,0.0,7070.453621346887,0.0,0.0,15.0,0.0,20.0,213.69758576874204,30.0,503.8869123252859,10.0,0.0,0.0,0.0
575,0.32695239010534854,0.36054568532626846,0.31577253647991804,0.3473487243898704,0.9804317737523128,0.9804444988538928,370.0,408.0,2.9539189189189194,3.529983660130721,0.0,0.0,2.9593243243243244,3.5320669934640523,3.25968294772922,1.6,1.6,691.7328000000001,756.3257600000002,140.43459999999996,128.8517999999999,51.29820000000015,127.47396000000026,-78976.99364000009,-95555.77843999994,-12.254318080548417,-12.58750172319078,3.2560197086546667,0.01341993846749211,0.0,1.0,1.0,263.04755784061695,274.8496143958869,1.0,1.0,1.5244215938303343,1.8612577892030866,0.0,0.8560411311053985,0.9151670951156813,0.0,6999.453727506427,0.0,0.0,15.0,0.0,20.0,195.3611825192802,30.0,493.68637532133675,10.0,0.0,0.0,0.0
576,0.3265801191313726,0.3602151871329892,0.31535946378242413,0.3464472566505436,0.9804702186847822,0.9804822184808116,408.0,388.0,4.284803921568626,3.6237542955326476,0.033741830065359475,0.0,4.25249183006536,3.6251718213058424,3.946712730318258,1.6,1.6,772.4944,721.864,67.32439999999997,149.61269999999993,205.17000000000007,72.2513000000001,-78771.82364000009,-95483.52713999993,-12.634085427135696,-12.646434164239427,3.9625837520938036,0.018209928965162648,0.0,1.0,1.0,260.89070351758795,272.5816582914573,1.0,1.0,1.4874371859296482,1.8773346733668346,0.017294807370184254,1.0540201005025125,0.8806532663316583,0.0,6919.584170854271,1.0376884422110553,0.0,14.741206030150753,0.0,20.0,236.71733668341707,30.0,498.713567839196,10.0,0.0,0.0,0.0
577,0.3264108716969652,0.359969822660669,0.31467109472649496,0.3461829981808144,0.9805074906575816,0.9805207390863454,418.0,384.0,3.612679425837321,3.1952256944444426,0.0,0.0,3.6144736842105263,3.1971788194444444,3.4146716541978384,1.6,1.6,791.85824,721.99072,115.20589999999996,117.29029999999992,176.65234000000007,104.7004200000001,-78595.17130000009,-95378.82671999994,-12.476144804655034,-12.63190440861807,3.41280133000832,0.021245902611182622,0.0,1.0,1.0,262.32543640897757,274.26683291770576,1.0,1.0,1.4788029925187032,1.8875922194513706,0.0,1.1346633416458853,0.9351620947630923,0.0,7065.5211970074815,0.0,0.0,15.0,0.0,20.0,204.76807980049875,30.0,501.9189526184539,10.0,0.0,0.0,0.0
578,0.32634716097212296,0.3596515047772184,0.3137483717097302,0.3450346343199424,0.9805451468566604,0.9805577844095592,398.0,401.0,3.0218592964824156,4.0604322527015775,0.0,0.0,3.0244137353433835,4.061596009975061,3.5449520233625367,1.6,1.6,740.7942400000001,761.4288000000001,158.0418999999999,109.41219999999996,82.75234000000015,152.01660000000018,-78512.41896000008,-95226.81011999994,-12.483181309970798,-12.62105198216413,3.5430955360867706,0.0030793041627814786,0.0,1.0,1.0,260.32665832290365,271.82102628285355,1.0,1.0,1.5018773466833542,1.880128961201502,0.0,1.0663329161451816,0.8948685857321652,0.0,7060.372966207759,0.0,0.0,15.0,0.0,20.0,212.5857321652065,30.0,499.5894868585732,10.0,0.0,0.0,0.0
579,0.3261611495570351,0.35942115866566415,0.3136320217168067,0.34505619917810715,0.980582565428273,0.9805972102501276,377.0,396.0,3.4142351900972585,3.4938552188552205,0.0,0.0,3.4165782493368697,3.4971801346801348,3.4578697714532125,1.6,1.6,718.58016,742.9049600000001,219.04469999999995,102.61209999999994,-0.4645399999999711,140.29286000000013,-78512.88350000008,-95086.51725999994,-12.51158982319965,-12.70585259823643,3.4550237171194467,0.01644097091041635,0.0,1.0,1.0,268.01681759379045,279.7930142302717,1.0,1.0,1.5122897800776196,1.890666390685641,0.0,0.8525226390685641,0.8240620957309185,0.0,7011.272962483829,0.0,0.0,15.0,0.0,20.0,207.3014230271669,30.0,502.8745148771022,10.0,0.0,0.0,0.0
580,0.3258514406367773,0.3592432935418835,0.31315488684341625,0.34442423044106457,0.9806199019635123,0.980633964162929,384.0,367.0,3.865190972222219,3.1500454132606714,0.0,0.0,3.8687065972222214,3.1522252497729335,3.5185752330226365,1.6,1.6,719.5820800000001,671.3881600000002,162.90389999999996,217.26809999999995,56.67818000000017,-45.87993999999975,-78456.20532000008,-95132.39719999993,-12.3032639147803,-12.669897999881957,3.515712383488688,-0.012207998385504534,0.0,1.0,1.0,272.28894806924103,284.4154460719041,1.0,1.0,1.4886817576564582,1.8521574434087897,0.0,0.8961384820239681,0.611185086551265,0.0,7070.844207723036,0.0,0.0,15.0,0.0,20.0,210.9427430093209,30.0,490.85752330226364,10.0,0.0,0.0,0.0
581,0.3256635081377933,0.35900573345310793,0.31292123490908924,0.3443189814226276,0.9806563178187776,0.9806714362590214,392.0,374.0,3.354889455782309,3.538992869875222,0.0,0.0,3.358205782312925,3.5411764705882347,3.44754134029591,1.6,1.6,735.5216,716.6732800000001,99.78929999999997,70.32219999999992,135.73230000000007,146.35108000000017,-78320.47302000008,-94986.04611999994,-12.538643690165342,-12.718545572918018,3.4447780678851174,0.008394854295378252,0.0,1.0,1.0,268.4164490861619,280.34856396866843,1.0,1.0,1.4882506527415145,1.8958157702349878,0.0,1.058746736292428,0.7637075718015666,0.0,7026.537859007833,0.0,0.0,15.0,0.0,20.0,206.68668407310705,30.0,504.49608355091385,10.0,0.0,0.0,0.0
582,0.32556389566228,0.35860698464766916,0.3118957263159358,0.3431590187021817,0.9806922823785419,0.9807088953079037,375.0,400.0,3.2524888888888874,3.751125000000002,0.0,0.00041666666666666664,3.2552444444444446,3.750833333333333,3.511032258064516,1.6,1.6,696.7670400000002,760.7916800000002,191.34149999999988,27.73749999999996,5.4255400000002965,233.0541800000002,-78315.04748000008,-94752.99193999993,-12.473449806451615,-12.709559296411895,3.509849462365596,-0.004800194429242185,0.0,1.0,1.0,267.39354838709676,279.1948387096774,1.0,1.0,1.5161290322580645,1.8807209290322595,0.00021505376344086021,1.0567741935483872,0.7535483870967742,0.0,7014.107096774193,0.012903225806451613,0.0,14.987096774193548,0.0,20.0,210.57806451612902,30.0,499.7716129032258,10.0,0.0,0.0,0.0
583,0.32518746236673735,0.3584587834823497,0.3127316303047478,0.34406568601016224,0.9807284230593164,0.9807459371022029,382.0,392.0,3.7455061082024432,3.2177295918367337,0.0,0.0,3.7479493891797557,3.220450680272109,3.4807924203273037,1.6,1.6,719.52512,733.8000000000001,83.75709999999998,139.46139999999994,135.76802000000004,94.33860000000013,-78179.27946000008,-94658.65333999993,-12.442457708871661,-12.67108581736279,3.4782084409991363,0.009397228190690653,0.0,1.0,1.0,269.74289405684755,281.7041343669251,1.0,1.0,1.5064599483204135,1.8776810335917322,0.0,0.8914728682170543,0.7403100775193798,0.0,7056.625322997416,0.0,0.0,15.0,0.0,20.0,208.69250645994833,30.0,498.83074935400515,10.0,0.0,0.0,0.0
584,0.3247997764967649,0.3581430087646447,0.312988762481021,0.3438551141527108,0.9807654223123236,0.9807826270437828,404.0,404.0,3.5880775577557764,3.9726485148514836,0.0,0.0,3.589603960396039,3.9737623762376235,3.781683168316832,1.6,1.6,761.0313600000001,771.3555200000001,74.19629999999997,76.16439999999996,186.8350600000001,195.19112000000013,-77992.44440000008,-94463.46221999993,-12.677076402640273,-12.683367339343604,3.7803630363036276,0.015285948690258871,0.0,1.0,1.0,268.0532178217822,279.99257425742576,1.0,1.0,1.5,1.896518415841585,0.0,0.9220297029702971,1.0198019801980198,0.0,6942.637376237623,0.0,0.0,15.0,0.0,20.0,226.82178217821783,30.0,504.7017326732673,10.0,0.0,0.0,0.0
585,0.32459590419669293,0.35787817826842916,0.31278942663484727,0.3437427201199454,0.9808021878060695,0.9808196298282563,395.0,377.0,3.404472573839663,3.304862953138815,0.0,0.0,3.406877637130801,3.307736516357206,3.3584628670120895,1.6,1.6,743.33504,706.73472,181.56119999999999,176.62819999999994,61.773840000000064,30.106520000000103,-77930.67056000009,-94433.35569999993,-12.39739913644215,-12.614100487454476,3.3558290155440447,0.0030367389488794847,0.0,1.0,1.0,267.91709844559585,279.690414507772,1.0,1.0,1.488341968911917,1.8783287046632149,0.0,1.1735751295336787,0.8808290155440415,0.0,7101.136010362694,0.0,0.0,15.0,0.0,20.0,201.34974093264248,30.0,499.02720207253884,10.0,0.0,0.0,0.0
586,0.32427063210096024,0.3578075250336095,0.3124377903727788,0.34283940263840723,0.9808387917210971,0.9808558890975912,398.0,370.0,4.0793551088777225,3.353423423423425,0.0,0.0,4.081281407035176,3.358153153153153,3.732899305555555,1.6,1.6,750.3299200000001,683.09888,98.59129999999995,179.57249999999993,151.7386200000002,3.5263800000000742,-77778.93194000008,-94429.82931999993,-12.475118055555555,-12.578460330893433,3.7296223958333368,0.01501582351875807,0.0,1.0,1.0,270.1497395833333,281.953125,1.0,1.0,1.4817708333333333,1.8664437500000013,0.0,1.1966145833333333,0.80859375,0.0,7033.326822916667,0.0,0.0,15.0,0.0,20.0,223.77734375,30.0,495.3151041666667,10.0,0.0,0.0,0.0
587,0.32419177765310647,0.35759052947862385,0.312114701136611,0.34270906975970944,0.9808757541912136,0.9808921348121385,371.0,403.0,3.4224168912848163,3.490612076095946,0.0,0.0,3.4265498652291106,3.491728701406121,3.4604866494401376,1.6,1.6,686.84256,764.1916799999999,150.5459999999999,59.17979999999996,36.29656000000014,205.01187999999996,-77742.63538000008,-94224.81743999993,-12.416418432385873,-12.652650303082162,3.4579242032730377,0.006350011489188948,0.0,1.0,1.0,270.71963824289406,282.59173126614985,1.0,1.0,1.520671834625323,1.8747212403100795,0.0,1.0762273901808785,0.9211886304909561,0.0,7047.66149870801,0.0,0.0,15.0,0.0,20.0,207.47545219638243,30.0,497.89276485788116,10.0,0.0,0.0,0.0
588,0.3239433827388495,0.35713305034011583,0.31151798246018386,0.34267799486254086,0.9809123841216104,0.9809293567375506,382.0,406.0,3.734424083769635,3.430254515599346,0.0,0.0,3.73782722513089,3.431732348111659,3.580118443316413,1.6,1.6,710.6041600000001,764.0070400000002,111.36419999999993,83.34389999999993,99.23996000000017,180.66314000000025,-77643.39542000007,-94044.15429999992,-12.443865482233516,-12.563721294138615,3.577707275803718,0.00754431601537911,0.0,1.0,1.0,266.34263959390864,278.11675126903555,1.0,1.0,1.515228426395939,1.8713340101522835,0.0,1.0253807106598984,0.9454314720812182,0.0,7034.228426395939,0.0,0.0,15.0,0.0,20.0,214.66243654822335,30.0,496.8337563451777,10.0,0.0,0.0,0.0
589,0.3239034618552396,0.35673006933031787,0.31163622521800277,0.3426590406807857,0.9809499439537938,0.9809653064986787,384.0,390.0,3.4112847222222205,3.7403418803418793,0.0,0.0,3.4154513888888887,3.7425641025641023,3.5802756244616707,1.6,1.6,711.6009600000001,739.75872,160.48089999999993,117.90489999999994,51.120060000000166,121.8538200000001,-77592.27536000007,-93922.30047999992,-12.466630146425485,-12.670786501998576,3.5770887166236047,0.018771686521728188,0.0,1.0,1.0,272.3410852713178,284.2894056847545,1.0,1.0,1.503875968992248,1.875141705426355,0.0,0.9612403100775194,0.7984496124031008,0.0,7074.87338501292,0.0,0.0,15.0,0.0,20.0,214.62532299741602,30.0,498.02583979328165,10.0,0.0,0.0,0.0
590,0.3238514325186022,0.3565475372267864,0.31248920472311775,0.3437202565700217,0.9809867943861352,0.9810012516786092,376.0,373.0,3.1002659574468088,3.49195710455764,0.0,0.0,3.10270390070922,3.495129579982127,3.298130841121495,1.6,1.6,706.6694400000001,688.04736,155.46899999999994,127.5381999999999,51.200440000000185,60.50916000000012,-77541.07492000007,-93861.79131999992,-12.275190031152645,-12.648478522129462,3.2953271028037356,0.004937249931620151,0.0,1.0,1.0,281.5073431241656,293.49799732977306,1.0,1.0,1.4979973297730307,1.8621052069425896,0.0,0.9172229639519359,0.7009345794392523,0.0,7032.016021361816,0.0,0.0,15.0,0.0,20.0,197.7196261682243,30.0,493.9599465954606,10.0,0.0,0.0,0.0
591,0.3237422052168211,0.35628529316845126,0.31144347863983146,0.3427913256084331,0.9810212052870364,0.9810362970593935,391.0,367.0,3.694373401534526,3.3525431425976344,0.0,0.0,3.6977408354646206,3.353905540417802,3.531266490765171,1.6,1.6,747.51648,697.47648,115.05399999999995,107.45559999999993,132.46248000000006,90.0208800000001,-77408.61244000007,-93771.77043999992,-12.635705540897105,-12.834295107711556,3.5288698328935837,0.023831298799763503,0.0,1.0,1.0,278.9208443271768,290.8839050131926,1.0,1.0,1.4841688654353562,1.906323166226913,0.0,0.9432717678100264,0.8786279683377308,0.0,7138.844327176781,0.0,0.0,15.0,0.0,20.0,211.73218997361477,30.0,507.76253298153034,10.0,0.0,0.0,0.0
592,0.32363177813496585,0.35599508915339306,0.30977417072240515,0.34123417691954566,0.9810558326693087,0.9810723043681266,393.0,396.0,3.3797709923664123,3.9435185185185184,0.0,0.0,3.38490245971162,3.9448653198653205,3.6659484579636668,1.6,1.6,718.7580800000001,749.6137600000001,119.86959999999989,71.92509999999993,98.88848000000017,177.68866000000014,-77309.72396000008,-93594.08177999992,-12.415799577524293,-12.561018371602417,3.66271651880017,0.01737194498370639,0.0,1.0,1.0,271.03168567807353,282.84410646387835,1.0,1.0,1.5019011406844107,1.8610542965779469,0.0,0.9455006337135615,0.9163498098859315,0.0,7134.641318124208,0.0,0.0,15.0,0.0,20.0,219.76299112801013,30.0,493.6324461343473,10.0,0.0,0.0,0.0
593,0.32349122627985866,0.35577645778343214,0.3106840310935623,0.34205444970059495,0.9810919189836093,0.9811080415268737,391.0,392.0,3.4728473998295004,3.10514455782313,0.0,0.0,3.4749786871270247,3.1081632653061226,3.2913367390378885,1.6,1.6,740.52864,722.7251200000002,124.81349999999995,115.85579999999993,115.71514000000005,106.86932000000024,-77194.00882000008,-93487.21245999992,-12.31287628778203,-12.606350859053226,3.288761174968069,0.00939561218516844,0.0,1.0,1.0,276.3729246487867,288.06257982120053,1.0,1.0,1.500638569604087,1.8687787484035778,0.0,0.9897828863346104,0.8710089399744572,0.0,7067.25159642401,0.0,0.0,15.0,0.0,20.0,197.3256704980843,30.0,496.04342273307793,10.0,0.0,0.0,0.0
594,0.3233358057646017,0.355483323012912,0.3113244666589482,0.34301328569584016,0.9811272930008855,0.9811433253069118,371.0,392.0,3.3698562443845477,3.9386479591836725,0.0,0.0,3.374618149146451,3.9399234693877556,3.665050240279598,1.6,1.6,688.8896000000001,743.2640000000001,174.15719999999993,72.05379999999995,14.732400000000155,171.21020000000016,-77179.27642000008,-93316.00225999992,-12.511880297072965,-12.697095619126275,3.6620795107033683,0.018257921887286303,0.0,1.0,1.0,279.02359108781127,291.04718217562254,1.0,1.0,1.5137614678899083,1.8770034076015742,0.0,1.036697247706422,0.7667103538663171,0.0,7135.610747051114,0.0,0.0,15.0,0.0,20.0,219.72477064220183,30.0,498.6094364351245,10.0,0.0,0.0,0.0
595,0.32325645800747455,0.3552296683809623,0.3117135022932734,0.3437581057236893,0.9811634932891315,0.9811789168060355,364.0,391.0,3.476419413919413,3.4409633418584815,0.0,0.0,3.4778846153846152,3.444245524296675,3.460463576158941,1.6,1.6,686.5427200000001,728.32288,72.60119999999996,162.39859999999993,113.94152000000018,65.92428000000012,-77065.33490000009,-93250.07797999991,-12.412076821192056,-12.631635303988345,3.4580573951434923,0.004087574610455332,0.0,1.0,1.0,276.91655629139075,288.60529801324503,1.0,1.0,1.5178807947019868,1.8739941721854303,0.0,0.9947019867549669,0.847682119205298,0.0,6981.087417218543,0.0,0.0,15.0,0.0,20.0,207.48344370860926,30.0,497.6649006622517,10.0,0.0,0.0,0.0
596,0.32313499171428595,0.3548971183248591,0.31142655992431395,0.34361728028992794,0.9811990555695846,0.9812142244295616,360.0,386.0,3.3197222222222234,3.314853195164079,0.0,0.0,3.3222685185185186,3.319559585492228,3.3208668453976764,1.6,1.6,664.6524800000001,721.4752000000001,145.45869999999996,134.53259999999995,19.193780000000118,86.94260000000014,-77046.14112000009,-93163.13537999992,-12.259595710455752,-12.629643823982288,3.3172028596961534,-0.0009362138940731398,0.0,1.0,1.0,279.8190348525469,291.55227882037536,1.0,1.0,1.517426273458445,1.858080000000001,0.0,0.8994638069705094,0.8739946380697051,0.0,6893.242627345844,0.0,0.0,15.0,0.0,20.0,199.03217158176943,30.0,492.69436997319036,10.0,0.0,0.0,0.0
597,0.3224773567369365,0.3546569058863293,0.31052176570140855,0.3426356548058926,0.9812327589058782,0.9812488965980098,384.0,367.0,3.9219184027777776,3.1466394187102638,0.0,0.0,3.924392361111111,3.1484559491371478,3.545206391478029,1.6,1.6,712.5718400000001,685.68064,108.49899999999995,218.07259999999994,104.07284000000011,-32.3919599999999,-76942.0682800001,-93195.52733999991,-12.372746205059922,-12.69374126422347,3.5430537061695544,-0.011666854716605392,0.0,1.0,1.0,285.0785619174434,297.0133155792277,1.0,1.0,1.4886817576564582,1.8618541677763005,0.0,0.8894806924101198,0.8095872170439414,0.0,6989.679094540613,0.0,0.0,15.0,0.0,20.0,212.5832223701731,30.0,493.8761651131824,10.0,0.0,0.0,0.0
598,0.3222786906738586,0.3541536477029807,0.3109103893569738,0.3432927674787153,0.9812678092504467,0.9812844851350576,381.0,394.0,3.5976815398075224,4.1615059221658175,0.0,0.0015228426395939086,3.6014435695538056,4.162774957698816,3.8868172043010754,1.6,1.6,728.69312,732.5510400000002,125.19739999999993,123.95139999999995,103.49572000000009,108.59964000000022,-76838.57256000009,-93086.92769999991,-12.651983827956977,-12.668386675719603,3.8843225806451653,0.04151657904622939,0.0,1.0,1.0,277.9909677419355,289.7148387096774,1.0,1.0,1.5083870967741935,1.8854763354838706,0.0007741935483870968,1.1380645161290324,0.7896774193548387,0.0,7126.118709677419,0.04645161290322581,0.0,14.980645161290322,0.0,20.0,233.01290322580644,30.0,501.26193548387096,10.0,0.0,0.0,0.0
599,0.32214223132319636,0.35401164782586203,0.31088594469932945,0.3429822183415502,0.9813035860497903,0.981319817357796,382.0,385.0,3.4890052356020953,3.1429437229437225,0.0,0.0,3.4920157068062823,3.144242424242424,3.317448935245545,1.6,1.6,703.51936,729.9376000000001,147.98919999999995,112.71349999999993,55.53016000000005,117.22410000000016,-76783.0424000001,-92969.7035999999,-12.324273967840073,-12.65140254433248,3.3152976966536283,0.013361078398447293,0.0,1.0,1.0,284.40417209908736,296.40677966101697,1.0,1.0,1.5019556714471969,1.868913898305086,0.0,0.9452411994784876,0.7940026075619296,0.0,7147.949152542373,0.0,0.0,15.0,0.0,20.0,198.91786179921772,30.0,496.0756192959583,10.0,0.0,0.0,0.0
600,0.3216581537853083,0.35367332009543256,0.31169472141777516,0.3441305747696177,0.9813380289455492,0.9813535927740226,394.0,403.0,4.202791878172589,3.6031844499586416,0.0,0.0,4.20562605752961,3.604880066170389,3.9018611459640313,1.6,1.6,734.4912000000002,758.832,175.23179999999996,96.08449999999999,59.2594000000002,162.7475,-76723.7830000001,-92806.95609999991,-12.5868122124634,-12.601679540650922,3.8996026767043053,0.031047841636105307,0.0,1.0,1.0,278.79673776662486,290.7340025094103,1.0,1.0,1.5056461731493098,1.8736803011292353,0.0,0.9673776662484316,0.9761606022584692,0.0,7149.943538268507,0.0,0.0,15.0,0.0,20.0,233.97616060225846,30.0,497.57089084065245,10.0,0.0,0.0,0.0
601,0.3214539258796328,0.3535188011310386,0.30931243778578726,0.3415354605141363,0.9813729841291561,0.9813892344820976,376.0,391.0,3.644148936170213,3.430988917306052,0.0,0.0,3.6466755319148936,3.434739982949701,3.538635375923511,1.6,1.6,716.8118400000001,721.5654400000001,168.29279999999994,215.03439999999992,48.51904000000013,6.531040000000161,-76675.2639600001,-92800.4250599999,-12.451107866145144,-12.688180383160125,3.535484571925251,0.009248999768337611,0.0,1.0,1.0,282.91264667535853,295.02346805736636,1.0,1.0,1.5097783572359844,1.8753289178617993,0.0,1.0286831812255541,0.6936114732724902,0.0,7121.650586701434,0.0,0.0,15.0,0.0,20.0,212.129074315515,30.0,498.08083441981745,10.0,0.0,0.0,0.0
602,0.3213845947801484,0.35314691593389436,0.3076580695782669,0.33983113743624654,0.9814071835331034,0.981423661743863,385.0,375.0,3.104242424242425,3.7403111111111076,0.0,0.0,3.107272727272727,3.7418222222222224,3.420372807017544,1.6,1.6,710.3484800000001,732.04064,70.31669999999997,127.88249999999996,140.03178000000014,104.15814000000009,-76535.2321800001,-92696.2669199999,-12.540380175438594,-12.72037680896167,3.418092105263161,0.008914098333267721,0.0,1.0,1.0,282.0394736842105,294.0171052631579,1.0,1.0,1.493421052631579,1.8978804210526323,0.0,0.9868421052631579,0.9868421052631579,0.0,7033.525,0.0,0.0,15.0,0.0,20.0,205.08552631578948,30.0,505.1223684210526,10.0,0.0,0.0,0.0
603,0.3212863035506639,0.35293621114601914,0.30710836904436173,0.3390200835669118,0.9814431286975756,0.9814576027650913,376.0,377.0,3.201728723404254,3.279531388152076,0.0,0.0,3.2058510638297872,3.2805481874447397,3.243249225320939,1.6,1.6,693.21184,694.82944,165.08469999999994,100.77179999999993,28.12714000000011,94.05764000000005,-76507.1050400001,-92602.20927999991,-12.139986365648534,-12.578909464175696,3.240681717574151,-0.01953373536630674,0.0,1.0,1.0,283.730411686587,295.6268260292165,1.0,1.0,1.50066401062417,1.8433483134130149,0.0,1.0557768924302788,0.7158034528552457,0.0,7044.231075697211,0.0,0.0,15.0,0.0,20.0,194.44090305444888,30.0,488.0916334661355,10.0,0.0,0.0,0.0
604,0.3210389372430456,0.3526355997482762,0.3068611330222815,0.3387011790631803,0.9814767400323472,0.9814920672284876,384.0,389.0,3.932899305555555,3.702099400171379,0.0,0.0,3.9340711805555553,3.703598971722365,3.8180896938335485,1.6,1.6,729.7792000000001,730.15488,99.54979999999992,139.07319999999996,130.22940000000014,91.08168000000009,-76376.8756400001,-92511.1275999999,-12.644179042690821,-12.668494716091107,3.8167529107373874,0.02435063092239719,0.0,1.0,1.0,281.53557567917204,293.372574385511,1.0,1.0,1.5032341526520052,1.8886598706338948,0.0,1.1216041397153946,0.8175937904269082,0.0,7060.252263906857,0.0,0.0,15.0,0.0,20.0,229.0051746442432,30.0,502.2535575679172,10.0,0.0,0.0,0.0
605,0.3206925658154961,0.3524046053059436,0.306229257971005,0.33803383809006093,0.9815103665360493,0.9815263405573277,381.0,377.0,3.8079615048119013,3.7541114058355376,0.0,0.0,3.8109798775153103,3.755614500442087,3.7834432717678097,1.6,1.6,705.6889600000002,712.0169600000002,102.2186999999999,97.79409999999993,103.47026000000028,114.22286000000022,-76273.4053800001,-92396.90473999991,-12.519146350043973,-12.627626354584244,3.7811785400175912,0.014541741046487696,0.0,1.0,1.0,286.5778364116095,298.4696569920844,1.0,1.0,1.4973614775725594,1.8703244327176782,0.0,0.945910290237467,0.9116094986807388,0.0,7161.288918205805,0.0,0.0,15.0,0.0,20.0,226.8707124010554,30.0,496.5158311345646,10.0,0.0,0.0,0.0
606,0.32047274839335993,0.35206826833650234,0.305689631789291,0.3376245458480391,0.9815440981459267,0.9815588511984356,385.0,377.0,3.446190476190477,3.7003094606542883,0.0,0.0,3.447272727272727,3.703536693191866,3.5740594925634293,1.6,1.6,712.6032000000001,704.5548800000001,98.70029999999994,139.23919999999993,113.90290000000019,65.31568000000021,-76159.5024800001,-92331.58905999991,-12.371824671916011,-12.636418089568386,3.5719160104986813,0.003242502897139135,0.0,1.0,1.0,290.2270341207349,302.5236220472441,1.0,1.0,1.494750656167979,1.8597875065616811,0.0,0.9501312335958005,0.8254593175853019,0.0,7059.791338582677,0.0,0.0,15.0,0.0,20.0,214.31496062992127,30.0,493.23622047244095,10.0,0.0,0.0,0.0
607,0.3202014280365672,0.3516403765353812,0.3048131382625458,0.33666240968874184,0.9815784431285083,0.9815934439716333,363.0,419.0,3.486868686868688,3.8756563245823377,0.0,0.0,3.491873278236915,3.8777247414478926,3.698614663256608,1.6,1.6,686.12608,784.6396800000001,113.16669999999995,75.22759999999997,72.95938000000005,209.41208000000015,-76086.5431000001,-92122.17697999992,-12.547926854219941,-12.691547488389867,3.6951832907075897,0.01001564283563025,0.0,1.0,1.0,285.6304347826087,297.54475703324806,1.0,1.0,1.5358056265984654,1.880774629156012,0.0,0.8721227621483376,0.8631713554987213,0.0,7001.796675191816,0.0,0.0,15.0,0.0,20.0,221.71099744245524,30.0,499.79411764705884,10.0,0.0,0.0,0.0
608,0.3198857834619149,0.35144378184597025,0.30522279662332596,0.33698561257851056,0.9816122425792027,0.9816268994681472,353.0,406.0,3.9714353163361658,3.004146141215106,0.0,0.0,3.9748347497639283,3.007799671592775,3.457553798858147,1.6,1.6,675.50912,728.6313600000001,64.19429999999993,217.7822999999999,111.31482000000013,10.84906000000018,-75975.2282800001,-92111.32791999992,-12.265440140535787,-12.557194241147393,3.454018445322796,0.006985222602815051,0.0,1.0,1.0,291.04084321475625,302.8893280632411,1.0,1.0,1.5349143610013176,1.8499874571805024,0.0,0.9802371541501976,0.8036890645586298,0.0,7113.876152832675,0.0,0.0,15.0,0.0,20.0,207.2411067193676,30.0,490.1686429512516,10.0,0.0,0.0,0.0
609,0.3192923518274051,0.35146800571016323,0.3060730618379091,0.3379517235904072,0.9816452530062967,0.98166053645166,416.0,365.0,4.56105769230769,2.9259817351598185,0.002203525641025641,0.0,4.56025641025641,2.928995433789955,3.7978873239436624,1.6,1.6,780.5721600000002,680.5353600000001,36.47099999999997,169.7637,244.1011600000002,10.771660000000082,-75731.12712000009,-92100.55625999992,-12.528404950917619,-12.621925436990528,3.7969056764831404,0.03088156252690894,0.0,1.0,1.0,287.3943661971831,299.21766965428935,1.0,1.0,1.4673495518565942,1.870816286811779,0.0011737089201877935,1.0371318822023048,0.8361075544174136,0.0,7041.247119078105,0.07042253521126761,0.0,14.96414852752881,0.0,20.0,227.7439180537772,30.0,496.6683738796415,10.0,0.0,0.0,0.0
610,0.3191838982298321,0.3508846838572466,0.30660891799053275,0.3386137165523421,0.9816792248639464,0.9816932366818495,374.0,408.0,3.4288324420677347,4.59828431372549,0.0,0.013316993464052289,3.430436720142603,4.586233660130719,4.033461210571185,1.6,1.6,718.4633600000001,765.3878400000001,185.83489999999995,44.475499999999975,32.62846000000013,220.9123400000001,-75698.49866000008,-91879.64391999993,-12.786533674339298,-12.656593172613507,4.038981244671777,0.0455413170065811,0.0,1.0,1.0,283.5869565217391,295.2902813299233,1.0,1.0,1.5217391304347827,1.8975079283887477,0.006947996589940325,1.040920716112532,1.0,0.0,7002.341432225064,0.41687979539641945,0.0,14.881074168797953,0.0,20.0,241.92199488491048,30.0,505.02046035805625,10.0,0.0,0.0,0.0
611,0.31907053994601237,0.35077798188966597,0.3070427155621521,0.3388671051588077,0.9817125708964107,0.9817271631060209,381.0,400.0,3.8847769028871406,3.568541666666665,0.0,0.0,3.887445319335083,3.56975,3.7247332479726842,1.6,1.6,725.6403200000002,752.19584,129.88209999999995,134.07019999999994,95.75822000000025,118.12564000000003,-75602.74044000008,-91761.51827999993,-12.628216986769093,-12.582466331586382,3.722812633376011,0.027081065719653945,0.0,1.0,1.0,281.6773367477593,293.1190781049936,1.0,1.0,1.5121638924455827,1.892235800256084,0.0,1.1306017925736236,1.092189500640205,0.0,7024.888604353393,0.0,0.0,15.0,0.0,20.0,223.3687580025608,30.0,503.3738796414853,10.0,0.0,0.0,0.0
612,0.3189175748028603,0.3505108621254555,0.30716054593336606,0.3389509880880233,0.9817457330659708,0.981760697841258,388.0,393.0,3.785652920962198,3.3382951653944004,0.0,0.0,3.7887457044673543,3.3419423240033925,3.563913785744772,1.6,1.6,723.36544,735.4457600000001,111.83679999999993,88.93009999999994,111.52864000000011,146.51566000000014,-75491.21180000008,-91615.00261999993,-12.416132309005537,-12.583495653023354,3.5605420401195054,0.02487910951529407,0.0,1.0,1.0,288.8617157490397,300.84122919334186,1.0,1.0,1.503201024327785,1.8678760563380294,0.0,1.1101152368758003,0.8233034571062741,0.0,7022.198463508323,0.0,0.0,15.0,0.0,20.0,213.63252240717028,30.0,495.76056338028167,10.0,0.0,0.0,0.0
613,0.3186975751041407,0.3502451576903887,0.3065382506168768,0.33881779954666846,0.9817778412761522,0.9817935273207091,332.0,402.0,3.1557730923694796,3.447305140961856,0.0,0.0,3.16039156626506,3.4494610281923714,3.318710263396912,1.6,1.6,612.11008,743.5558400000001,257.0843999999999,51.70299999999997,-144.97431999999986,191.85284000000013,-75636.18612000007,-91423.14977999992,-12.191697910990007,-12.637998996584534,3.3154405086285164,-0.0154567442856665,0.0,1.0,1.0,295.9645776566758,307.9073569482289,1.0,1.0,1.547683923705722,1.8469562942779305,0.0,0.9059945504087193,0.6948228882833788,0.0,6926.844686648501,0.0,0.0,15.0,0.0,20.0,198.92643051771117,30.0,489.22207084468664,10.0,0.0,0.0,0.0
614,0.31837166325123495,0.35005763011687996,0.3055489268528134,0.33763666789476277,0.9818119628475107,0.9818273001285519,387.0,388.0,4.819552110249784,3.2232817869415786,0.040439276485788114,0.0,4.780878552971576,3.226331615120275,4.002602150537634,1.6,1.6,721.8912,731.89728,12.493499999999983,153.70769999999993,209.39770000000004,78.18958000000009,-75426.78842000007,-91344.96019999991,-12.648231053763434,-12.580184574715423,4.020387096774196,0.036866494203019066,0.0,1.0,1.0,286.46967741935487,298.21677419354836,1.0,1.0,1.5006451612903227,1.875856103225808,0.020193548387096773,1.1987096774193549,0.8541935483870968,0.0,6903.214193548387,1.2116129032258065,0.0,14.732903225806451,0.0,20.0,240.0116129032258,30.0,498.23870967741937,10.0,0.0,0.0,0.0
615,0.31799312468374347,0.3497789779047032,0.3050568705929997,0.33726241541898055,0.9818447219959693,0.981860210129915,415.0,384.0,3.8638554216867464,3.9178385416666672,0.0,0.0,3.8659437751004018,3.9205729166666665,3.892198581560284,1.6,1.6,789.40896,723.03232,80.08439999999996,123.98689999999996,209.32456000000002,99.04542000000006,-75217.46386000008,-91245.91477999992,-12.699152774301206,-12.635756415127174,3.8897997496871133,0.042702452822455786,0.0,1.0,1.0,283.8485607008761,295.6633291614518,1.0,1.0,1.4806007509386734,1.8929177471839802,0.0,1.297872340425532,1.035043804755945,0.0,6942.146433041302,0.0,0.0,15.0,0.0,20.0,233.38798498122654,30.0,503.5932415519399,10.0,0.0,0.0,0.0
616,0.31799961409978816,0.34944701587242244,0.30457570559192626,0.3366847923396241,0.9818776369021345,0.9818932744114348,364.0,388.0,3.0931318681318665,3.781958762886599,0.0,0.0,3.096291208791209,3.782774914089347,3.450487588652482,1.6,1.6,685.1587200000001,717.4864,282.33529999999996,122.65399999999997,-97.17657999999983,94.83240000000004,-75314.64044000008,-91151.08237999992,-12.35525567375888,-12.655833414487603,3.448537234042555,-0.003161801961917523,0.0,1.0,1.0,297.9295212765957,310.01063829787233,1.0,1.0,1.5159574468085106,1.8652195744680853,0.0,0.988031914893617,0.7965425531914894,0.0,7051.525265957447,0.0,0.0,15.0,0.0,20.0,206.9122340425532,30.0,494.92287234042556,10.0,0.0,0.0,0.0
617,0.3176941976975938,0.3491314699762448,0.30471930411740533,0.3367292539573708,0.9819098325556855,0.98192491587505,377.0,375.0,4.295623342175066,3.361777777777778,0.0,0.0,4.297038019451812,3.365377777777778,3.8324468085106385,1.6,1.6,693.21792,705.6982399999999,124.68649999999994,167.86849999999993,68.53142000000011,37.829740000000015,-75246.10902000008,-91113.25263999992,-12.477873404255318,-12.662097140125205,3.8299423758865268,0.010815328187119375,0.0,1.0,1.0,296.65824468085106,308.7260638297872,1.0,1.0,1.4986702127659575,1.8602608510638308,0.0,1.1143617021276595,0.7579787234042553,0.0,7010.264627659574,0.0,0.0,15.0,0.0,20.0,229.7965425531915,30.0,493.3776595744681,10.0,0.0,0.0,0.0
618,0.3175242352971115,0.3489334895587976,0.3043843146552703,0.3363440068375811,0.9819419511190987,0.981957284344249,361.0,392.0,3.8788088642659284,3.504124149659866,0.0,0.0,3.883379501385041,3.50718537414966,3.687538733953077,1.6,1.6,697.73152,711.11744,170.25679999999994,107.22289999999995,27.474720000000104,103.89454000000003,-75218.63430000008,-91009.35809999992,-12.484136520584334,-12.602869157566474,3.683753873395311,0.013685548726492906,0.0,1.0,1.0,297.8658698539177,309.9123505976096,1.0,1.0,1.5205843293492696,1.8709813545816734,0.0,1.0185922974767596,0.8366533864541833,0.0,7039.104913678619,0.0,0.0,15.0,0.0,20.0,221.02523240371846,30.0,496.7184594953519,10.0,0.0,0.0,0.0
619,0.31723790073609714,0.34868727743941075,0.30433005927629136,0.3363630441821596,0.981973631894715,0.9819899730630619,390.0,397.0,3.8831623931623933,3.512216624685137,0.0,0.0,3.8871367521367524,3.5144836272040303,3.6991529013130027,1.6,1.6,734.1891200000001,741.6384,65.43489999999997,180.21099999999996,168.75422000000015,61.42740000000009,-75049.88008000008,-90947.93069999992,-12.514914358322741,-12.677183658105276,3.696039813638292,0.012066028882227436,0.0,1.0,1.0,293.6543837357052,305.5489199491741,1.0,1.0,1.5044472681067345,1.8752573316391363,0.0,1.073697585768742,0.8335451080050826,0.0,7001.0368487928845,0.0,0.0,15.0,0.0,20.0,221.76238881829732,30.0,498.06353240152475,10.0,0.0,0.0,0.0
620,0.3171172656166661,0.34853896780991356,0.30398721124129596,0.33612873062045173,0.9820053167816399,0.9820217692783532,390.0,371.0,3.5507692307692285,3.1763252470799626,0.0,0.0,3.552991452991453,3.1800988319856245,3.3712001752080596,1.6,1.6,725.3152,675.95488,136.38509999999994,248.8846999999999,88.93010000000007,-72.92981999999989,-74960.94998000008,-91020.86051999993,-12.178988699080174,-12.496039546796762,3.368221638195363,-0.003587881563787728,0.0,1.0,1.0,297.25624178712224,309.22864651773983,1.0,1.0,1.4875164257555848,1.8413535873850204,0.0,1.1314060446780552,0.8278580814717477,0.0,7114.91458607096,0.0,0.0,15.0,0.0,20.0,202.09329829172142,30.0,487.4796320630749,10.0,0.0,0.0,0.0
621,0.31700701096760764,0.3483616633301694,0.3037636762333969,0.3360585315830088,0.9820374988471249,0.9820539993397536,380.0,372.0,4.159780701754386,3.267069892473118,0.0,0.0,4.160877192982456,3.26913082437276,3.7197473404255317,1.6,1.6,718.5376000000001,685.9673600000001,172.2249999999999,111.7899999999999,46.3126000000002,74.17736000000019,-74914.63738000007,-90946.68315999993,-12.478064893617024,-12.69336077072147,3.7181737588652495,0.0009071836148903855,0.0,1.0,1.0,301.6010638297872,313.6343085106383,1.0,1.0,1.4946808510638299,1.8676927659574474,0.0,1.0279255319148937,0.726063829787234,0.0,7130.473404255319,0.0,0.0,15.0,0.0,20.0,223.0904255319149,30.0,495.6994680851064,10.0,0.0,0.0,0.0
622,0.31674804342535173,0.3480261727553446,0.3041268479305595,0.3364447786028753,0.9820705658999385,0.982085967785254,399.0,362.0,4.139473684210525,3.819797421731123,0.0,0.0005064456721915285,4.141729323308271,3.820764272559853,3.9890494962768286,1.6,1.6,751.4694400000001,686.4188800000001,71.37979999999993,172.4088999999999,180.08964000000014,14.009980000000155,-74734.54774000007,-90932.67317999993,-12.717373981603158,-12.69970825437359,3.987406920718357,0.024236162269689436,0.0,1.0,1.0,299.9592641261498,311.9737187910644,1.0,1.0,1.4756898817345598,1.8894721681997377,0.00024091108190976783,1.0932982917214191,0.8081471747700394,0.0,7031.162943495401,0.01445466491458607,0.0,14.985545335085414,0.0,20.0,239.2299605781866,30.0,502.515111695138,10.0,0.0,0.0,0.0
623,0.3165942856689101,0.3477136514157743,0.3037146462740782,0.33593624967672253,0.9821017307167126,0.9821173156189843,386.0,374.0,3.4395509499136443,3.979991087344028,0.0,0.0,3.443091537132988,3.981016042780748,3.7078070175438604,1.6,1.6,722.3641600000001,699.6809600000001,179.27769999999987,33.12979999999994,43.086460000000216,166.5511600000002,-74691.46128000006,-90766.12201999992,-12.493652105263154,-12.630400777326189,3.705504385964911,0.030045156848157232,0.0,1.0,1.0,299.1092105263158,311.1276315789474,1.0,1.0,1.4921052631578948,1.8711120000000006,0.0,0.9855263157894737,0.9434210526315789,0.0,7045.534210526316,0.0,0.0,15.0,0.0,20.0,222.33026315789473,30.0,496.7671052631579,10.0,0.0,0.0,0.0
624,0.3165069577075359,0.3474417803054952,0.30414735425624106,0.33663413666839315,0.9821341722866891,0.9821483698919575,381.0,391.0,3.5533245844269516,3.841517476555836,0.0,0.0,3.5545931758530185,3.8449701619778343,3.701662348877375,1.6,1.6,707.21792,724.6224,158.61519999999996,69.33449999999998,48.60272000000009,155.28789999999998,-74642.85856000007,-90610.83411999993,-12.392126424870463,-12.552657977520836,3.699287564766837,0.0062785135762922955,0.0,1.0,1.0,296.9158031088083,308.8238341968912,1.0,1.0,1.5064766839378239,1.85471544041451,0.0,1.16580310880829,0.8251295336787565,0.0,7140.182642487047,0.0,0.0,15.0,0.0,20.0,221.95725388601036,30.0,491.6502590673575,10.0,0.0,0.0,0.0
625,0.3164132477754891,0.3471457542717594,0.3051690834490233,0.33731587083003445,0.982164886758251,0.982180060068166,364.0,372.0,3.496428571428567,3.6440860215053767,0.0,0.0,3.4977564102564105,3.6448028673835124,3.572078804347826,1.6,1.6,677.97408,694.21792,145.24159999999992,154.80899999999994,32.73248000000004,39.40892000000011,-74610.12608000006,-90571.42519999993,-12.39923913043478,-12.68471107240508,3.5710597826087,0.00123521637140945,0.0,1.0,1.0,305.8369565217391,317.8125,1.0,1.0,1.5054347826086956,1.864391304347828,0.0,1.1127717391304348,0.7785326086956522,0.0,7047.410326086957,0.0,0.0,15.0,0.0,20.0,214.26358695652175,30.0,494.6576086956522,10.0,0.0,0.0,0.0
626,0.3163665855744597,0.3467354862682026,0.3053854439103883,0.33784658346382024,0.9821959626886535,0.9822123328500952,368.0,380.0,3.612047101449272,4.053771929824557,0.0,0.0,3.61544384057971,4.055,3.8387477718360072,1.6,1.6,704.47776,710.7446400000001,61.17319999999992,87.51319999999996,143.30456000000007,123.23144000000016,-74466.82152000006,-90448.19375999992,-12.67227985739749,-12.729308466855906,3.836452762923352,0.005265554669327196,0.0,1.0,1.0,301.8475935828877,314.0414438502674,1.0,1.0,1.5080213903743316,1.8920085561497324,0.0,1.1016042780748663,0.9438502673796791,0.0,7031.695187165776,0.0,0.0,15.0,0.0,20.0,230.18716577540107,30.0,503.2967914438503,10.0,0.0,0.0,0.0
627,0.3161245799060409,0.3465160429791493,0.3056494868181406,0.33801457944520347,0.9822269590014068,0.9822437394371618,411.0,350.0,4.399391727493919,3.225809523809525,0.000851581508515815,0.0,4.400243309002433,3.2273333333333336,3.860797196671047,1.6,1.6,774.3164800000002,666.4028800000001,72.48479999999995,112.4917999999999,201.83168000000023,53.9110800000002,-74264.98984000005,-90394.28267999992,-12.688694875164266,-12.723407125071377,3.859636443276389,0.01639049675309101,0.0,1.0,1.0,301.04467805519056,312.6911957950066,1.0,1.0,1.459921156373193,1.8931923258869914,0.0004599211563731931,1.178712220762155,0.7936925098554534,0.0,7137.994743758213,0.02759526938239159,0.0,14.972404730617608,0.0,20.0,231.55059132720106,30.0,503.6636005256242,10.0,0.0,0.0,0.0
628,0.31604684993961973,0.3461555797866865,0.3047327796125044,0.3368749279075119,0.9822583717883752,0.9822745833433413,375.0,369.0,3.126666666666666,3.7796296296296306,0.0,0.0,3.128044444444444,3.7819783197831978,3.4523745519713267,1.6,1.6,700.8684800000001,697.6406400000001,213.4466999999999,88.32559999999997,-12.578219999999817,109.31504000000011,-74277.56806000005,-90284.96763999992,-12.443663440860202,-12.663841310995483,3.4505152329749116,0.018195856813497512,0.0,1.0,1.0,299.25,310.8252688172043,1.0,1.0,1.4959677419354838,1.8797165591397857,0.0,1.1370967741935485,0.7674731182795699,0.0,7054.518817204301,0.0,0.0,15.0,0.0,20.0,207.03091397849462,30.0,499.4623655913978,10.0,0.0,0.0,0.0
629,0.3158611188997573,0.3458477728321872,0.3045070820708828,0.3368431969351795,0.9822894170170376,0.9823053030443805,377.0,387.0,3.6702917771883303,3.7395348837209292,0.0,0.0,3.673209549071619,3.741559000861326,3.7078315881326356,1.6,1.6,706.6832000000002,717.8451200000001,121.72499999999995,34.04619999999996,84.95820000000022,183.7989200000001,-74192.60986000006,-90101.16871999991,-12.454072774869111,-12.503613206608874,3.705366492146594,0.04798432162294303,0.0,1.0,1.0,295.9541884816754,307.7945026178011,1.0,1.0,1.506544502617801,1.8645658638743472,0.0,1.1204188481675392,1.043193717277487,0.0,7129.017015706806,0.0,0.0,15.0,0.0,20.0,222.32198952879583,30.0,494.729057591623,10.0,0.0,0.0,0.0
630,0.3156109399448295,0.34579936475203754,0.3042104527988307,0.33660672533911923,0.9823204202611081,0.98233616733027,406.0,352.0,4.044663382594421,3.3508049242424263,0.0,0.0,4.046715927750411,3.3550189393939394,3.725505716798593,1.6,1.6,768.3705600000001,645.4336000000002,161.53359999999995,172.1602999999999,106.83696000000012,-26.72669999999971,-74085.77290000005,-90127.89541999991,-12.464561301671058,-12.569990631701428,3.7224494283201395,0.025423246253781624,0.0,1.0,1.0,306.8707124010554,318.8192612137203,1.0,1.0,1.4643799472295516,1.8651769920844332,0.0,1.2823218997361479,0.6543535620052771,0.0,7076.222955145119,0.0,0.0,15.0,0.0,20.0,223.34696569920845,30.0,494.9089709762533,10.0,0.0,0.0,0.0
631,0.31558673751399,0.34540528664500997,0.30465916446752045,0.33690466370598776,0.9823515410058439,0.9823665832557202,395.0,335.0,3.404767932489453,3.5923383084577116,0.0,0.0,3.4089029535864976,3.592338308457711,3.4930821917808217,1.6,1.6,730.23328,640.8768,171.90259999999992,144.43949999999995,58.330680000000115,-3.56269999999995,-74027.44222000006,-90131.45811999991,-12.450799634703205,-12.681897333060023,3.490844748858452,0.024083592287379517,0.0,1.0,1.0,309.36712328767123,321.2479452054794,1.0,1.0,1.4589041095890412,1.8782329863013705,0.0,1.1369863013698631,0.7767123287671233,0.0,7032.42602739726,0.0,0.0,15.0,0.0,20.0,209.45068493150686,30.0,498.9890410958904,10.0,0.0,0.0,0.0
632,0.3155815649846939,0.3449739005542318,0.30388563384995815,0.3363483178473878,0.982382151837839,0.982398025394184,376.0,351.0,3.397916666666666,3.8231718898385574,0.0,0.0,3.402748226950355,3.8261158594491924,3.607152682255846,1.6,1.6,686.6960000000001,659.28736,140.75929999999988,35.276399999999995,45.93670000000026,124.01096000000004,-73981.50552000005,-90007.44715999991,-12.333782851902816,-12.610894607337116,3.6032324621733207,0.0015428701484352647,0.0,1.0,1.0,310.47180192572216,322.78679504814306,1.0,1.0,1.4828060522696012,1.851421403026136,0.0,0.9752407152682255,0.8459422283356258,0.0,7080.640990371389,0.0,0.0,15.0,0.0,20.0,216.1939477303989,30.0,490.61485557083904,10.0,0.0,0.0,0.0
633,0.31540763568231517,0.3447009305463387,0.30371728668942993,0.33599997409644616,0.982413195521538,0.9824277683806284,372.0,370.0,3.6603942652329775,4.1208108108108075,0.0,0.0,3.6620967741935484,4.1214414414414415,3.8911500449236307,1.6,1.6,683.53376,694.8390400000001,176.25409999999994,65.66549999999994,7.279660000000092,129.17354000000012,-73974.22586000005,-89878.2736199999,-12.48608355795149,-12.603888026841103,3.889982030548067,0.011219570374916664,0.0,1.0,1.0,309.544474393531,321.544474393531,1.0,1.0,1.4986522911051212,1.8576452830188683,0.0,0.9622641509433962,0.7776280323450134,0.0,7002.214285714285,0.0,0.0,15.0,0.0,20.0,233.3989218328841,30.0,492.5592991913747,10.0,0.0,0.0,0.0
634,0.31512967528571745,0.3445102516498761,0.30382543294609043,0.336384579686026,0.9824427359529107,0.9824576989369546,392.0,359.0,3.7511479591836703,3.242989786443823,0.0,0.0,3.7521258503401365,3.2452646239554315,3.509831335996449,1.6,1.6,725.6105600000001,666.35008,67.51799999999994,175.26099999999997,158.09256000000013,-8.91091999999992,-73816.13330000004,-89887.1845399999,-12.308211096316047,-12.571439605115403,3.5082334664891226,-0.004562285060917372,0.0,1.0,1.0,308.98934753661786,320.90945406125167,1.0,1.0,1.478029294274301,1.8534762183755,0.0,1.0199733688415447,0.8189081225033289,0.0,6896.724367509987,0.0,0.0,15.0,0.0,20.0,210.49400798934752,30.0,491.26098535286286,10.0,0.0,0.0,0.0
635,0.3151043715813273,0.3444246530238077,0.30437504852965314,0.3367089211374674,0.9824725873324174,0.9824877889363886,363.0,353.0,3.275022956841139,3.4745514636449513,0.0,0.0,3.276584022038567,3.4777148253068932,3.3757448789571693,1.6,1.6,683.8848,652.23296,186.4167999999999,119.70439999999996,-2.5319999999998686,32.528560000000084,-73818.66530000005,-89854.6559799999,-12.330449906890143,-12.74512108874643,3.373393854748603,-0.021536191606661276,0.0,1.0,1.0,312.5209497206704,324.9301675977654,1.0,1.0,1.4930167597765363,1.8660862569832406,0.0,1.0335195530726258,0.7751396648044693,0.0,7157.272346368715,0.0,0.0,15.0,0.0,20.0,202.4036312849162,30.0,495.19832402234636,10.0,0.0,0.0,0.0
636,0.3148962687201765,0.34410976881191746,0.30473153272631526,0.33713065831977246,0.9825023773521511,0.9825182099138083,373.0,350.0,3.9168900804289515,3.8117142857142854,0.0,0.0,3.9193923145665774,3.813428571428572,3.868095896726602,1.6,1.6,694.4448,638.5424,117.44769999999994,131.27329999999992,76.99710000000005,7.2691000000001225,-73741.66820000006,-89847.38687999989,-12.39213831258644,-12.515877101180344,3.8659751037344376,0.012264881297765661,0.0,1.0,1.0,311.34301521438454,323.2143845089903,1.0,1.0,1.484094052558783,1.8436890733056712,0.0,1.2434301521438451,0.7385892116182573,0.0,6918.3803596127245,0.0,0.0,15.0,0.0,20.0,231.95850622406638,30.0,488.1908713692946,10.0,0.0,0.0,0.0
637,0.31481041290129835,0.3438361276326631,0.303827022920469,0.33589671736059035,0.9825317659369166,0.9825490582037718,380.0,362.0,3.695877192982456,3.7614640883977914,0.0,0.0,3.699824561403509,3.7634898710865556,3.7308849955076377,1.6,1.6,714.4121600000001,680.4316800000001,88.47729999999994,88.23669999999993,125.93486000000014,92.19498000000021,-73615.73334000006,-89755.19189999989,-12.555376280323458,-12.729828058748488,3.7278751123090728,0.0010228091018282127,0.0,1.0,1.0,307.1145552560647,319.0067385444744,1.0,1.0,1.4878706199460916,1.879843450134772,0.0,1.0943396226415094,0.8544474393530997,0.0,6962.11590296496,0.0,0.0,15.0,0.0,20.0,223.67250673854448,30.0,499.50269541778977,10.0,0.0,0.0,0.0
638,0.314884856065577,0.3435215047059049,0.30393136210259786,0.335603886579154,0.9825625719696671,0.9825791377718287,358.0,390.0,3.23701117318436,3.78423076923077,0.0,0.0,3.238594040968343,3.7842307692307697,3.5230837789661313,1.6,1.6,666.6096,721.93312,172.23469999999995,71.29819999999995,-5.6250999999999465,150.63492000000008,-73621.35844000007,-89604.55697999989,-12.331132263814618,-12.54697302419275,3.5223262032085567,0.024010948584511995,0.0,1.0,1.0,308.0467914438503,320.1617647058824,1.0,1.0,1.5213903743315509,1.8563405347593585,0.0,0.9799465240641712,0.9344919786096256,0.0,7138.562834224599,0.0,0.0,15.0,0.0,20.0,211.33957219251337,30.0,492.14973262032083,10.0,0.0,0.0,0.0
639,0.3148098957515827,0.3432857927517096,0.3027980004264819,0.3343231658485452,0.9825929729166826,0.982609038380022,378.0,383.0,3.704585537918869,3.37563098346388,0.0,0.0,3.70599647266314,3.3775456919060054,3.5406920718353043,1.6,1.6,699.6080000000001,727.992,43.929599999999965,168.01899999999992,155.6784000000001,59.97300000000004,-73465.68004000006,-89544.5839799999,-12.4563250109505,-12.674740140045442,3.5390275952693875,0.008429879422988673,0.0,1.0,1.0,310.71353482260184,322.95532194480944,1.0,1.0,1.5032851511169514,1.8759526938239182,0.0,0.988173455978975,0.885676741130092,0.0,6997.237844940867,0.0,0.0,15.0,0.0,20.0,212.34165571616293,30.0,498.2851511169514,10.0,0.0,0.0,0.0
640,0.3147560702279316,0.34295722324965205,0.3021047118552666,0.3334585822606698,0.9826230012387106,0.9826390052535323,366.0,387.0,3.310336976320582,4.1753229974160195,0.0,0.0,3.3122495446265936,4.178983634797588,3.757702523240372,1.6,1.6,677.60608,743.53152,210.99179999999987,86.50559999999997,-33.38571999999985,157.02592000000004,-73499.06576000007,-89387.5580599999,-12.611201416555987,-12.665249911466304,3.754891544931387,0.014642549261398968,0.0,1.0,1.0,310.24701195219126,322.2722443559097,1.0,1.0,1.5139442231075697,1.8873009296148742,0.0,1.0743691899070384,0.9721115537848606,0.0,7006.78353253652,0.0,0.0,15.0,0.0,20.0,225.29349269588315,30.0,501.82204515272247,10.0,0.0,0.0,0.0
641,0.31453693807058547,0.34263661428691405,0.3016169637106544,0.33266294688037856,0.9826519768568037,0.9826685100926073,385.0,376.0,3.852424242424241,3.3946808510638338,0.0,0.0,3.8534199134199127,3.3967198581560285,3.6277704774419623,1.6,1.6,720.53632,697.3862400000002,90.4956,179.0785999999999,130.04072000000005,18.307640000000248,-73369.02504000007,-89369.2504199999,-12.414375120455535,-12.582820393679889,3.626259307928165,0.01694580887950258,0.0,1.0,1.0,310.93429697766095,322.74638633377134,1.0,1.0,1.4940867279894876,1.8632359526938236,0.0,1.1971090670170828,0.9342969776609724,0.0,7168.216819973719,0.0,0.0,15.0,0.0,20.0,217.5755584756899,30.0,494.30749014454665,10.0,0.0,0.0,0.0
642,0.3145565202487572,0.34229479009832037,0.30052122730024583,0.33136118232815387,0.9826809207217881,0.9826986955080105,368.0,365.0,3.32590579710145,3.64497716894977,0.0,0.0,3.3292572463768115,3.6468036529680368,3.4873806275579815,1.6,1.6,670.5382400000001,689.05728,258.6846999999999,174.41589999999994,-88.14645999999982,14.641380000000055,-73457.17150000007,-89354.6090399999,-12.307040836743976,-12.615350166914657,3.484788540245571,0.03446107084332589,0.0,1.0,1.0,320.42291950886766,332.6275579809004,1.0,1.0,1.4979536152796726,1.854836998635743,0.0,0.878581173260573,0.73806275579809,0.0,7193.7694406548435,0.0,0.0,15.0,0.0,20.0,209.08731241473396,30.0,491.68212824010914,10.0,0.0,0.0,0.0
643,0.3143179746752691,0.3419519765608528,0.3002257352824694,0.33092544106755895,0.9827104666265192,0.982728592509541,379.0,395.0,3.9394898856640275,4.027088607594932,0.0,0.0,3.94287598944591,4.028438818565401,3.9865417743324723,1.6,1.6,705.3676800000001,746.1692800000001,74.42309999999998,77.0251,130.9445800000001,169.14418000000006,-73326.22692000007,-89185.46485999989,-12.630858914728684,-12.665901139583568,3.984194659776054,0.015517416036427832,0.0,1.0,1.0,310.9418604651163,322.812661498708,1.0,1.0,1.5103359173126616,1.8753707493540066,0.0,1.0516795865633075,0.9211886304909561,0.0,7106.568475452196,0.0,0.0,15.0,0.0,20.0,239.0516795865633,30.0,498.09819121447026,10.0,0.0,0.0,0.0
644,0.3142624090781156,0.3417618183161818,0.3002307558528695,0.3309521840636134,0.9827405046029676,0.9827585688063505,380.0,375.0,3.4909210526315806,3.260622222222221,0.0,0.0,3.497412280701755,3.2627555555555556,3.3808609271523182,1.6,1.6,697.26144,700.9030400000001,144.27979999999997,121.03269999999996,52.98164000000003,79.87034000000018,-73273.24528000008,-89105.5945199999,-12.245844238410605,-12.61626641233376,3.3765342163355414,-0.021152747837994944,0.0,1.0,1.0,314.9152317880795,327.04238410596025,1.0,1.0,1.4966887417218544,1.8518734834437103,0.0,0.9960264900662251,0.8860927152317881,0.0,6964.165562913908,0.0,0.0,15.0,0.0,20.0,202.59205298013245,30.0,490.758940397351,10.0,0.0,0.0,0.0
645,0.3141743076777872,0.3414989330742787,0.30018824075783673,0.3308067698859062,0.9827698052994138,0.982787741789748,349.0,386.0,3.4708213944603603,3.6320811744386843,0.0,0.0,3.472683858643744,3.633808290155441,3.557301587301587,1.6,1.6,643.3113599999999,726.9667200000001,204.71669999999992,71.94329999999998,-61.405339999999995,155.02342000000016,-73334.65062000007,-88950.5710999999,-12.392630929705227,-12.666333843112175,3.5555102040816347,0.020475157691123805,0.0,1.0,1.0,320.0204081632653,332.53333333333336,1.0,1.0,1.525170068027211,1.8643239183673497,0.0,0.9442176870748299,0.8448979591836735,0.0,7083.8530612244895,0.0,0.0,15.0,0.0,20.0,213.33061224489796,30.0,494.6421768707483,10.0,0.0,0.0,0.0
646,0.3140681095874742,0.34120776171722234,0.29849310072212654,0.32938125553723996,0.9827992066456276,0.9828170394845518,373.0,377.0,3.8580875781948154,3.5150751547303236,0.0,0.0,3.8600089365504915,3.517992926613616,3.6880888888888896,1.6,1.6,698.1212800000001,705.48512,42.52629999999998,197.85989999999998,155.59498000000008,7.62522000000007,-73179.05564000008,-88942.9458799999,-12.487909333333336,-12.646400425285302,3.6856666666666644,0.00893677916786627,0.0,1.0,1.0,316.4053333333333,328.46666666666664,1.0,1.0,1.5026666666666666,1.8714752000000006,0.0,1.0906666666666667,0.8813333333333333,0.0,7084.665333333333,0.0,0.0,15.0,0.0,20.0,221.14,30.0,496.88,10.0,0.0,0.0,0.0
647,0.31393655333020026,0.3410126485059421,0.2982907982834719,0.3288963972685483,0.9828288864705741,0.9828458794722661,369.0,386.0,3.5332429990966587,3.4531951640759933,0.0,0.0,3.5355916892502255,3.4569948186528503,3.4954083885209717,1.6,1.6,689.17568,703.8748800000001,170.08459999999997,125.20139999999995,19.09108000000009,78.67348000000013,-73159.96456000008,-88864.2723999999,-12.251213421633555,-12.482111127764199,3.492317880794702,-0.004609975142622593,0.0,1.0,1.0,314.45562913907287,326.32847682119206,1.0,1.0,1.5112582781456954,1.8451000794701973,0.0,1.056953642384106,0.976158940397351,0.0,7220.264900662251,0.0,0.0,15.0,0.0,20.0,209.53907284768212,30.0,488.63576158940396,10.0,0.0,0.0,0.0
648,0.31367446046628256,0.3408973060875947,0.2987604008589754,0.3292109882560979,0.982857862792858,0.9828743328766911,386.0,346.0,4.087607944732296,2.883718689788055,0.0,0.0,4.089378238341969,2.888198458574181,3.5216074681238614,1.6,1.6,719.4976,639.6176,100.72049999999993,221.68229999999994,118.7771000000001,-82.0646999999999,-73041.18746000007,-88946.3370999999,-12.331897996357027,-12.510057434172593,3.51855646630237,0.010496553980462666,0.0,1.0,1.0,318.95081967213116,331.0751366120219,1.0,1.0,1.4726775956284153,1.8567147540983628,0.0,1.185792349726776,0.7841530054644809,0.0,7015.9890710382515,0.0,0.0,15.0,0.0,20.0,211.11338797814207,30.0,492.2704918032787,10.0,0.0,0.0,0.0
649,0.31355295380566295,0.3404496830957321,0.29783379753205536,0.32814963574685285,0.9828877982735892,0.9829037817170714,361.0,392.0,3.166251154201291,4.24783163265306,0.0,0.0,3.1702216066481994,4.248341836734694,3.7314741035856573,1.6,1.6,674.3625600000001,729.6745600000002,195.6744,61.72829999999997,-21.311839999999847,167.9462600000002,-73062.49930000007,-88778.3908399999,-12.46374803010184,-12.58943447108296,3.7293050022133714,0.007578604766150303,0.0,1.0,1.0,315.0717131474104,327.01859229747674,1.0,1.0,1.5205843293492696,1.8645911288180632,0.0,1.151394422310757,0.9667994687915007,0.0,7044.545816733068,0.0,0.0,15.0,0.0,20.0,223.75830013280213,30.0,494.7211155378486,10.0,0.0,0.0,0.0
650,0.31318731912363457,0.3404071070759505,0.29640766184442563,0.32671749787718246,0.98291784890437,0.9829328052471941,347.0,372.0,3.7626801152737777,3.484901433691757,0.0,0.0,3.7639769452449565,3.486111111111111,3.6202132591562353,1.6,1.6,648.7804800000001,686.8502400000001,119.10439999999991,141.09629999999993,29.676080000000212,45.75394000000017,-73032.82322000006,-88732.63689999991,-12.377524710245714,-12.619801779893251,3.6189615206305046,0.03225896360293767,0.0,1.0,1.0,324.00834492350486,336.2336578581363,1.0,1.0,1.517385257301808,1.8576226981919337,0.0,0.9290681502086231,0.8984700973574409,0.0,6933.848400556329,0.0,0.0,15.0,0.0,20.0,217.13769123783032,30.0,492.547983310153,10.0,0.0,0.0,0.0
651,0.31284720618748524,0.34030572079334714,0.2968755343135521,0.3269206714861449,0.9829464068578713,0.9829615209847932,383.0,362.0,4.307745865970404,3.5241712707182296,0.0,0.0,4.309225413402959,3.5255524861878453,3.928434004474273,1.6,1.6,716.7408,671.7779200000001,59.69399999999999,202.93409999999994,157.04680000000005,-31.156179999999836,-72875.77642000007,-88763.79307999992,-12.537969038031324,-12.631301994864284,3.927002237136464,0.01513847253817719,0.0,1.0,1.0,320.36241610738256,332.36375838926176,1.0,1.0,1.4859060402684563,1.8637835167785244,0.0,1.142281879194631,0.7342281879194631,0.0,7100.582550335571,0.0,0.0,15.0,0.0,20.0,235.6201342281879,30.0,494.4751677852349,10.0,0.0,0.0,0.0
652,0.31280598880790067,0.3398371654210777,0.29669824106621145,0.3263559170195415,0.9829749589587473,0.9829906551018657,354.0,376.0,3.6112994350282484,4.138120567375884,0.0,0.0,3.6135122410546137,4.140381205673759,3.8848858447488586,1.6,1.6,658.7878400000001,706.3894400000001,197.18509999999992,72.75519999999996,-38.39725999999985,133.6342400000002,-72914.17368000007,-88630.15883999992,-12.558451689497742,-12.730540051213652,3.882648401826481,0.022208481724932706,0.0,1.0,1.0,326.6191780821918,339.04246575342466,1.0,1.0,1.515068493150685,1.8701058630136975,0.0,1.110958904109589,0.7561643835616438,0.0,6989.105479452055,0.0,0.0,15.0,0.0,20.0,232.95890410958904,30.0,496.458904109589,10.0,0.0,0.0,0.0
653,0.3128196003489623,0.33958898978462376,0.29559698476934043,0.325308002269025,0.9830032973834515,0.9830190747485841,342.0,386.0,3.3145224171539924,3.3950777202072526,0.0,0.0,3.3180799220272905,3.3969775474956823,3.359913003663004,1.6,1.6,639.6438400000002,706.1388800000001,129.68939999999992,151.70749999999998,9.954440000000261,54.431380000000104,-72904.21924000006,-88575.72745999992,-12.218374908424911,-12.66438328387475,3.357234432234431,-0.025572353769134398,0.0,1.0,1.0,328.4986263736264,340.80357142857144,1.0,1.0,1.5302197802197801,1.8486026373626376,0.0,0.9052197802197802,0.8214285714285714,0.0,7093.260989010989,0.0,0.0,15.0,0.0,20.0,201.43406593406593,30.0,489.74038461538464,10.0,0.0,0.0,0.0
654,0.31271276784969965,0.3394042358710944,0.2950527209622285,0.324598058886505,0.9830313492035673,0.983047843499725,362.0,378.0,3.79373848987109,3.3261904761904786,0.0,0.0,3.796546961325967,3.3283068783068783,3.557364864864865,1.6,1.6,679.18496,706.9136000000001,89.88489999999996,130.5512999999999,89.30006000000009,76.36230000000018,-72814.91918000007,-88499.36515999993,-12.445427207207198,-12.635380112670536,3.554909909909907,0.015426248674893995,0.0,1.0,1.0,319.2527027027027,331.19864864864866,1.0,1.0,1.5108108108108107,1.8731061621621627,0.0,1.0662162162162163,1.0297297297297296,0.0,7058.84054054054,0.0,0.0,15.0,0.0,20.0,213.2945945945946,30.0,497.3797297297297,10.0,0.0,0.0,0.0
655,0.3127359749431319,0.33901693360768703,0.2957432999106085,0.3248507194218918,0.983059942289753,0.9830759545800599,363.0,386.0,3.9036271808999063,3.826511226252159,0.0,0.0,3.9054637281910005,3.830310880829016,3.8667334223408996,1.6,1.6,669.6259200000001,730.4732800000002,120.73679999999989,124.14379999999994,48.889120000000176,106.32948000000022,-72766.03006000006,-88393.03567999993,-12.546011570983548,-12.684161130631388,3.863885180240319,0.015654771750470337,0.0,1.0,1.0,325.13084112149534,337.40987983978636,1.0,1.0,1.5153538050734312,1.8692913217623506,0.0,1.026702269692924,0.8931909212283045,0.0,6983.408544726301,0.0,0.0,15.0,0.0,20.0,231.83311081441923,30.0,496.20026702269695,10.0,0.0,0.0,0.0
656,0.3126193962482274,0.3388654107088909,0.2936129572513626,0.32285928807601044,0.9830886181046248,0.9831048459791292,351.0,394.0,3.648053181386512,3.226565143824026,0.0,0.0,3.649335232668566,3.227834179357022,3.426420581655481,1.6,1.6,644.7046400000002,736.7392000000001,168.36799999999994,105.39289999999995,-23.663359999999784,131.34630000000016,-72789.69342000007,-88261.68937999992,-12.279864697986568,-12.590491046745084,3.425145413870247,0.006760222015092909,0.0,1.0,1.0,325.5261744966443,337.93154362416107,1.0,1.0,1.5288590604026846,1.854287033557047,0.0,0.9046979865771813,0.978523489932886,0.0,7187.257718120805,0.0,0.0,15.0,0.0,20.0,205.50872483221477,30.0,491.51140939597315,10.0,0.0,0.0,0.0
657,0.31248927884652267,0.3387142195634452,0.2939753588291406,0.32335974082844915,0.9831169819659306,0.9831324870200675,379.0,370.0,3.8071240105540896,3.1651351351351353,0.0,0.0,3.808267370272647,3.1663513513513513,3.4911659991099246,1.6,1.6,697.1542400000001,692.85888,53.82609999999995,169.18599999999995,143.32814000000013,23.67288000000005,-72646.36528000007,-88238.01649999993,-12.315103159768565,-12.58234892611038,3.489986648865155,0.0018428738087228353,0.0,1.0,1.0,324.3738317757009,336.4018691588785,1.0,1.0,1.493991989319092,1.8558252603471286,0.0,1.136181575433912,0.9292389853137517,0.0,7111.736982643525,0.0,0.0,15.0,0.0,20.0,209.3991989319092,30.0,491.9946595460614,10.0,0.0,0.0,0.0
658,0.31240292765742494,0.3386116903681453,0.2942345509710554,0.32359457502291505,0.9831458060231378,0.9831608741038823,397.0,323.0,3.8309403862300595,3.351805985552115,0.0,0.0,3.831612090680101,3.355108359133127,3.617847222222222,1.6,1.6,728.592,598.47072,122.85999999999991,248.82959999999986,105.73200000000007,-150.35887999999983,-72540.63328000007,-88388.37537999992,-12.28883833333334,-12.604580009285094,3.6159953703703724,0.005423528617311847,0.0,1.0,1.0,330.43888888888887,342.7055555555556,1.0,1.0,1.448611111111111,1.8431426666666675,0.0,1.1541666666666666,0.7555555555555555,0.0,6973.844444444445,0.0,0.0,15.0,0.0,20.0,216.9597222222222,30.0,488.0180555555556,10.0,0.0,0.0,0.0
659,0.3124396090858242,0.33826814522777765,0.2952081984537266,0.3243122046183209,0.9831734014051193,0.9831889110165156,355.0,375.0,2.800328638497654,4.328844444444444,0.0,0.00039999999999999996,2.8047417840375584,4.3295111111111115,3.588013698630137,1.6,1.6,637.01216,709.4531200000001,219.0065999999999,19.365199999999994,-81.99443999999991,190.08792000000014,-72622.62772000006,-88198.28745999992,-12.28474849315069,-12.44842875802778,3.5855251141552507,0.024148799008118168,0.0,1.0,1.0,324.91917808219176,337.02054794520546,1.0,1.0,1.5136986301369864,1.8444729863013716,0.0002054794520547945,1.015068493150685,1.0876712328767124,0.0,6932.920547945206,0.012328767123287671,0.0,14.987671232876712,0.0,20.0,215.11917808219178,30.0,488.45205479452056,10.0,0.0,0.0,0.0
660,0.312284998361628,0.33812044533735636,0.29357742657997893,0.3228137982085945,0.9832010566373923,0.9832165129854816,366.0,387.0,3.6354280510018224,3.730577088716624,0.0,0.0,3.6385701275045537,3.7339793281653746,3.687605135015494,1.6,1.6,691.12192,705.87328,55.90119999999993,87.35509999999996,135.2207200000001,118.51818000000006,-72487.40700000006,-88079.76927999992,-12.389299690128386,-12.583972697958178,3.6843293492695905,0.008867820494837201,0.0,1.0,1.0,327.5086321381142,339.62018592297477,1.0,1.0,1.5139442231075697,1.8552393094289512,0.0,1.0398406374501992,1.0305444887118194,0.0,7011.43160690571,0.0,0.0,15.0,0.0,20.0,221.0597609561753,30.0,491.81142098273574,10.0,0.0,0.0,0.0
661,0.31211623748848094,0.3379769033629763,0.29409437435772556,0.3231721132330879,0.9832286953574605,0.9832441823941891,392.0,357.0,4.108886054421767,3.6391690009337103,0.0,0.0,4.11062925170068,3.6407563025210083,3.886671117044948,1.6,1.6,738.0112000000001,660.0832,91.44179999999996,212.68959999999993,146.5694000000002,-52.606399999999894,-72340.83760000007,-88132.37567999992,-12.53828927458835,-12.602713114283345,3.8850022251891407,0.010465914223373488,0.0,1.0,1.0,322.2456608811749,334.2256341789052,1.0,1.0,1.4766355140186915,1.866614686248331,0.0,1.2363150867823764,1.041388518024032,0.0,7144.2229639519355,0.0,0.0,15.0,0.0,20.0,233.10013351134847,30.0,495.3644859813084,10.0,0.0,0.0,0.0
662,0.3120507401051447,0.33778647294998126,0.2939245495542941,0.3227335022959374,0.9832567934478161,0.983271886479609,362.0,375.0,3.366022099447515,4.355066666666665,0.0,0.0,3.3725138121546965,4.356177777777778,3.873021257349616,1.6,1.6,660.40672,702.6169600000001,210.35509999999994,41.71089999999997,-49.948379999999986,160.90606000000008,-72390.78598000007,-87971.46961999993,-12.428084667571238,-12.53224545930733,3.8692672998643145,0.008909871447746161,0.0,1.0,1.0,329.75440976933515,341.89687924016283,1.0,1.0,1.508819538670285,1.849421546811398,0.0,0.9932157394843962,0.9742198100407056,0.0,7122.297150610583,0.0,0.0,15.0,0.0,20.0,232.15603799185888,30.0,489.9810040705563,10.0,0.0,0.0,0.0
663,0.31202025420905694,0.3375377008297219,0.29327669928090655,0.3221045519153811,0.9832845959053598,0.983299375117617,358.0,392.0,3.30395716945996,3.5280187074829925,0.0,0.0,3.3058193668528864,3.530952380952381,3.4234888888888886,1.6,1.6,663.1539200000001,716.5382400000001,72.26129999999992,113.02259999999995,90.89262000000016,103.51564000000013,-72299.89336000007,-87867.95397999993,-12.189441066666669,-12.615257128209997,3.4210666666666687,-0.020882930473050166,0.0,1.0,1.0,333.0133333333333,345.3453333333333,1.0,1.0,1.5226666666666666,1.8395895466666659,0.0,0.8826666666666667,0.9306666666666666,0.0,6990.8026666666665,0.0,0.0,15.0,0.0,20.0,205.264,30.0,486.92,10.0,0.0,0.0,0.0
664,0.3120278145076003,0.3373750128316188,0.29280802110490484,0.3217587749620755,0.9833122004149115,0.9833262018397226,339.0,376.0,3.0620943952802353,3.648404255319152,0.0,0.0,3.065880039331367,3.6511524822695036,3.373659673659673,1.6,1.6,625.4889600000001,694.0131200000001,154.33219999999994,170.92009999999993,-28.84323999999981,23.093020000000138,-72328.73660000008,-87844.86095999993,-12.204653240093247,-12.580161932515042,3.370419580419579,-0.0023563506111584083,0.0,1.0,1.0,332.9006993006993,345.1132867132867,1.0,1.0,1.525874125874126,1.8454574545454538,0.0,0.965034965034965,0.8839160839160839,0.0,7078.909090909091,0.0,0.0,15.0,0.0,20.0,202.22517482517483,30.0,488.7594405594406,10.0,0.0,0.0,0.0
665,0.31196468886234924,0.3371090180069802,0.2928152672817263,0.3219564897222548,0.983339483047599,0.983354221565838,343.0,400.0,3.585374149659864,3.6887083333333304,0.0,0.0,3.5865403304178813,3.6944999999999992,3.644661283086586,1.6,1.6,648.0854400000001,751.552,77.49979999999996,146.60319999999996,70.5856400000001,104.94880000000006,-72258.15096000007,-87739.91215999993,-12.544307581875271,-12.607835094973204,3.641004934948409,0.03365519848740134,0.0,1.0,1.0,328.0820995962315,340.00403768506055,1.0,1.0,1.53835800807537,1.8837650605652771,0.0,0.9946164199192463,0.9851951547779273,0.0,7188.771197846568,0.0,0.0,15.0,0.0,20.0,218.46029609690444,30.0,500.72409152086135,10.0,0.0,0.0,0.0
666,0.31173032649247795,0.3369828176863913,0.2924134537274727,0.32117015213944355,0.9833671355984935,0.9833818276571403,371.0,381.0,3.8621293800539087,3.49453193350831,0.0,0.0,3.864690026954178,3.4977252843394573,3.6787677304964537,1.6,1.6,686.1328000000001,723.17952,94.89719999999994,95.93829999999994,91.23560000000015,127.24122000000008,-72166.91536000007,-87612.67093999994,-12.499780496453909,-12.584196732634092,3.675886524822697,0.01211780431819626,0.0,1.0,1.0,326.97872340425533,338.655585106383,1.0,1.0,1.5066489361702127,1.8740855319148941,0.0,1.0704787234042554,1.011968085106383,0.0,7103.066489361702,0.0,0.0,15.0,0.0,20.0,220.5531914893617,30.0,497.6994680851064,10.0,0.0,0.0,0.0
667,0.3115267867493849,0.3367947970641226,0.2922434232540677,0.3207559628481241,0.9833937712138776,0.983409562468198,353.0,381.0,3.6398961284230413,3.394313210848642,0.0,0.0,3.646175637393768,3.395713035870516,3.5161671207992735,1.6,1.6,664.1571200000001,688.80384,158.1826999999999,177.97089999999994,5.97442000000018,10.832940000000093,-72160.94094000007,-87601.83799999995,-12.248235422343308,-12.528812259874556,3.512420526793825,0.0104483612009575,0.0,1.0,1.0,335.24795640326977,347.54768392370573,1.0,1.0,1.5190735694822888,1.843271062670302,0.0,0.9945504087193461,0.8147138964577657,0.0,7064.143051771117,0.0,0.0,15.0,0.0,20.0,210.74523160762942,30.0,488.0735694822888,10.0,0.0,0.0,0.0
668,0.31148722073138946,0.3367111889133314,0.2928420267645765,0.32140348506746974,0.9834211838634295,0.98343591309226,358.0,355.0,3.71066108007449,3.3123004694835645,0.0,0.0,3.711266294227188,3.315352112676056,3.5141421224871436,1.6,1.6,661.0451200000001,662.4217600000002,149.38229999999996,243.87099999999992,11.662820000000153,-81.44923999999975,-72149.27812000008,-87683.28723999995,-12.326284805984088,-12.713611587644227,3.5123188405797157,-0.016872106840644784,0.0,1.0,1.0,342.7138849929874,354.98176718092566,1.0,1.0,1.4978962131837308,1.8561947826086977,0.0,0.9116409537166901,0.8457223001402524,0.0,7112.76157082749,0.0,0.0,15.0,0.0,20.0,210.7391304347826,30.0,492.1150070126227,10.0,0.0,0.0,0.0
669,0.3114059093804438,0.33662624947781505,0.29220889496697505,0.3205187605907789,0.9834483755699039,0.9834622625047125,386.0,351.0,4.100215889464591,3.6584520417853756,0.08842832469775475,0.0,4.012780656303972,3.6594491927825263,3.8445047489823603,1.6,1.6,719.65056,658.0611200000001,45.36089999999997,111.71739999999996,174.28966000000008,46.34372000000012,-71974.98846000008,-87636.94351999994,-12.556754952510166,-12.587757726860763,3.8898236092266014,0.03078590587053069,0.0,1.0,1.0,330.6729986431479,342.8561736770692,1.0,1.0,1.4762550881953866,1.8693509905020373,0.04631388511985527,1.1166892808683853,1.0027137042062415,0.0,7177.85210312076,2.778833107191316,0.0,14.723202170963365,0.0,20.0,230.61058344640435,30.0,496.2211668928087,10.0,0.0,0.0,0.0
670,0.3113282901204584,0.3365010348991809,0.29225714095820393,0.32060087345261773,0.9834758899102255,0.9834891435148695,381.0,356.0,3.5002624671916034,3.4036985018726584,0.0,0.0,3.5039370078740157,3.407771535580524,3.4574853007688824,1.6,1.6,713.5212800000002,652.4867200000001,143.93709999999993,84.91749999999992,69.58418000000023,67.56922000000019,-71905.40428000008,-87569.37429999994,-12.286331976481243,-12.60702562495335,3.453618272274986,0.00631667053163244,0.0,1.0,1.0,336.0312075983718,348.2985074626866,1.0,1.0,1.4830393487109905,1.8534708276797836,0.0,1.162822252374491,0.7720488466757124,0.0,7069.253731343284,0.0,0.0,15.0,0.0,20.0,207.2170963364993,30.0,491.2591587516961,10.0,0.0,0.0,0.0
671,0.3112849606204687,0.336421981854346,0.2933924950681819,0.32148102191164013,0.9835044341906383,0.9835163697996685,358.0,382.0,3.4311918063314697,3.380671902268763,0.0,0.0,3.433100558659218,3.3831151832460726,3.4072972972972972,1.6,1.6,664.7260800000001,699.6627200000001,120.58209999999993,81.70249999999996,44.14398000000021,117.96022000000019,-71861.26030000008,-87451.41407999994,-12.20830270270272,-12.43613373495801,3.405112612612613,0.025721681768900096,0.0,1.0,1.0,330.9513513513514,342.96216216216214,1.0,1.0,1.5162162162162163,1.8437686486486495,0.0,1.204054054054054,0.9459459459459459,0.0,7126.235135135135,0.0,0.0,15.0,0.0,20.0,204.30675675675676,30.0,488.2243243243243,10.0,0.0,0.0,0.0
672,0.31107021409482366,0.3362838091446707,0.2920860088310217,0.3201595436616764,0.9835309422036927,0.983542811876864,397.0,334.0,3.8500419815281264,3.1755489021956076,0.0,0.0,3.8529806884970617,3.1793912175648704,3.545212038303694,1.6,1.6,729.4832000000001,605.5577600000001,24.601299999999974,211.6824999999999,204.88190000000014,-106.12473999999975,-71656.37840000009,-87557.53881999994,-12.157585225718199,-12.486115791132828,3.5418604651162835,0.02211358498003197,0.0,1.0,1.0,341.16963064295487,353.1614227086183,1.0,1.0,1.456908344733242,1.8263214227086186,0.0,1.0533515731874146,0.6880984952120383,0.0,6954.228454172367,0.0,0.0,15.0,0.0,20.0,212.51162790697674,30.0,482.7701778385773,10.0,0.0,0.0,0.0
673,0.31099236702635513,0.33601111712562326,0.2940956069266414,0.3220553797594271,0.9835577033722788,0.9835694946041744,381.0,367.0,3.7537620297462806,4.399682107175292,0.0,0.0,3.755336832895888,4.3999545867393275,4.071613190730838,1.6,1.6,705.03168,690.7219200000001,134.57449999999994,80.72269999999997,70.45718000000011,109.9992200000001,-71585.92122000009,-87447.53959999995,-12.608722816399293,-12.62079775826619,4.070677361853835,0.05569348862656982,0.0,1.0,1.0,335.44251336898395,347.78208556149735,1.0,1.0,1.4906417112299466,1.8659807486631022,0.0,1.0748663101604279,0.9398395721925134,0.0,6946.47192513369,0.0,0.0,15.0,0.0,20.0,244.24064171122996,30.0,495.1644385026738,10.0,0.0,0.0,0.0
674,0.310801681956571,0.33581731113195945,0.2952690164984211,0.3234137446577504,0.983584253086073,0.9835960114292146,371.0,383.0,3.799505840071878,3.579982593559615,0.0,0.0,3.8031446540880505,3.5826370757180155,3.6911361626878865,1.6,1.6,688.4144000000001,716.2118399999999,124.95369999999991,86.14659999999992,63.4607000000002,130.06524000000002,-71522.4605200001,-87317.47435999995,-12.437048452696734,-12.600222759762948,3.687997347480111,0.007768953124381569,0.0,1.0,1.0,333.7201591511936,345.6737400530504,1.0,1.0,1.5079575596816976,1.862899522546419,0.0,1.0079575596816976,0.9217506631299734,0.0,7034.896551724138,0.0,0.0,15.0,0.0,20.0,221.27984084880637,30.0,494.2055702917772,10.0,0.0,0.0,0.0
675,0.3106251853082811,0.33581720285527994,0.29570623335836804,0.3236584527195744,0.9836104162251361,0.9836230690215051,367.0,355.0,3.7324704813805636,3.050845070422537,0.0,0.0,3.736012715712988,3.052488262910798,3.3999307479224377,1.6,1.6,669.7065600000001,653.4560000000001,98.32469999999995,156.87929999999992,71.38186000000013,-3.4232999999997844,-71451.0786600001,-87320.89765999994,-12.137893998153272,-12.555126220447118,3.397322253000927,0.01336872630652281,0.0,1.0,1.0,344.50692520775624,356.76592797783934,1.0,1.0,1.4916897506925209,1.8326351246537396,0.0,1.0844875346260388,0.7894736842105263,0.0,6947.757617728532,0.0,0.0,15.0,0.0,20.0,203.8393351800554,30.0,484.7368421052632,10.0,0.0,0.0,0.0
676,0.3104411801701448,0.33543178894586156,0.2951897084647878,0.323206044077259,0.9836371580635302,0.9836497143347136,353.0,397.0,3.634608120868744,4.255835432409741,0.0,0.01582703610411419,3.636355051935789,4.24080604534005,3.9563111111111113,1.6,1.6,657.2688,739.4988800000001,166.76629999999994,26.77669999999992,-9.497499999999889,212.72218000000018,-71460.5761600001,-87108.17547999995,-12.543900088888888,-12.61948059392962,3.9634444444444457,0.014239472215670426,0.0,1.0,1.0,337.69733333333335,349.98533333333336,1.0,1.0,1.5293333333333334,1.8623569066666679,0.008377777777777777,1.104,1.0533333333333332,0.0,6998.8,0.5026666666666667,0.0,14.888,0.0,20.0,237.304,30.0,494.02133333333336,10.0,0.0,0.0,0.0
677,0.3102453365024508,0.3352674281061231,0.2955020062353425,0.32366198910142174,0.9836633490727023,0.9836760884502127,384.0,380.0,4.376432291666661,3.2460964912280676,0.04370659722222223,0.0,4.335373263888888,3.2472368421052638,3.7941535776614317,1.6,1.6,703.5648000000001,700.6736000000001,78.37689999999996,131.88039999999995,125.18790000000014,68.79320000000013,-71335.3882600001,-87039.38227999995,-12.3371797556719,-12.475447127634828,3.8142233856893566,0.006111095773670538,0.0,1.0,1.0,334.9554973821989,346.869109947644,1.0,1.0,1.4973821989528795,1.8380083769633522,0.021967713787085518,1.2604712041884816,0.9280104712041884,0.0,7039.507853403142,1.318062827225131,0.0,14.6282722513089,0.0,20.0,227.53534031413614,30.0,486.434554973822,10.0,0.0,0.0,0.0
678,0.3101640788098793,0.3350884951385269,0.2957320088961785,0.32392181402314135,0.9836897044363643,0.9837023059399788,369.0,367.0,3.4625112917795833,3.2742052679382376,0.0,0.0,3.4657181571815716,3.2760217983651225,3.371127717391304,1.6,1.6,680.7939200000001,678.9862400000001,135.61179999999996,198.52719999999994,45.18212000000011,-19.54095999999987,-71290.2061400001,-87058.92323999995,-12.21640507246379,-12.60857850894396,3.368614130434786,0.001744569969362025,0.0,1.0,1.0,344.2907608695652,356.57608695652175,1.0,1.0,1.4986413043478262,1.847527391304349,0.0,1.111413043478261,0.8627717391304348,0.0,6950.346467391304,0.0,0.0,15.0,0.0,20.0,202.11684782608697,30.0,489.3967391304348,10.0,0.0,0.0,0.0
679,0.3101321713171483,0.33488595782665986,0.2954265186716499,0.3233390184406007,0.9837162851386609,0.9837287994742645,367.0,364.0,3.108128973660308,3.579532967032965,0.0,0.0,3.1121707538601275,3.5820054945054944,3.346124031007752,1.6,1.6,675.7520000000001,671.13984,132.56269999999995,175.2495999999999,43.18930000000012,-4.109759999999852,-71247.0168400001,-87063.03299999995,-12.175935978112197,-12.587915985530618,3.3428636570907475,-0.020183326612200982,0.0,1.0,1.0,343.6456908344733,355.8180574555404,1.0,1.0,1.4979480164158687,1.8425332968536263,0.0,0.9699042407660738,0.7838577291381669,0.0,7170.228454172367,0.0,0.0,15.0,0.0,20.0,200.5718194254446,30.0,487.83720930232556,10.0,0.0,0.0,0.0
680,0.30996530040017845,0.33467214591671773,0.2949164719079786,0.32257397192184684,0.9837429275749838,0.983755916509498,360.0,364.0,3.9586574074074052,3.521749084249083,0.0,0.0,3.9596759259259255,3.5233974358974356,3.740331491712707,1.6,1.6,665.99584,687.40128,160.7718999999999,157.19779999999992,5.223940000000141,30.203480000000127,-71241.7929000001,-87032.82951999996,-12.4963014732965,-12.640462936579098,3.73899631675875,0.00419118365028804,0.0,1.0,1.0,341.5911602209945,353.58977900552486,1.0,1.0,1.5027624309392265,1.8693330386740354,0.0,1.2444751381215469,0.8273480662983426,0.0,6990.958563535912,0.0,0.0,15.0,0.0,20.0,224.33977900552486,30.0,496.21132596685084,10.0,0.0,0.0,0.0
681,0.3098550736875462,0.33444729092017833,0.2939953300810085,0.3214055500900988,0.9837688624960935,0.9837822797147937,370.0,374.0,3.698558558558562,3.564483065953657,0.0,0.0,3.7,3.565641711229946,3.6324596774193547,1.6,1.6,679.1596800000001,690.40512,112.50199999999998,76.52019999999996,66.65768000000011,113.88492000000005,-71175.1352200001,-86918.94459999996,-12.280847670250898,-12.52676494158874,3.6311603942652337,-0.004354269815816677,0.0,1.0,1.0,340.05645161290323,352.1747311827957,1.0,1.0,1.5026881720430108,1.8408129032258065,0.0,1.1330645161290323,0.8655913978494624,0.0,7143.118279569892,0.0,0.0,15.0,0.0,20.0,217.86962365591398,30.0,487.2956989247312,10.0,0.0,0.0,0.0
682,0.30983850090510956,0.3343189478909551,0.29343791113181367,0.3209591286322151,0.9837945623524148,0.9838074341863191,352.0,357.0,3.5477746212121186,3.4157796451914106,0.0,0.0,3.548626893939394,3.418020541549953,3.4828631875881517,1.6,1.6,661.97216,652.3171199999999,143.23409999999993,156.8286999999999,18.738060000000104,-4.511579999999981,-71156.3971600001,-86923.45617999996,-12.298937094499301,-12.638684711134955,3.481311706629057,-0.0006364702641717905,0.0,1.0,1.0,352.5021156558533,364.8152327221439,1.0,1.0,1.5035260930888577,1.853722538787024,0.0,0.9111424541607899,0.8801128349788434,0.0,7071.410437235543,0.0,0.0,15.0,0.0,20.0,208.8787023977433,30.0,491.33991537376585,10.0,0.0,0.0,0.0
683,0.30982103956692586,0.3342621761539875,0.29274829834178795,0.3202201166235416,0.9838206907801352,0.983833658032103,359.0,371.0,3.2716341689879287,3.8537286612758304,0.0,0.0,3.2736768802228418,3.854312668463612,3.568767123287671,1.6,1.6,642.82016,687.9590400000001,138.33069999999998,122.56979999999994,4.489460000000008,65.38924000000013,-71151.9077000001,-86858.06693999996,-12.147693150684935,-12.523681479671799,3.5674657534246568,-0.013088533234885269,0.0,1.0,1.0,347.75068493150684,360.0917808219178,1.0,1.0,1.5082191780821919,1.8229852054794513,0.0,1.0205479452054795,0.9452054794520548,0.0,7162.997260273973,0.0,0.0,15.0,0.0,20.0,214.04794520547946,30.0,481.73424657534247,10.0,0.0,0.0,0.0
684,0.3097085078390931,0.33411205824055784,0.29192785635276275,0.3194220772442271,0.9838460735348467,0.9838596828071893,354.0,371.0,3.635122410546137,3.518059299191376,0.0,0.0,3.6374293785310736,3.5227762803234497,3.578758620689655,1.6,1.6,668.0313600000001,669.8592000000001,130.23549999999997,86.4735999999999,37.79586000000009,83.3856000000002,-71114.1118400001,-86774.68133999997,-12.28596708045978,-12.565349024345036,3.5752183908045962,-0.006183048746094012,0.0,1.0,1.0,347.7765517241379,360.02206896551724,1.0,1.0,1.5117241379310344,1.845366289655172,0.0,1.0717241379310345,0.9227586206896552,0.0,7070.16,0.0,0.0,15.0,0.0,20.0,214.51310344827587,30.0,488.7144827586207,10.0,0.0,0.0,0.0
685,0.3095803575289358,0.3338426412825679,0.29017267992542384,0.3173192798015503,0.983872076052768,0.983884708112614,365.0,386.0,3.4621004566210027,3.9059585492228006,0.0,0.0,3.4657077625570776,3.905958549222799,3.691988459831336,1.6,1.6,675.60608,717.35808,68.81679999999997,161.46689999999998,106.78928000000005,55.89117999999999,-71007.3225600001,-86718.79015999996,-12.38907341322681,-12.483810527206094,3.6902352418996975,0.03654160553828282,0.0,1.0,1.0,342.43941411451397,354.6537949400799,1.0,1.0,1.5139813581890813,1.8548124633821592,0.0,1.0452729693741678,1.1025299600532623,0.0,6998.407456724368,0.0,0.0,15.0,0.0,20.0,221.41411451398136,30.0,491.6750998668442,10.0,0.0,0.0,0.0
686,0.30934948369749654,0.3338669471366289,0.28984412441586327,0.3171821114873001,0.9838990731487731,0.9839106215391491,372.0,356.0,4.149731182795697,3.078464419475658,0.0,0.0,4.151702508960574,3.0836610486891387,3.629418498168498,1.6,1.6,679.6758400000001,671.296,90.28059999999992,187.2267999999999,89.39524000000019,-15.930799999999863,-70917.9273200001,-86734.72095999996,-12.368890842490828,-12.55744285863684,3.6258699633699627,0.0036967470306995764,0.0,1.0,1.0,350.6263736263736,362.87774725274727,1.0,1.0,1.489010989010989,1.855730549450549,0.0,0.929945054945055,0.9519230769230769,0.0,7193.402472527472,0.0,0.0,15.0,0.0,20.0,217.5521978021978,30.0,491.967032967033,10.0,0.0,0.0,0.0
687,0.30931533378300874,0.33381592834041623,0.29010454637700517,0.317125537065565,0.9839244853266976,0.9839362448916456,356.0,341.0,3.5669943820224703,3.3316226783968705,0.0,0.0,3.5705992509363296,3.332942326490714,3.454328072692492,1.6,1.6,659.27552,639.7568000000001,178.35719999999995,95.39359999999995,-19.08167999999992,44.36320000000016,-70937.00900000011,-86690.35775999996,-12.347697178383564,-12.69462512474827,3.4518412242946037,0.019057319583606843,0.0,1.0,1.0,349.36154949784793,361.9210903873745,1.0,1.0,1.4892395982783357,1.8637479483500725,0.0,1.0530846484935437,0.8134863701578192,0.0,7127.843615494979,0.0,0.0,15.0,0.0,20.0,207.11047345767577,30.0,494.4662840746054,10.0,0.0,0.0,0.0
688,0.30921975722835615,0.33373018372962,0.28985889740410065,0.3171078992090407,0.9839500370017479,0.9839614578411993,345.0,384.0,3.7045410628019324,3.8939670138888887,0.0,0.0,3.706666666666666,3.896744791666666,3.80679012345679,1.6,1.6,652.3190400000001,696.6556800000001,170.66369999999995,58.66039999999997,-18.344659999999863,137.9952800000001,-70955.35366000011,-86552.36247999995,-12.408303978052123,-12.633208022687555,3.8043209876543265,-0.003564926414838328,0.0,1.0,1.0,350.1536351165981,362.599451303155,1.0,1.0,1.5267489711934157,1.8504454320987678,0.0,1.0329218106995885,0.9080932784636488,0.0,7022.530864197531,0.0,0.0,15.0,0.0,20.0,228.25925925925927,30.0,490.30452674897117,10.0,0.0,0.0,0.0
689,0.3088720136427368,0.33360343899953865,0.2903584670819627,0.31740549767422116,0.9839764615707799,0.9839873475860205,388.0,371.0,4.2859965635738835,3.165453728661276,0.0,0.0,4.286984536082474,3.168328840970351,3.740184453227932,1.6,1.6,725.3212800000001,690.87744,64.50849999999997,122.56809999999996,160.81278000000015,68.30934000000002,-70794.54088000012,-86484.05313999995,-12.475121124286355,-12.505775138274114,3.738274044795785,0.031402899881836595,0.0,1.0,1.0,336.05797101449275,347.89459815546775,1.0,1.0,1.4888010540184453,1.8658744664031626,0.0,1.2239789196310935,1.077733860342556,0.0,7123.486166007905,0.0,0.0,15.0,0.0,20.0,224.29644268774703,30.0,495.1317523056654,10.0,0.0,0.0,0.0
690,0.3088460102168823,0.333435362288647,0.2897970411840716,0.316896372935008,0.9840015597196667,0.9840128929338565,378.0,356.0,3.338977072310406,3.657865168539325,0.0,0.0,3.3419312169312168,3.659316479400749,3.4958673932788376,1.6,1.6,711.2832000000001,666.55136,135.35629999999992,163.73979999999992,75.92690000000016,2.811560000000128,-70718.61398000011,-86481.24157999994,-12.445412534059939,-12.600278464440937,3.4936421435059035,0.0365226864625141,0.0,1.0,1.0,346.7983651226158,359.07629427792915,1.0,1.0,1.4850136239782017,1.8771588010899192,0.0,1.2016348773841963,1.0068119891008174,0.0,7025.325613079019,0.0,0.0,15.0,0.0,20.0,209.61852861035422,30.0,498.64850136239784,10.0,0.0,0.0,0.0
691,0.308892640979953,0.33316716734277463,0.28981362417863066,0.3166316696169386,0.9840270050915952,0.9840387415712122,353.0,373.0,3.259537299338999,3.823100983020556,0.0,0.0,3.263597733711048,3.8266756032171587,3.5528925619834713,1.6,1.6,634.00832,711.9324799999999,209.2009999999999,86.55049999999994,-75.19267999999988,125.38198,-70793.8066600001,-86355.85959999994,-12.327177226813584,-12.632115538791735,3.5490817263544554,-0.007596196397816186,0.0,1.0,1.0,358.91735537190084,371.3264462809917,1.0,1.0,1.5137741046831956,1.853912947658402,0.0,0.9380165289256198,0.8705234159779615,0.0,7022.2837465564735,0.0,0.0,15.0,0.0,20.0,212.94490358126723,30.0,491.3939393939394,10.0,0.0,0.0,0.0
692,0.3086882615094502,0.3329661352221335,0.28866682537636906,0.31543292321202604,0.9840529464042899,0.9840635119634873,369.0,360.0,4.057046070460704,3.575787037037034,0.0004516711833785005,0.0,4.05880758807588,3.5790277777777777,3.8218792866941014,1.6,1.6,691.86752,666.93856,95.90679999999999,141.72659999999993,95.96072000000002,25.21196000000012,-70697.8459400001,-86330.64763999994,-12.49582130772749,-12.733682930693723,3.8193872885230986,-0.009565729779450038,0.0,1.0,1.0,352.6803840877915,365.03017832647464,1.0,1.0,1.4938271604938271,1.8639315226337456,0.0002286236854138089,1.1358024691358024,0.9122085048010974,0.0,7009.537722908093,0.013717421124828532,0.0,14.986282578875171,0.0,20.0,229.14951989026062,30.0,494.52263374485597,10.0,0.0,0.0,0.0
693,0.3085268345646283,0.33272291534529136,0.288634234528547,0.3154324496213316,0.9840788593139361,0.984088630609308,362.0,355.0,4.020257826887666,3.6021596244131415,0.0,0.0,4.021362799263352,3.6033802816901406,3.81441190144119,1.6,1.6,673.9087999999999,638.7459200000001,162.95859999999993,139.28119999999996,10.950199999999995,-0.5352799999998865,-70686.8957400001,-86331.18291999993,-12.292947838214795,-12.513456242188811,3.8132496513249694,0.009203233527910205,0.0,1.0,1.0,358.05857740585776,370.59553695955367,1.0,1.0,1.4951185495118549,1.830759721059973,0.0,1.1506276150627615,0.7517433751743375,0.0,7129.0,0.0,0.0,15.0,0.0,20.0,228.79497907949792,30.0,484.1548117154812,10.0,0.0,0.0,0.0
694,0.3084333401911165,0.3324781291285942,0.2887015360818901,0.31537803542370363,0.9841036539348665,0.9841133238580674,366.0,360.0,3.3934426229508183,3.728518518518521,0.0,0.0,3.3947632058287804,3.7297222222222226,3.560858585858586,1.6,1.6,678.90752,657.6640000000001,122.88209999999995,136.95299999999992,56.025420000000025,20.711000000000183,-70630.87032000009,-86310.47191999994,-12.253398898071623,-12.62794986444672,3.559595959595963,-0.015243592243370043,0.0,1.0,1.0,361.8154269972452,374.1487603305785,1.0,1.0,1.4958677685950412,1.8410076033057845,0.0,0.9752066115702479,0.7603305785123967,0.0,7115.702479338843,0.0,0.0,15.0,0.0,20.0,213.57575757575756,30.0,487.3567493112948,10.0,0.0,0.0,0.0
695,0.30833977728493733,0.33215854137643447,0.2884237178630013,0.31495485857876737,0.984128452976923,0.9841389580357317,364.0,372.0,3.5787545787545776,3.6254480286738358,0.0,0.0,3.581547619047618,3.627016129032258,3.604528985507247,1.6,1.6,669.5424,675.9529600000001,119.18279999999993,90.46149999999994,50.359600000000114,85.49146000000013,-70580.5107200001,-86224.98045999993,-12.192645108695666,-12.427229263718573,3.602355072463772,0.001066981291536928,0.0,1.0,1.0,350.0638586956522,361.9660326086956,1.0,1.0,1.5054347826086956,1.8281186956521736,0.0,1.108695652173913,1.0108695652173914,0.0,7207.923913043478,0.0,0.0,15.0,0.0,20.0,216.1413043478261,30.0,483.3328804347826,10.0,0.0,0.0,0.0
696,0.30823420496713316,0.3319347377105582,0.2887070504372606,0.31507549442410454,0.9841533937452472,0.9841646273727482,346.0,369.0,3.596531791907514,4.214859981933155,0.0,0.0,3.5970134874759156,4.217118337850045,3.917039627039627,1.6,1.6,629.6499200000001,681.1024,191.64059999999995,128.97949999999994,-61.990679999999884,52.122900000000044,-70642.5014000001,-86172.85755999993,-12.348771468531472,-12.542472109998378,3.9156410256410226,0.0388451784737625,0.0,1.0,1.0,358.8965034965035,371.15804195804196,1.0,1.0,1.5160839160839161,1.8332200279720283,0.0,0.7118881118881119,1.0825174825174826,0.0,6979.636363636364,0.0,0.0,15.0,0.0,20.0,234.93846153846152,30.0,484.9244755244755,10.0,0.0,0.0,0.0
697,0.3082675902743805,0.33174755759595265,0.2891459602400688,0.31526573998478863,0.9841788731665961,0.9841900862588437,384.0,355.0,3.422092013888886,3.523192488262911,0.0,0.0,3.42421875,3.526009389671361,3.473116824537664,1.6,1.6,699.76704,654.2534400000002,83.24589999999998,148.78279999999992,116.52113999999997,5.470640000000259,-70525.9802600001,-86167.38691999993,-12.164829589535406,-12.517373649506045,3.4706585475868357,-0.0026721846600852328,0.0,1.0,1.0,356.0135317997294,368.1677943166441,1.0,1.0,1.4803788903924222,1.8322333964817332,0.0,1.121786197564276,0.8078484438430311,0.0,7165.075778078484,0.0,0.0,15.0,0.0,20.0,208.23951285520974,30.0,484.6197564276049,10.0,0.0,0.0,0.0
698,0.3082837245579501,0.3316447603703822,0.2894752307989245,0.31536415319467626,0.9842038623038604,0.9842146932731366,369.0,346.0,3.524887082204154,3.2742774566473978,0.0,0.0,3.5268744354110204,3.2776974951830447,3.4062937062937064,1.6,1.6,682.3225600000001,635.8892800000001,116.69229999999996,80.41969999999995,65.6302600000001,55.46958000000015,-70460.3500000001,-86111.91733999993,-12.207010536130522,-12.602940054743245,3.4036130536130558,-0.007691438666073566,0.0,1.0,1.0,358.2041958041958,370.5174825174825,1.0,1.0,1.4839160839160839,1.8436529230769236,0.0,1.0923076923076922,0.8363636363636363,0.0,7244.895104895105,0.0,0.0,15.0,0.0,20.0,204.21678321678323,30.0,488.1902097902098,10.0,0.0,0.0,0.0
699,0.30819035660399124,0.33125731443279643,0.2909867495090842,0.3166947838890366,0.9842288959409543,0.9842389454325147,354.0,381.0,3.233804143126175,4.070559930008749,0.0,0.0,3.2354048964218456,4.071434820647419,3.668775510204082,1.6,1.6,648.17344,699.144,127.64839999999995,41.13089999999998,20.525040000000075,158.0131,-70439.8249600001,-85953.90423999993,-12.248708208616787,-12.388297922643114,3.6675510204081676,0.01700366466472031,0.0,1.0,1.0,350.05850340136055,361.76190476190476,1.0,1.0,1.5183673469387755,1.833084952380952,0.0,1.1605442176870748,1.0122448979591836,0.0,6964.627210884354,0.0,0.0,15.0,0.0,20.0,220.0530612244898,30.0,484.87891156462587,10.0,0.0,0.0,0.0
700,0.30822836724366987,0.3311458008746413,0.29106220988698633,0.31666443840644976,0.9842536056412142,0.9842630659808547,346.0,390.0,3.370472061657034,3.5012820512820526,0.0,0.0,3.3728323699421967,3.5027777777777773,3.441689311594203,1.6,1.6,637.4944,715.7392000000001,154.79779999999994,154.45929999999993,-17.303399999999897,61.27990000000017,-70457.1283600001,-85892.62433999994,-12.19114311594204,-12.515201950417225,3.43978713768116,-0.005940836234288455,0.0,1.0,1.0,358.6453804347826,370.83559782608694,1.0,1.0,1.5298913043478262,1.8386326086956515,0.0,0.9918478260869565,1.0244565217391304,0.0,7152.55027173913,0.0,0.0,15.0,0.0,20.0,206.38722826086956,30.0,486.6195652173913,10.0,0.0,0.0,0.0
701,0.3080194600163941,0.330972739458606,0.29038038127464316,0.31577621379612536,0.98427847321566,0.9842870598885881,384.0,351.0,3.9245225694444454,3.280009496676162,0.0,0.0,3.9259982638888884,3.2824311490978157,3.618662131519275,1.6,1.6,720.7155200000001,660.35104,53.065699999999964,182.66649999999993,167.64982000000012,-22.315459999999916,-70289.4785400001,-85914.93979999993,-12.505813333333334,-12.59471616189186,3.6167346938775524,0.014104946176360931,0.0,1.0,1.0,352.2244897959184,364.1061224489796,1.0,1.0,1.4775510204081632,1.8790021224489815,0.0,1.1755102040816328,1.0312925170068028,0.0,7061.0204081632655,0.0,0.0,15.0,0.0,20.0,217.00408163265305,30.0,499.2326530612245,10.0,0.0,0.0,0.0
702,0.3079485507438534,0.33079826978520194,0.2894673601823696,0.31462408798316,0.9843027722548711,0.9843115029413415,361.0,366.0,3.279778393351801,3.6496357012750424,0.0,0.0,3.282733148661126,3.6524590163934425,3.4688674919761575,1.6,1.6,646.1433600000001,689.1014400000001,182.0504999999999,85.27479999999996,-35.90713999999974,103.82664000000018,-70325.3856800001,-85811.11315999994,-12.189606602475942,-12.500391165961194,3.4659789087574504,0.01127358719973792,0.0,1.0,1.0,356.3452544704264,368.4869325997249,1.0,1.0,1.5034387895460797,1.8366503438789548,0.0,0.9821182943603851,1.1306740027510316,0.0,7004.9050894085285,0.0,0.0,15.0,0.0,20.0,207.95873452544706,30.0,485.98899587345255,10.0,0.0,0.0,0.0
703,0.3079430079244934,0.3304435375054948,0.2882154784104572,0.3132309963856431,0.9843268166532027,0.9843354374408537,327.0,383.0,3.5362895005096835,3.6612271540469985,0.0,0.0,3.540163098878695,3.66331592689295,3.606596244131455,1.6,1.6,598.8086400000001,712.15392,194.32029999999992,68.45539999999997,-95.51165999999984,143.69852,-70420.8973400001,-85667.41463999993,-12.303802065727702,-12.574361757566335,3.6036854460093912,0.007531470333181713,0.0,1.0,1.0,360.787323943662,373.012676056338,1.0,1.0,1.5394366197183098,1.84642614084507,0.0,0.8507042253521127,0.9394366197183098,0.0,7027.757746478873,0.0,0.0,15.0,0.0,20.0,216.22112676056338,30.0,489.05915492957746,10.0,0.0,0.0,0.0
704,0.3075125790686774,0.3303721622821412,0.29006143259052714,0.314926623501939,0.9843516538077037,0.9843589770048199,416.0,323.0,5.701442307692308,3.2954076367389042,0.17451923076923082,0.0,5.528685897435898,3.2984520123839007,4.5539016689219665,1.6,1.6,779.96064,587.07968,2.459799999999973,274.5597999999999,277.50084000000004,-187.48011999999983,-70143.3965000001,-85854.89475999992,-12.742943076229155,-12.555316768748634,4.6498195760036145,0.06925701776179494,0.0,1.0,1.0,359.49526387009473,371.80784844384306,1.0,1.0,1.4370771312584574,1.8498515832205682,0.09824086603518271,1.2165087956698242,0.8159675236806495,0.0,7055.38700947226,5.894451962110961,0.0,13.916102841677944,0.0,20.0,273.09472259810553,30.0,490.12719891745604,10.0,0.0,0.0,0.0
705,0.3075572778344364,0.33008957375085846,0.29052144527789103,0.31517772202900624,0.9843757895092806,0.9843833994322163,346.0,374.0,3.2943159922928706,3.931461675579323,0.0,0.002094474153297683,3.2989884393063584,3.9309269162210336,3.6272453703703706,1.6,1.6,636.4601600000001,688.9769600000001,332.6992999999998,23.797999999999966,-196.23913999999974,165.1789600000001,-70339.63564000011,-85689.71579999992,-12.278961481481485,-12.609285808795292,3.62527777777778,-0.016958558277754433,0.0,1.0,1.0,364.81388888888887,377.21666666666664,1.0,1.0,1.5194444444444444,1.8408848888888887,0.001087962962962963,1.0458333333333334,0.8208333333333333,0.0,7054.841666666666,0.06527777777777778,0.0,14.947222222222223,0.0,20.0,217.45138888888889,30.0,487.3277777777778,10.0,0.0,0.0,0.0
706,0.30738229963304414,0.3299391994665652,0.290068323049694,0.3145374388837495,0.9844010330954724,0.9844074259570395,351.0,368.0,4.071320037986706,3.2940670289855096,0.0,0.0,4.073029439696106,3.2990942028985506,3.676912378303199,1.6,1.6,654.23584,683.5289600000001,83.13329999999996,132.48299999999992,71.10254000000009,51.04596000000018,-70268.5331000001,-85638.66983999991,-12.417261010662953,-12.61299532739137,3.6735048678720457,0.028736779499937897,0.0,1.0,1.0,364.3824756606398,376.5146036161335,1.0,1.0,1.5118219749652295,1.8605908205841455,0.0,1.0876216968011128,0.8011126564673157,0.0,7138.207232267037,0.0,0.0,15.0,0.0,20.0,220.41029207232268,30.0,493.471488178025,10.0,0.0,0.0,0.0
707,0.3072511325248114,0.32968924491807855,0.29106438330227224,0.3161151524785021,0.9844249879330788,0.984431770253337,343.0,376.0,3.7009718172983472,3.590159574468087,0.0,0.0,3.702769679300291,3.591799645390071,3.6447380621233196,1.6,1.6,632.2435200000001,699.3488000000001,180.0442,67.62779999999991,-47.800679999999886,131.72100000000017,-70316.3337800001,-85506.94883999991,-12.353215020862294,-12.581536548840027,3.6430227167362093,0.006332907754695156,0.0,1.0,1.0,360.98470097357443,372.91237830319886,1.0,1.0,1.5229485396383866,1.8520060083449257,0.0,1.0834492350486786,0.8998609179415855,0.0,7080.635605006954,0.0,0.0,15.0,0.0,20.0,218.58136300417246,30.0,490.79276773296243,10.0,0.0,0.0,0.0
708,0.3070838143415246,0.3295611043640987,0.29038511491774277,0.3155172453353371,0.9844488383366311,0.9844555640993596,368.0,376.0,4.347192028985506,3.7590868794326213,0.0,0.0,4.348641304347826,3.7610372340425533,4.051680107526882,1.6,1.6,694.3552000000001,704.78624,83.31789999999997,144.75009999999992,111.03730000000012,60.0361400000001,-70205.2964800001,-85446.91269999991,-12.688540143369178,-12.70788284196348,4.0499775985663105,0.01686968358452093,0.0,1.0,1.0,362.7876344086022,374.81182795698925,1.0,1.0,1.5053763440860215,1.8805664516129044,0.0,1.1021505376344085,0.9771505376344086,0.0,7038.447580645161,0.0,0.0,15.0,0.0,20.0,242.9986559139785,30.0,499.71505376344084,10.0,0.0,0.0,0.0
709,0.30711376622244174,0.32950542127396215,0.2902879043313839,0.3156991256536774,0.9844727622113069,0.9844792588516242,385.0,350.0,3.60142857142857,3.2630476190476188,0.0,0.0,3.605108225108225,3.267190476190476,3.4441950113378685,1.6,1.6,736.26624,640.3004800000001,40.63419999999995,257.2783999999999,195.63204000000007,-116.97791999999981,-70009.66444000011,-85563.89061999992,-12.398213514739234,-12.587453321116447,3.440294784580505,0.004795933591870218,0.0,1.0,1.0,358.08299319727894,370.29115646258504,1.0,1.0,1.4761904761904763,1.8728798911564617,0.0,1.2489795918367348,0.8775510204081632,0.0,7026.980952380953,0.0,0.0,15.0,0.0,20.0,206.41768707482993,30.0,497.308843537415,10.0,0.0,0.0,0.0
710,0.30719920326576144,0.3294306988421074,0.29045331908210564,0.31566627842549255,0.9844970769952165,0.9845025014789127,353.0,358.0,3.0083097261567513,3.3929236499068884,0.0,0.0,3.0107176581680832,3.3945996275605212,3.2040084388185655,1.6,1.6,640.5872000000002,672.6774400000002,167.47589999999994,75.18069999999993,-26.888699999999773,97.49674000000023,-70036.5531400001,-85466.39387999992,-12.146975902484769,-12.494750269018265,3.2019690576652593,-0.006619954234776515,0.0,1.0,1.0,369.8973277074543,382.2137834036568,1.0,1.0,1.5035161744022503,1.8470670042194102,0.0,0.9029535864978903,0.8537271448663853,0.0,7214.87482419128,0.0,0.0,15.0,0.0,20.0,192.11814345991561,30.0,489.2559774964838,10.0,0.0,0.0,0.0
711,0.3070710193037694,0.32904283880343804,0.2909514274659283,0.3157403552129297,0.9845212144808161,0.984526254993936,376.0,363.0,3.945656028368794,3.800872359963271,0.0,0.0,3.9460992907801415,3.8055555555555554,3.8770635994587277,1.6,1.6,706.41632,670.0060800000001,90.53929999999994,106.6767999999999,115.8770200000001,63.32928000000021,-69920.6761200001,-85403.06459999991,-12.509529093369412,-12.664164128296882,3.874537663509249,0.030600199879460898,0.0,1.0,1.0,370.2422192151556,382.5236806495264,1.0,1.0,1.4912043301759135,1.862547225981056,0.0,1.0311231393775373,0.8119079837618404,0.0,7050.178619756428,0.0,0.0,15.0,0.0,20.0,232.47225981055482,30.0,494.0933694181326,10.0,0.0,0.0,0.0
712,0.30705059710244464,0.3287168017174955,0.29065674973717454,0.31575132474660095,0.9845450742427494,0.984550197514474,343.0,380.0,3.4087949465500476,3.9911403508771937,0.0,0.0,3.4121963070942662,3.9925877192982457,3.7172429691101887,1.6,1.6,634.11808,701.7779200000001,244.5799999999999,90.43109999999996,-110.46191999999994,111.34682000000015,-70031.1380400001,-85291.7177799999,-12.356039649608121,-12.523601674254353,3.7148686030428726,0.006360596489456979,0.0,1.0,1.0,364.8755186721992,376.97095435684645,1.0,1.0,1.5255878284923927,1.8477123098201942,0.0,1.0345781466113417,0.9557399723374828,0.0,6978.3222683264175,0.0,0.0,15.0,0.0,20.0,222.8921161825726,30.0,489.45919778699863,10.0,0.0,0.0,0.0
713,0.3069688483394885,0.3286610737101095,0.29064644680841706,0.31576093763947644,0.9845687183503828,0.9845741727844701,352.0,373.0,3.642329545454547,3.284495084897231,0.0,0.0,3.645738636363636,3.285790884718499,3.4605517241379316,1.6,1.6,656.04672,680.52128,110.17559999999995,132.4471999999999,45.871120000000104,48.07408000000015,-69985.26692000011,-85243.6436999999,-12.228211494252868,-12.49265794036994,3.4582298850574693,-0.001424551945639311,0.0,1.0,1.0,365.1503448275862,377.3062068965517,1.0,1.0,1.5144827586206897,1.8435420689655189,0.0,1.193103448275862,0.8234482758620689,0.0,7271.111724137931,0.0,0.0,15.0,0.0,20.0,207.49379310344827,30.0,488.16275862068966,10.0,0.0,0.0,0.0
714,0.3069228187773111,0.32847746939427175,0.2908962032274761,0.3160831523845528,0.9845916526151712,0.9845976493202029,375.0,355.0,3.7100000000000026,3.2746009389671324,0.0,0.0,3.713511111111111,3.2775117370892013,3.5014840182648403,1.6,1.6,695.3676800000001,651.5705600000001,90.07669999999999,113.60169999999991,105.29098000000008,37.968860000000205,-69879.9759400001,-85205.6748399999,-12.253741369863011,-12.586390070726933,3.498264840182654,0.011579157973530516,0.0,1.0,1.0,366.6876712328767,378.97123287671235,1.0,1.0,1.4863013698630136,1.8451208767123286,0.0,1.1465753424657534,0.7931506849315069,0.0,6991.127397260274,0.0,0.0,15.0,0.0,20.0,209.8958904109589,30.0,488.64931506849314,10.0,0.0,0.0,0.0
715,0.30687400511672963,0.3281898267100687,0.2913709233971676,0.3164094238041927,0.9846152549351895,0.984620665620907,362.0,357.0,3.3200736648250477,3.484360410831,0.0,0.0,3.324033149171271,3.4857609710550888,3.404334724153918,1.6,1.6,663.9622400000001,661.7232000000001,143.66869999999992,97.29629999999992,20.29354000000015,64.42690000000022,-69859.6824000001,-85141.2479399999,-12.207038293926736,-12.533321437405288,3.4016458043579045,0.009608443878941069,0.0,1.0,1.0,368.8289290681502,381.0973574408901,1.0,1.0,1.4965229485396383,1.8437905980528502,0.0,1.122392211404729,0.8233657858136301,0.0,7094.12100139082,0.0,0.0,15.0,0.0,20.0,204.09874826147427,30.0,488.22809457579973,10.0,0.0,0.0,0.0
716,0.30676115298696205,0.32809820429435377,0.2913315324029126,0.31592781083999705,0.9846391442333088,0.984643998082236,392.0,342.0,4.166241496598638,3.2922514619883048,0.0,0.0,4.168324829931972,3.2947368421052636,3.7612851952770203,1.6,1.6,738.9590400000002,624.07232,58.68759999999996,146.48719999999994,180.2714400000002,-22.414879999999954,-69679.41096000011,-85163.6628199999,-12.429741326067207,-12.572492829316472,3.759014532243412,0.05293053999077263,0.0,1.0,1.0,369.5136239782016,381.87465940054494,1.0,1.0,1.465940054495913,1.8569909536784737,0.0,1.220708446866485,0.8583106267029973,0.0,6953.035422343324,0.0,0.0,15.0,0.0,20.0,225.5408719346049,30.0,492.3542234332425,10.0,0.0,0.0,0.0
717,0.3067877606755299,0.32780024552762527,0.2897915024706546,0.3142545791728765,0.9846633490980138,0.9846677090903274,345.0,359.0,3.1956521739130417,3.844661095636025,0.0,0.0,3.1980676328502415,3.8491643454038993,3.530089962121212,1.6,1.6,637.6230400000002,641.2384,202.55899999999983,94.43939999999992,-64.93595999999965,46.799000000000035,-69744.34692000011,-85116.8638199999,-12.09252443181819,-12.446620455142297,3.5266098484848487,0.0012343920899653736,0.0,1.0,1.0,371.04829545454544,383.1150568181818,1.0,1.0,1.5099431818181819,1.8165645454545454,0.0,1.0568181818181819,0.8536931818181818,0.0,7119.603693181818,0.0,0.0,15.0,0.0,20.0,211.5965909090909,30.0,479.71732954545456,10.0,0.0,0.0,0.0
718,0.3066933506266764,0.32771173644400997,0.29051610686968204,0.3146494924818441,0.9846863618335686,0.984690471380114,345.0,360.0,3.866280193236712,3.4568981481481478,0.0,0.0,3.8664734299516907,3.4607870370370373,3.6593144208037827,1.6,1.6,657.184,644.5059200000001,118.60009999999997,153.4183999999999,38.5839,-8.912479999999846,-69705.76302000011,-85125.7762999999,-12.32484576832152,-12.581324394619026,3.657234042553193,0.0024967570478093616,0.0,1.0,1.0,372.8609929078014,384.9148936170213,1.0,1.0,1.5106382978723405,1.8463686808510626,0.0,1.2056737588652482,0.7361702127659574,0.0,7019.621276595744,0.0,0.0,15.0,0.0,20.0,219.4340425531915,30.0,489.03262411347515,10.0,0.0,0.0,0.0
719,0.30663152597904697,0.3275419790752562,0.2908610474882067,0.314626661010459,0.9847099538559044,0.9847130852917518,366.0,358.0,3.7909380692167582,3.4718808193668513,0.0,0.0,3.7923041894353373,3.4760707635009314,3.6359346224677713,1.6,1.6,673.4288,659.2345600000001,85.41749999999998,105.54649999999985,88.01130000000005,53.68806000000025,-69617.75172000012,-85072.0882399999,-12.280971639042368,-12.567393396995818,3.633172191528546,-0.009665422567860384,0.0,1.0,1.0,374.4033149171271,386.7596685082873,1.0,1.0,1.4944751381215469,1.840695248618784,0.0,0.9668508287292817,0.9295580110497238,0.0,7038.654696132597,0.0,0.0,15.0,0.0,20.0,217.9903314917127,30.0,487.26795580110496,10.0,0.0,0.0,0.0
720,0.3065590506755923,0.3273968003464813,0.2905478324875431,0.3144517745260261,0.9847334009675627,0.9847366840188243,356.0,383.0,3.4373595505617973,3.8021322889469102,0.0,0.0,3.4423220973782778,3.804177545691906,3.6298601714027963,1.6,1.6,657.76192,722.1072,121.98229999999992,70.90419999999995,35.77962000000011,151.2030000000001,-69581.97210000012,-84920.8852399999,-12.438428867839443,-12.658873363722192,3.6264095624718125,-0.0020127293915290483,0.0,1.0,1.0,369.87280108254396,382.09201623815966,1.0,1.0,1.5182679296346413,1.8672112584573761,0.0,1.0365358592692828,1.0162381596752368,0.0,6999.733423545332,0.0,0.0,15.0,0.0,20.0,217.58457374830851,30.0,495.54262516914747,10.0,0.0,0.0,0.0
721,0.30648447885832747,0.32718481455147724,0.2891780398403783,0.3126578836243341,0.9847567523659017,0.9847604332905389,369.0,359.0,3.3770099367660364,3.3190807799442883,0.0,0.0,3.3788617886178858,3.324837511606314,3.3522206959706953,1.6,1.6,663.91616,665.8572800000001,125.13569999999991,149.0435999999999,38.780460000000076,16.813680000000147,-69543.19164000012,-84904.0715599999,-12.081965018315014,-12.50032267728789,3.3484432234432213,-0.01539244700207003,0.0,1.0,1.0,374.7651098901099,386.9175824175824,1.0,1.0,1.4931318681318682,1.8266118681318684,0.0,1.0082417582417582,0.8804945054945055,0.0,7120.747252747253,0.0,0.0,15.0,0.0,20.0,200.9065934065934,30.0,482.8585164835165,10.0,0.0,0.0,0.0
722,0.30647655348482833,0.3270318712014747,0.2895629332179539,0.3130488842434906,0.9847787657411855,0.9847834976475663,372.0,361.0,3.336827956989248,3.840212373037858,0.0,0.0,3.3404569892473117,3.842289935364728,3.587608003638018,1.6,1.6,682.4188800000001,673.93856,58.09199999999997,92.5004999999999,124.32688000000009,81.43806000000015,-69418.86476000013,-84822.6334999999,-12.320328149158723,-12.554224456321812,3.584743065029559,-0.002283962675744127,0.0,1.0,1.0,372.7462482946794,385.07503410641203,1.0,1.0,1.4924965893587994,1.8504194270122805,0.0,1.140518417462483,0.9413369713506139,0.0,7115.30832196453,0.0,0.0,15.0,0.0,20.0,215.08458390177353,30.0,490.300136425648,10.0,0.0,0.0,0.0
723,0.30645611439356274,0.326973937343645,0.28914743705853646,0.3128750579542545,0.9848015514590721,0.9848069356238596,354.0,355.0,3.424858757062146,3.693145539906101,0.0,0.0,3.4272598870056497,3.6942253521126758,3.560930888575458,1.6,1.6,645.5868800000001,661.33664,134.66979999999992,134.15569999999997,10.91708000000014,27.18094000000002,-69407.94768000013,-84795.45255999989,-12.26728387400095,-12.65905015618887,3.5591913493182883,-0.021847586221822927,0.0,1.0,1.0,378.5275035260931,391.0070521861777,1.0,1.0,1.5007052186177716,1.843333596614952,0.0,0.9760225669957687,0.9337094499294781,0.0,7047.420310296192,0.0,0.0,15.0,0.0,20.0,213.55148095909732,30.0,488.0818053596615,10.0,0.0,0.0,0.0
724,0.30644708988179054,0.32672510788216574,0.2890975990917495,0.3129076576149152,0.9848247383958494,0.9848294960532713,351.0,376.0,4.12526115859449,4.360195035460994,0.0,0.0,4.1283475783475785,4.362056737588653,4.249220541036222,1.6,1.6,661.8259200000001,696.0176000000001,87.71339999999996,45.04269999999998,74.11252000000015,150.97490000000016,-69333.83516000013,-84644.47765999989,-12.68978120128383,-12.602834989872239,4.246767537826687,0.03475773522937529,0.0,1.0,1.0,375.6038514442916,387.9697386519945,1.0,1.0,1.5171939477303988,1.867735240715268,0.0,1.0330123796423658,1.0192572214580469,0.0,7122.448418156809,0.0,0.0,15.0,0.0,20.0,254.8060522696011,30.0,495.7193947730399,10.0,0.0,0.0,0.0
725,0.3063197042734626,0.3266499112565478,0.2892477301893426,0.3126999314065584,0.984847732800801,0.9848517596957982,359.0,366.0,3.614809656453108,3.127595628415299,0.0,0.0,3.6173630454967505,3.13091985428051,3.371793103448276,1.6,1.6,654.7417600000001,689.5820800000001,51.65519999999994,103.65659999999995,103.08656000000018,85.92548000000018,-69230.74860000014,-84558.55217999988,-12.25707475862069,-12.623262122031251,3.3688505747126403,-0.013035297083717947,0.0,1.0,1.0,378.5558620689655,390.7848275862069,1.0,1.0,1.5048275862068965,1.8542397793103442,0.0,1.0648275862068965,0.953103448275862,0.0,7112.171034482759,0.0,0.0,15.0,0.0,20.0,202.13103448275862,30.0,491.50068965517244,10.0,0.0,0.0,0.0
726,0.30618677217454193,0.32654329278691324,0.28843707867599516,0.31146806314824693,0.9848702210303814,0.9848738895165076,371.0,360.0,4.091689128481583,3.23134259259259,0.0,0.0,4.093845462713388,3.2355555555555555,3.6711582307341546,1.6,1.6,689.0822400000001,663.89472,85.79359999999996,153.88019999999995,103.28864000000011,10.014520000000061,-69127.45996000014,-84548.53765999989,-12.356281076151394,-12.529912163275519,3.667989056087553,0.0252634557233551,0.0,1.0,1.0,377.92065663474693,390.26675786593705,1.0,1.0,1.4924760601915186,1.8508576744186052,0.0,1.094391244870041,0.7934336525307798,0.0,7033.261285909713,0.0,0.0,15.0,0.0,20.0,220.07934336525307,30.0,490.4391244870041,10.0,0.0,0.0,0.0
727,0.30620673355142863,0.3264412297523412,0.28716058780802683,0.31002355213584143,0.9848925578976013,0.9848969241789164,373.0,348.0,3.199240393208222,3.387931034482757,0.0,0.0,3.2017426273458445,3.390421455938698,3.292810910772076,1.6,1.6,668.6896,659.8832,107.96519999999995,89.67129999999997,60.72440000000009,70.21190000000001,-69066.73556000013,-84478.32575999989,-12.155803051317623,-12.513504213205872,3.2903143781784534,-0.013029630453466477,0.0,1.0,1.0,369.7018030513176,381.6740638002774,1.0,1.0,1.4826629680998613,1.8426807212205276,0.0,1.027739251040222,1.0762829403606102,0.0,6996.187239944522,0.0,0.0,15.0,0.0,20.0,197.41886269070736,30.0,487.8821081830791,10.0,0.0,0.0,0.0
728,0.3061995860174037,0.32625766384685506,0.28720948379784117,0.30993480893760195,0.9849150117938688,0.9849202087607719,391.0,334.0,3.6386189258312034,3.387674650698602,0.0,0.0,3.640238704177323,3.3886726546906183,3.5243448275862073,1.6,1.6,709.97344,615.4636800000001,98.74769999999992,133.3207,111.22574000000006,-17.85701999999992,-68955.50982000014,-84496.18277999989,-12.161336459770123,-12.545799371995251,3.5230114942528785,-0.012969726618820482,0.0,1.0,1.0,378.4206896551724,390.65103448275863,1.0,1.0,1.4606896551724138,1.828189131034483,0.0,0.9710344827586207,0.8441379310344828,0.0,7055.979310344827,0.0,0.0,15.0,0.0,20.0,211.3806896551724,30.0,483.3558620689655,10.0,0.0,0.0,0.0
729,0.3061966402761029,0.32588423625893725,0.28796843682140916,0.3105853310967915,0.9849382790529349,0.9849422959158429,368.0,368.0,3.753940217391305,4.698324275362319,0.0,0.0,3.7566576086956527,4.69927536231884,4.227966485507246,1.6,1.6,681.2118399999999,684.9209600000002,186.5032999999999,61.39609999999997,-5.291459999999972,123.52486000000019,-68960.80128000013,-84372.65791999988,-12.611576992753626,-12.56571573181311,4.226132246376812,0.059445836439990546,0.0,1.0,1.0,379.2228260869565,391.5692934782609,1.0,1.0,1.5,1.8561586956521727,0.0,1.0516304347826086,0.8573369565217391,0.0,7069.711956521739,0.0,0.0,15.0,0.0,20.0,253.5679347826087,30.0,492.0991847826087,10.0,0.0,0.0,0.0
730,0.3060217711487909,0.3257396437107403,0.288600302786319,0.3116129568096899,0.9849610383822763,0.9849652836273678,365.0,368.0,3.350684931506847,3.542753623188406,0.0,0.0,3.3532420091324204,3.5436594202898553,3.4488403819918143,1.6,1.6,681.8892800000001,681.44448,143.0314999999999,117.09469999999992,38.85778000000019,64.34978000000008,-68921.94350000012,-84308.30813999988,-12.322790541155074,-12.662387073015898,3.4471123237835415,0.0021089447534747845,0.0,1.0,1.0,381.956343792633,394.3724420190996,1.0,1.0,1.5020463847203274,1.859936916780355,0.0,1.0723055934515688,1.009549795361528,0.0,6981.919508867667,0.0,0.0,15.0,0.0,20.0,206.82673942701228,30.0,493.2783083219645,10.0,0.0,0.0,0.0
731,0.30597171192863754,0.32549315800861883,0.2878564120647579,0.3108277684101254,0.9849835638893171,0.9849878885108609,327.0,389.0,3.4148318042813464,3.6541131105398463,0.0,0.0,3.417227319062182,3.655698371893745,3.5467877094972073,1.6,1.6,598.9353600000001,707.9708800000001,254.45569999999992,83.37609999999995,-155.52033999999986,124.59478000000013,-69077.46384000013,-84183.71335999988,-12.152529608938558,-12.527027906011035,3.544832402234638,0.006251951786172788,0.0,1.0,1.0,391.32402234636874,403.8100558659218,1.0,1.0,1.5432960893854748,1.8252880446927384,0.0,0.8687150837988827,0.8435754189944135,0.0,7161.539106145251,0.0,0.0,15.0,0.0,20.0,212.68994413407822,30.0,482.44692737430165,10.0,0.0,0.0,0.0
732,0.3058772112106296,0.3254315567361709,0.2872550710235699,0.310055742970106,0.985005510558863,0.9850103544425751,383.0,354.0,3.987597911227157,3.3553201506591317,0.0,0.0,3.988903394255874,3.35894538606403,3.6863184079601985,1.6,1.6,715.55936,645.1731200000002,9.368600000000008,245.89629999999988,206.19075999999995,-100.72317999999973,-68871.27308000013,-84284.43653999988,-12.3351773857983,-12.546814105595805,3.6838986883762996,0.0039046321300401777,0.0,1.0,1.0,381.51424694708277,393.83446404341925,1.0,1.0,1.480325644504749,1.8463127272727284,0.0,1.158751696065129,0.7937584803256446,0.0,6970.849389416554,0.0,0.0,15.0,0.0,20.0,221.03392130257802,30.0,489.01628222523743,10.0,0.0,0.0,0.0
733,0.30590288320029047,0.32520179839644364,0.28735928815058004,0.31028954924052116,0.9850274255454368,0.9850334160320499,364.0,383.0,3.557875457875456,4.388076588337684,0.0,0.0,3.5617673992673993,4.389338555265448,3.986077643908969,1.6,1.6,683.0313600000002,719.2409600000001,191.95269999999994,88.49119999999994,-8.92133999999976,130.74976000000015,-68880.19442000013,-84153.68677999987,-12.641675502008038,-12.772579886352185,3.9835341365461847,-0.008603873692930248,0.0,1.0,1.0,376.99196787148594,389.1338688085676,1.0,1.0,1.5127175368139223,1.8772052476572962,0.0,1.0107095046854082,1.0655957161981258,0.0,7089.510040160642,0.0,0.0,15.0,0.0,20.0,239.0120481927711,30.0,498.6706827309237,10.0,0.0,0.0,0.0
734,0.30589846450734093,0.3252218051328215,0.28826510423671403,0.3108630389605356,0.9850500667791262,0.9850550744148511,360.0,359.0,3.5893055555555553,3.3379758588672255,0.0,0.0,3.5923148148148147,3.3401578458681525,3.4664116828929066,1.6,1.6,672.2083200000001,663.6812800000001,113.3929,200.07749999999993,58.815420000000074,-36.3962199999998,-68821.37900000013,-84190.08299999987,-12.31765600370886,-12.599031016289434,3.4638154844691678,0.00029910031806462553,0.0,1.0,1.0,376.17246175243395,388.317107093185,1.0,1.0,1.4993045897079276,1.8579827538247575,0.0,1.0959666203059806,0.9165507649513213,0.0,7169.774687065368,0.0,0.0,15.0,0.0,20.0,207.82892906815022,30.0,492.66481223922113,10.0,0.0,0.0,0.0
735,0.30584113016839765,0.3249489588957501,0.2870203769314579,0.3095338628171931,0.9850721199312654,0.9850773609587632,375.0,356.0,3.462755555555557,3.5779962546816484,0.0,0.0,3.467111111111111,3.580383895131086,3.5222754217966252,1.6,1.6,675.09888,675.1395200000001,135.11469999999997,108.35699999999993,39.98418000000004,66.78252000000013,-68781.39482000013,-84123.30047999987,-12.274001823985413,-12.614259996321003,3.518878248974009,-0.005214798943922174,0.0,1.0,1.0,382.2845417236662,394.5225718194254,1.0,1.0,1.4870041039671682,1.847111354309167,0.0,0.9808481532147743,1.039671682626539,0.0,7043.170998632011,0.0,0.0,15.0,0.0,20.0,211.1326949384405,30.0,489.2681258549932,10.0,0.0,0.0,0.0
736,0.30561194286583465,0.3248626150429204,0.28614735283542475,0.3084090713340068,0.9850940780855294,0.985100005996724,396.0,335.0,3.9957070707070708,3.4922885572139286,0.0,0.0,3.997853535353536,3.495671641791045,3.767715458276334,1.6,1.6,723.5203200000001,624.1123200000001,86.50939999999994,91.38969999999993,137.01092000000014,32.722620000000134,-68644.38390000013,-84090.57785999987,-12.350884450524397,-12.519349258521931,3.7650022799817644,0.004953255571498424,0.0,1.0,1.0,380.3816689466484,392.5184678522572,1.0,1.0,1.4582763337893296,1.8435467031463764,0.0,1.1395348837209303,0.9534883720930233,0.0,6939.300957592339,0.0,0.0,15.0,0.0,20.0,225.9001367989056,30.0,488.14500683994527,10.0,0.0,0.0,0.0
737,0.30550024797077024,0.32467495125730617,0.2865944029853064,0.30879577417925586,0.9851159445799795,0.9851221309930713,357.0,348.0,3.220448179271709,3.791475095785439,0.0,0.0,3.2221288515406163,3.7928160919540232,3.5038297872340425,1.6,1.6,667.25088,637.6467200000001,185.9366999999999,98.6704999999999,-18.685819999999836,38.97622000000017,-68663.06972000013,-84051.60163999988,-12.290380141843958,-12.602339626256118,3.5023167848699757,0.021357853288744445,0.0,1.0,1.0,391.9148936170213,404.55177304964536,1.0,1.0,1.4936170212765958,1.850918581560283,0.0,1.0056737588652482,0.7460992907801418,0.0,7067.259574468085,0.0,0.0,15.0,0.0,20.0,210.13900709219857,30.0,490.4581560283688,10.0,0.0,0.0,0.0
738,0.3055049551177229,0.32453901135366986,0.28730041863924555,0.3094133544394728,0.9851376285843971,0.9851443738948066,327.0,364.0,3.280326197757389,3.460119047619047,0.0,0.0,3.2852701325178386,3.4618589743589743,3.378292329956585,1.6,1.6,614.3302400000001,653.2348800000001,208.77539999999996,131.34869999999995,-94.44515999999985,21.886180000000138,-68757.51488000013,-84029.71545999988,-12.139622190062704,-12.517582647046767,3.3750361794500736,-0.01018837450159661,0.0,1.0,1.0,387.2836468885673,399.46743849493487,1.0,1.0,1.5267727930535455,1.8343923589001467,0.0,1.0463096960926195,0.8856729377713459,0.0,7066.337192474674,0.0,0.0,15.0,0.0,20.0,202.50217076700434,30.0,485.2937771345876,10.0,0.0,0.0,0.0
739,0.3053392468976345,0.324436432660453,0.28656131241112637,0.30864404813151974,0.9851595725857911,0.9851662901805678,359.0,361.0,4.215923862581241,3.6167590027700833,0.0,0.0,4.218430826369545,3.6193905817174516,3.918078703703703,1.6,1.6,644.1193600000001,692.31712,94.59709999999998,95.4461,49.52226000000016,96.87102000000004,-68707.99262000014,-83932.84443999987,-12.487327407407387,-12.541513010246561,3.9155092592592617,0.022883734089212376,0.0,1.0,1.0,380.0388888888889,391.9791666666667,1.0,1.0,1.5013888888888889,1.8561617777777775,0.0,1.0666666666666667,1.0333333333333334,0.0,6968.7555555555555,0.0,0.0,15.0,0.0,20.0,234.93055555555554,30.0,492.09444444444443,10.0,0.0,0.0,0.0
740,0.3052276560463702,0.3243275707922849,0.28669818080596826,0.30912755021280514,0.9851816224714472,0.9851881591791325,356.0,358.0,4.198595505617978,3.632169459962755,0.0,0.0,4.200140449438202,3.6326350093109876,3.915592903828198,1.6,1.6,661.41056,666.8710400000001,71.60259999999994,102.49049999999991,89.8079600000001,64.3805400000002,-68618.18466000013,-83868.46389999987,-12.512200746965462,-12.61106830633163,3.9145891690009296,0.04418055117321205,0.0,1.0,1.0,380.5182072829132,392.87114845938373,1.0,1.0,1.5014005602240896,1.8603383753501395,0.0,1.2745098039215685,1.0392156862745099,0.0,7073.696078431372,0.0,0.0,15.0,0.0,20.0,234.875350140056,30.0,493.4019607843137,10.0,0.0,0.0,0.0
741,0.30514558984497353,0.32418473422523686,0.28687779207957964,0.3091197746016042,0.9852035402434184,0.9852094391003915,354.0,358.0,3.6223634651600762,3.374906890130352,0.0,0.0,3.6234934086629003,3.3755586592178775,3.4988295880149813,1.6,1.6,646.80992,670.59392,100.35259999999987,137.44529999999995,46.457320000000166,33.14862000000008,-68571.72734000013,-83835.31527999986,-12.28480692883896,-12.612836381746135,3.4979400749063636,0.009699353236684123,0.0,1.0,1.0,389.0280898876405,401.21067415730334,1.0,1.0,1.502808988764045,1.8502862921348313,0.0,1.0561797752808988,0.9185393258426966,0.0,7068.7808988764045,0.0,0.0,15.0,0.0,20.0,209.87640449438203,30.0,490.25983146067415,10.0,0.0,0.0,0.0
742,0.3050249119286319,0.3240655174674513,0.2868489945166742,0.30929776162171607,0.9852252787610043,0.9852314373237206,361.0,358.0,4.084579870729454,3.4975791433891965,0.007756232686980609,0.0,4.080147737765466,3.500046554934823,3.7913073713490957,1.6,1.6,686.32672,648.0064,53.22159999999995,188.65659999999994,133.10512000000006,-40.650199999999955,-68438.62222000014,-83875.96547999987,-12.435937320352354,-12.591459218400637,3.792304126101069,0.004706139715050597,0.0,1.0,1.0,387.6425591098748,399.980528511822,1.0,1.0,1.497913769123783,1.8558179694019472,0.0038942976356050067,1.2197496522948539,0.8636995827538247,0.0,7062.497913769123,0.2336578581363004,0.0,14.912378303198887,0.0,20.0,227.30458970792768,30.0,491.9777468706537,10.0,0.0,0.0,0.0
743,0.305072029316952,0.3239414204239289,0.2866622709765585,0.30891513768861295,0.9852466100130748,0.9852526042219619,361.0,347.0,3.4313019390581667,3.3614793467819437,0.0,0.0,3.433656509695291,3.3645533141210375,3.3997881355932202,1.6,1.6,661.26592,638.2553600000001,96.4726999999999,190.45579999999995,64.79322000000015,-52.200439999999844,-68373.82900000013,-83928.16591999987,-12.155018455743887,-12.607672554978492,3.3970809792843735,-0.014624561730458984,0.0,1.0,1.0,393.4505649717514,405.728813559322,1.0,1.0,1.4901129943502824,1.8354820338983056,0.0,0.96045197740113,0.9279661016949152,0.0,6988.3418079096045,0.0,0.0,15.0,0.0,20.0,203.82485875706215,30.0,485.6327683615819,10.0,0.0,0.0,0.0
744,0.30503666200253193,0.32380500689559516,0.28700019427621726,0.3092459134816573,0.9852677449504057,0.9852739355688527,362.0,359.0,3.678683241252303,3.675487465181059,0.0,0.0,3.683287292817679,3.6778087279480043,3.680559408229312,1.6,1.6,670.27872,652.6614400000001,120.82679999999996,98.52559999999997,49.45192000000006,54.135840000000115,-68324.37708000012,-83874.03007999987,-12.263320573277843,-12.502553906498644,3.6770920018492834,0.011685577397542009,0.0,1.0,1.0,387.42857142857144,399.625520110957,1.0,1.0,1.4979195561719834,1.8348684604715675,0.0,1.2149791955617197,0.8238557558945908,0.0,6955.221914008322,0.0,0.0,15.0,0.0,20.0,220.625520110957,30.0,485.44244105409155,10.0,0.0,0.0,0.0
745,0.30493169392916464,0.3237753625511749,0.2859931517603258,0.30821386687157254,0.9852894252310328,0.9852952744235028,365.0,360.0,3.436255707762557,3.3234722222222204,0.0,0.0,3.4394977168949774,3.3248611111111113,3.3825747126436783,1.6,1.6,665.768,674.9228800000001,117.36699999999993,80.73629999999993,48.401000000000096,94.18658000000015,-68275.97608000012,-83779.84349999987,-12.23133020689655,-12.551916921155774,3.3802528735632174,0.01990436151390252,0.0,1.0,1.0,388.7586206896552,400.92,1.0,1.0,1.4965517241379311,1.8492288000000014,0.0,1.1117241379310345,0.9241379310344827,0.0,7123.513103448276,0.0,0.0,15.0,0.0,20.0,202.8151724137931,30.0,489.9255172413793,10.0,0.0,0.0,0.0
746,0.304919197308379,0.3236900410830186,0.28679210656764487,0.3088779296997834,0.985310378929568,0.9853165265951354,349.0,340.0,3.2731614135625615,3.3454411764705885,0.0,0.0,3.2762655205348614,3.3472549019607842,3.31129656507015,1.6,1.6,654.8451200000001,619.43776,186.75909999999993,146.80489999999992,-31.913979999999867,-27.367139999999893,-68307.89006000012,-83807.21063999987,-12.204176681180458,-12.686320494879842,3.3088292210933714,-0.015570345619076187,0.0,1.0,1.0,398.64150943396226,411.2278664731495,1.0,1.0,1.4934687953555879,1.8494671698113214,0.0,1.1436865021770681,0.7489114658925979,0.0,7018.609579100145,0.0,0.0,15.0,0.0,20.0,198.52975326560232,30.0,489.99274310595064,10.0,0.0,0.0,0.0
747,0.30485380680597113,0.32349559343775336,0.28748467601331584,0.3095824010989253,0.9853319660244614,0.9853374993706222,355.0,374.0,3.5560563380281685,4.402762923351159,0.0,0.0,3.55849765258216,4.405124777183601,3.992844078646548,1.6,1.6,653.8265600000001,705.29952,97.85679999999994,48.65139999999996,55.96976000000015,156.64812000000006,-68251.92030000011,-83650.56251999988,-12.566909556470051,-12.644555059747631,3.990443529949703,0.010536682047428423,0.0,1.0,1.0,388.60356652949247,400.880658436214,1.0,1.0,1.5130315500685871,1.8643704801097418,0.0,1.0864197530864197,1.1069958847736625,0.0,7120.201646090535,0.0,0.0,15.0,0.0,20.0,239.42661179698217,30.0,494.6639231824417,10.0,0.0,0.0,0.0
748,0.3046893268587989,0.3233632772291702,0.2875251451371141,0.3096022746651165,0.9853533160993705,0.9853589475392385,373.0,360.0,3.8209562109025943,3.522129629629626,0.0,0.0,3.823503127792672,3.525648148148148,3.6772169167803552,1.6,1.6,687.6915200000001,663.67776,44.94829999999998,181.11479999999995,142.7432200000001,-17.43703999999991,-68109.17708000011,-83667.99955999988,-12.314974624829482,-12.475650800034254,3.6741928149158705,0.01316957229337942,0.0,1.0,1.0,387.91268758526604,399.84583901773533,1.0,1.0,1.4911323328785813,1.8436142974079144,0.0,1.1050477489768076,1.0204638472032743,0.0,7011.657571623466,0.0,0.0,15.0,0.0,20.0,220.45156889495226,30.0,488.16780354706685,10.0,0.0,0.0,0.0
749,0.30472404625658916,0.3232124120225486,0.28706930742357206,0.3088975745474798,0.9853742288075589,0.9853805418436793,379.0,349.0,3.558707124010555,3.1105062082139425,0.0,0.0,3.5601143359718557,3.112655205348615,3.3456043956043957,1.6,1.6,717.3123200000001,639.51552,84.56619999999995,109.29549999999988,132.74612000000016,30.22002000000016,-67976.43096000011,-83637.77953999989,-12.304673809523825,-12.53620338294416,3.3438415750915755,0.046140882500454096,0.0,1.0,1.0,388.7486263736264,400.94505494505495,1.0,1.0,1.4793956043956045,1.8637745054945067,0.0,1.2994505494505495,0.8846153846153846,0.0,7032.744505494506,0.0,0.0,15.0,0.0,20.0,200.6304945054945,30.0,494.4793956043956,10.0,0.0,0.0,0.0
750,0.30468408357427074,0.32296465779819067,0.2872373385471762,0.309348914754213,0.985395617790103,0.9854017281257341,349.0,362.0,3.3275549188156623,4.01477900552486,0.0,0.0,3.3294651384909266,4.016436464088398,3.6792311298640406,1.6,1.6,636.51776,659.88192,156.34229999999997,162.93139999999994,-19.824540000000013,-3.049479999999903,-67996.25550000012,-83640.82901999989,-12.1938327238631,-12.509853019683215,3.677449601500236,-0.003308263177724222,0.0,1.0,1.0,397.40787623066103,409.55555555555554,1.0,1.0,1.5091420534458508,1.8233469479606181,0.0,1.0436005625879043,0.8481012658227848,0.0,6901.410689170183,0.0,0.0,15.0,0.0,20.0,220.64697609001408,30.0,481.8354430379747,10.0,0.0,0.0,0.0
751,0.30463660234685863,0.32289980675983,0.286981409836918,0.30913262779943496,0.9854167359601171,0.9854232228548627,349.0,362.0,4.1457975167144205,3.5563535911602218,0.0,0.0,4.147182425978988,3.5597605893186004,3.8481012658227853,1.6,1.6,656.2576,672.8976,121.07099999999991,90.62639999999993,35.18660000000011,82.27120000000008,-67961.06890000011,-83558.55781999989,-12.53949273323956,-12.637003273364847,3.845686826066574,0.011504495188899526,0.0,1.0,1.0,396.22644163150494,408.48945147679325,1.0,1.0,1.5091420534458508,1.8694165963431786,0.0,1.1729957805907174,0.8241912798874824,0.0,7113.0196905766525,0.0,0.0,15.0,0.0,20.0,230.74120956399437,30.0,496.24050632911394,10.0,0.0,0.0,0.0
752,0.3046391280962185,0.32277065258805776,0.2866600208636098,0.3088034085810106,0.9854367186477454,0.9854445384697427,361.0,352.0,3.720175438596493,3.440909090909093,0.0,0.0,3.7231763619575253,3.444128787878788,3.5854137447405336,1.6,1.6,660.8691200000001,653.93344,93.42249999999996,103.60189999999996,67.44662000000011,50.33154000000006,-67893.62228000011,-83508.22627999989,-12.28082674146799,-12.56644800254815,3.582304815334265,0.0022141370206352003,0.0,1.0,1.0,396.52594670406734,408.83870967741933,1.0,1.0,1.4936886395511921,1.8440428611500714,0.0,0.9971949509116409,0.9649368863955119,0.0,7075.589060308555,0.0,0.0,15.0,0.0,20.0,214.9382889200561,30.0,488.3071528751753,10.0,0.0,0.0,0.0
753,0.3047208283889777,0.3226817725076312,0.2877276838354763,0.3097174141155179,0.9854578246607425,0.985465507327494,350.0,363.0,3.3314761904761943,3.6190541781450887,0.0,0.0,3.333095238095238,3.6201561065197425,3.4792426367461435,1.6,1.6,642.40416,664.06464,166.38959999999992,98.26189999999993,-23.98543999999987,65.80274000000013,-67917.60772000012,-83442.42353999989,-12.168444132772324,-12.538769107847157,3.477886863020099,-0.016846245968805008,0.0,1.0,1.0,396.6157082748948,408.76437587657784,1.0,1.0,1.509116409537167,1.832354558204768,0.0,0.94109396914446,0.9270687237026648,0.0,6933.939691444601,0.0,0.0,15.0,0.0,20.0,208.67321178120616,30.0,484.65497896213185,10.0,0.0,0.0,0.0
754,0.3045948059636325,0.3225799061490785,0.2888740655092851,0.3107417471679611,0.9854789763830025,0.9854867004220487,347.0,361.0,3.5631123919308347,3.6367959372114504,0.0,0.0,3.565033621517771,3.6390120036934444,3.602754237288136,1.6,1.6,630.3504,663.1500800000001,65.87379999999987,84.61579999999995,64.47660000000016,78.53428000000017,-67853.13112000012,-83363.88925999988,-12.185074011299445,-12.49744078328243,3.600682674199623,0.003166553368443687,0.0,1.0,1.0,396.5141242937853,408.9237288135593,1.0,1.0,1.5098870056497176,1.8269780790960448,0.0,1.076271186440678,0.903954802259887,0.0,7238.60593220339,0.0,0.0,15.0,0.0,20.0,216.0409604519774,30.0,482.9731638418079,10.0,0.0,0.0,0.0
755,0.3045584534247294,0.3224734512438227,0.2885053792074873,0.3099256465323073,0.9855005953324503,0.9855076084516667,355.0,371.0,3.463427230046946,3.6446091644204843,0.0,0.0,3.4688732394366197,3.645327942497754,3.5590449954086316,1.6,1.6,662.15392,683.9708800000001,86.26179999999997,65.10319999999993,75.89212,118.86768000000015,-67777.23900000012,-83245.02157999988,-12.331479338842968,-12.531328194052598,3.5560146923783287,0.024115799591405276,0.0,1.0,1.0,397.27823691460054,409.26997245179064,1.0,1.0,1.5110192837465564,1.8541663911845718,0.0,0.9586776859504132,1.0633608815426998,0.0,7056.110192837466,0.0,0.0,15.0,0.0,20.0,213.36088154269973,30.0,491.4724517906336,10.0,0.0,0.0,0.0
756,0.30455012635300144,0.3223674126537626,0.28754723900717094,0.30865835813874093,0.9855218863092348,0.9855283300398252,346.0,346.0,3.1645472061657034,3.6398362235067454,0.0,0.0,3.1695568400770715,3.6407032755298654,3.4051300578034684,1.6,1.6,637.2953600000001,640.8777600000001,150.51729999999992,239.86929999999992,-13.221939999999847,-98.99153999999984,-67790.46094000012,-83344.01311999989,-12.227074566473993,-12.504668643133137,3.402191714836222,0.04699945001730295,0.0,1.0,1.0,398.77601156069363,411.1372832369942,1.0,1.0,1.5,1.8470709826589589,0.0,1.0447976878612717,0.9754335260115607,0.0,6995.794797687861,0.0,0.0,15.0,0.0,20.0,204.1315028901734,30.0,489.2528901734104,10.0,0.0,0.0,0.0
757,0.30449589615760664,0.32209887128968184,0.28675138998018485,0.307770772073126,0.9855429712461878,0.9855493925290164,362.0,391.0,3.81639042357274,4.459505541346974,0.0,0.0,3.8180939226519337,4.459633418584826,4.151217352810978,1.6,1.6,670.95648,718.10144,111.99659999999993,97.20429999999999,58.959880000000126,120.89714000000004,-67731.50106000013,-83223.11597999989,-12.511991500664022,-12.467465565307773,4.150332005312086,0.039160730603270605,0.0,1.0,1.0,387.6613545816733,399.63346613545815,1.0,1.0,1.5192563081009296,1.844698432934929,0.0,1.0544488711819389,1.2098273572377158,0.0,6891.168658698539,0.0,0.0,15.0,0.0,20.0,249.0199203187251,30.0,488.50996015936255,10.0,0.0,0.0,0.0
758,0.3043860267428996,0.32202169992242513,0.2854606250746554,0.3063282830133587,0.9855638325925077,0.9855702975123024,356.0,368.0,3.5425093632958817,3.081748188405797,0.0,0.0,3.5458333333333334,3.0825181159420287,3.3103360957642725,1.6,1.6,653.7481600000001,680.2268799999999,140.72739999999993,174.84769999999997,13.020760000000166,5.3791799999999625,-67718.48030000013,-83217.73679999988,-12.161936279926344,-12.629889143036962,3.3083103130755065,-0.030221038815043726,0.0,1.0,1.0,406.59944751381215,419.0414364640884,1.0,1.0,1.5082872928176796,1.8425069613259688,0.0,0.8453038674033149,1.0138121546961325,0.0,7015.9930939226515,0.0,0.0,15.0,0.0,20.0,198.49861878453038,30.0,487.8232044198895,10.0,0.0,0.0,0.0
759,0.3042773160876213,0.3219599705126771,0.28626049966637224,0.3069398532907334,0.9855847400775005,0.9855908683270259,367.0,349.0,3.3728882833787464,3.1029130850047784,0.0,0.0,3.3757039055404174,3.1067335243553007,3.244599627560522,1.6,1.6,672.2352000000001,636.53568,73.63789999999995,142.41459999999998,98.59730000000013,-5.878920000000022,-67619.88300000013,-83223.61571999989,-12.046835754189955,-12.483492313830427,3.2412942271880816,0.0028847760654658393,0.0,1.0,1.0,402.74162011173183,415.24301675977654,1.0,1.0,1.4874301675977655,1.8278922905027921,0.0,0.9888268156424581,0.8337988826815642,0.0,7127.053072625698,0.0,0.0,15.0,0.0,20.0,194.4776536312849,30.0,483.25698324022346,10.0,0.0,0.0,0.0
760,0.3043583055903531,0.32180978148119166,0.2858657213786572,0.3062871294603722,0.9856048769441462,0.9856103708352877,332.0,367.0,3.2151606425702792,3.5872842870118085,0.0,0.0,3.2153614457831328,3.5872842870118076,3.410634239389604,1.6,1.6,610.6102400000001,674.1939199999999,174.9404999999999,69.60179999999997,-64.33025999999981,104.59211999999997,-67684.21326000014,-83119.02359999988,-12.17601926561756,-12.52785903230173,3.410538865045304,-0.0008597614287233999,0.0,1.0,1.0,403.0214592274678,415.2947067238913,1.0,1.0,1.5250357653791131,1.8380603147353374,0.0,0.844062947067239,1.0,0.0,6940.682403433477,0.0,0.0,15.0,0.0,20.0,204.63233190271816,30.0,486.45064377682405,10.0,0.0,0.0,0.0
761,0.3041749070294676,0.3218173851605003,0.2874627524206527,0.3076834766154853,0.9856257443948839,0.9856309275313069,338.0,375.0,4.497189349112422,3.540266666666666,0.0021203155818540435,0.0,4.495414201183432,3.5429777777777782,3.9944834034595598,1.6,1.6,627.0160000000001,674.2729600000001,81.04729999999991,122.99159999999995,45.96870000000017,51.28136000000018,-67638.24456000014,-83067.74223999989,-12.330960448807842,-12.426392599079838,3.9938990182328222,0.03407099363588858,0.0,1.0,1.0,398.97054698457225,411.24964936886397,1.0,1.0,1.5259467040673211,1.8250897054698456,0.0010051425899953248,1.040673211781206,0.879382889200561,0.0,7102.208976157082,0.06030855539971949,0.0,14.977559607293127,0.0,20.0,239.57363253856943,30.0,482.38569424964936,10.0,0.0,0.0,0.0
762,0.30411789521910904,0.3217199063155787,0.286644214075208,0.30647311737889643,0.9856462528115228,0.985650774079962,350.0,361.0,3.9666666666666703,3.8189289012003695,0.0,0.0,3.966761904761905,3.8201754385964914,3.8923347398030943,1.6,1.6,640.9708800000002,660.8569600000001,61.07459999999991,138.0554999999999,79.89628000000027,22.801460000000162,-67558.34828000014,-83044.94077999989,-12.3256388185654,-12.481206900458893,3.891654946085328,0.026400432400411004,0.0,1.0,1.0,400.0210970464135,412.33614627285516,1.0,1.0,1.5077355836849509,1.8309814908579471,0.0,0.9465541490857946,1.1125175808720114,0.0,7077.43741209564,0.0,0.0,15.0,0.0,20.0,233.49929676511954,30.0,484.2208157524613,10.0,0.0,0.0,0.0
763,0.30405690420936704,0.3216842776591164,0.2864680989310477,0.306261228665449,0.9856666209606434,0.9856708193572563,350.0,350.0,3.4179047619047584,3.4432380952380983,0.0,0.0,3.420809523809524,3.4449047619047617,3.4328571428571433,1.6,1.6,642.34688,652.16256,163.09489999999994,124.73159999999993,-20.748019999999883,27.430960000000056,-67579.09630000014,-83017.50981999989,-12.2518721904762,-12.65513115485511,3.4305714285714313,-0.024740691042205623,0.0,1.0,1.0,407.33285714285716,419.4585714285714,1.0,1.0,1.5,1.8492991999999988,0.0,0.91,1.0142857142857142,0.0,7163.644285714286,0.0,0.0,15.0,0.0,20.0,205.83428571428573,30.0,489.94428571428574,10.0,0.0,0.0,0.0
764,0.3038804460610643,0.3215555528333143,0.28657118583188496,0.3060095024484739,0.9856874515857835,0.9856913627514432,340.0,373.0,3.829313725490194,3.751519213583557,0.0,0.0,3.83343137254902,3.7534405719392314,3.7915848527349225,1.6,1.6,634.4908800000001,698.3340800000001,154.50439999999992,50.30849999999996,-20.013519999999858,148.02558000000013,-67599.10982000013,-82869.48423999989,-12.516079663394098,-12.603255478636815,3.7886161757830767,0.04229234210850816,0.0,1.0,1.0,406.74894810659185,419.03366058906033,1.0,1.0,1.523141654978962,1.869319719495092,0.0,1.150070126227209,0.9354838709677419,0.0,6987.643758765778,0.0,0.0,15.0,0.0,20.0,227.31697054698458,30.0,496.21037868162693,10.0,0.0,0.0,0.0
765,0.3035867447114105,0.32156216648641917,0.2873172446524637,0.3066593046528834,0.9857079509461102,0.9857117070307305,382.0,371.0,5.114397905759164,3.3285714285714274,0.003664921465968586,0.0,5.112478184991273,3.331132075471698,4.234816290393979,1.6,1.6,720.4553600000002,687.0336000000001,60.521999999999984,139.81529999999992,159.93336000000016,47.21830000000017,-67439.17646000013,-82822.2659399999,-12.6935300575476,-12.558154616456102,4.234528552456836,0.028117231485295203,0.0,1.0,1.0,395.4316069057105,407.61221779548475,1.0,1.0,1.4926958831341302,1.8691752456839323,0.0018592297476759626,1.2430278884462151,1.154050464807437,0.0,7011.428950863214,0.11155378486055777,0.0,14.922974767596282,0.0,20.0,253.9601593625498,30.0,496.15272244355907,10.0,0.0,0.0,0.0
766,0.3035838737691069,0.32150495478297286,0.28833903446448816,0.30750293086475416,0.98572847515241,0.9857318689231133,358.0,361.0,3.2082402234636898,3.389473684210523,0.0,0.0,3.213035381750466,3.3916435826408127,3.302712100139082,1.6,1.6,673.58656,646.7337600000001,135.1396999999999,175.6334999999999,38.44686000000007,-28.899739999999838,-67400.72960000014,-82851.16567999989,-12.12100825220212,-12.45781154404618,3.2992350486787174,0.0017477255117415837,0.0,1.0,1.0,403.28789986091795,415.6787204450626,1.0,1.0,1.502086230876217,1.8363286787204447,0.0,1.1515994436717663,0.972183588317107,0.0,7042.299026425591,0.0,0.0,15.0,0.0,20.0,197.95410292072322,30.0,485.90125173852573,10.0,0.0,0.0,0.0
767,0.3036328892549567,0.32146491127257065,0.287412593752124,0.3065207309537845,0.9857485974682526,0.9857517459340633,342.0,353.0,2.9778265107212465,3.4025967894239857,0.0,0.0,2.9812378167641325,3.405854579792257,3.1969064748201443,1.6,1.6,641.63008,655.3820800000001,51.42239999999993,109.52119999999991,90.2076800000001,45.86088000000018,-67310.52192000013,-82805.3047999999,-12.25923856115108,-12.700535593003057,3.193573141486813,-0.0007583937246357201,0.0,1.0,1.0,409.0115107913669,421.56402877697843,1.0,1.0,1.507913669064748,1.8662045467625892,0.0,0.9064748201438849,0.9884892086330935,0.0,7028.897841726619,0.0,0.0,15.0,0.0,20.0,191.61438848920864,30.0,495.2359712230216,10.0,0.0,0.0,0.0
768,0.30342820924617664,0.32136430496747265,0.28806860966054765,0.30741094742603203,0.9857688916620189,0.9857718025610431,344.0,365.0,4.2764050387596875,3.968127853881276,0.0,0.0006392694063926941,4.279021317829457,3.970547945205479,4.1202162670427835,1.6,1.6,629.8691200000001,674.8127999999999,123.29769999999994,65.30819999999991,6.571420000000131,109.50460000000001,-67303.95050000014,-82695.8001999999,-12.47157912552891,-12.600178711415351,4.117700987306071,0.007446545314540599,0.0,1.0,1.0,415.8434414668547,428.6318758815233,1.0,1.0,1.5148095909732018,1.8401719605077573,0.0003291020216267043,1.0253878702397743,1.0578279266572637,0.0,7000.16784203103,0.019746121297602257,0.0,14.980253878702397,0.0,20.0,247.0423131170663,30.0,487.0916784203103,10.0,0.0,0.0,0.0
769,0.30329898471573763,0.32126589098791464,0.286338945769234,0.30570755224039026,0.9857886769365005,0.9857920524424849,332.0,368.0,3.816767068273092,3.740443840579709,0.0,0.0,3.821937751004016,3.741349637681159,3.7795714285714297,1.6,1.6,605.6048000000001,669.88192,115.48949999999994,173.42269999999994,-9.884699999999867,-3.5407799999998986,-67313.83520000013,-82699.34097999989,-12.226152761904768,-12.562627047444527,3.7766428571428605,-0.015340978510951701,0.0,1.0,1.0,410.55571428571426,422.94714285714286,1.0,1.0,1.5257142857142858,1.8221238857142859,0.0,1.0214285714285714,1.002857142857143,0.0,7012.345714285714,0.0,0.0,15.0,0.0,20.0,226.59857142857143,30.0,481.46285714285716,10.0,0.0,0.0,0.0
770,0.3029664796234364,0.32123348261135176,0.2859874638359362,0.30504602181385176,0.9858087614663325,0.9858125450389958,375.0,350.0,4.5234666666666685,3.452095238095238,0.0,0.0,4.524577777777777,3.453666666666667,4.007586206896552,1.6,1.6,687.67104,649.23008,94.17569999999995,143.77609999999993,93.49534,5.453980000000115,-67220.33986000014,-82693.88699999989,-12.450177839080453,-12.529314634173575,4.006252873563217,0.03165571658514392,0.0,1.0,1.0,408.53793103448277,420.76,1.0,1.0,1.4827586206896552,1.8440015448275875,0.0,1.1572413793103449,0.9324137931034483,0.0,7171.729655172414,0.0,0.0,15.0,0.0,20.0,240.3751724137931,30.0,488.3006896551724,10.0,0.0,0.0,0.0
771,0.3028251538978371,0.3210421280755506,0.2872625241791471,0.3060666270569922,0.9858283807666381,0.9858325113814178,376.0,346.0,4.025576241134752,3.9545279383429666,0.0,0.0,4.029343971631206,3.9557803468208093,3.994090489381348,1.6,1.6,692.9792000000001,638.59616,135.53269999999998,176.51559999999998,57.44650000000013,-37.91943999999992,-67162.89336000013,-82731.80643999988,-12.445988180978755,-12.58387852190717,3.9915281625115417,0.008671692155560557,0.0,1.0,1.0,415.5318559556787,427.90443213296396,1.0,1.0,1.479224376731302,1.8442872022160666,0.0,1.056786703601108,0.8905817174515236,0.0,7006.882271468144,0.0,0.0,15.0,0.0,20.0,239.49168975069253,30.0,488.38227146814404,10.0,0.0,0.0,0.0
772,0.3029212772430456,0.32088394639489115,0.2875700480057622,0.3063866765909926,0.9858479036032882,0.9858524641664207,331.0,382.0,3.07965760322256,4.010689354275741,0.0,0.0,3.0829808660624374,4.0126527050610825,3.581065918653577,1.6,1.6,596.62368,706.90688,267.0705999999999,58.280499999999975,-170.44691999999986,148.62638000000004,-67333.34028000013,-82583.18005999988,-12.183795418419841,-12.465630123993359,3.5784712482468453,-0.0018739797832818027,0.0,1.0,1.0,407.7868162692847,419.9579242636746,1.0,1.0,1.5357643758765778,1.8282336044880798,0.0,0.9817671809256662,1.120617110799439,0.0,7068.001402524545,0.0,0.0,15.0,0.0,20.0,214.70827489481067,30.0,483.37166900420755,10.0,0.0,0.0,0.0
773,0.302673788381659,0.3209072373904667,0.288040289541082,0.3064801785069011,0.9858682713377159,0.9858718729916827,357.0,343.0,4.562931839402429,2.991156462585034,0.0,0.0,4.563678804855275,2.9962099125364428,3.795619047619048,1.6,1.6,652.75328,612.93952,76.56789999999992,245.3208999999999,76.1853800000001,-132.3813799999999,-67257.15490000014,-82715.56143999989,-12.14806285714286,-12.473780889072707,3.7927619047619037,0.016421756465372188,0.0,1.0,1.0,419.86,432.50857142857143,1.0,1.0,1.49,1.8081325714285734,0.0,0.9514285714285714,0.8014285714285714,0.0,7103.788571428571,0.0,0.0,15.0,0.0,20.0,227.56571428571428,30.0,477.0885714285714,10.0,0.0,0.0,0.0
774,0.30271432172712925,0.3208702232453628,0.28798202793658173,0.3063558283087273,0.9858881538800857,0.9858916286302237,364.0,341.0,3.66451465201465,3.449169110459433,0.0,0.0,3.6648809523809525,3.4496578690127078,3.560780141843972,1.6,1.6,677.2768000000001,613.5600000000001,128.34109999999998,95.47769999999988,48.93570000000011,18.082300000000174,-67208.21920000014,-82697.4791399999,-12.193121513002376,-12.522711171371437,3.5603546099290826,0.0036640304293257954,0.0,1.0,1.0,415.18156028368793,427.577304964539,1.0,1.0,1.4836879432624113,1.8309741843971628,0.0,1.001418439716312,0.8666666666666667,0.0,7247.992907801418,0.0,0.0,15.0,0.0,20.0,213.6212765957447,30.0,484.2326241134752,10.0,0.0,0.0,0.0
775,0.3027146995997027,0.32081668240781774,0.287477448952082,0.30630352622491624,0.9859076542593559,0.9859109448744479,363.0,348.0,3.6048668503213954,3.428160919540231,0.0,0.0,3.6063360881542703,3.4317049808429116,3.5208626347866856,1.6,1.6,660.6134400000001,635.50016,86.84859999999995,113.66819999999997,73.76484000000013,21.83196000000008,-67134.45436000013,-82675.6471799999,-12.127784341303338,-12.454016535951418,3.5183778715424303,-0.014518471127279374,0.0,1.0,1.0,412.056258790436,424.39521800281295,1.0,1.0,1.489451476793249,1.8229445850914208,0.0,1.1139240506329113,0.7665260196905767,0.0,7077.018284106892,0.0,0.0,15.0,0.0,20.0,211.10267229254572,30.0,481.71308016877634,10.0,0.0,0.0,0.0
776,0.3027531384883096,0.320681737393506,0.2878252985627265,0.3067423040388805,0.9859278136434522,0.9859310858571487,363.0,355.0,3.4768595041322303,3.754882629107981,0.0,0.0,3.481955922865014,3.7568544600938973,3.6178737233054785,1.6,1.6,660.7036800000001,640.1449600000001,123.31409999999991,108.42499999999993,37.389580000000166,31.719960000000157,-67097.06478000013,-82643.9272199999,-12.098634911792013,-12.401224120366352,3.6143221912720516,0.01604656771690482,0.0,1.0,1.0,414.357938718663,426.5738161559889,1.0,1.0,1.4944289693593316,1.811766908077996,0.0,1.0083565459610029,0.9512534818941504,0.0,7061.7353760445685,0.0,0.0,15.0,0.0,20.0,216.85933147632312,30.0,478.2214484679666,10.0,0.0,0.0,0.0
777,0.30287470511526976,0.32040215652595927,0.2874143010215015,0.30630181121025013,0.9859474640214223,0.9859505147963941,342.0,366.0,3.445467836257308,3.784790528233153,0.0,0.0,3.448684210526316,3.785428051001822,3.622763653483993,1.6,1.6,624.45056,680.34656,170.17699999999994,114.13929999999996,-45.72643999999994,66.20725999999999,-67142.79122000013,-82577.7199599999,-12.289541807909604,-12.528294696373129,3.6208804143126168,0.04664701654968752,0.0,1.0,1.0,418.475988700565,430.71610169491527,1.0,1.0,1.5169491525423728,1.8429337853107335,0.0,1.0240112994350283,0.806497175141243,0.0,7080.385593220339,0.0,0.0,15.0,0.0,20.0,217.25282485875707,30.0,487.95621468926555,10.0,0.0,0.0,0.0
778,0.3029261514408997,0.32034625183553367,0.2877163543211184,0.30667928504790715,0.9859671613127248,0.9859702754098145,347.0,349.0,3.332372718539867,3.5169054441260768,0.0,0.0,3.334582132564841,3.5197230181470864,3.427418582375479,1.6,1.6,627.6604800000001,645.2,73.74939999999992,167.0351999999999,53.9110800000002,-21.835199999999844,-67088.88014000012,-82599.5551599999,-12.125922988505742,-12.582432420615214,3.4249042145593855,-0.02729900214548687,0.0,1.0,1.0,424.82471264367814,437.4022988505747,1.0,1.0,1.5014367816091954,1.828822528735632,0.0,0.9152298850574713,0.8764367816091954,0.0,6970.675287356322,0.0,0.0,15.0,0.0,20.0,205.49425287356323,30.0,483.5545977011494,10.0,0.0,0.0,0.0
779,0.3029279379064596,0.3202478008984578,0.28756283489184437,0.3066684798252079,0.9859871671666701,0.9859896565787316,365.0,335.0,3.46712328767123,3.3636318407960175,0.0,0.0,3.4691324200913236,3.3676616915422883,3.420571428571429,1.6,1.6,669.15296,621.5068800000001,70.22129999999994,83.5718999999999,98.93166000000006,37.93498000000024,-66989.94848000012,-82561.6201799999,-12.21349885714285,-12.479229467960044,3.4175952380952372,0.0039450618574108365,0.0,1.0,1.0,417.0728571428571,429.12857142857143,1.0,1.0,1.4785714285714286,1.8437997714285708,0.0,1.0914285714285714,0.8357142857142857,0.0,7228.542857142857,0.0,0.0,15.0,0.0,20.0,205.0557142857143,30.0,488.23857142857145,10.0,0.0,0.0,0.0
780,0.30293727188634884,0.3196329786889843,0.2875681355723636,0.30667831941336726,0.9860066306405301,0.9860085968427523,369.0,390.0,3.313233965672991,4.455940170940167,0.0,0.0,3.316576332429991,4.456282051282051,3.902195871761089,1.6,1.6,690.5804800000001,729.50784,77.46069999999995,31.735399999999963,113.11978000000013,197.77244000000002,-66876.82870000013,-82363.8477399999,-12.570924374176553,-12.56060167172439,3.900395256916995,0.02076401032194548,0.0,1.0,1.0,402.197628458498,414.0355731225296,1.0,1.0,1.5138339920948616,1.8709991040843212,0.0,1.33201581027668,1.0843214756258235,0.0,6997.102766798419,0.0,0.0,15.0,0.0,20.0,234.02371541501975,30.0,496.7312252964427,10.0,0.0,0.0,0.0
781,0.3030102146438196,0.3195881930124073,0.2873072952843898,0.30625184005588685,0.9860258940571551,0.9860283721462224,366.0,367.0,3.7402094717668466,3.1384196185286113,0.0,0.0,3.741575591985428,3.1416893732970026,3.4412232833105962,1.6,1.6,679.7408,686.3756800000001,166.03819999999996,141.42049999999992,13.702600000000075,44.95518000000018,-66863.12610000013,-82318.89255999989,-12.342454388358352,-12.555513820078952,3.438904047294224,0.03223324223967453,0.0,1.0,1.0,406.50477489768076,418.699863574352,1.0,1.0,1.500682128240109,1.8637332605729875,0.0,1.1664392905866303,1.0600272851296044,0.0,7141.124147339699,0.0,0.0,15.0,0.0,20.0,206.33424283765348,30.0,494.4679399727149,10.0,0.0,0.0,0.0
782,0.30299582415033066,0.31956324667063474,0.2884148854827108,0.30728414023671646,0.9860454252689091,0.9860476350528276,361.0,351.0,3.6588642659279786,3.2383665716999066,0.0,0.0,3.662742382271468,3.2384615384615385,3.4535814606741577,1.6,1.6,662.8460800000001,654.5088000000001,107.39259999999992,144.21099999999993,55.453480000000226,10.297800000000137,-66807.67262000013,-82308.59475999989,-12.265858239700371,-12.608345907139595,3.451568352059922,-0.012434099577080415,0.0,1.0,1.0,421.6699438202247,433.97893258426967,1.0,1.0,1.4929775280898876,1.8502175280898878,0.0,1.050561797752809,0.9410112359550562,0.0,7000.706460674157,0.0,0.0,15.0,0.0,20.0,207.0941011235955,30.0,490.2429775280899,10.0,0.0,0.0,0.0
783,0.3030283245632127,0.3194809264386255,0.28870292400683367,0.30758322701998014,0.9860644129750329,0.9860667752885047,361.0,340.0,3.584072022160665,3.428284313725488,0.0,0.0,3.5860572483841184,3.4304901960784315,3.510603899191631,1.6,1.6,660.66528,624.1334400000001,87.42269999999994,144.02709999999996,73.24258000000012,-19.893659999999898,-66734.43004000012,-82328.48841999989,-12.183438326200662,-12.57988286432115,3.5085116500237783,-0.006042893722913659,0.0,1.0,1.0,424.1968616262482,436.74607703281026,1.0,1.0,1.485021398002853,1.832808445078459,0.0,1.0171184022824535,0.8673323823109843,0.0,7107.378031383738,0.0,0.0,15.0,0.0,20.0,210.51069900142653,30.0,484.7974322396576,10.0,0.0,0.0,0.0
784,0.30300815671724124,0.31926545822177976,0.28779727912438774,0.3067749868731887,0.9860841654360352,0.9860861816701066,348.0,373.0,3.6213122605363974,3.9645665773011634,0.0,0.0,3.624952107279694,3.965415549597855,3.801086453999075,1.6,1.6,659.2236800000001,680.36256,97.3617999999999,61.84309999999998,61.861880000000156,118.51946000000005,-66672.56816000013,-82209.9689599999,-12.45155043920481,-12.625965995261046,3.7988904299583957,0.02373271244171284,0.0,1.0,1.0,422.6754507628294,434.9098474341193,1.0,1.0,1.5173370319001387,1.8579559500693483,0.0,1.1664355062413314,0.9084604715672677,0.0,7164.084604715673,0.0,0.0,15.0,0.0,20.0,227.93342579750347,30.0,492.66435506241334,10.0,0.0,0.0,0.0
785,0.3029478830367903,0.31907620098096984,0.28757315034879,0.3066593739126627,0.9861032405196228,0.9861053198415897,362.0,352.0,3.4061233885819506,3.31316287878788,0.0,0.0,3.408103130755064,3.3179450757575757,3.3636554621848735,1.6,1.6,659.7097600000001,635.7683200000001,114.54989999999994,190.55229999999997,45.15986000000014,-54.78397999999984,-66627.40830000013,-82264.75293999989,-12.012923062558354,-12.472907834481619,3.360294117647059,-0.022623348084824278,0.0,1.0,1.0,424.64005602240894,437.0014005602241,1.0,1.0,1.4929971988795518,1.8143950700280116,0.0,1.0518207282913166,0.8165266106442577,0.0,7017.448179271709,0.0,0.0,15.0,0.0,20.0,201.61764705882354,30.0,479.04901960784315,10.0,0.0,0.0,0.0
786,0.3029216806837336,0.31897581545927933,0.2875766723420108,0.3065455970286827,0.9861225559686603,0.9861241605973465,359.0,363.0,3.4381615598885786,3.7431588613406803,0.0,0.0,3.4428969359331476,3.7483471074380166,3.596468144044321,1.6,1.6,652.70784,676.1724800000001,126.57929999999995,95.26699999999997,26.128540000000086,80.9054800000001,-66601.27976000012,-82183.84745999989,-12.263427885503223,-12.58169271864062,3.591505078485687,-0.00031879654125865334,0.0,1.0,1.0,419.32825484764544,431.6925207756233,1.0,1.0,1.502770083102493,1.8405544598337968,0.0,1.0332409972299168,0.9238227146814404,0.0,7109.461218836565,0.0,0.0,15.0,0.0,20.0,215.49030470914127,30.0,487.21606648199446,10.0,0.0,0.0,0.0
787,0.30283834276266186,0.3188199748553541,0.28797937115473543,0.3068765748699874,0.9861414798125655,0.9861432023139186,353.0,357.0,3.6634088762983916,3.574836601307191,0.0,0.0,3.668413597733711,3.574836601307189,3.6213615023474173,1.6,1.6,661.7776000000001,655.4668800000002,120.56739999999994,131.6932999999999,41.210200000000185,23.773580000000265,-66560.06956000012,-82160.0738799999,-12.36332732394367,-12.708985581680842,3.6188732394366196,-0.009147091327086253,0.0,1.0,1.0,425.37464788732393,437.756338028169,1.0,1.0,1.5028169014084507,1.8552739154929576,0.0,0.9422535211267605,0.9704225352112676,0.0,7021.92676056338,0.0,0.0,15.0,0.0,20.0,217.1323943661972,30.0,491.8225352112676,10.0,0.0,0.0,0.0
788,0.30290189073429297,0.3187430885749747,0.28748302362825795,0.3061802018479818,0.9861605303945226,0.9861615829962241,319.0,381.0,3.0453500522466035,3.734076990376203,0.0,0.0,3.046812957157785,3.735608048993876,3.421714285714286,1.6,1.6,577.58528,701.4774400000001,243.38829999999993,87.06009999999995,-165.80301999999992,114.41734000000017,-66725.87258000013,-82045.6565399999,-12.11444323809523,-12.54853322389775,3.420214285714285,-0.01863582898655549,0.0,1.0,1.0,423.78714285714284,436.11857142857144,1.0,1.0,1.5442857142857143,1.8272324571428566,0.0,0.9414285714285714,1.0614285714285714,0.0,7038.957142857143,0.0,0.0,15.0,0.0,20.0,205.21285714285713,30.0,483.05857142857144,10.0,0.0,0.0,0.0
789,0.30272137831733564,0.31875789049762504,0.2873280830621547,0.30585809246496143,0.9861794271888821,0.986180751573913,347.0,347.0,4.385110470701244,3.2566282420749286,0.0,0.0,4.386503362151776,3.2582612872238235,3.8223823246878004,1.6,1.6,629.42208,639.9568000000002,92.06319999999997,199.18879999999996,37.358880000000084,-59.2319999999998,-66688.51370000013,-82104.8885399999,-12.28582766570606,-12.54279165993033,3.820869356388087,0.0063362379676984125,0.0,1.0,1.0,430.46974063400575,442.87319884726224,1.0,1.0,1.5,1.8290761959654176,0.0,1.031700288184438,0.840057636887608,0.0,7066.014409221902,0.0,0.0,15.0,0.0,20.0,229.2521613832853,30.0,483.62968299711815,10.0,0.0,0.0,0.0
790,0.30268257442852614,0.3187003840857389,0.2869928756916875,0.3055373137349087,0.986198149286323,0.9861995633067714,356.0,366.0,3.804634831460675,3.6158014571949026,0.0,0.0,3.80880149812734,3.6185792349726777,3.712373037857802,1.6,1.6,655.6889600000001,679.2713600000001,134.99059999999992,79.73159999999996,20.69836000000015,99.53976000000011,-66667.81534000013,-82005.3487799999,-12.361308771929826,-12.49844760082586,3.7089104339796832,0.022054251987603638,0.0,1.0,1.0,414.0858725761773,426.1869806094183,1.0,1.0,1.5069252077562327,1.8489755124653742,0.0,1.1246537396121883,1.0304709141274238,0.0,6969.012465373961,0.0,0.0,15.0,0.0,20.0,222.53462603878117,30.0,489.8601108033241,10.0,0.0,0.0,0.0
791,0.30271872220366897,0.31874469772365405,0.28696554744880814,0.3055737887667124,0.9862170136325125,0.9862179976073417,342.0,376.0,3.0908869395711513,3.483554964539005,0.0,0.0,3.095077972709552,3.4845301418439716,3.2990250696378824,1.6,1.6,639.81376,686.7702400000001,175.94649999999996,159.88909999999998,-36.132739999999956,26.881140000000073,-66703.94808000013,-81978.4676399999,-12.188087279480042,-12.517237803483416,3.2965181058495827,-0.009121581676205904,0.0,1.0,1.0,418.31894150417827,430.50278551532034,1.0,1.0,1.5236768802228413,1.8476100278551542,0.0,1.0724233983286908,1.0793871866295264,0.0,7118.954038997214,0.0,0.0,15.0,0.0,20.0,197.79108635097492,30.0,489.42896935933146,10.0,0.0,0.0,0.0
792,0.3027794663057992,0.31866513521196876,0.2869854276134723,0.3055059350809641,0.986236338757201,0.9862372074968845,371.0,340.0,4.030233602875113,3.3420098039215667,0.0,0.0,4.032434860736747,3.345539215686275,3.7039615564932014,1.6,1.6,684.94336,640.6857600000001,122.78979999999999,219.85709999999995,62.15356,-79.17133999999987,-66641.79452000013,-82057.6389799999,-12.451676887013589,-12.657362537323552,3.7011251758087194,-0.0033491705563944863,0.0,1.0,1.0,424.0745428973277,436.23628691983123,1.0,1.0,1.4781997187060478,1.8644572714486651,0.0,1.188466947960619,1.0070323488045008,0.0,7027.139240506329,0.0,0.0,15.0,0.0,20.0,222.06751054852322,30.0,494.68213783403655,10.0,0.0,0.0,0.0
793,0.30275271979011015,0.3184803739451351,0.2872840924968916,0.3058975252773166,0.9862547326613404,0.9862563404176735,342.0,368.0,3.5183723196881096,4.019882246376809,0.0,0.003985507246376811,3.5219298245614037,4.018297101449275,3.7792018779342724,1.6,1.6,623.38144,668.82816,159.86489999999986,76.15599999999992,-36.483459999999866,92.6721600000001,-66678.27798000013,-81964.9668199999,-12.21405821596245,-12.513136021335946,3.778309859154933,0.013930130604201294,0.0,1.0,1.0,428.6169014084507,441.16478873239436,1.0,1.0,1.5183098591549296,1.8200135211267605,0.0020657276995305163,1.0140845070422535,1.0535211267605633,0.0,7069.73661971831,0.12394366197183099,0.0,14.93661971830986,0.0,20.0,226.57464788732395,30.0,480.8,10.0,0.0,0.0,0.0
794,0.3025697592423316,0.3183129420691556,0.28757196155589143,0.3064556778760302,0.9862733298661277,0.986274858043066,354.0,347.0,4.2617231638418085,3.746589817483189,0.0,0.0,4.261723163841808,3.7486071085494714,4.00772705658583,1.6,1.6,655.9123199999999,631.28128,81.60349999999994,192.4269999999999,74.30881999999997,-61.14571999999987,-66603.96916000012,-82026.1125399999,-12.403368521160253,-12.494656344324538,4.006728483119355,0.017830064411173477,0.0,1.0,1.0,429.23537803138373,441.2853067047076,1.0,1.0,1.4950071326676178,1.8362248216833092,0.0,1.087018544935806,0.920114122681883,0.0,7051.385164051355,0.0,0.0,15.0,0.0,20.0,240.4037089871612,30.0,485.86590584878746,10.0,0.0,0.0,0.0
795,0.3024575608902657,0.3182193089117269,0.28709839880515725,0.305989604803002,0.9862918367467032,0.986293738728141,373.0,320.0,4.111215370866841,3.486093750000001,0.0,0.0,4.112913315460233,3.487864583333333,3.8242905242905243,1.6,1.6,698.6320000000001,583.98688,64.90379999999993,206.5100999999999,133.72820000000013,-122.52321999999987,-66470.24096000013,-82148.6357599999,-12.417870707070694,-12.629792071091613,3.8225589225589243,0.014218465555560878,0.0,1.0,1.0,429.65367965367966,442.2049062049062,1.0,1.0,1.4617604617604618,1.8508208946608937,0.0,1.1154401154401155,0.8571428571428571,0.0,7039.887445887446,0.0,0.0,15.0,0.0,20.0,229.35353535353536,30.0,490.4227994227994,10.0,0.0,0.0,0.0
796,0.3023468588512397,0.3178448846910368,0.2862925906273932,0.3052640389348936,0.9863109689513019,0.9863123814812567,341.0,376.0,3.4147116324535682,4.685948581560285,0.0,0.04166666666666667,3.4197458455522973,4.644858156028369,4.062203626220363,1.6,1.6,626.1635200000001,686.9289600000001,131.73859999999993,16.828299999999977,-5.575079999999872,170.1006600000001,-66475.81604000012,-81978.5350999999,-12.403903858670402,-12.548720940486895,4.081357508135748,0.0002788540537764093,0.0,1.0,1.0,429.7642956764296,442.044630404463,1.0,1.0,1.5244072524407253,1.8313702649930268,0.02185030218503022,1.0683403068340307,0.9372384937238494,0.0,7065.645746164575,1.3110181311018132,0.0,14.609483960948396,0.0,20.0,243.57043235704325,30.0,484.35285913528594,10.0,0.0,0.0,0.0
797,0.3021550056546141,0.3178953662194096,0.28733845307022243,0.3062504685238644,0.9863295184736949,0.986330687338188,381.0,325.0,3.877952755905509,3.2410256410256406,0.0,0.0,3.8821522309711285,3.241794871794871,3.5873701605288013,1.6,1.6,708.1456000000001,584.2035200000001,27.81809999999998,289.58739999999995,180.32750000000007,-205.3838799999998,-66295.48854000012,-82183.9189799999,-12.200135410764874,-12.521166407642696,3.58474976392823,0.007959060870038915,0.0,1.0,1.0,433.9362606232295,446.4929178470255,1.0,1.0,1.4603399433427762,1.8305228328611907,0.0,1.1813031161473089,0.7436260623229461,0.0,6894.616147308782,0.0,0.0,15.0,0.0,20.0,215.08498583569406,30.0,484.0864022662889,10.0,0.0,0.0,0.0
798,0.3021519784603505,0.3177272263085592,0.28725512677079235,0.3060987492565345,0.9863480502615103,0.9863491960492564,362.0,332.0,3.4062154696132616,4.323995983935743,0.0,0.0,3.4078729281767948,4.325652610441766,3.8469260326609036,1.6,1.6,664.8505600000001,615.83072,143.0911999999999,121.20219999999998,21.759360000000186,-5.371479999999934,-66273.72918000013,-82189.2904599999,-12.393990970220935,-12.53738948656987,3.845268972142168,0.03269041991414009,0.0,1.0,1.0,431.3371757925072,443.61671469740634,1.0,1.0,1.478386167146974,1.8453620749279547,0.0,1.1051873198847262,0.8760806916426513,0.0,7008.974063400577,0.0,0.0,15.0,0.0,20.0,230.71613832853026,30.0,488.7219020172911,10.0,0.0,0.0,0.0
799,0.30213925908267086,0.3176473743545064,0.2855056126026081,0.3042867210095829,0.9863669630224683,0.9863676793728422,363.0,340.0,3.9143250688705185,3.584166666666667,0.0,0.0,3.916345270890725,3.5874019607843137,3.7572546230440964,1.6,1.6,667.01472,616.72544,136.52049999999997,92.04029999999997,30.49422000000004,24.685140000000075,-66243.23496000013,-82164.6053199999,-12.241262399241334,-12.474366103920097,3.754646752015178,0.02324829179949885,0.0,1.0,1.0,431.4864864864865,443.94736842105266,1.0,1.0,1.4836415362731152,1.826088421052631,0.0,0.9772403982930299,1.0341394025604551,0.0,6998.655761024182,0.0,0.0,15.0,0.0,20.0,225.2788051209104,30.0,482.68847795163583,10.0,0.0,0.0,0.0
800,0.30210379203738147,0.31753761439437334,0.2850067598438954,0.30367052871123823,0.986385750075659,0.9863856851907117,360.0,331.0,3.7926851851851837,3.6411379657603202,0.0,0.0,3.7932870370370373,3.642598187311178,3.7211046792088767,1.6,1.6,674.9916800000001,598.8742400000001,157.06789999999995,150.69339999999994,17.923780000000136,-51.81915999999984,-66225.31118000014,-82216.4244799999,-12.33273458755426,-12.574493937030935,3.7200916546068528,0.025006500419437055,0.0,1.0,1.0,440.64978292329954,453.3096960926194,1.0,1.0,1.4790159189580319,1.8435107380607814,0.0,1.1678726483357453,0.768451519536903,0.0,6918.046309696093,0.0,0.0,15.0,0.0,20.0,223.205499276411,30.0,488.14327062228654,10.0,0.0,0.0,0.0
801,0.30204676236609773,0.3172628442248339,0.2848512578343526,0.3032269368572373,0.9864039067746816,0.9864044419770054,353.0,358.0,3.3078847969782816,4.080353817504657,0.0,0.0,3.311473087818697,4.0813314711359405,3.699109235818096,1.6,1.6,656.0502400000001,664.18656,148.16639999999995,99.55489999999992,7.883840000000191,64.63166000000007,-66217.42734000014,-82151.7928199999,-12.404126582278485,-12.46775400703268,3.6968354430379726,0.03496140083610334,0.0,1.0,1.0,424.42897327707453,436.39240506329116,1.0,1.0,1.5035161744022503,1.8568731364275664,0.0,1.0942334739803095,1.0112517580872011,0.0,7040.0843881856545,0.0,0.0,15.0,0.0,20.0,221.81012658227849,30.0,492.30801687763716,10.0,0.0,0.0,0.0
802,0.30206906774004094,0.3171111385473884,0.2858073750591696,0.30414843735709646,0.9864217254926844,0.9864224956850018,354.0,355.0,3.496139359698683,3.490563380281689,0.0,0.0,3.498728813559322,3.496009389671361,3.497367183826987,1.6,1.6,646.5488,673.1072,167.3772,146.67519999999996,-20.82839999999996,26.432000000000073,-66238.25574000014,-82125.3608199999,-12.349445228020699,-12.630872540487477,3.4933474377056886,0.005269681938930179,0.0,1.0,1.0,429.0451339915374,441.425952045134,1.0,1.0,1.5007052186177716,1.861291960507758,0.0,1.0860366713681242,1.0578279266572637,0.0,6986.461212976023,0.0,0.0,15.0,0.0,20.0,209.60084626234132,30.0,493.69393511988716,10.0,0.0,0.0,0.0
803,0.302071100382463,0.31707375708600744,0.2855126226888861,0.30357890339480575,0.9864399277914456,0.9864409093088434,342.0,365.0,4.075292397660816,3.42123287671233,0.0,0.0,4.076754385964913,3.424246575342466,3.73988684582744,1.6,1.6,632.5388800000001,678.21536,180.32969999999995,90.58679999999995,-47.79081999999988,87.62856000000008,-66286.04656000013,-82037.7322599999,-12.402934276284766,-12.582518076607318,3.7376237623762383,-0.0034723297321776524,0.0,1.0,1.0,430.2998585572843,442.5162659123055,1.0,1.0,1.5162659123055162,1.8539663932107513,0.0,1.125884016973126,0.9561527581329562,0.0,7067.371994342291,0.0,0.0,15.0,0.0,20.0,224.25742574257427,30.0,491.41584158415844,10.0,0.0,0.0,0.0
804,0.30202872593415875,0.3170602404017013,0.285326782411399,0.3030286679131768,0.9864579431293488,0.9864592365818472,358.0,358.0,3.741620111731841,3.3980912476722502,0.0,0.0,3.7423184357541905,3.399720670391062,3.571019553072626,1.6,1.6,663.88,660.0054400000001,81.57599999999996,170.88779999999994,82.30400000000003,-10.882359999999807,-66203.74256000013,-82048.6146199999,-12.305815456238372,-12.597656644232389,3.5698556797020506,0.0006109459171945294,0.0,1.0,1.0,430.5572625698324,442.8449720670391,1.0,1.0,1.5,1.8490020111731844,0.0,1.202513966480447,1.0181564245810055,0.0,7193.263966480447,0.0,0.0,15.0,0.0,20.0,214.1913407821229,30.0,489.85893854748605,10.0,0.0,0.0,0.0
805,0.3019714703356033,0.31709726099305385,0.28528767187005094,0.302900662767126,0.9864758704253443,0.9864769830732778,344.0,383.0,3.4943313953488366,3.2466492602262838,0.0,0.0,3.496220930232558,3.2499129677980854,3.366460339293902,1.6,1.6,621.8681600000001,699.0390400000001,186.93399999999994,70.35399999999994,-65.06583999999984,128.68504000000019,-66268.80840000013,-81919.92957999991,-12.029641448876669,-12.46741244376697,3.36384685923888,-0.012309116011272712,0.0,1.0,1.0,439.26547455295736,451.9449793672627,1.0,1.0,1.5268225584594224,1.816928748280607,0.0,0.9614855570839065,0.9353507565337001,0.0,6993.892709766163,0.0,0.0,15.0,0.0,20.0,201.83081155433288,30.0,479.83768913342504,10.0,0.0,0.0,0.0
806,0.3020384526846342,0.3170575017087996,0.2851180727871051,0.30275484301279265,0.9864940886070466,0.9864953581028625,348.0,349.0,3.6605363984674315,3.3475644699140368,0.0,0.0,3.6625,3.349140401146132,3.505595408895265,1.6,1.6,644.72032,637.99296,80.70079999999992,190.57529999999986,64.0195200000001,-52.58233999999982,-66204.78888000012,-81972.5119199999,-12.227034528933519,-12.578884687572085,3.503825920612145,-0.0031006846421969547,0.0,1.0,1.0,437.725968436155,449.89526542324245,1.0,1.0,1.5007173601147776,1.8403346915351515,0.0,0.9870875179340028,0.8866571018651362,0.0,7177.259684361549,0.0,0.0,15.0,0.0,20.0,210.22955523672883,30.0,487.1492109038737,10.0,0.0,0.0,0.0
807,0.30199619339001155,0.31686814958784554,0.2840617642288723,0.3017143533302548,0.9865117936143599,0.986513390949357,335.0,396.0,3.662238805970148,3.9461279461279464,0.0,0.0,3.6675124378109447,3.949031986531987,3.8200182398540807,1.6,1.6,636.4182400000001,710.9360000000001,104.41009999999994,39.10409999999995,32.00814000000014,171.8319000000002,-66172.78074000012,-81800.6800199999,-12.368980209758323,-12.398659156157624,3.8160282717738268,0.05473466673400993,0.0,1.0,1.0,418.2476060191519,430.03830369357047,1.0,1.0,1.5417236662106704,1.843165854993161,0.0,1.183310533515732,1.1258549931600548,0.0,7066.633378932968,0.0,0.0,15.0,0.0,20.0,228.96169630642956,30.0,488.0218878248974,10.0,0.0,0.0,0.0
808,0.30203020680512715,0.3169349537052224,0.28453884770947413,0.30202116169270665,0.9865297503071132,0.9865313495531367,358.0,348.0,3.5843575418994416,2.8412356321839076,0.0,0.0,3.58780260707635,2.843582375478927,3.2209631728045323,1.6,1.6,657.3500800000002,643.62048,109.02869999999996,242.14809999999994,48.321380000000204,-98.5276199999999,-66124.45936000012,-81899.20763999989,-12.12723248347497,-12.592942134198585,3.218059490084985,-0.011660628799940198,0.0,1.0,1.0,440.1444759206799,452.56798866855524,1.0,1.0,1.4929178470254958,1.842734504249292,0.0,0.9617563739376771,0.9617563739376771,0.0,7036.212464589235,0.0,0.0,15.0,0.0,20.0,193.08356940509915,30.0,487.90084985835693,10.0,0.0,0.0,0.0
809,0.30208679544375194,0.3166927076521652,0.28501752696707927,0.3027290092493743,0.9865477854304369,0.9865492282904675,365.0,342.0,3.3066210045662117,3.691276803118907,0.0,0.0,3.3089041095890415,3.692787524366471,3.4946016030174447,1.6,1.6,667.87264,619.1715200000001,87.71599999999995,141.0922999999999,80.1566400000001,-21.92077999999981,-66044.30272000012,-81921.12841999989,-12.102344365865164,-12.428080126652361,3.4926921263554975,0.02887147258787075,0.0,1.0,1.0,437.4186704384724,449.5558698727016,1.0,1.0,1.4837340876944838,1.820430212164074,0.0,0.9759547383309759,0.9264497878359265,0.0,7084.540311173974,0.0,0.0,15.0,0.0,20.0,209.56152758132956,30.0,480.93493635077795,10.0,0.0,0.0,0.0
810,0.30210606086111275,0.3166349936164143,0.2841342075514523,0.3020143308556643,0.9865658762563568,0.986566875097061,354.0,333.0,3.4476930320150667,3.608208208208211,0.0,0.0,3.4520715630885124,3.609509509509509,3.528384279475982,1.6,1.6,655.1888000000001,624.11008,134.81989999999996,135.13039999999998,20.368900000000167,-11.020319999999941,-66023.93382000012,-81932.14873999989,-12.367541581756432,-12.644186313435727,3.525497331392528,-0.001983909901851881,0.0,1.0,1.0,445.4788937409025,458.17612809315864,1.0,1.0,1.48471615720524,1.8621526637554573,0.0,0.9548762736535662,0.9621542940320232,0.0,7075.382823871907,0.0,0.0,15.0,0.0,20.0,211.5298398835517,30.0,493.9737991266376,10.0,0.0,0.0,0.0
811,0.3020917459731349,0.31656847989321174,0.28328176765201807,0.3012255851114568,0.9865840125620285,0.9865849884548551,329.0,365.0,3.387639311043566,3.9436986301369847,0.0,0.0,3.3920466058763927,3.9471232876712334,3.683981748318924,1.6,1.6,599.0569600000001,666.4288,166.5012999999999,69.5584,-67.44433999999978,96.87040000000002,-66091.37816000012,-81835.27833999989,-12.195603458213268,-12.597296523553698,3.6800912584053806,-0.020761182496440104,0.0,1.0,1.0,445.38328530259366,457.8184438040346,1.0,1.0,1.5259365994236311,1.8234665129683003,0.0,0.8962536023054755,0.845821325648415,0.0,7036.335734870317,0.0,0.0,15.0,0.0,20.0,220.80547550432277,30.0,481.87031700288185,10.0,0.0,0.0,0.0
812,0.3020138064417632,0.3165748733302118,0.28366901501121533,0.30141386245444285,0.9866015065496905,0.9866028794793402,359.0,337.0,4.20496750232126,3.8212660731948587,0.0,0.0,4.206824512534819,3.8238377843719094,4.021384099616858,1.6,1.6,661.3888000000001,613.77728,19.27649999999999,234.87619999999993,142.11230000000006,-121.09891999999991,-65949.26586000013,-81956.37725999989,-12.38361647509579,-12.505954314610218,4.019181034482759,0.009780721852546121,0.0,1.0,1.0,439.9511494252874,452.42528735632186,1.0,1.0,1.4841954022988506,1.8321351724137926,0.0,1.0344827586206897,1.081896551724138,0.0,7181.71408045977,0.0,0.0,15.0,0.0,20.0,241.15086206896552,30.0,484.58045977011494,10.0,0.0,0.0,0.0
813,0.30189865733814103,0.31658387418696987,0.28305402781990097,0.30085285752916063,0.9866197158058837,0.9866205783070515,366.0,349.0,3.47445355191257,3.709837631327603,0.0,0.0,3.479417122040074,3.712177650429799,3.593030303030303,1.6,1.6,677.13376,617.2656000000001,102.87779999999995,118.39229999999996,74.2559600000001,-1.1266999999999001,-65875.00990000014,-81957.50395999989,-12.080098088578096,-12.470603667153997,3.5893473193473184,-0.012803364413339978,0.0,1.0,1.0,449.2741258741259,461.8083916083916,1.0,1.0,1.4881118881118882,1.810348755244755,0.0,1.0041958041958041,0.9132867132867133,0.0,7127.5034965034965,0.0,0.0,15.0,0.0,20.0,215.36083916083916,30.0,477.7846153846154,10.0,0.0,0.0,0.0
814,0.30195484118943255,0.3164827529832545,0.28288243941273145,0.30072127217041944,0.9866366878825726,0.9866376230728323,354.0,335.0,3.179001883239173,3.5648756218905495,0.0,0.0,3.184274952919021,3.5656218905472636,3.369690372520561,1.6,1.6,650.0336,619.89344,168.92899999999995,160.30359999999993,-18.895399999999967,-40.41015999999988,-65893.90530000013,-81997.91411999988,-12.189165747460097,-12.609120940782782,3.3666182873729995,0.00962997302437033,0.0,1.0,1.0,445.37735849056605,457.79245283018867,1.0,1.0,1.486211901306241,1.8431451959361387,0.0,0.9521044992743106,0.9216255442670537,0.0,7216.013062409289,0.0,0.0,15.0,0.0,20.0,201.99709724238025,30.0,488.0377358490566,10.0,0.0,0.0,0.0
815,0.30187229132688187,0.316309636030173,0.28213963319532365,0.29988053618506766,0.9866546538661535,0.9866551600981146,354.0,360.0,3.9630414312617703,3.874490740740743,0.0,0.0,3.9638888888888886,3.874490740740741,3.918814192343604,1.6,1.6,667.18496,662.6656,138.41789999999992,70.1644,28.76706000000013,92.50120000000004,-65865.13824000013,-81905.41291999989,-12.527006722689082,-12.564634372173263,3.918394024276376,0.032634348764164725,0.0,1.0,1.0,440.22408963585434,452.60504201680675,1.0,1.0,1.504201680672269,1.8625357983193285,0.0,1.2436974789915967,0.8823529411764706,0.0,7028.802521008403,0.0,0.0,15.0,0.0,20.0,235.10364145658264,30.0,494.09103641456585,10.0,0.0,0.0,0.0
816,0.3018251050581715,0.3160477086445382,0.2829047597689231,0.30026692709528524,0.9866721140933857,0.9866729479774371,362.0,363.0,3.5365101289134406,3.8599632690541763,0.0,0.004958677685950413,3.5393646408839774,3.856014692378329,3.697908045977012,1.6,1.6,665.44416,673.10112,99.83269999999996,151.30649999999997,65.61146000000005,21.794620000000066,-65799.52678000013,-81883.61829999989,-12.340749057471257,-12.564241923431704,3.698459770114948,0.005230137923458109,0.0,1.0,1.0,443.64,456.0165517241379,1.0,1.0,1.5006896551724138,1.8462693517241389,0.002482758620689655,1.096551724137931,1.0206896551724138,0.0,7009.988965517241,0.1489655172413793,0.0,14.932413793103448,0.0,20.0,221.75862068965517,30.0,489.0055172413793,10.0,0.0,0.0,0.0
817,0.30166802693245526,0.3161004788289121,0.2833690329294037,0.30064750087180586,0.9866892338097359,0.9866900132711746,365.0,356.0,4.0186757990867585,3.4284644194756573,0.0,0.0,4.021826484018265,3.431320224719101,3.7302588996763753,1.6,1.6,671.4572800000001,665.7363200000001,154.38339999999997,113.94949999999994,17.073880000000116,51.78682000000015,-65782.45290000013,-81831.83147999989,-12.402789644012945,-12.64158597470596,3.727253814147017,-0.002770554417727413,0.0,1.0,1.0,448.58529819694866,460.9916782246879,1.0,1.0,1.49375866851595,1.8546374479889032,0.0,1.0624133148404993,0.9944521497919556,0.0,6992.839112343967,0.0,0.0,15.0,0.0,20.0,223.63522884882107,30.0,491.6102635228849,10.0,0.0,0.0,0.0
818,0.3017502838516064,0.3160126008142685,0.28369690069697684,0.3009833927763023,0.9867072637443699,0.9867075844408112,388.0,316.0,3.5427405498281765,3.355537974683544,0.0,0.0,3.5454467353951893,3.3574367088607597,3.461055871212121,1.6,1.6,709.9046400000001,583.04736,150.33419999999995,212.5085999999999,59.57044000000013,-129.46123999999986,-65722.88246000014,-81961.2927199999,-12.186283143939399,-12.550008697884316,3.458712121212123,-0.017357538129933354,0.0,1.0,1.0,437.77414772727275,450.1207386363636,1.0,1.0,1.4488636363636365,1.8365795454545457,0.0,1.2144886363636365,0.9715909090909091,0.0,7118.326704545455,0.0,0.0,15.0,0.0,20.0,207.52272727272728,30.0,485.97017045454544,10.0,0.0,0.0,0.0
819,0.3017535255831671,0.31589491980881795,0.2838704872986919,0.3009427667692691,0.9867248135619079,0.9867252539593356,343.0,375.0,3.3377065111758966,4.396622222222223,0.0,0.021244444444444444,3.342274052478134,4.377866666666667,3.883147632311978,1.6,1.6,618.9424,679.90112,285.76469999999995,33.7011,-166.82229999999993,146.20002,-65889.70476000014,-81815.09269999989,-12.192303992571945,-12.352587347667706,3.8907613741875573,0.034969095179518093,0.0,1.0,1.0,438.0682451253482,450.2298050139276,1.0,1.0,1.5222841225626742,1.808974261838441,0.011095636025998144,1.0863509749303621,1.201949860724234,0.0,7040.49582172702,0.6657381615598886,0.0,14.817548746518106,0.0,20.0,232.7799442896936,30.0,477.3384401114206,10.0,0.0,0.0,0.0
820,0.30173164172325617,0.31577890187942814,0.28403238402099007,0.30103840092358003,0.9867428546757875,0.9867428247300473,372.0,350.0,3.924372759856627,3.35452380952381,0.0,0.0,3.926075268817205,3.356238095238095,3.6498384118190215,1.6,1.6,672.99008,649.8384000000001,58.79519999999992,133.18529999999987,114.19488000000011,16.653100000000222,-65775.50988000014,-81798.4395999999,-12.235437303785782,-12.522531052993813,3.6481301939058155,0.015308863613999501,0.0,1.0,1.0,444.33240997229916,456.77008310249306,1.0,1.0,1.4847645429362881,1.8321724099723002,0.0,1.0886426592797784,0.9418282548476454,0.0,7003.210526315789,0.0,0.0,15.0,0.0,20.0,218.88781163434902,30.0,484.59695290858724,10.0,0.0,0.0,0.0
821,0.30163332117180836,0.31573092317588125,0.2835834193461173,0.30053104524515806,0.9867604514274148,0.9867607649539244,373.0,366.0,3.8585344057193858,3.543123861566485,0.0,0.0,3.8606344950848976,3.544262295081967,3.703946774921065,1.6,1.6,701.6124800000001,667.2611199999999,108.37759999999996,134.37509999999995,93.23488000000016,32.886019999999945,-65682.27500000014,-81765.55357999989,-12.37892377086152,-12.580487375408254,3.7023229589535394,0.003690847894291474,0.0,1.0,1.0,439.6468200270636,452.0365358592693,1.0,1.0,1.4952638700947225,1.852332341001354,0.0,1.1583220568335588,0.9282814614343707,0.0,7165.913396481732,0.0,0.0,15.0,0.0,20.0,222.13937753721245,30.0,490.8998646820027,10.0,0.0,0.0,0.0
822,0.3015965676439743,0.31576823394093,0.28401285752762,0.3008239127181587,0.9867781020398937,0.9867780425799757,325.0,383.0,3.5574871794871776,3.292689295039166,0.0,0.0,3.5575897435897437,3.300304612706701,3.4184086629001884,1.6,1.6,607.9203200000001,704.2656000000001,243.3918999999999,92.84369999999996,-135.47157999999985,111.42190000000011,-65817.74658000014,-81654.13167999989,-12.26991939736347,-12.554731143599646,3.41424199623352,-0.0039618364110561455,0.0,1.0,1.0,446.8375706214689,458.9138418079096,1.0,1.0,1.5409604519774012,1.8533699435028248,0.0,1.0918079096045197,1.1059322033898304,0.0,7189.190677966101,0.0,0.0,15.0,0.0,20.0,204.8545197740113,30.0,491.2118644067797,10.0,0.0,0.0,0.0
823,0.3016487896986968,0.3157218117496463,0.2851013620310149,0.30193792212413434,0.9867952833843612,0.9867950786546296,326.0,358.0,3.182464212678938,3.4931098696461858,0.0,0.0,3.185480572597137,3.4955307262569835,3.3477582846003893,1.6,1.6,593.9584000000001,660.14688,107.53239999999994,201.11039999999994,-13.573999999999842,-40.96351999999993,-65831.32058000013,-81695.0951999999,-12.122207212475631,-12.460285229771072,3.345053606237814,-0.00809973149222076,0.0,1.0,1.0,451.9634502923977,464.28801169590645,1.0,1.0,1.523391812865497,1.8334872514619873,0.0,0.9736842105263158,1.054093567251462,0.0,6994.173976608187,0.0,0.0,15.0,0.0,20.0,200.703216374269,30.0,485.02485380116957,10.0,0.0,0.0,0.0
824,0.30153808938093396,0.3156908307569514,0.2859872206265598,0.30283833857628606,0.9868122317878115,0.9868120599538182,360.0,355.0,3.8332407407407407,3.1960093896713615,0.0,0.0,3.837083333333333,3.200892018779342,3.521212121212121,1.6,1.6,656.09024,665.09088,65.01689999999992,118.00449999999998,91.07334000000007,47.08637999999999,-65740.24724000013,-81648.0088199999,-12.277378461538456,-12.583312028792479,3.5168531468531476,-0.00220112354941768,0.0,1.0,1.0,440.55804195804194,452.7160839160839,1.0,1.0,1.4965034965034965,1.8478057622377635,0.0,1.1202797202797203,1.1286713286713286,0.0,7155.448951048951,0.0,0.0,15.0,0.0,20.0,211.01118881118882,30.0,489.4825174825175,10.0,0.0,0.0,0.0
825,0.3016208758067593,0.315596808164575,0.28543932138119493,0.30212701210220916,0.9868300463538773,0.9868293820329173,353.0,342.0,3.119971671388101,3.5165692007797253,0.0,0.0,3.125731822474032,3.518323586744639,3.3189208633093523,1.6,1.6,650.1625600000001,624.176,51.782399999999974,97.22169999999994,98.38016000000013,26.954300000000103,-65641.86708000013,-81621.0545199999,-12.110728249400482,-12.56027277721098,3.315131894484413,-0.0169194797951238,0.0,1.0,1.0,451.46043165467626,463.53525179856115,1.0,1.0,1.492086330935252,1.8335806618705037,0.0,1.162589928057554,0.8964028776978418,0.0,7040.307913669065,0.0,0.0,15.0,0.0,20.0,198.90791366906475,30.0,485.031654676259,10.0,0.0,0.0,0.0
826,0.3016945776920301,0.31535041855723706,0.28616698902594073,0.3028024252960014,0.9868468098524372,0.9868464567529589,356.0,365.0,3.3074438202247207,4.242648401826481,0.0,0.0,3.311095505617977,4.243652968036529,3.7831946370781324,1.6,1.6,650.4121600000001,668.5571199999999,97.39309999999995,126.27119999999996,53.01906000000014,42.285919999999976,-65588.84802000012,-81578.76859999991,-12.271557651410081,-12.459048074592975,3.780883032824781,0.007233140720166066,0.0,1.0,1.0,451.3966712898752,463.93203883495147,1.0,1.0,1.50624133148405,1.8293609986130368,0.0,1.0249653259361997,1.027739251040222,0.0,7030.449375866851,0.0,0.0,15.0,0.0,20.0,226.85298196948682,30.0,483.71983356449374,10.0,0.0,0.0,0.0
827,0.3016338388152099,0.3153709686977883,0.28625920115913456,0.3026672081713572,0.9868637479095415,0.9868637613097617,344.0,351.0,3.68125,3.4330484330484343,0.0,0.0,3.6831879844961244,3.4392687559354225,3.5599999999999996,1.6,1.6,644.4758400000001,646.1552,117.34879999999993,122.75609999999985,27.127040000000136,23.39910000000019,-65561.72098000011,-81555.36949999991,-12.348674148681052,-12.647808026546382,3.555899280575539,-0.0013651092317174729,0.0,1.0,1.0,452.168345323741,464.52230215827336,1.0,1.0,1.5050359712230217,1.8570230791366906,0.0,1.0158273381294964,0.943884892086331,0.0,7061.75107913669,0.0,0.0,15.0,0.0,20.0,213.35395683453237,30.0,492.35971223021585,10.0,0.0,0.0,0.0
828,0.30164229179204327,0.31514690545063906,0.28703018882192577,0.3033247196258222,0.98688057408537,0.9868803522451953,370.0,321.0,3.6366666666666654,3.882969885773623,0.0,0.0,3.6377477477477482,3.88380062305296,3.7520501688374335,1.6,1.6,674.13248,601.2409600000001,33.94419999999994,135.34079999999997,140.18828000000005,-34.09983999999989,-65421.53270000011,-81589.46933999991,-12.358317221418227,-12.543719433054104,3.7510853835021747,0.0370243010629582,0.0,1.0,1.0,451.7424023154848,464.21997105643993,1.0,1.0,1.4645441389290883,1.8456923878437055,0.0,1.0795947901591896,1.0405209840810419,0.0,6946.942112879884,0.0,0.0,15.0,0.0,20.0,225.06512301013024,30.0,488.8263386396527,10.0,0.0,0.0,0.0
829,0.3016557964508556,0.31477015286433213,0.2856128492983002,0.3018375752650203,0.986897467908574,0.9868979037892291,332.0,367.0,3.0742469879518084,4.774159854677563,0.0,0.0,3.0772088353413656,4.775158946412353,3.9686933714830706,1.6,1.6,603.6092800000001,673.8380800000001,196.21939999999992,13.431299999999979,-92.6101199999998,160.40678000000014,-65514.14282000011,-81429.0625599999,-12.334869051025272,-12.478203085209646,3.966762041010966,0.0424610880800822,0.0,1.0,1.0,453.7525035765379,466.137339055794,1.0,1.0,1.5250357653791131,1.8275355650929899,0.0,0.9842632331902719,1.0686695278969958,0.0,6926.067238912732,0.0,0.0,15.0,0.0,20.0,238.0057224606581,30.0,483.14592274678114,10.0,0.0,0.0,0.0
830,0.30159547159365685,0.3147188611656841,0.2862303078229807,0.30235276083377227,0.9869141209815221,0.9869149281917695,346.0,348.0,3.5936416184971125,3.3940134099616857,0.0,0.0,3.5961946050096345,3.3968390804597703,3.4962295869356383,1.6,1.6,645.0678400000002,642.1686400000001,79.25539999999997,188.43839999999992,65.8124400000002,-46.26975999999982,-65448.33038000011,-81475.3323199999,-12.310363688760802,-12.597925774455105,3.493539865513932,-0.007464178785393588,0.0,1.0,1.0,454.8688760806916,467.19308357348706,1.0,1.0,1.5014409221902016,1.8548076080691647,0.0,1.0504322766570606,0.8587896253602305,0.0,7080.387608069164,0.0,0.0,15.0,0.0,20.0,209.61239193083574,30.0,491.6729106628242,10.0,0.0,0.0,0.0
831,0.3013929707224951,0.3146517206428114,0.2864103693346753,0.30234229142436386,0.9869311252231753,0.9869318875309566,371.0,338.0,4.200898472596584,3.753205128205126,0.0020664869721473494,0.0,4.2019766397124885,3.7561637080867847,3.9894452280206867,1.6,1.6,684.49152,627.88608,47.81979999999994,116.64619999999996,136.6717200000001,11.239880000000028,-65311.65866000011,-81464.0924399999,-12.48509826046076,-12.579259650716994,3.987470615890927,0.018144793936909865,0.0,1.0,1.0,448.8688293370945,461.10860366713683,1.0,1.0,1.4767277856135401,1.8510262341325807,0.001081335213916314,1.165021156558533,0.9915373765867419,0.0,7058.267983074753,0.06488011283497884,0.0,14.957686882933709,0.0,20.0,239.1833568406206,30.0,490.4936530324401,10.0,0.0,0.0,0.0
832,0.30133904344691986,0.31462455564455516,0.2860819163407978,0.302104360799408,0.9869478271320932,0.9869485699436049,365.0,341.0,3.9692237442922362,3.4547409579667643,0.0,0.0,3.969223744292238,3.4555718475073314,3.7211284230406045,1.6,1.6,682.90848,628.104,171.50479999999993,113.41719999999992,11.403680000000122,14.686800000000119,-65300.25498000011,-81449.40563999991,-12.41424796978281,-12.610923423411226,3.720727101038714,-8.843601599334649e-05,0.0,1.0,1.0,455.90226628895186,468.1614730878187,1.0,1.0,1.4830028328611897,1.8569581869688383,0.0,1.2337110481586402,0.9773371104815864,0.0,6976.0269121813035,0.0,0.0,15.0,0.0,20.0,223.24362606232296,30.0,492.3498583569405,10.0,0.0,0.0,0.0
833,0.30132451376366154,0.3144843899093531,0.28554905141826475,0.30146853344484104,0.9869648429048669,0.9869652023197882,375.0,352.0,3.6232000000000015,3.645785984848484,0.0,0.0,3.6236000000000006,3.648390151515151,3.6356029344337464,1.6,1.6,698.17088,646.20416,98.82769999999995,95.35259999999995,99.34318000000006,50.85156000000005,-65200.9118000001,-81398.55407999991,-12.332781109582761,-12.497185906999167,3.6341357175607527,0.022544958008772254,0.0,1.0,1.0,448.53232462173315,460.7964236588721,1.0,1.0,1.484181568088033,1.8492091334250345,0.0,1.1403026134800551,1.0481430536451168,0.0,7024.268225584594,0.0,0.0,15.0,0.0,20.0,218.0481430536451,30.0,489.92434662998625,10.0,0.0,0.0,0.0
834,0.30137820265065396,0.31448042011291183,0.2842223846185372,0.2999968948350265,0.9869812436488464,0.9869822237713384,367.0,331.0,3.557175295186192,3.2937562940584084,0.0,0.0,3.5598092643051773,3.2960221550855997,3.434718242597899,1.6,1.6,681.10464,596.9475200000002,120.74769999999992,206.8498999999999,60.356940000000094,-109.90237999999974,-65140.554860000106,-81508.45645999991,-12.142092836676213,-12.548041179602167,3.4322588347659986,-0.016694645679252443,0.0,1.0,1.0,458.77363896848135,471.2879656160458,1.0,1.0,1.4742120343839542,1.8310202865329497,0.0,1.1203438395415473,0.8853868194842407,0.0,7060.7249283667625,0.0,0.0,15.0,0.0,20.0,205.9355300859599,30.0,484.22636103151865,10.0,0.0,0.0,0.0
835,0.3011759744559583,0.31420711019454145,0.28459381700739017,0.30075908543208946,0.9869979989314082,0.9869989504261695,350.0,335.0,3.736000000000001,3.852537313432838,0.0,0.0,3.7397142857142858,3.8555721393034825,3.7963746958637468,1.6,1.6,641.9152,624.5984000000001,149.49969999999993,139.25569999999996,-7.584499999999906,-14.657299999999879,-65148.1393600001,-81523.11375999992,-12.394610218978107,-12.487070342223609,3.7929927007299256,0.028887186331764042,0.0,1.0,1.0,456.89197080291973,469.2583941605839,1.0,1.0,1.489051094890511,1.8489249635036482,0.0,1.089051094890511,0.8890510948905109,0.0,7080.529927007299,0.0,0.0,15.0,0.0,20.0,227.57956204379562,30.0,489.83649635036494,10.0,0.0,0.0,0.0
836,0.30113733887053157,0.31403399131110094,0.2858651920619154,0.30208577341033055,0.9870146553394927,0.9870155145185059,349.0,355.0,3.6212989493791783,3.9932863849765243,0.0,0.0,3.6221585482330467,3.997511737089202,3.811434659090909,1.6,1.6,638.7753600000001,666.1206400000001,98.16599999999991,61.048799999999936,40.60936000000018,105.07184000000015,-65107.5300000001,-81418.04191999992,-12.428863636363655,-12.600414143138126,3.8088778409090938,0.007934386600022022,0.0,1.0,1.0,452.03409090909093,464.3238636363636,1.0,1.0,1.5042613636363635,1.8535454545454542,0.0,1.2386363636363635,0.9730113636363636,0.0,7122.657670454545,0.0,0.0,15.0,0.0,20.0,228.53267045454547,30.0,491.2755681818182,10.0,0.0,0.0,0.0
837,0.3011960673234041,0.3139982119016275,0.2854638639305554,0.3016726924590409,0.9870313891753214,0.987031964401589,361.0,349.0,3.6897968605724802,3.5470391595033397,0.0,0.0,3.6933056325023075,3.550095510983763,3.6229107981220663,1.6,1.6,664.04128,646.69856,144.09089999999998,102.23849999999997,19.950380000000052,44.46006000000007,-65087.5796200001,-81373.58185999992,-12.308271173708935,-12.564956724913856,3.6196244131455453,-0.002055448011072001,0.0,1.0,1.0,457.0957746478873,469.50422535211266,1.0,1.0,1.491549295774648,1.846112450704225,0.0,1.0788732394366196,0.8788732394366198,0.0,7105.607042253521,0.0,0.0,15.0,0.0,20.0,217.1774647887324,30.0,488.9577464788732,10.0,0.0,0.0,0.0
838,0.30099453158171136,0.31404276060980374,0.2868804160904055,0.3027530164628262,0.9870479380018123,0.9870479071009136,371.0,340.0,3.7004492362982955,3.1572549019607843,0.0,0.0,3.70318957771788,3.1578921568627454,3.442428504453821,1.6,1.6,687.96288,617.7299200000001,75.79539999999994,112.40399999999994,112.1674800000001,5.325920000000167,-64975.412140000095,-81368.25593999992,-12.178102203469296,-12.568800536271558,3.44069385841538,-0.007573260592395924,0.0,1.0,1.0,461.8635724331927,474.42053445850917,1.0,1.0,1.4781997187060478,1.8364174402250353,0.0,1.2081575246132208,0.8790436005625879,0.0,6948.627285513361,0.0,0.0,15.0,0.0,20.0,206.44163150492264,30.0,485.92123769338957,10.0,0.0,0.0,0.0
839,0.3007619579707209,0.31394082076608176,0.28814915735747754,0.3037951248876764,0.987064340993588,0.9870647578835616,368.0,351.0,4.221739130434779,3.7160493827160477,0.0,0.0,4.223460144927536,3.72269705603039,3.978998609179416,1.6,1.6,680.0547200000001,639.21408,124.95049999999992,87.34519999999998,55.10422000000017,51.86887999999999,-64920.307920000094,-81316.38705999992,-12.382379230412614,-12.484734509317112,3.9748725081131178,0.018987903806052565,0.0,1.0,1.0,455.3824756606398,467.55493741307373,1.0,1.0,1.4881780250347705,1.8348662030598057,0.0,1.2851182197496522,0.9763560500695411,0.0,6998.118219749652,0.0,0.0,15.0,0.0,20.0,238.49235048678722,30.0,485.4297635605007,10.0,0.0,0.0,0.0
840,0.3008637568167575,0.31388430302320525,0.2880128053386689,0.30345602485333917,0.9870808502760348,0.9870810850581765,349.0,346.0,3.1627029608405,3.3901252408477816,0.0,0.0,3.1650907354345748,3.391281310211946,3.2776978417266194,1.6,1.6,638.86112,639.2732800000001,130.36049999999994,135.34419999999994,8.500620000000083,3.9290800000001695,-64911.807300000095,-81312.45797999992,-12.12805563549161,-12.57149808364351,3.275923261390888,-0.02241339126571687,0.0,1.0,1.0,466.32086330935255,478.6115107913669,1.0,1.0,1.497841726618705,1.8390423021582734,0.0,0.9884892086330935,0.9683453237410072,0.0,6910.119424460431,0.0,0.0,15.0,0.0,20.0,196.55539568345324,30.0,486.74244604316544,10.0,0.0,0.0,0.0
841,0.3008615975744386,0.3136945530799943,0.28584217274540585,0.3009283084330834,0.9870971067009466,0.9870973687418381,355.0,351.0,3.6291079812206624,3.743114909781577,0.0,0.0,3.6307981220657277,3.7485280151946814,3.68932955618508,1.6,1.6,649.58144,636.88736,130.01479999999992,128.13689999999994,19.56664000000012,8.750460000000004,-64892.2406600001,-81303.70751999992,-12.190218130311628,-12.409426623869624,3.685788479697826,0.03182046826614195,0.0,1.0,1.0,455.9773371104816,468.09065155807366,1.0,1.0,1.4971671388101984,1.8221937677053823,0.0,0.9759206798866855,0.9801699716713881,0.0,6980.402266288952,0.0,0.0,15.0,0.0,20.0,221.1473087818697,30.0,481.4801699716714,10.0,0.0,0.0,0.0
842,0.3007013489230776,0.3135589116570771,0.28563554945483843,0.3007152401252412,0.9871132378707301,0.9871133518883425,331.0,367.0,4.00216515609265,3.725295186194369,0.0,0.0,4.006042296072508,3.7282016348773843,3.859957020057307,1.6,1.6,612.9920000000001,673.5318400000001,182.71039999999996,63.71569999999997,-69.71839999999989,109.81614000000013,-64961.959060000096,-81193.89137999993,-12.385194651384895,-12.485881312467237,3.856590257879654,0.040372244300297226,0.0,1.0,1.0,456.12464183381087,468.24785100286533,1.0,1.0,1.5257879656160458,1.8431573638968466,0.0,1.2779369627507164,1.0501432664756447,0.0,7059.661891117478,0.0,0.0,15.0,0.0,20.0,231.39541547277938,30.0,488.0315186246418,10.0,0.0,0.0,0.0
843,0.3004813334142322,0.3135007233321254,0.2863867222270837,0.30124533765043066,0.9871296555721882,0.9871299203454644,378.0,328.0,3.8289682539682524,3.346392276422764,0.0,0.0,3.832098765432099,3.350965447154471,3.6085694050991495,1.6,1.6,701.0288,611.4336000000001,45.11749999999995,138.13659999999987,155.9113000000001,-26.702999999999804,-64806.047760000096,-81220.59437999992,-12.380286118980164,-12.532671953317822,3.6047686496694995,0.045302545055919095,0.0,1.0,1.0,455.4957507082153,467.6813031161473,1.0,1.0,1.4645892351274787,1.8590118980169967,0.0,1.1756373937677054,0.9589235127478754,0.0,7205.584985835694,0.0,0.0,15.0,0.0,20.0,216.28611898016996,30.0,492.9957507082153,10.0,0.0,0.0,0.0
844,0.30047844550636016,0.31334784379978525,0.2862456958370874,0.30115758944378096,0.9871455894441441,0.9871466199138161,363.0,334.0,3.3457759412304835,4.0311377245509,0.0,0.0,3.3484848484848486,4.035079840319361,3.677498804399809,1.6,1.6,656.8243200000001,612.26976,139.72479999999993,75.24639999999998,17.099520000000126,37.02336000000004,-64788.94824000009,-81183.57101999992,-12.17713113342898,-12.518017670916166,3.674198947871831,0.009631748625774997,0.0,1.0,1.0,469.2166427546628,481.7862266857963,1.0,1.0,1.4791965566714491,1.8207949497847917,0.0,1.005738880918221,0.93974175035868,0.0,6904.571018651363,0.0,0.0,15.0,0.0,20.0,220.4519368723099,30.0,481.0430416068867,10.0,0.0,0.0,0.0
845,0.3004211702013414,0.3131456875178321,0.28682782372772575,0.30158565875798266,0.9871618494375488,0.9871627723953714,346.0,357.0,3.4959537572254327,4.168814192343606,0.0,0.0,3.4971579961464356,4.170821661998132,3.839260312944523,1.6,1.6,649.7123200000001,657.2771200000001,99.61819999999994,136.0682,50.094120000000146,21.20892000000009,-64738.85412000009,-81162.36209999991,-12.474282408724529,-12.647926306346317,3.8376481744902846,0.00820947404966128,0.0,1.0,1.0,460.50782361308677,472.87482219061167,1.0,1.0,1.507823613086771,1.8591599431009955,0.0,1.1906116642958748,0.9914651493598862,0.0,7071.950213371266,0.0,0.0,15.0,0.0,20.0,230.2588904694168,30.0,493.02702702702703,10.0,0.0,0.0,0.0
846,0.3002917019068859,0.3131934667528621,0.28715143111952085,0.30168450704727845,0.987177941689509,0.9871792178796138,367.0,320.0,4.105676657584015,3.0645312499999995,0.012806539509536785,0.0,4.09677565849228,3.0672916666666663,3.6172489082969426,1.6,1.6,688.7072000000001,570.60032,86.36739999999995,197.50459999999987,102.33980000000011,-126.90427999999986,-64636.51432000009,-81289.26637999991,-12.229821834061152,-12.493330144021478,3.6207180980106792,0.01319176387896344,0.0,1.0,1.0,468.6535662299855,481.07423580786025,1.0,1.0,1.4657933042212519,1.8330531586608443,0.006841339155749636,1.1615720524017468,0.9068413391557496,0.0,6973.781659388646,0.4104803493449782,0.0,14.890829694323145,0.0,20.0,216.83260553129548,30.0,484.8806404657933,10.0,0.0,0.0,0.0
847,0.30030159944089,0.31312740158313407,0.2875134457286132,0.30206162234700507,0.9871940424356773,0.9871957288851058,351.0,307.0,3.7816714150047495,3.598697068403908,0.0,0.0,3.7846153846153845,3.6007057546145496,3.6988095238095244,1.6,1.6,653.8483200000001,559.3516800000001,205.30999999999992,183.2921999999999,-51.46167999999986,-123.9405199999998,-64687.97600000009,-81413.20689999992,-12.324751773049632,-12.555640130349488,3.6963019250253284,0.00037806112861738883,0.0,1.0,1.0,467.50759878419456,479.90425531914894,1.0,1.0,1.466565349544073,1.8437689969604867,0.0,1.162613981762918,0.9696048632218845,0.0,6916.006079027356,0.0,0.0,15.0,0.0,20.0,221.77811550151975,30.0,488.2158054711246,10.0,0.0,0.0,0.0
848,0.3003408518206171,0.3128650594005949,0.28617485649588337,0.3002185025823631,0.9872102542712782,0.9872119469897571,362.0,342.0,3.661832412523019,4.501169590643274,0.0,0.0,3.665883977900552,4.503508771929824,4.072798295454545,1.6,1.6,659.1113600000001,635.0896,132.69179999999994,39.582399999999964,26.41956000000016,95.50720000000005,-64661.55644000009,-81317.69969999991,-12.441370454545439,-12.568805308434019,4.069578598484851,0.020935426947958212,0.0,1.0,1.0,467.2713068181818,479.40625,1.0,1.0,1.4857954545454546,1.8383536363636368,0.0,1.046875,1.0383522727272727,0.0,7016.734375,0.0,0.0,15.0,0.0,20.0,244.1747159090909,30.0,486.53125,10.0,0.0,0.0,0.0
849,0.30030999930404373,0.3128438559280023,0.28599529232291354,0.2999814482720133,0.9872259130207522,0.9872283726952148,349.0,354.0,3.775453677172874,3.682956685499058,0.0,0.0,3.778701050620821,3.6859227871939737,3.7319819819819817,1.6,1.6,631.5715200000001,636.8076800000001,181.97109999999992,77.69629999999995,-50.399579999999844,59.11138000000017,-64711.956020000085,-81258.58831999991,-12.09897961119014,-12.362191945907172,3.7288762446657184,0.029177600287528305,0.0,1.0,1.0,465.4509246088193,477.7339971550498,1.0,1.0,1.503556187766714,1.8042378378378363,0.0,0.9658605974395448,1.0142247510668563,0.0,7091.071123755334,0.0,0.0,15.0,0.0,20.0,223.7325746799431,30.0,475.8719772403983,10.0,0.0,0.0,0.0
850,0.3002550583739903,0.31263986713675296,0.28384294333680865,0.2976765328992758,0.9872423639560652,0.9872452839179422,360.0,344.0,3.674444444444443,3.7478197674418596,0.0,0.0,3.6778240740740737,3.749563953488372,3.7128787878787874,1.6,1.6,655.20992,630.50304,76.60819999999993,137.94019999999995,78.60172000000009,-7.437159999999892,-64633.35430000009,-81266.02547999991,-12.224807954545458,-12.426290141135508,3.710298295454549,0.03210530311090048,0.0,1.0,1.0,467.7400568181818,480.1988636363636,1.0,1.0,1.4886363636363635,1.8262968181818175,0.0,1.0838068181818181,0.9034090909090909,0.0,7085.53125,0.0,0.0,15.0,0.0,20.0,222.61789772727272,30.0,482.7613636363636,10.0,0.0,0.0,0.0
851,0.30022149064860537,0.31254927138315275,0.283961056905677,0.2976687288643414,0.9872581763421818,0.987261186537444,337.0,370.0,3.6138971315529154,4.183333333333331,0.0,0.0,3.614490603363006,4.186486486486487,3.9138378123526643,1.6,1.6,614.8720000000001,678.71136,205.6555999999999,81.78789999999998,-90.78359999999984,96.92346000000003,-64724.13790000009,-81169.1020199999,-12.325898349834985,-12.523387539574005,3.91190476190477,0.0008734738376141827,0.0,1.0,1.0,471.86845827439885,484.4314002828854,1.0,1.0,1.5233380480905234,1.8296794342291376,0.0,0.9405940594059405,1.0664780763790664,0.0,6993.680339462518,0.0,0.0,15.0,0.0,20.0,234.71428571428572,30.0,483.8217821782178,10.0,0.0,0.0,0.0
852,0.2999957887055265,0.31254399796074855,0.28466851783432084,0.2981096687045204,0.9872745162638605,0.9872777028021036,340.0,376.0,3.924460784313724,3.466666666666667,0.0,0.0,3.92764705882353,3.470168439716312,3.6874068901303536,1.6,1.6,627.55168,700.2115200000001,104.44019999999996,73.94399999999993,23.11148000000007,126.26752000000013,-64701.02642000009,-81042.83449999991,-12.38423091247672,-12.551605498735961,3.684054934823094,0.011923477046142028,0.0,1.0,1.0,460.8268156424581,473.2081005586592,1.0,1.0,1.5251396648044693,1.8544178770949713,0.0,1.0251396648044693,1.0768156424581006,0.0,7176.13687150838,0.0,0.0,15.0,0.0,20.0,221.04329608938548,30.0,491.5558659217877,10.0,0.0,0.0,0.0
853,0.29993927392880254,0.3125732224458411,0.28521496539899366,0.29882082732032295,0.9872905804476606,0.9872936989407652,343.0,354.0,3.5349368318756063,3.5838983050847464,0.0,0.0,3.536345966958212,3.588182674199623,3.5626733620277373,1.6,1.6,632.6323199999999,656.3846400000001,85.14009999999996,190.93679999999995,47.492219999999975,-34.552159999999844,-64653.53420000009,-81077.38665999992,-12.304076709708264,-12.559536550072085,3.5598039215686277,0.005219647414958873,0.0,1.0,1.0,466.9713055954089,479.2381635581062,1.0,1.0,1.5078909612625537,1.8493787087517932,0.0,1.109038737446198,1.0028694404591105,0.0,7088.982783357245,0.0,0.0,15.0,0.0,20.0,213.58823529411765,30.0,489.9784791965567,10.0,0.0,0.0,0.0
854,0.29987076431312826,0.31262148910265997,0.28406338907162965,0.29766167918539754,0.9873066521344084,0.9873096326198503,353.0,349.0,3.787677053824362,3.393600764087871,0.0,0.0,3.78947119924457,3.3953677172874883,3.593542260208927,1.6,1.6,651.02304,645.16192,87.26109999999991,110.24669999999995,63.76194000000012,34.91522000000006,-64589.77226000009,-81042.47143999992,-12.29893846153846,-12.513664870989752,3.591761633428302,0.019754414861246055,0.0,1.0,1.0,463.6125356125356,475.51424501424503,1.0,1.0,1.497150997150997,1.8464173219373237,0.0,1.084045584045584,1.1324786324786325,0.0,7081.967236467236,0.0,0.0,15.0,0.0,20.0,215.505698005698,30.0,489.0441595441595,10.0,0.0,0.0,0.0
855,0.29983733193480905,0.3125453564079698,0.28347087859823594,0.29702959561144415,0.9873223991824427,0.9873249663923157,353.0,360.0,3.732577903682721,3.8530555555555552,0.0,0.0,3.738290840415486,3.854675925925926,3.797054698457223,1.6,1.6,641.14304,657.0483200000001,122.89009999999995,85.67219999999995,18.252940000000095,71.37612000000016,-64571.519320000094,-80971.09531999992,-12.224478915381018,-12.483737658783745,3.793408134642357,0.011370265606506013,0.0,1.0,1.0,475.89481065918653,488.45441795231415,1.0,1.0,1.5049088359046283,1.8207452454417963,0.0,0.9551192145862553,1.0532959326788218,0.0,6986.063113604488,0.0,0.0,15.0,0.0,20.0,227.60448807854138,30.0,481.01683029453017,10.0,0.0,0.0,0.0
856,0.2997712510416893,0.31244721673440357,0.28315139706906844,0.2970700461807616,0.9873379523017168,0.9873404855078831,332.0,373.0,3.826305220883536,3.4419124218051795,0.0,0.0,3.8278614457831335,3.4427167113494197,3.6240898345153667,1.6,1.6,610.0064,678.9561600000001,143.7890999999999,122.75059999999995,-33.78269999999992,56.20556000000012,-64605.3020200001,-80914.88975999992,-12.202041796690315,-12.496445575882724,3.6229314420803824,-0.004690733459855026,0.0,1.0,1.0,476.98581560283685,489.245390070922,1.0,1.0,1.5290780141843971,1.8283156879432636,0.0,1.0368794326241135,0.8865248226950354,0.0,7031.018439716312,0.0,0.0,15.0,0.0,20.0,217.3758865248227,30.0,483.3872340425532,10.0,0.0,0.0,0.0
857,0.29964883712602064,0.3124981780892288,0.2847474902181468,0.29853923870494425,0.9873538877359525,0.9873564451363768,361.0,325.0,3.7564173591874432,3.2634358974358935,0.0,0.0,3.7591412742382277,3.265025641025641,3.525048590864917,1.6,1.6,651.8512000000001,596.0,47.484499999999976,239.2676999999999,104.3667000000001,-143.2676999999999,-64500.9353200001,-81058.15745999991,-12.105902818270165,-12.486566337983804,3.5228620019436407,0.012127355154558948,0.0,1.0,1.0,483.25072886297374,495.8381924198251,1.0,1.0,1.4737609329446064,1.8190250728862982,0.0,1.0597667638483965,0.8892128279883382,0.0,6918.096209912536,0.0,0.0,15.0,0.0,20.0,211.37172011661806,30.0,480.48979591836735,10.0,0.0,0.0,0.0
858,0.2996032016198935,0.3123885603283942,0.2838844793691308,0.2975560514541165,0.9873699089015066,0.9873717942070813,343.0,330.0,3.532896015549073,3.8743434343434378,0.0,0.0,3.5362001943634596,3.8759595959595963,3.7027984150569586,1.6,1.6,622.7180800000001,599.9859200000001,145.05929999999987,165.48079999999996,-22.341219999999765,-65.49487999999988,-64523.2765400001,-81123.65233999991,-12.163437345220418,-12.503805626877362,3.700321941555225,0.01620263146565072,0.0,1.0,1.0,482.68796433878157,495.0638930163447,1.0,1.0,1.4903417533432393,1.8167964338781564,0.0,0.9598811292719168,0.8647845468053492,0.0,7135.5408618127785,0.0,0.0,15.0,0.0,20.0,222.0193164933135,30.0,479.7979197622585,10.0,0.0,0.0,0.0
859,0.2994854179706187,0.3120808284901164,0.2833797137713355,0.29715008382704533,0.9873852701660805,0.9873872705373072,357.0,361.0,4.016013071895424,4.248568790397046,0.0,0.0,4.018394024276377,4.250184672206833,4.134935004642526,1.6,1.6,650.4496000000001,671.10464,61.28389999999995,22.425999999999952,89.16570000000019,148.67864000000006,-64434.1108400001,-80974.97369999991,-12.480335933147638,-12.548058729755153,4.132938718662956,0.01819753878255151,0.0,1.0,1.0,470.7353760445682,483.12674094707523,1.0,1.0,1.5027855153203342,1.8406047910863519,0.0,1.2103064066852367,0.9860724233983287,0.0,7082.778551532034,0.0,0.0,15.0,0.0,20.0,247.97632311977716,30.0,487.2409470752089,10.0,0.0,0.0,0.0
860,0.2994989880214053,0.3120818496071266,0.28351545487684354,0.29726867056476797,0.98740110607767,0.9874029580187286,358.0,354.0,3.4503258845437617,3.709086629001887,0.0,0.0,3.453398510242086,3.713276836158192,3.5826076779026215,1.6,1.6,653.83232,658.8601600000001,72.12819999999991,184.38749999999993,81.70412000000007,-25.527339999999867,-64352.4067200001,-81000.50103999992,-12.277259925093638,-12.510209007190058,3.5789794007490654,0.007964353439664368,0.0,1.0,1.0,467.1362359550562,479.40168539325845,1.0,1.0,1.497191011235955,1.8436692134831467,0.0,1.1530898876404494,1.148876404494382,0.0,7142.471910112359,0.0,0.0,15.0,0.0,20.0,214.73876404494382,30.0,488.19662921348316,10.0,0.0,0.0,0.0
861,0.2994892159930529,0.31198259547197676,0.28408500231122336,0.29768390934218697,0.9874165748023156,0.9874180749445809,355.0,360.0,3.4869014084507044,3.577268518518519,0.0,0.0,3.4903286384976524,3.5780555555555558,3.5344988344988346,1.6,1.6,668.24064,652.9839999999999,149.22009999999995,45.21559999999991,19.02054000000004,107.76840000000001,-64333.3861800001,-80892.73263999991,-12.28399048951049,-12.518062297238277,3.532400932400933,0.009954152409527017,0.0,1.0,1.0,469.8027972027972,482.15804195804196,1.0,1.0,1.5034965034965035,1.8478666293706303,0.0,1.1916083916083917,1.2307692307692308,0.0,7112.741258741259,0.0,0.0,15.0,0.0,20.0,211.94405594405595,30.0,489.5090909090909,10.0,0.0,0.0,0.0
862,0.2994066738924924,0.3119341934419417,0.2829563484900195,0.29637843767576943,0.9874315996937199,0.9874332717340008,339.0,372.0,3.2880039331366775,3.384408602150539,0.0,0.0,3.2893805309734514,3.3869623655913976,3.340436005625879,1.6,1.6,628.8576,685.08,108.01889999999997,113.57229999999996,20.838700000000074,71.50770000000009,-64312.5474800001,-80821.22493999991,-12.207287388654489,-12.591626527175071,3.338443506797937,0.021562697642547424,0.0,1.0,1.0,474.82981715893106,487.1448663853727,1.0,1.0,1.5232067510548524,1.8480135021097037,0.0,1.0815752461322081,0.9859353023909986,0.0,7080.126582278481,0.0,0.0,15.0,0.0,20.0,200.30661040787624,30.0,489.55274261603375,10.0,0.0,0.0,0.0
863,0.2991892482113745,0.3119292083859174,0.2818512350669884,0.2953497104193016,0.9874470597359,0.9874487464641712,385.0,339.0,4.261298701298702,3.3523598820058993,0.009393939393939394,0.0,4.256147186147186,3.3546705998033435,3.834046961325967,1.6,1.6,710.35968,635.6144000000002,76.52519999999997,146.01039999999995,133.83448000000004,-10.395999999999788,-64178.713000000105,-80831.6209399999,-12.473030018416205,-12.522311599212248,3.835704419889508,0.028754374322755908,0.0,1.0,1.0,464.9986187845304,476.9806629834254,1.0,1.0,1.468232044198895,1.8590802209944763,0.004995395948434622,1.2265193370165746,1.1892265193370166,0.0,6995.628453038674,0.29972375690607733,0.0,14.896408839779005,0.0,20.0,229.84254143646407,30.0,493.00414364640886,10.0,0.0,0.0,0.0
864,0.2991769581541975,0.31194634555725936,0.282610968533809,0.29624402561990265,0.9874621754459797,0.9874643001074732,352.0,321.0,3.189772727272727,3.538369678089304,0.0,0.0,3.195407196969697,3.541536863966771,3.3605002476473502,1.6,1.6,655.7856000000002,580.96672,194.29799999999994,185.62709999999993,-38.512399999999786,-104.66037999999992,-64217.225400000105,-80936.28131999991,-12.15182506191184,-12.634883537229813,3.35604259534423,-0.02192529867567456,0.0,1.0,1.0,485.92719167904903,498.45319465081724,1.0,1.0,1.4769687964338782,1.837670609212482,0.0,0.9435364041604755,0.9479940564635958,0.0,7057.687964338782,0.0,0.0,15.0,0.0,20.0,201.3625557206538,30.0,486.31649331352156,10.0,0.0,0.0,0.0
865,0.29917226235419975,0.3118839088049923,0.2835206226598907,0.2969282131021836,0.987477046447244,0.9874800614057053,343.0,333.0,3.567055393586005,3.5028028028027975,0.0,0.0,3.5710398445092317,3.5054054054054054,3.53870808678501,1.6,1.6,625.2627200000001,592.41376,215.76129999999995,127.57979999999992,-90.49857999999989,-35.166039999999896,-64307.723980000104,-80971.4473599999,-12.003775739644972,-12.393106387339216,3.5354043392504977,-0.00907540019260674,0.0,1.0,1.0,486.2766272189349,498.6952662721894,1.0,1.0,1.492603550295858,1.8012965680473367,0.0,0.9644970414201184,0.8017751479289941,0.0,7217.492603550296,0.0,0.0,15.0,0.0,20.0,212.12426035502958,30.0,474.93934911242604,10.0,0.0,0.0,0.0
866,0.2991958536467421,0.3117039849003278,0.2829935495486386,0.29633706220252976,0.9874924936217265,0.9874955158208965,329.0,353.0,3.7063323201621037,3.9294617563739407,0.0,0.0,3.70694022289767,3.9319641170915958,3.823411534701858,1.6,1.6,608.64832,654.5059200000001,127.91029999999989,101.67979999999996,-19.26197999999988,52.8261200000001,-64326.98596000011,-80918.6212399999,-12.425534506353856,-12.623637500770846,3.821823069403722,0.01413804666993904,0.0,1.0,1.0,482.68035190615836,495.17888563049854,1.0,1.0,1.5175953079178885,1.8521323167155423,0.0,1.0190615835777126,0.9090909090909091,0.0,6935.307917888563,0.0,0.0,15.0,0.0,20.0,229.30938416422288,30.0,490.8431085043988,10.0,0.0,0.0,0.0
867,0.2991308575440873,0.3115452130042557,0.2831321158794698,0.2964320791022508,0.9875080311275073,0.9875115941207936,365.0,339.0,4.235068493150684,3.956637168141592,0.0005479452054794521,0.0,4.236438356164385,3.960668633235005,4.103645833333333,1.6,1.6,672.3017600000001,630.93632,23.606499999999933,131.69689999999994,148.69526000000013,-0.7605799999999192,-64178.29070000011,-80919.38181999991,-12.531501515151508,-12.563139208584253,4.100994318181818,0.03805110761010693,0.0,1.0,1.0,478.80539772727275,491.19034090909093,1.0,1.0,1.4815340909090908,1.851190454545454,0.00028409090909090913,1.2059659090909092,0.96875,0.0,6968.171875,0.017045454545454544,0.0,14.982954545454545,0.0,20.0,246.04261363636363,30.0,490.54545454545456,10.0,0.0,0.0,0.0
868,0.2991721811421023,0.3113011043188208,0.28241570470585525,0.29547506997642814,0.9875234458433618,0.9875266844922429,365.0,341.0,3.5801826484018244,3.7045943304007785,0.0,0.0,3.585799086757991,3.7070381231671554,3.644357884796978,1.6,1.6,665.91296,628.5718400000001,184.12959999999998,92.67509999999999,-18.216639999999984,35.89674000000008,-64196.507340000106,-80883.48507999991,-12.240591123701595,-12.474015320765979,3.6402738432483535,0.005796540251181155,0.0,1.0,1.0,474.74645892351276,487.0113314447592,1.0,1.0,1.4830028328611897,1.8335478753541072,0.0,1.2705382436260624,0.8753541076487252,0.0,6925.841359773372,0.0,0.0,15.0,0.0,20.0,218.41643059490085,30.0,485.0226628895184,10.0,0.0,0.0,0.0
869,0.2991725558728549,0.31114620051956593,0.282894987567942,0.2960878675637954,0.9875384053859279,0.9875418939444754,360.0,315.0,3.1468981481481446,3.583597883597882,0.0,0.0,3.1475,3.584179894179894,3.351283950617284,1.6,1.6,655.4873600000001,579.4758400000001,140.59319999999997,101.92119999999993,14.894160000000113,-22.445359999999866,-64181.6131800001,-80905.93043999991,-12.100779259259264,-12.59721006708675,3.3506913580246906,-0.018856113244061046,0.0,1.0,1.0,492.04148148148147,504.8859259259259,1.0,1.0,1.4666666666666666,1.829575111111112,0.0,0.9407407407407408,0.8222222222222222,0.0,6982.481481481482,0.0,0.0,15.0,0.0,20.0,201.04148148148147,30.0,483.78814814814814,10.0,0.0,0.0,0.0
870,0.2992672325283967,0.31091753508400166,0.2839254007477932,0.29699788242958247,0.9875536588062638,0.9875570673851176,359.0,337.0,3.689275766016713,4.5052917903066305,0.0,0.0,3.693082636954503,4.507566765578635,4.087452107279693,1.6,1.6,672.57024,617.48576,89.19079999999992,61.52769999999996,83.37944000000009,55.95806000000007,-64098.233740000105,-80849.9723799999,-12.538955938697327,-12.637926575963219,4.084386973180077,0.024195418719386953,0.0,1.0,1.0,486.1594827586207,498.86350574712645,1.0,1.0,1.4841954022988506,1.853528735632184,0.0,1.1436781609195403,0.875,0.0,7062.593390804598,0.0,0.0,15.0,0.0,20.0,245.0632183908046,30.0,491.26724137931035,10.0,0.0,0.0,0.0
871,0.2991533523796102,0.3108761709983755,0.283932132148375,0.29695539370439844,0.9875691895013653,0.9875723916063984,334.0,345.0,3.8421656686626733,3.6978260869565243,0.0,0.0,3.842165668662675,3.698985507246377,3.7694158075601374,1.6,1.6,610.1136000000001,629.1536000000001,202.82329999999996,98.71049999999991,-92.70969999999983,30.443100000000186,-64190.943440000105,-80819.5292799999,-12.241221404025525,-12.563191653292137,3.7688267059401093,0.029880127589213063,0.0,1.0,1.0,493.5670103092784,506.2341678939617,1.0,1.0,1.508100147275405,1.8251357879234178,0.0,0.9852724594992637,0.8807069219440353,0.0,7151.764359351988,0.0,0.0,15.0,0.0,20.0,226.12960235640648,30.0,482.40353460972017,10.0,0.0,0.0,0.0
872,0.2991463666340017,0.3108539487430815,0.2835632480446029,0.29663166802066504,0.9875848030286136,0.9875877256774414,351.0,347.0,3.610731244064579,3.603938520653215,0.0,0.0,3.6122507122507117,3.6048511047070124,3.6085721107927413,1.6,1.6,623.8022400000001,649.9414400000001,99.15489999999997,133.06669999999997,24.647340000000128,16.874740000000088,-64166.2961000001,-80802.6545399999,-12.1748735434575,-12.548991226458787,3.6073543457497625,-0.004603654614650999,0.0,1.0,1.0,486.8538681948424,499.5702005730659,1.0,1.0,1.497134670487106,1.824847679083095,0.0,0.9154727793696275,1.0644699140401146,0.0,7033.39111747851,0.0,0.0,15.0,0.0,20.0,216.44126074498567,30.0,482.3080229226361,10.0,0.0,0.0,0.0
873,0.2991898246435014,0.3108179153224373,0.28427643230572464,0.2972993447593502,0.9876000468411338,0.987603108132803,355.0,342.0,3.3820657276995334,3.8013645224171517,0.0,0.0,3.388403755868545,3.8020955165692008,3.5913916786226685,1.6,1.6,642.9536,639.0496,102.99559999999997,153.25109999999995,39.958000000000084,-14.201499999999896,-64126.3381000001,-80816.8560399999,-12.254441893830707,-12.53449692925968,3.5878048780487823,-0.006076823543877735,0.0,1.0,1.0,479.10473457675755,491.4490674318508,1.0,1.0,1.490674318507891,1.8393159253945472,0.0,1.1305595408895266,1.0301291248206599,0.0,7139.563845050216,0.0,0.0,15.0,0.0,20.0,215.26829268292684,30.0,486.82209469153514,10.0,0.0,0.0,0.0
874,0.29917124176752047,0.3107305804319837,0.28441223230415713,0.29762745143350916,0.9876154758697847,0.9876181814098943,322.0,382.0,3.537836438923394,4.149040139616057,0.0,0.0015270506108202445,3.540527950310559,4.148647469458988,3.8705018939393936,1.6,1.6,608.79808,693.05568,139.5610999999999,16.338199999999965,-30.76301999999987,176.71748000000008,-64157.1011200001,-80640.13855999989,-12.427024810606072,-12.555974832386255,3.8694839015151516,0.009256373029495888,0.0,1.0,1.0,482.9801136363636,495.43465909090907,1.0,1.0,1.5426136363636365,1.8492240909090902,0.0008285984848484849,0.9943181818181818,0.9985795454545454,0.0,7137.365056818182,0.04971590909090909,0.0,14.96875,0.0,20.0,232.1193181818182,30.0,489.9332386363636,10.0,0.0,0.0,0.0
875,0.2991902828394506,0.31063926316522467,0.28472447788339367,0.29808270273339105,0.9876299781208768,0.9876329620710811,322.0,369.0,3.6922360248447164,3.4236675700090364,0.0,0.0,3.6937370600414074,3.4265130984643175,3.551037144235408,1.6,1.6,586.04576,673.4697600000001,113.38409999999993,169.3072999999999,-27.33833999999996,4.162460000000152,-64184.4394600001,-80635.97609999988,-12.138776073323692,-12.457331696347229,3.548818137964306,-0.012257721649209465,0.0,1.0,1.0,480.11432706222865,492.47178002894356,1.0,1.0,1.5340086830680173,1.8227431548480473,0.0,1.2633863965267729,1.0506512301013025,0.0,6933.839363241679,0.0,0.0,15.0,0.0,20.0,212.92908827785817,30.0,481.65991316931985,10.0,0.0,0.0,0.0
876,0.29913933525124703,0.31063403218738705,0.2842595928519442,0.2973953731366707,0.987644928189664,0.9876485139399502,354.0,351.0,3.426977401129943,3.2840455840455833,0.0,0.0,3.427165725047081,3.285944919278253,3.3568557919621753,1.6,1.6,651.51808,641.99328,21.79469999999995,191.30419999999992,129.7233800000001,-49.310919999999896,-64054.7160800001,-80685.28701999989,-12.134184586288411,-12.514726668447851,3.3558156028368775,-0.019204402221196647,0.0,1.0,1.0,480.31347517730495,492.17304964539005,1.0,1.0,1.4978723404255319,1.834767886524823,0.0,1.2567375886524823,1.0808510638297872,0.0,7135.937588652482,0.0,0.0,15.0,0.0,20.0,201.34893617021277,30.0,485.40567375886525,10.0,0.0,0.0,0.0
877,0.29912247474346565,0.3104374894115693,0.2839438067471574,0.29709216519405074,0.9876596067235158,0.9876634314887875,328.0,371.0,3.4162601626016222,4.5240341419586665,0.0,0.006289308176100628,3.4179369918699187,4.519901168014376,4.002813543156891,1.6,1.6,603.30592,672.7318400000001,155.3019999999999,97.32749999999996,-51.99607999999989,75.40434000000019,-64106.7121600001,-80609.8826799999,-12.337704530281353,-12.50291299434024,4.0042203147353455,0.02311788227251008,0.0,1.0,1.0,492.3977110157368,504.9942775393419,1.0,1.0,1.530758226037196,1.8255189699570828,0.003338102050548402,1.0271816881258942,1.03862660944206,0.0,7068.821173104435,0.20028612303290416,0.0,14.905579399141631,0.0,20.0,240.05293276108728,30.0,482.52646638054364,10.0,0.0,0.0,0.0
878,0.29916516295472506,0.310373098520428,0.28593990286806104,0.29932187790223197,0.9876741303675586,0.9876785404780642,323.0,388.0,3.6232714138286886,3.8720360824742253,0.0,0.0,3.6277605779153768,3.8733676975945013,3.76179090482888,1.6,1.6,601.91104,719.48,137.32819999999992,87.32639999999998,-35.41715999999997,132.15360000000004,-64142.129320000095,-80477.72907999989,-12.438858696671371,-12.539108971154908,3.75902484763245,0.009524686167860258,0.0,1.0,1.0,477.7693389592124,489.985935302391,1.0,1.0,1.5457102672292546,1.8584965400843894,0.0,1.0942334739803095,1.2165963431786218,0.0,7195.486638537272,0.0,0.0,15.0,0.0,20.0,225.54149085794654,30.0,492.82981715893106,10.0,0.0,0.0,0.0
879,0.29912146675287177,0.3102575254700301,0.2858654870089573,0.2991768271764811,0.9876891050364675,0.9876934672863827,330.0,337.0,3.5321717171717184,3.2820474777448054,0.0,0.0,3.5354545454545456,3.284421364985163,3.4086206896551725,1.6,1.6,605.59648,602.1484800000001,79.95419999999997,273.6523999999999,25.64228000000007,-171.50391999999982,-64116.487040000095,-80649.23299999989,-12.008887756121934,-12.52234927248974,3.405797101449275,-0.023564211954434658,0.0,1.0,1.0,498.43328335832086,510.9655172413793,1.0,1.0,1.5052473763118441,1.8107120839580224,0.0,1.0059970014992503,0.8065967016491754,0.0,7018.755622188905,0.0,0.0,15.0,0.0,20.0,204.34782608695653,30.0,477.9025487256372,10.0,0.0,0.0,0.0
880,0.29902946149809567,0.31027888173547197,0.28630304832556164,0.2995271361667909,0.9877040871064044,0.987707983755561,344.0,306.0,3.7147286821705445,3.2061002178649263,0.0,0.0,3.7180232558139537,3.209967320261438,3.4788461538461544,1.6,1.6,629.7856000000002,564.03168,86.26499999999994,203.6501999999999,43.520600000000215,-139.61851999999985,-64072.96644000009,-80788.8515199999,-12.193286769230768,-12.64420456520351,3.4752820512820533,-0.024567322501393863,0.0,1.0,1.0,501.10923076923075,513.5646153846154,1.0,1.0,1.4707692307692308,1.836641969230772,0.0,1.2184615384615385,0.6938461538461539,0.0,6980.510769230769,0.0,0.0,15.0,0.0,20.0,208.51692307692306,30.0,485.98923076923074,10.0,0.0,0.0,0.0
881,0.299008198480365,0.31020511496667613,0.28581388010343495,0.29890479368813333,0.9877186153397746,0.987723059661303,314.0,357.0,3.9431528662420354,3.966013071895425,0.0,0.0007936507936507937,3.9468683651804666,3.9667133520074698,3.957426726279185,1.6,1.6,582.648,652.61888,210.5817999999999,10.338999999999963,-127.93379999999988,142.27988000000002,-64200.90024000009,-80646.5716399999,-12.411268355688028,-12.487912372904033,3.955315449577746,0.03352248400396628,0.0,1.0,1.0,494.28912071535024,506.645305514158,1.0,1.0,1.5320417287630403,1.8409342473919528,0.0004222553402881272,1.0655737704918034,0.886736214605067,0.0,6915.381520119225,0.02533532041728763,0.0,14.977645305514159,0.0,20.0,237.2935916542474,30.0,487.34128166915053,10.0,0.0,0.0,0.0
882,0.2990525989544895,0.3101267898706837,0.2852377929292155,0.29827965699484926,0.9877334853701885,0.98773796029728,352.0,331.0,3.452083333333333,3.215961732124875,0.0,0.0,3.454498106060606,3.218479355488419,3.340117130307467,1.6,1.6,641.7152000000001,602.20064,38.15059999999999,197.95489999999987,103.5646000000001,-95.75425999999985,-64097.33564000009,-80742.3258999999,-12.045279453391894,-12.573171514687582,3.337652513421184,-0.021524256849083327,0.0,1.0,1.0,498.7276720351391,511.64421669106883,1.0,1.0,1.4846266471449487,1.8212530600292813,0.0,1.0644216691068813,0.8594436310395315,0.0,7144.443631039531,0.0,0.0,15.0,0.0,20.0,200.25915080527088,30.0,481.18594436310394,10.0,0.0,0.0,0.0
883,0.2990596195376799,0.30993586288265385,0.28488612271892655,0.2979515433732985,0.9877486411615369,0.9877522825517601,351.0,349.0,3.5361348528015224,4.113992359121296,0.0,0.0,3.538556505223172,4.115854823304679,3.8263809523809527,1.6,1.6,649.1136000000001,650.3430400000001,122.32679999999996,77.72949999999997,26.78680000000017,72.61354000000011,-64070.54884000009,-80669.71235999989,-12.452080761904782,-12.547715520949698,3.8242380952380945,0.03069939895012714,0.0,1.0,1.0,489.28,501.5985714285714,1.0,1.0,1.4985714285714287,1.8563666285714286,0.0,1.1514285714285715,1.0442857142857143,0.0,6972.558571428572,0.0,0.0,15.0,0.0,20.0,229.4542857142857,30.0,492.1657142857143,10.0,0.0,0.0,0.0
884,0.29912424769237117,0.30982330642520095,0.28260444527214423,0.29566091292235924,0.9877636057023043,0.9877662155992528,330.0,365.0,3.3439393939393924,3.5742922374429233,0.0,0.0,3.3474747474747475,3.576255707762557,3.467625899280575,1.6,1.6,611.3968,679.7337600000001,181.90939999999995,64.71459999999996,-70.51259999999996,115.01916000000011,-64141.06144000009,-80554.69319999989,-12.316656306954437,-12.622343003196367,3.4649160671462864,0.0015589320189445678,0.0,1.0,1.0,487.0330935251799,499.52086330935253,1.0,1.0,1.525179856115108,1.857741812949641,0.0,1.162589928057554,1.0719424460431655,0.0,7039.591366906475,0.0,0.0,15.0,0.0,20.0,207.89496402877697,30.0,492.59424460431654,10.0,0.0,0.0,0.0
885,0.29907566624531173,0.30985993810087187,0.28306962467189206,0.2960282504314688,0.987777955197201,0.9877804968242515,330.0,343.0,3.587121212121215,3.4497570456754154,0.0,0.0,3.589444444444445,3.4532069970845485,3.5200099058940073,1.6,1.6,601.4496,627.8163200000001,105.12299999999995,138.3675999999999,-3.6733999999999156,-10.551279999999764,-64144.73484000009,-80565.24447999989,-12.149097969291722,-12.493665225230036,3.517112431896977,-0.01059137171714096,0.0,1.0,1.0,499.3818722139673,511.94947994056463,1.0,1.0,1.5096582466567607,1.826546686478456,0.0,0.9732540861812778,0.9271916790490342,0.0,7089.506686478455,0.0,0.0,15.0,0.0,20.0,211.02674591381873,30.0,482.8558692421991,10.0,0.0,0.0,0.0
886,0.2989371163096185,0.30979678956384105,0.28303161254919806,0.2962618253540532,0.9877921766394466,0.9877948773097679,348.0,317.0,3.8446360153256713,3.6562565720294398,0.0,0.0,3.8477490421455944,3.657150368033649,3.756892230576441,1.6,1.6,631.5289600000001,587.63296,108.84999999999998,149.27869999999996,22.678960000000117,-61.64573999999993,-64122.055880000094,-80626.89021999988,-12.285107167919797,-12.547207063845773,3.7548370927318317,-0.00867335276591659,0.0,1.0,1.0,498.53984962406014,510.8466165413534,1.0,1.0,1.4766917293233082,1.8333261954887226,0.0,0.9142857142857143,1.0481203007518798,0.0,7010.533834586467,0.0,0.0,15.0,0.0,20.0,225.2902255639098,30.0,484.9624060150376,10.0,0.0,0.0,0.0
887,0.2988932343038028,0.3096883905387786,0.2828423334721335,0.296021204525101,0.9878069515588966,0.9878090903810833,337.0,362.0,3.5434718100890183,3.712891344383053,0.0,0.0,3.547032640949555,3.71487108655617,3.633953266571292,1.6,1.6,636.67008,660.8128,140.5598999999999,41.85509999999998,-3.8898199999999292,118.95770000000006,-64125.94570000009,-80507.93251999989,-12.373797424892695,-12.607254548333243,3.63121125417263,-0.007470254717425741,0.0,1.0,1.0,491.59656652360513,503.86552217453504,1.0,1.0,1.5178826895565094,1.8561986838340474,0.0,1.0658082975679541,0.9084406294706724,0.0,7054.422031473534,0.0,0.0,15.0,0.0,20.0,217.87267525035764,30.0,492.0958512160229,10.0,0.0,0.0,0.0
888,0.298843505525372,0.30957345346873777,0.28247050818493163,0.2958072906595343,0.9878215547193786,0.987823720490547,353.0,343.0,3.5524079320113313,3.425996112730807,0.0,0.0,3.5532105760151085,3.4289115646258503,3.4919540229885055,1.6,1.6,652.7875200000001,623.6432,113.23579999999995,144.37079999999992,39.55172000000013,-20.72759999999994,-64086.39398000009,-80528.66011999988,-12.183012835249034,-12.533835083642433,3.4901101532567056,-0.01140504768374615,0.0,1.0,1.0,495.4454022988506,507.75,1.0,1.0,1.492816091954023,1.8339521839080464,0.0,1.0991379310344827,0.8922413793103449,0.0,6990.816091954023,0.0,0.0,15.0,0.0,20.0,209.4066091954023,30.0,485.16235632183907,10.0,0.0,0.0,0.0
889,0.29886114013238374,0.30945344700044575,0.2821417275259538,0.2955193555062697,0.9878362567539957,0.9878381487108903,346.0,341.0,3.296965317919075,3.6207722385141703,0.0,0.0,3.2990847784200388,3.6239980449657874,3.4603590490053366,1.6,1.6,639.04704,614.77984,139.15279999999993,111.87469999999996,-0.10575999999988994,2.905140000000074,-64086.49974000009,-80525.75497999988,-12.116391654536633,-12.460393947210221,3.457690441533237,-0.0038366816390587723,0.0,1.0,1.0,494.825327510917,507.3580786026201,1.0,1.0,1.4963609898107715,1.8250755167394463,0.0,1.1441048034934498,1.0160116448326055,0.0,7236.09461426492,0.0,0.0,15.0,0.0,20.0,207.4614264919942,30.0,482.38136826783114,10.0,0.0,0.0,0.0
890,0.29887687623194936,0.30932169952044486,0.28269247287992516,0.29595638453863193,0.9878505019500298,0.9878524959966235,349.0,335.0,3.6425978987583583,3.483482587064676,0.0,0.0,3.6439350525310417,3.4890547263681597,3.5680799220272905,1.6,1.6,623.3241600000001,624.9984,134.49179999999993,146.94479999999993,-11.167639999999807,-21.946399999999983,-64097.667380000086,-80547.70137999988,-12.158936842105257,-12.484430443194405,3.564668615984405,0.012046766810489962,0.0,1.0,1.0,504.28508771929825,516.7470760233919,1.0,1.0,1.489766081871345,1.825032982456141,0.0,1.0730994152046784,0.9692982456140351,0.0,7006.853801169591,0.0,0.0,15.0,0.0,20.0,213.88011695906434,30.0,482.37134502923976,10.0,0.0,0.0,0.0
891,0.29871478947909896,0.30919627040279213,0.28270823516624943,0.2959369399646334,0.987864903576473,0.9878670220951595,355.0,343.0,3.897042253521123,4.044509232264335,0.0,0.0,3.8987323943661973,4.048736637512148,3.9724450811843357,1.6,1.6,648.16256,617.77984,93.62399999999992,87.03739999999995,54.53856000000006,30.742440000000087,-64043.128820000085,-80516.95893999988,-12.252233046800388,-12.438422056220375,3.969508118433619,0.0559269992416585,0.0,1.0,1.0,504.0573065902579,516.6074498567335,1.0,1.0,1.491404011461318,1.8136710601719186,0.0,1.148997134670487,0.7707736389684814,0.0,7129.502865329513,0.0,0.0,15.0,0.0,20.0,238.1704871060172,30.0,478.8223495702006,10.0,0.0,0.0,0.0
892,0.2987579507630814,0.30906450808999736,0.28338503094739376,0.29635660762449095,0.9878788726714577,0.9878808211897463,327.0,357.0,3.5310397553516824,3.894957983193273,0.0,0.0,3.532619775739042,3.897198879551821,3.722904483430799,1.6,1.6,593.9680000000001,661.98784,178.94909999999987,78.1388,-84.9810999999998,83.84904,-64128.10992000008,-80433.10989999988,-12.288868226120869,-12.604246279385803,3.7209795321637413,-0.005746340445520478,0.0,1.0,1.0,505.7368421052632,518.2953216374269,1.0,1.0,1.5219298245614035,1.8361927485380112,0.0,1.0014619883040936,0.9532163742690059,0.0,7000.171052631579,0.0,0.0,15.0,0.0,20.0,223.25877192982455,30.0,485.85380116959067,10.0,0.0,0.0,0.0
893,0.2987321855029539,0.30906425322112796,0.28344862193563164,0.2966408962677834,0.9878930618126657,0.9878947392061291,347.0,346.0,3.7450528338136406,3.460597302504816,0.0,0.0,3.7457252641690686,3.46252408477842,3.604329004329004,1.6,1.6,636.4115200000001,636.30816,120.67049999999992,161.98489999999995,15.74102000000019,-25.67673999999991,-64112.36890000008,-80458.78663999987,-12.243773544973553,-12.4440519156886,3.603030303030303,0.03141795608667458,0.0,1.0,1.0,492.1053391053391,504.3636363636364,1.0,1.0,1.4992784992784993,1.8365363347763344,0.0,1.2265512265512266,1.0187590187590188,0.0,7035.594516594517,0.0,0.0,15.0,0.0,20.0,216.1818181818182,30.0,485.96392496392497,10.0,0.0,0.0,0.0
894,0.2986179241188031,0.30898305185491276,0.28281843567289566,0.29564650513320084,0.9879075058537686,0.987908839307927,365.0,354.0,3.750913242009135,3.421139359698682,0.0,0.0,3.7509132420091325,3.425235404896422,3.5905656003708857,1.6,1.6,672.09248,644.1174400000001,107.43039999999998,124.42039999999997,64.66208000000005,19.69704000000013,-64047.70682000008,-80439.08959999988,-12.202201576263343,-12.414139228347265,3.5885489105238775,0.00752581394484898,0.0,1.0,1.0,491.43115438108487,503.5924895688456,1.0,1.0,1.4923504867872044,1.830611849791376,0.0,1.1682892906815021,1.0027816411682893,0.0,6987.973574408901,0.0,0.0,15.0,0.0,20.0,215.31293463143254,30.0,484.11682892906816,10.0,0.0,0.0,0.0
895,0.29865756024686463,0.30899490361146603,0.2823250231146468,0.2951615944033072,0.9879217078120627,0.9879233688035812,325.0,347.0,3.0336923076923097,3.0925072046109507,0.0,0.0,3.037025641025641,3.0925072046109507,3.0656746031746036,1.6,1.6,576.2128,624.90688,256.54419999999993,138.81089999999995,-180.33139999999992,-13.904019999999946,-64228.03822000008,-80452.99361999988,-11.731217857142854,-12.434144543969033,3.064062499999997,-0.033175565762769685,0.0,1.0,1.0,508.4761904761905,520.8645833333334,1.0,1.0,1.5163690476190477,1.7873804761904775,0.0,0.9166666666666666,0.8690476190476191,0.0,7026.59375,0.0,0.0,15.0,0.0,20.0,183.84375,30.0,470.60714285714283,10.0,0.0,0.0,0.0
896,0.29854642260863884,0.30889155734361806,0.2815822874125398,0.29434780536372745,0.9879358856456093,0.9879371999420885,331.0,337.0,3.8516616314199403,3.409050445103859,0.0,0.0,3.851661631419941,3.4106824925816026,3.6291916167664673,1.6,1.6,592.1868800000001,618.4912000000002,145.37429999999998,153.69159999999994,-53.18741999999989,-35.200399999999775,-64281.225640000084,-80488.19401999988,-12.108009580838324,-12.500233516996241,3.6283682634730527,0.011161930171113452,0.0,1.0,1.0,511.95958083832335,524.6796407185628,1.0,1.0,1.5044910179640718,1.8123923353293425,0.0,1.0179640718562875,0.844311377245509,0.0,7039.143712574851,0.0,0.0,15.0,0.0,20.0,217.70209580838323,30.0,478.4101796407186,10.0,0.0,0.0,0.0
897,0.2984326437812081,0.30888803163036604,0.2807629917080857,0.29344585080365615,0.9879497369572036,0.9879513335198615,361.0,328.0,3.9192059095106195,3.7309959349593487,0.0,0.0,3.921975992613112,3.7329268292682922,3.831978713110788,1.6,1.6,667.95776,600.8409600000001,13.557400000000015,139.51389999999992,154.40035999999998,-38.67293999999981,-64126.825280000085,-80526.86695999988,-12.364417416545713,-12.575700383523362,3.829608127721335,-0.003416434696449303,0.0,1.0,1.0,502.1712626995646,514.7431059506531,1.0,1.0,1.4760522496371553,1.8415075761973878,0.0,1.1640058055152396,1.042089985486212,0.0,7047.262699564586,0.0,0.0,15.0,0.0,20.0,229.7764876632801,30.0,487.510885341074,10.0,0.0,0.0,0.0
898,0.2984381064658747,0.30877567642794607,0.28051851200796785,0.29337787283514005,0.9879636404453059,0.98796495319589,381.0,325.0,3.4687664041994752,4.006256410256409,0.0,0.0,3.4726596675415573,4.0077948717948715,3.7190037771482527,1.6,1.6,685.5558400000001,606.21248,81.06839999999995,144.60189999999994,104.48744000000015,-38.389419999999916,-64022.33784000009,-80565.25637999989,-12.247735977337097,-12.493862233077447,3.716194523135034,-0.0004911343324884969,0.0,1.0,1.0,496.4688385269122,508.5779036827195,1.0,1.0,1.4603399433427762,1.8297001699716726,0.0,1.2606232294617563,1.0892351274787535,0.0,7052.71954674221,0.0,0.0,15.0,0.0,20.0,222.97167138810198,30.0,483.8271954674221,10.0,0.0,0.0,0.0
899,0.29852055302012626,0.3086388392741054,0.28106164198163175,0.2937602941909041,0.9879777595839809,0.9879790980268599,370.0,323.0,3.057252252252251,3.562641898864811,0.0,0.0,3.0585585585585586,3.563467492260062,3.293891293891294,1.6,1.6,672.7734399999999,596.6220800000001,142.2090999999999,80.59369999999997,30.564340000000044,16.028380000000126,-63991.77350000009,-80549.22799999989,-12.090718037518043,-12.53249630287096,3.292809042809044,-0.007164470670960819,0.0,1.0,1.0,505.7128427128427,518.3145743145743,1.0,1.0,1.466089466089466,1.8317395670995682,0.0,1.0952380952380953,1.1067821067821069,0.0,7091.232323232323,0.0,0.0,15.0,0.0,20.0,197.56854256854257,30.0,484.4689754689755,10.0,0.0,0.0,0.0
900,0.29859240529614134,0.3084392115389653,0.28063152024741544,0.2934228542623344,0.9879914277357446,0.9879930331756773,343.0,353.0,3.5939747327502416,4.792681775259675,0.0,0.0,3.596404275996113,4.7945231350330495,4.204070881226054,1.6,1.6,624.3728000000001,667.4275200000002,185.78579999999994,104.33879999999996,-61.41299999999984,63.08872000000022,-64053.18650000009,-80486.13927999989,-12.60112777777777,-12.552392982941072,4.201939655172417,0.05130163751924103,0.0,1.0,1.0,499.01580459770116,511.4008620689655,1.0,1.0,1.507183908045977,1.8560349425287364,0.0,1.1580459770114941,1.1120689655172413,0.0,6993.020114942528,0.0,0.0,15.0,0.0,20.0,252.11637931034483,30.0,492.05316091954023,10.0,0.0,0.0,0.0
901,0.2985354166790152,0.3083831803138907,0.2799411997467307,0.29257654251666854,0.9880053471885999,0.9880067522013916,348.0,357.0,3.549281609195404,3.5867880485527563,0.0,0.0,3.5500957854406128,3.5908029878618115,3.5707092198581565,1.6,1.6,629.2217600000001,664.12448,85.33239999999992,92.64819999999995,43.88936000000021,71.47628,-64009.29714000009,-80414.66299999988,-12.217751111111113,-12.444730548005246,3.568274231678485,0.03061538403885712,0.0,1.0,1.0,504.0567375886525,516.6,1.0,1.0,1.5063829787234042,1.8345336737588651,0.0,1.0921985815602837,1.0836879432624114,0.0,7053.072340425532,0.0,0.0,15.0,0.0,20.0,214.0964539007092,30.0,485.331914893617,10.0,0.0,0.0,0.0
902,0.29849379674203985,0.3084556871518535,0.28015165254906826,0.2927490496599346,0.988019313575172,0.9880206652303305,340.0,353.0,3.5825000000000014,3.6289423984891425,0.0,0.0,3.5869117647058824,3.6322474032105765,3.6100048100048094,1.6,1.6,624.9737600000001,637.4780800000001,149.46889999999993,177.46839999999992,-24.49513999999985,-39.99031999999983,-64033.79228000009,-80454.65331999988,-12.15546301106301,-12.485477324087729,3.60615680615681,-0.008516054874045659,0.0,1.0,1.0,512.6248196248197,525.0981240981241,1.0,1.0,1.5093795093795095,1.8217198268398267,0.0,1.1313131313131313,0.8961038961038961,0.0,6959.660894660895,0.0,0.0,15.0,0.0,20.0,216.36940836940838,30.0,481.32034632034635,10.0,0.0,0.0,0.0
903,0.2984340284070042,0.30841570618034403,0.28019692039931804,0.2928153473773227,0.9880329572235602,0.9880343765383454,354.0,326.0,4.199811676082865,3.6462678936605304,0.0,0.0,4.200800376647834,3.6487218813905926,3.936127450980392,1.6,1.6,657.44064,592.64128,108.55879999999995,155.6240999999999,48.88184000000008,-62.98281999999986,-63984.91044000009,-80517.63613999989,-12.387298431372542,-12.521281664031363,3.934436274509803,0.01627083148867577,0.0,1.0,1.0,507.2455882352941,519.6632352941176,1.0,1.0,1.4794117647058824,1.8383557647058828,0.0,1.2191176470588236,0.9147058823529411,0.0,7086.725,0.0,0.0,15.0,0.0,20.0,236.06617647058823,30.0,486.5235294117647,10.0,0.0,0.0,0.0
904,0.2983777637142443,0.3083638303002403,0.2809140152988577,0.29347846756832485,0.9880463119728187,0.9880481144679311,346.0,354.0,3.4948940269749538,3.445527306967985,0.0,0.0,3.4957610789980733,3.446327683615819,3.470761904761905,1.6,1.6,633.40704,648.4982400000001,131.94479999999993,63.10449999999996,1.462240000000122,85.39374000000016,-63983.448200000086,-80432.24239999989,-12.158852000000001,-12.480616780407576,3.469928571428572,-0.0058599569181054766,0.0,1.0,1.0,500.5028571428571,512.8285714285714,1.0,1.0,1.5057142857142858,1.831293257142857,0.0,1.0714285714285714,1.0842857142857143,0.0,7116.784285714286,0.0,0.0,15.0,0.0,20.0,208.19571428571427,30.0,484.32428571428574,10.0,0.0,0.0,0.0
905,0.2982613741498505,0.3082110225939536,0.27967767191448906,0.29193960864758506,0.9880602299175457,0.9880616401220218,345.0,337.0,3.794444444444442,3.8461424332344216,0.0,0.0,3.795265700483092,3.8483679525222554,3.8215053763440863,1.6,1.6,642.02496,625.7888,121.40119999999993,141.22109999999995,20.623760000000033,-15.432299999999913,-63962.824440000084,-80447.67469999989,-12.466053958944292,-12.669698773515309,3.8199902248289344,0.0020524574093638386,0.0,1.0,1.0,511.24046920821115,523.7390029325513,1.0,1.0,1.4941348973607038,1.8589644574780055,0.0,1.064516129032258,1.0879765395894427,0.0,7212.901759530791,0.0,0.0,15.0,0.0,20.0,229.19941348973606,30.0,492.97067448680355,10.0,0.0,0.0,0.0
906,0.298205810428065,0.3080724800507269,0.28047065019624406,0.29264162588899056,0.9880737338610982,0.9880755384743105,365.0,342.0,4.15972602739726,3.3823586744639376,0.0,0.0,4.161598173515981,3.3856725146198827,3.7862564827911362,1.6,1.6,673.2880000000001,619.9168,125.41899999999994,91.89349999999996,47.869000000000185,28.023300000000006,-63914.955440000085,-80419.65139999989,-12.271354078264965,-12.598282991132335,3.783686940122581,0.0006526176263359546,0.0,1.0,1.0,513.6251768033947,526.2842998585572,1.0,1.0,1.4837340876944838,1.829143988684583,0.0,1.1867043847241867,0.6944837340876945,0.0,7078.062234794908,0.0,0.0,15.0,0.0,20.0,227.021216407355,30.0,483.6478076379066,10.0,0.0,0.0,0.0
907,0.29819916645614547,0.308045485451131,0.28070635745658257,0.29293399042606005,0.9880875939253445,0.9880891715411261,323.0,364.0,3.4567595459236338,3.8817765567765536,0.0,0.0,3.4615583075335397,3.8817765567765568,3.6842066957787476,1.6,1.6,603.82912,658.0684799999999,175.2025999999999,111.33449999999996,-71.37347999999992,46.733979999999946,-63986.32892000009,-80372.91741999988,-12.277047064531784,-12.570921513516934,3.6819505094614273,0.01233068076137218,0.0,1.0,1.0,518.4002911208152,531.1965065502184,1.0,1.0,1.529839883551674,1.836823289665211,0.0,1.0538573508005822,0.8820960698689956,0.0,7038.4526928675405,0.0,0.0,15.0,0.0,20.0,220.9170305676856,30.0,486.04512372634645,10.0,0.0,0.0,0.0
908,0.298065918685587,0.30794701205230124,0.28079292376558085,0.29295359959360834,0.9881013544823658,0.9881034952183035,377.0,325.0,4.3108753315649855,4.018051282051284,0.0,0.0,4.3121573828470385,4.020307692307692,4.177041785375119,1.6,1.6,687.35968,597.72352,23.447699999999976,228.7401999999999,163.91198000000006,-131.0166799999999,-63822.41694000009,-80503.93409999988,-12.436846153846158,-12.541815801200432,4.175308641975311,0.014816750238491286,0.0,1.0,1.0,502.76210826210826,515.4672364672365,1.0,1.0,1.462962962962963,1.8306028490028496,0.0,1.2236467236467237,0.9729344729344729,0.0,7163.47150997151,0.0,0.0,15.0,0.0,20.0,250.5185185185185,30.0,484.1125356125356,10.0,0.0,0.0,0.0
909,0.2980788979394885,0.307872622775494,0.2808911187723266,0.2930952022180266,0.9881147235766253,0.9881167595707129,341.0,361.0,3.7059139784946242,3.6427516158818083,0.0,0.0,3.7116813294232656,3.643674976915974,3.676709401709402,1.6,1.6,647.1958400000001,650.0640000000001,229.23459999999986,96.80269999999999,-82.03875999999977,53.26130000000009,-63904.45570000009,-80450.67279999988,-12.340891547958218,-12.593715181892978,3.6734330484330484,-0.0023422855123764676,0.0,1.0,1.0,504.7321937321937,517.1367521367522,1.0,1.0,1.5142450142450143,1.8479484900284915,0.0,1.2236467236467237,1.0541310541310542,0.0,6990.04415954416,0.0,0.0,15.0,0.0,20.0,220.4059829059829,30.0,489.5327635327635,10.0,0.0,0.0,0.0
910,0.2981500398475301,0.3077641589711804,0.2801794694187164,0.2923875643494762,0.9881281847349666,0.9881304823279374,331.0,353.0,3.4781470292044316,3.9487724268177535,0.0,0.0,3.4816717019133936,3.9525495750708215,3.724683235867446,1.6,1.6,617.6768000000002,645.05792,151.14469999999994,140.26559999999992,-33.46789999999976,4.792320000000046,-63937.9236000001,-80445.88047999989,-12.348811306042892,-12.548558698653464,3.7210282651072113,0.030832710435912486,0.0,1.0,1.0,512.5497076023391,525.0336257309941,1.0,1.0,1.5160818713450293,1.846103391812864,0.0,1.0760233918128654,1.0760233918128654,0.0,7183.1769005847955,0.0,0.0,15.0,0.0,20.0,223.26169590643275,30.0,488.96491228070175,10.0,0.0,0.0,0.0
911,0.29800525947278733,0.30773200302434933,0.280000602844754,0.29226171422356884,0.9881414543908292,0.9881438925865624,346.0,344.0,4.152649325626209,3.6233042635658896,0.0,0.0,4.153516377649326,3.6260174418604647,3.8905314009661836,1.6,1.6,661.1049600000001,633.84288,83.69399999999997,97.38199999999995,77.41096000000014,36.46088000000009,-63860.512640000095,-80409.41959999989,-12.600892560386473,-12.634108642505229,3.88874396135266,0.02370208014660046,0.0,1.0,1.0,508.5449275362319,521.1463768115942,1.0,1.0,1.4985507246376812,1.8767359999999993,0.0,1.172463768115942,1.0391304347826087,0.0,7014.704347826087,0.0,0.0,15.0,0.0,20.0,233.32463768115943,30.0,498.5144927536232,10.0,0.0,0.0,0.0
912,0.2978793510647029,0.30776655446756357,0.28056775089478697,0.29278844486357136,0.9881551026116472,0.9881574093670257,367.0,325.0,3.683787465940054,3.934256410256407,0.0,0.0,3.6860581289736603,3.935589743589743,3.8032514450867048,1.6,1.6,675.94496,584.85888,88.9508999999999,130.08169999999996,86.99406000000013,-45.222819999999956,-63773.5185800001,-80454.64241999989,-12.235104816955696,-12.529055152275781,3.8014210019267862,-0.008182347962012056,0.0,1.0,1.0,519.778901734104,532.3526011560693,1.0,1.0,1.4696531791907514,1.8219708670520243,0.0,0.9725433526011561,1.01878612716763,0.0,6942.541907514451,0.0,0.0,15.0,0.0,20.0,228.08526011560693,30.0,481.40462427745666,10.0,0.0,0.0,0.0
913,0.2979822602266968,0.3076158200912066,0.2805560596818615,0.292509612225373,0.9881685335912029,0.9881704592354258,329.0,354.0,3.3454913880445796,3.877071563088511,0.0,0.0,3.3474670719351574,3.880131826741996,3.623548072230357,1.6,1.6,599.8956800000001,643.77056,169.14859999999985,90.82999999999998,-69.25291999999976,52.94056000000006,-63842.7715000001,-80401.70185999988,-12.156453684724251,-12.50697303398136,3.621010248901904,-0.0009408884181559914,0.0,1.0,1.0,513.1844802342606,525.6368960468521,1.0,1.0,1.5183016105417277,1.8208876134699867,0.0,1.1683748169838946,1.033674963396779,0.0,7204.695461200586,0.0,0.0,15.0,0.0,20.0,217.26061493411422,30.0,481.0834553440703,10.0,0.0,0.0,0.0
914,0.2979566441662413,0.3074456993910825,0.2804700389392109,0.29232239952375194,0.9881812499296906,0.988184218225562,345.0,341.0,3.9878743961352647,3.9072825024437923,0.0,0.0,3.99,3.910019550342131,3.950242954324587,1.6,1.6,630.47552,627.1580800000002,101.83639999999994,127.17539999999994,28.63912000000002,-0.01731999999978484,-63814.1323800001,-80401.71917999988,-12.362076773566573,-12.540154069582101,3.947813411078717,0.0037027686120199156,0.0,1.0,1.0,514.5087463556852,526.8221574344024,1.0,1.0,1.4970845481049562,1.8332851311953358,0.0,0.9606413994169096,1.032069970845481,0.0,7080.2827988338195,0.0,0.0,15.0,0.0,20.0,236.86880466472303,30.0,484.95772594752185,10.0,0.0,0.0,0.0
915,0.29800645115470803,0.3073683004499258,0.2805385268973199,0.29230724469364416,0.9881942514835012,0.9881975518436941,347.0,374.0,3.2601344860710855,4.148796791443853,0.0,0.0,3.2630163304514888,4.150356506238859,3.723300970873787,1.6,1.6,635.62176,689.6352,113.80249999999992,58.915799999999926,21.81926000000007,130.71940000000012,-63792.3131200001,-80270.99977999988,-12.300325658807212,-12.423186065894884,3.7211049468331026,0.03183764953892254,0.0,1.0,1.0,503.8141470180305,515.9833564493758,1.0,1.0,1.5187239944521498,1.8380817753120653,0.0,1.145631067961165,1.1705963938973647,0.0,7106.665742024966,0.0,0.0,15.0,0.0,20.0,223.26629680998613,30.0,486.44244105409155,10.0,0.0,0.0,0.0
916,0.29793716464534303,0.30741664128059837,0.28011401041185147,0.29194783404581326,0.9882076380381754,0.9882104908261087,322.0,353.0,3.1916149068322976,3.37077431539188,0.0,0.0,3.1942546583850935,3.3756373937677053,3.289111111111111,1.6,1.6,572.50144,644.8480000000002,183.77809999999994,176.53829999999994,-111.27665999999994,-31.690299999999752,-63903.589780000104,-80302.69007999988,-11.916968691358027,-12.428071317868582,3.285308641975307,-0.002500037154396522,0.0,1.0,1.0,528.5881481481481,541.1318518518518,1.0,1.0,1.522962962962963,1.8034806518518536,0.0,0.8592592592592593,0.8933333333333333,0.0,7001.339259259259,0.0,0.0,15.0,0.0,20.0,197.11851851851853,30.0,475.6325925925926,10.0,0.0,0.0,0.0
917,0.29785848390664554,0.30731408493752016,0.2794689317573908,0.2912946009371159,0.9882204311108491,0.9882237325883871,370.0,323.0,4.160900900900897,3.23704850361197,0.0,0.0,4.163198198198198,3.2422600619195054,3.7339586339586344,1.6,1.6,682.4118400000001,589.1612800000001,58.722699999999946,141.9242999999999,123.68914000000015,-52.763019999999756,-63779.9006400001,-80355.45309999988,-12.28465935545936,-12.5185271513966,3.7303030303030327,-0.005773836425058919,0.0,1.0,1.0,513.025974025974,525.3968253968254,1.0,1.0,1.466089466089466,1.8348818470418478,0.0,1.2886002886002885,0.9581529581529582,0.0,7201.838383838384,0.0,0.0,15.0,0.0,20.0,223.8181818181818,30.0,485.4386724386724,10.0,0.0,0.0,0.0
918,0.29787440569062273,0.3073011029145765,0.27873772870538666,0.2903730278563129,0.9882334232442501,0.9882370406033707,339.0,334.0,3.572173058013762,3.6122255489021975,0.0,0.0,3.573893805309735,3.6149201596806386,3.594254581475978,1.6,1.6,613.0240000000001,623.40192,242.03219999999996,117.61189999999993,-129.00819999999985,5.790020000000084,-63908.9088400001,-80349.66307999988,-12.24327330361564,-12.542071459859583,3.5920505200594346,0.015727246293544172,0.0,1.0,1.0,518.2169390787518,531.0044576523031,1.0,1.0,1.4962852897473997,1.8371856166419027,0.0,1.1411589895988112,0.8930163447251115,0.0,7026.184249628529,0.0,0.0,15.0,0.0,20.0,215.52303120356612,30.0,486.15750371471023,10.0,0.0,0.0,0.0
919,0.2978200847323889,0.3072175807583881,0.27802673093868513,0.28952466826101386,0.988246227548841,0.9882498207589698,358.0,339.0,4.288640595903166,3.9309242871189785,0.0,0.0,4.289199255121043,3.933677482792527,4.116284074605452,1.6,1.6,655.46528,622.7312000000001,59.10539999999998,115.75459999999991,96.35988000000003,6.976600000000147,-63812.548960000095,-80342.68647999989,-12.432222477283595,-12.4999048230382,4.114658058345288,0.027631015931906703,0.0,1.0,1.0,517.8823529411765,530.3070301291248,1.0,1.0,1.4863701578192252,1.8338543472022963,0.0,1.0918220946915351,1.078909612625538,0.0,7035.987087517934,0.0,0.0,15.0,0.0,20.0,246.87948350071736,30.0,485.12625538020086,10.0,0.0,0.0,0.0
920,0.29769857756445295,0.3071253047780251,0.279823137678696,0.291178273590246,0.9882595106045854,0.9882628326833652,343.0,353.0,3.7109329446064123,3.722521246458922,0.0,0.0,3.714771622934888,3.7239848914069875,3.7194444444444446,1.6,1.6,626.35296,653.4896000000001,175.35719999999995,78.79919999999993,-49.004239999999896,74.69040000000018,-63861.5532000001,-80267.99607999988,-12.303294252873561,-12.573717178547085,3.7168103448275875,0.003036525303701687,0.0,1.0,1.0,516.0632183908046,528.4252873563219,1.0,1.0,1.507183908045977,1.8388542528735636,0.0,1.0876436781609196,1.089080459770115,0.0,7031.6781609195405,0.0,0.0,15.0,0.0,20.0,223.00862068965517,30.0,486.6896551724138,10.0,0.0,0.0,0.0
921,0.2976974972251065,0.30715854696142275,0.2797543456726805,0.29104371514822747,0.9882725476826908,0.9882758362605271,329.0,342.0,3.910942249240121,3.4119395711500973,0.0,0.0,3.911550151975684,3.4180799220272906,3.6600347739692007,1.6,1.6,610.95488,644.3040000000001,134.92529999999994,117.94909999999996,-23.970419999999933,26.35490000000013,-63885.523620000095,-80241.64117999988,-12.471775062096372,-12.664278120793545,3.656607054148042,0.009471368653291576,0.0,1.0,1.0,520.0312965722802,532.3427719821162,1.0,1.0,1.5096870342771982,1.8707285842026826,0.0,1.0938897168405366,1.0476900149031296,0.0,6878.210134128167,0.0,0.0,15.0,0.0,20.0,219.39642324888226,30.0,496.6467958271237,10.0,0.0,0.0,0.0
922,0.29762929594183285,0.3071428420493898,0.2791127602691221,0.2903153403649606,0.9882855109469805,0.9882884676133834,340.0,335.0,3.545588235294117,3.3713432835820893,0.0,0.0,3.5473039215686275,3.3750248756218912,3.4618024691358027,1.6,1.6,632.1334400000001,614.6566400000002,72.66069999999996,135.86659999999998,59.4727400000001,-21.209959999999825,-63826.0508800001,-80262.85113999987,-12.250005530864197,-12.602114063993154,3.4591111111111155,-0.013242635533846856,0.0,1.0,1.0,520.72,533.0933333333334,1.0,1.0,1.4962962962962962,1.8470964148148152,0.0,1.0562962962962963,1.0074074074074073,0.0,7116.6059259259255,0.0,0.0,15.0,0.0,20.0,207.54666666666665,30.0,489.2637037037037,10.0,0.0,0.0,0.0
923,0.29758397606071674,0.30689802400861393,0.27953923621176485,0.2905102930963295,0.9882981523290156,0.9883012299437296,343.0,358.0,4.286054421768709,4.158007448789573,0.0001457725947521866,0.0,4.288678328474247,4.158938547486033,4.222420351878269,1.6,1.6,620.27648,671.4617600000001,122.34019999999994,55.46939999999998,-2.0637199999999467,115.99236000000016,-63828.114600000095,-80146.85877999986,-12.528080646695207,-12.517644860670366,4.220660960532572,0.04085571520936109,0.0,1.0,1.0,520.4151212553495,532.9757489300998,1.0,1.0,1.5106990014265336,1.842707902995721,7.132667617689016e-05,1.1426533523537803,1.0741797432239657,0.0,7071.295292439372,0.0042796005706134095,0.0,14.995720399429386,0.0,20.0,253.23537803138373,30.0,487.8830242510699,10.0,0.0,0.0,0.0
924,0.29763598063944885,0.30695650772918714,0.2792251043951321,0.29018412027162394,0.9883112663755886,0.9883138669032028,339.0,312.0,3.3633235004916435,3.299946581196583,0.0,0.0,3.3672074729596857,3.3023504273504276,3.3361239119303634,1.6,1.6,611.81344,565.28384,96.80649999999996,216.07449999999992,15.006940000000057,-150.79065999999986,-63813.107660000096,-80297.64943999986,-11.964193138760884,-12.531243480446411,3.33294930875576,-0.020552072620298293,0.0,1.0,1.0,539.8218125960061,552.7250384024578,1.0,1.0,1.4792626728110598,1.8081371428571436,0.0,1.0506912442396312,0.7557603686635944,0.0,6937.086021505376,0.0,0.0,15.0,0.0,20.0,199.97695852534562,30.0,477.0983102918587,10.0,0.0,0.0,0.0
925,0.29754947133583165,0.3068356040431328,0.27763973218522925,0.2885729767743503,0.9883238519889498,0.9883268603239129,322.0,370.0,3.981418219461698,4.275450450450449,0.0,0.0,3.982194616977225,4.276981981981982,4.139812138728323,1.6,1.6,591.2124800000001,672.7724800000001,176.94709999999992,26.518199999999993,-85.73461999999978,146.2542800000001,-63898.8422800001,-80151.39515999987,-12.397747784200376,-12.522448570552148,4.138631984585743,0.01544274310112928,0.0,1.0,1.0,527.9118497109827,540.6517341040462,1.0,1.0,1.5346820809248556,1.8265678612716756,0.0,0.9552023121387283,1.0476878612716762,0.0,7090.71676300578,0.0,0.0,15.0,0.0,20.0,248.31791907514452,30.0,482.83670520231215,10.0,0.0,0.0,0.0
926,0.2974063700424212,0.3068042139860986,0.27816082463536124,0.2889993709290118,0.9883362013986364,0.9883396875228792,331.0,377.0,4.233736153071502,3.521706454465076,0.0,0.0,4.238469284994965,3.5229885057471266,3.8574858757062147,1.6,1.6,620.9440000000001,686.1468800000001,117.43809999999995,105.53309999999989,3.505900000000125,80.61378000000023,-63895.336380000095,-80070.78137999987,-12.40256741996233,-12.505182835683271,3.8545903954802245,0.04461385491279162,0.0,1.0,1.0,513.5677966101695,525.7697740112994,1.0,1.0,1.5324858757062148,1.846173559322036,0.0,1.1045197740112995,1.1610169491525424,0.0,7060.474576271186,0.0,0.0,15.0,0.0,20.0,231.27542372881356,30.0,488.9590395480226,10.0,0.0,0.0,0.0
927,0.2973436984871355,0.3068355817501644,0.27804963345768047,0.2890470972557727,0.988349000374063,0.9883519804388515,365.0,331.0,3.865616438356161,3.473867069486406,0.0010958904109589042,0.0,3.866803652968037,3.474471299093656,3.6802203065134096,1.6,1.6,664.1388800000001,606.8569600000001,64.14109999999998,246.96939999999992,99.9977800000001,-140.11243999999985,-63795.3386000001,-80210.89381999987,-12.211512260536395,-12.499503115312526,3.679310344827587,0.007912254791588101,0.0,1.0,1.0,518.9008620689655,531.4295977011494,1.0,1.0,1.4755747126436782,1.8261434482758607,0.0005747126436781609,1.1221264367816093,0.9712643678160919,0.0,7261.307471264367,0.034482758620689655,0.0,14.97844827586207,0.0,20.0,220.72413793103448,30.0,482.7212643678161,10.0,0.0,0.0,0.0
928,0.297351044503885,0.3067224741170352,0.2771185292939594,0.28804226482144996,0.9883617687033109,0.9883641618038403,333.0,348.0,3.323823823823824,3.489750957854407,0.0,0.0,3.325975975975976,3.493390804597702,3.411527165932452,1.6,1.6,597.2531200000001,640.2432000000001,220.53989999999988,61.297999999999966,-123.2867799999998,78.94520000000014,-63918.6253800001,-80131.94861999986,-12.048998923152224,-12.487267277720496,3.4086147821830606,0.0012387585934621216,0.0,1.0,1.0,526.712187958884,539.2246696035243,1.0,1.0,1.5110132158590308,1.8171752129221739,0.0,1.1086637298091042,1.0088105726872247,0.0,7008.290748898678,0.0,0.0,15.0,0.0,20.0,204.51688693098384,30.0,479.9030837004405,10.0,0.0,0.0,0.0
929,0.29737183254199684,0.3065346803046125,0.27750157732742264,0.28862337131451804,0.9883742490447,0.9883761556171691,320.0,363.0,3.3695312500000005,3.6598714416896203,0.0,0.0,3.3754166666666663,3.6614784205693294,3.5274524158125913,1.6,1.6,599.7699200000002,650.8950400000001,88.12729999999995,80.88229999999994,11.642620000000235,70.01274000000016,-63906.9827600001,-80061.93587999986,-12.179455539287458,-12.536299670730012,3.5238408979990252,0.003517269715928222,0.0,1.0,1.0,528.2049780380673,540.882869692533,1.0,1.0,1.5314787701317716,1.8311346412884335,0.0,0.9985358711566618,1.1054172767203514,0.0,7059.985358711567,0.0,0.0,15.0,0.0,20.0,211.43045387994144,30.0,484.27379209370423,10.0,0.0,0.0,0.0
930,0.2973780377286697,0.30646573074206895,0.2783647452340618,0.28932148289934656,0.9883873405356348,0.9883885306028997,346.0,366.0,3.756551059730251,3.4077868852459035,0.0,0.0,3.759104046242775,3.412386156648452,3.580875468164794,1.6,1.6,623.1024,669.2259200000001,105.23759999999996,127.82999999999998,17.86480000000003,41.3959200000001,-63889.1179600001,-80020.53995999986,-12.103761610486888,-12.436974848055632,3.5772705992509346,0.02377138925281812,0.0,1.0,1.0,522.1039325842696,534.379213483146,1.0,1.0,1.5140449438202248,1.8150678651685395,0.0,1.125,1.1067415730337078,0.0,7126.195224719101,0.0,0.0,15.0,0.0,20.0,214.63623595505618,30.0,479.2542134831461,10.0,0.0,0.0,0.0
931,0.2974528152874048,0.30634624725067733,0.2793041444616529,0.29019380106760184,0.9884000239770541,0.9884009939718871,330.0,342.0,3.3577777777777746,3.360721247563355,0.0,0.0,3.3598989898989897,3.364376218323587,3.36217757936508,1.6,1.6,604.3199999999999,622.5952000000001,162.97419999999988,159.0456999999999,-58.654199999999946,-36.450499999999806,-63947.772160000095,-80056.99045999987,-12.081209325396808,-12.526784114807697,3.359275793650793,-0.003040613732076494,0.0,1.0,1.0,536.0416666666666,548.6264880952381,1.0,1.0,1.5089285714285714,1.825766666666667,0.0,0.9955357142857143,0.9107142857142857,0.0,7052.081845238095,0.0,0.0,15.0,0.0,20.0,201.55654761904762,30.0,482.5997023809524,10.0,0.0,0.0,0.0
932,0.29746887890099777,0.306247455603029,0.2796969464785232,0.2905492101006684,0.9884118809745931,0.9884139000874611,314.0,361.0,3.3669851380042473,4.389612188365651,0.0,0.0007848568790397045,3.369745222929937,4.391089566020314,3.9159753086419755,1.6,1.6,582.83712,656.7337600000001,150.83589999999992,74.80899999999997,-67.9987799999999,81.9247600000001,-64015.7709400001,-79975.06569999988,-12.367310222222219,-12.541104839822507,3.9139012345679025,0.007633824762814225,0.0,1.0,1.0,531.1733333333333,543.565925925926,1.0,1.0,1.5348148148148149,1.836401303703703,0.00041975308641975306,1.0474074074074073,1.1333333333333333,0.0,6908.737777777777,0.025185185185185185,0.0,14.977777777777778,0.0,20.0,234.8088888888889,30.0,485.92296296296297,10.0,0.0,0.0,0.0
933,0.2974808233057803,0.3063010223965065,0.2793971410690382,0.2901343439650618,0.9884241422557194,0.9884263497123774,358.0,338.0,3.832448789571695,3.116617357001975,0.0,0.0,3.8339851024208564,3.1203155818540433,3.487404214559387,1.6,1.6,647.8678400000001,635.048,39.853299999999976,91.26129999999998,108.01454000000014,43.786700000000025,-63907.75640000009,-79931.27899999988,-12.237149233716487,-12.478946062658723,3.4848180076628306,0.017785365363838887,0.0,1.0,1.0,524.5646551724138,536.9051724137931,1.0,1.0,1.485632183908046,1.8432698850574711,0.0,1.1522988505747127,1.0704022988505748,0.0,7141.547413793103,0.0,0.0,15.0,0.0,20.0,209.08908045977012,30.0,488.0617816091954,10.0,0.0,0.0,0.0
934,0.29753117372134574,0.306080493508408,0.2787479831743005,0.2894000542908348,0.9884369392504533,0.98843870970977,349.0,346.0,3.3168099331423133,3.8121387283236983,0.0,0.0,3.3198662846227314,3.8162331406551058,3.5669784172661867,1.6,1.6,622.95776,635.72704,236.6144,129.01199999999994,-113.65663999999998,6.7150400000000445,-64021.413040000094,-79924.56395999988,-12.073986570743395,-12.429905233292112,3.5634052757793766,-0.001665852180303778,0.0,1.0,1.0,531.9582733812949,544.4604316546763,1.0,1.0,1.497841726618705,1.811057266187052,0.0,0.9496402877697842,0.9683453237410072,0.0,7068.3827338129495,0.0,0.0,15.0,0.0,20.0,213.80431654676258,30.0,478.0014388489209,10.0,0.0,0.0,0.0
935,0.29751313674152247,0.306025264006678,0.2790375142567176,0.2897747852191044,0.9884496240381639,0.9884510741696316,335.0,352.0,3.263034825870645,3.9203598484848445,0.0,0.0,3.2630348258706463,3.921969696969696,3.600655021834061,1.6,1.6,612.2889600000001,654.2595200000001,119.62309999999997,94.82519999999994,-7.334139999999877,59.43432000000013,-64028.74718000009,-79865.12963999988,-12.28511751576904,-12.618308378848484,3.5998301795245014,-0.005923740846398125,0.0,1.0,1.0,523.6681222707424,536.1208151382824,1.0,1.0,1.512372634643377,1.8435931295487626,0.0,1.1164483260553129,1.1994177583697234,0.0,6991.91557496361,0.0,0.0,15.0,0.0,20.0,215.98981077147016,30.0,488.1659388646288,10.0,0.0,0.0,0.0
936,0.2974904678905807,0.30599358827678624,0.2776710177381482,0.28827208160594986,0.988462238418175,0.9884632485748936,322.0,350.0,4.2925983436853,3.978142857142859,0.0,0.0,4.2967908902691505,3.9788095238095242,4.131175595238095,1.6,1.6,607.96352,655.2876800000001,87.04389999999995,93.11389999999996,20.919620000000066,62.17378000000018,-64007.82756000009,-79802.95585999989,-12.715708333333339,-12.686319928423242,4.12881944444444,0.02743171527508937,0.0,1.0,1.0,531.422619047619,544.0714285714286,1.0,1.0,1.5208333333333333,1.8798380952380938,0.0,1.2827380952380953,0.9389880952380952,0.0,7010.087797619048,0.0,0.0,15.0,0.0,20.0,247.72916666666666,30.0,499.4970238095238,10.0,0.0,0.0,0.0
937,0.2974332596429107,0.3059549720042991,0.2773169754433295,0.2878521848715981,0.9884747940930314,0.9884756007975012,333.0,345.0,3.8854354354354395,3.405652173913046,0.0,0.0,3.8879379379379375,3.4065700483091788,3.6429941002949855,1.6,1.6,634.18848,624.6771200000001,29.909699999999972,115.68429999999992,104.27878000000005,8.992820000000137,-63903.54878000009,-79793.96303999989,-12.381078662733529,-12.692783251275896,3.6412979351032404,-0.014812669207508226,0.0,1.0,1.0,537.47197640118,550.0840707964602,1.0,1.0,1.508849557522124,1.856733923303836,0.0,1.0899705014749264,0.8643067846607669,0.0,7098.470501474926,0.0,0.0,15.0,0.0,20.0,218.47787610619469,30.0,492.2669616519174,10.0,0.0,0.0,0.0
938,0.2972527104730164,0.3058522895070433,0.2780128029983826,0.2885644722482412,0.9884869918736566,0.9884877458917973,368.0,337.0,4.151268115942029,3.9655786350148343,0.0,0.0,4.153804347826086,3.968447082096934,4.0652009456264775,1.6,1.6,665.5424,624.1356800000001,61.70099999999993,105.44769999999997,103.8414000000001,18.687980000000124,-63799.707380000094,-79775.27505999988,-12.384019479905449,-12.502282942585163,4.062505910165483,0.009594282247885983,0.0,1.0,1.0,532.5418439716312,545.0468085106382,1.0,1.0,1.478014184397163,1.8293306099290776,0.0,1.1404255319148937,0.9943262411347518,0.0,7029.982978723404,0.0,0.0,15.0,0.0,20.0,243.75035460992908,30.0,483.709219858156,10.0,0.0,0.0,0.0
939,0.2972545605006383,0.3058403995245107,0.27862520514865136,0.2894782486375926,0.9884994451850826,0.9884997190987556,331.0,349.0,3.190130916414904,3.667096466093605,0.0,0.0,3.1919939577039274,3.6688634192932184,3.436740196078431,1.6,1.6,615.89344,634.8307200000002,176.82469999999992,134.72539999999995,-60.93125999999987,0.10532000000020503,-63860.63864000009,-79775.16973999988,-12.193226666666664,-12.591738852345696,3.434926470588234,0.011619747521775982,0.0,1.0,1.0,538.4970588235294,551.2235294117647,1.0,1.0,1.513235294117647,1.839300235294118,0.0,1.1294117647058823,0.8647058823529412,0.0,7019.6867647058825,0.0,0.0,15.0,0.0,20.0,206.09558823529412,30.0,486.8264705882353,10.0,0.0,0.0,0.0
940,0.2971402125535062,0.3058228553573755,0.2774813508211536,0.2882220832595952,0.9885112644353659,0.9885117984245833,338.0,329.0,3.6320512820512825,3.6124113475177317,0.0,0.0,3.635650887573964,3.615045592705167,3.6254872563718146,1.6,1.6,602.8806400000001,609.2115200000001,142.92859999999996,159.64759999999995,-40.047959999999875,-50.43607999999989,-63900.68660000009,-79825.60581999988,-12.134888755622185,-12.463005006651645,3.622363818090959,0.022392039011326758,0.0,1.0,1.0,541.7091454272863,554.2278860569716,1.0,1.0,1.4932533733133433,1.8172296251874056,0.0,0.9535232383808095,0.9580209895052474,0.0,7018.221889055472,0.0,0.0,15.0,0.0,20.0,217.34182908545728,30.0,479.9385307346327,10.0,0.0,0.0,0.0
941,0.29719137139281193,0.3057138798260156,0.27776130052647297,0.28840413110924684,0.9885234627951273,0.9885239076801631,340.0,340.0,3.2916176470588225,3.860588235294118,0.0,0.0,3.2956372549019615,3.8624509803921567,3.5790441176470593,1.6,1.6,617.5200000000001,632.4438400000001,135.01139999999995,105.16669999999993,-17.491399999999857,27.277140000000202,-63918.17800000009,-79798.32867999988,-12.242944901960808,-12.490853551102012,3.5761029411764684,0.04394866912084848,0.0,1.0,1.0,535.5588235294117,548.1573529411764,1.0,1.0,1.5,1.8381821176470587,0.0,0.9985294117647059,1.0852941176470587,0.0,6978.582352941176,0.0,0.0,15.0,0.0,20.0,214.56617647058823,30.0,486.4779411764706,10.0,0.0,0.0,0.0
942,0.29717395280171977,0.3055253305382966,0.2772563300833902,0.2877810488374846,0.9885353725465161,0.9885359098791633,334.0,386.0,4.094211576846309,4.556692573402417,0.0,0.0014680483592400691,4.097804391217565,4.5568221070811745,4.3438888888888885,1.6,1.6,641.18688,706.7529600000001,123.84109999999993,50.19059999999996,17.345780000000047,156.56236000000018,-63900.832220000084,-79641.76631999988,-12.754522037037034,-12.5483549566652,4.342152777777775,0.049206260853235685,0.0,1.0,1.0,518.1513888888888,530.1833333333333,1.0,1.0,1.5361111111111112,1.872138666666668,0.000787037037037037,1.3125,1.1861111111111111,0.0,7305.0361111111115,0.04722222222222222,0.0,14.979166666666666,0.0,20.0,260.4819444444444,30.0,497.09027777777777,10.0,0.0,0.0,0.0
943,0.29703870987748193,0.3055241425875935,0.2762491874184785,0.28678192057262936,0.9885467657962101,0.9885482488776409,332.0,349.0,3.732881526104417,3.1883954154727787,0.0,0.0,3.7370481927710837,3.189302769818529,3.4563387175721973,1.6,1.6,618.1513600000001,640.5718400000001,105.04279999999994,253.3703999999999,13.108560000000125,-112.79855999999984,-63887.72366000008,-79754.56487999987,-12.255432207537938,-12.5446892877759,3.453842388644149,0.01436404016809267,0.0,1.0,1.0,533.3127753303964,545.9647577092511,1.0,1.0,1.512481644640235,1.84834537444934,0.0,1.1776798825256976,1.0881057268722467,0.0,7047.801762114537,0.0,0.0,15.0,0.0,20.0,207.23054331864904,30.0,489.65051395007345,10.0,0.0,0.0,0.0
944,0.29697152142464406,0.30552802761820985,0.27554758923369116,0.2861637050188279,0.9885589357252735,0.9885608070261928,376.0,324.0,4.225753546099292,3.5307098765432094,0.0,0.0,4.228856382978724,3.5332304526748968,3.9068809523809525,1.6,1.6,682.01952,599.2736,72.60479999999993,201.21379999999994,109.41472000000013,-101.94019999999995,-63778.30894000008,-79856.50507999987,-12.327203238095226,-12.438345949759334,3.904047619047618,0.00950027149959632,0.0,1.0,1.0,525.9457142857143,538.3828571428571,1.0,1.0,1.4628571428571429,1.8304187428571423,0.0,1.1685714285714286,1.1842857142857144,0.0,6990.617142857142,0.0,0.0,15.0,0.0,20.0,234.24285714285713,30.0,484.04714285714283,10.0,0.0,0.0,0.0
945,0.29700741144152953,0.3053314086084748,0.27674828318070044,0.2873697677801419,0.9885710882978921,0.9885723074338253,360.0,347.0,3.0830092592592604,4.392074927953896,0.0,0.0019212295869356388,3.084398148148148,4.390826128722382,3.7256011315417257,1.6,1.6,645.13472,632.5468800000001,162.44619999999983,103.36539999999998,-17.31147999999982,29.18148000000012,-63795.62042000008,-79827.32359999987,-12.115414427157006,-12.360385857209115,3.725506836397928,-0.001368179586733792,0.0,1.0,1.0,524.3380480905233,536.5459688826026,1.0,1.0,1.4908062234794908,1.8071875530410193,0.000942951438000943,1.14002828854314,1.108910891089109,0.0,7141.062234794908,0.056577086280056574,0.0,14.970297029702971,0.0,20.0,223.47383309759547,30.0,476.7821782178218,10.0,0.0,0.0,0.0
946,0.2969056008508162,0.30520283164712775,0.2767772142711708,0.28748616306184094,0.9885837108244059,0.9885843029549765,335.0,374.0,3.500447761194033,3.6278520499108753,0.0,0.0,3.503233830845771,3.630525846702317,3.570380818053597,1.6,1.6,615.15328,679.39552,160.93239999999997,84.95109999999991,-45.77911999999998,94.44442000000012,-63841.39954000008,-79732.87917999987,-12.165228960977899,-12.393796038643671,3.567653972731543,0.015058906083151908,0.0,1.0,1.0,524.6967559943582,536.7842031029619,1.0,1.0,1.527503526093089,1.8258798307475308,0.0,1.225669957686883,1.0324400564174894,0.0,7013.619181946403,0.0,0.0,15.0,0.0,20.0,214.0592383638928,30.0,482.6304654442877,10.0,0.0,0.0,0.0
947,0.29680509641424346,0.30531817575413567,0.2768690135585418,0.28741820759555925,0.9885957738747756,0.988595262335377,362.0,351.0,4.011878453038681,3.149667616334282,0.0,0.0,4.015791896869246,3.1504273504273503,3.5897849462365587,1.6,1.6,670.7872,650.6809599999999,49.976699999999965,111.99679999999992,120.81050000000002,38.68415999999999,-63720.58904000008,-79694.19501999987,-12.339369985974766,-12.468071490617522,3.587424029920522,0.025185289551093542,0.0,1.0,1.0,529.1402524544179,541.4754558204769,1.0,1.0,1.4922861150070126,1.8533915287517526,0.0,1.1865357643758765,1.0785413744740533,0.0,7166.750350631136,0.0,0.0,15.0,0.0,20.0,215.24544179523141,30.0,491.2328190743338,10.0,0.0,0.0,0.0
948,0.29683398562033175,0.3052163053410064,0.2775482086946986,0.2878868399675047,0.9886076604650693,0.9886069538758716,347.0,333.0,3.0423150816522564,3.8700700700700708,0.0,0.0,3.045341018251681,3.8709709709709705,3.449656862745098,1.6,1.6,631.74944,619.45024,128.75439999999995,136.35769999999994,2.9950400000001025,-16.90745999999993,-63717.59400000008,-79711.10247999987,-12.202556470588242,-12.540326775892206,3.4476715686274546,0.003099033755326858,0.0,1.0,1.0,537.1029411764706,549.5044117647059,1.0,1.0,1.4897058823529412,1.8399995294117637,0.0,0.9441176470588235,1.1161764705882353,0.0,7038.52794117647,0.0,0.0,15.0,0.0,20.0,206.86029411764707,30.0,487.0470588235294,10.0,0.0,0.0,0.0
949,0.2967772605771312,0.3051704361893495,0.2763962864209986,0.28681045745823164,0.9886191990511352,0.9886184988348786,346.0,342.0,3.7333333333333316,3.812719298245615,0.0,0.0,3.736175337186898,3.813986354775829,3.7748546511627903,1.6,1.6,628.2441600000001,631.9024,117.38279999999995,107.94279999999998,10.861360000000133,23.959599999999966,-63706.732640000075,-79687.14287999987,-12.281888759689922,-12.509130950808151,3.77279554263566,0.03552022526528984,0.0,1.0,1.0,545.5697674418604,558.0625,1.0,1.0,1.497093023255814,1.8316083720930232,0.0,1.1497093023255813,1.0436046511627908,0.0,7110.158430232558,0.0,0.0,15.0,0.0,20.0,226.36773255813952,30.0,484.4186046511628,10.0,0.0,0.0,0.0
950,0.29664598856727453,0.3050864774824915,0.2765453798530699,0.2867791947038094,0.9886305954347521,0.9886302277964208,331.0,359.0,3.8192346424974875,3.555385329619312,0.0,0.0,3.8220543806646528,3.556220984215413,3.6837439613526572,1.6,1.6,599.68096,647.48352,227.0592999999999,106.51699999999997,-127.37833999999987,40.96652000000003,-63834.11098000008,-79646.17635999987,-12.099834396135254,-12.393806114688728,3.6819565217391292,0.013733599924903264,0.0,1.0,1.0,539.8652173913043,552.3130434782609,1.0,1.0,1.5202898550724637,1.8074847536231884,0.0,0.9681159420289855,1.1130434782608696,0.0,6944.785507246377,0.0,0.0,15.0,0.0,20.0,220.91739130434783,30.0,476.8884057971014,10.0,0.0,0.0,0.0
951,0.2965996226917017,0.30511194175357526,0.275885771080005,0.286041949544762,0.9886423470404846,0.9886411887463886,334.0,359.0,4.123153692614769,3.4851439182915533,0.0,0.0,4.12629740518962,3.487790157845868,3.7955266955266955,1.6,1.6,608.1545600000001,649.45856,74.01769999999993,151.79199999999994,34.13686000000013,-2.3334399999999107,-63799.97412000008,-79648.50979999987,-12.187891678691676,-12.453232108896342,3.7926406926406964,0.008896660908970377,0.0,1.0,1.0,543.2222222222222,555.8946608946609,1.0,1.0,1.518037518037518,1.8147375468975455,0.0,1.0606060606060606,1.0,0.0,7055.919191919192,0.0,0.0,15.0,0.0,20.0,227.55844155844156,30.0,479.14430014430013,10.0,0.0,0.0,0.0
952,0.29646258718953633,0.30518810140629365,0.2749738621340347,0.28525092126247814,0.9886543102687831,0.9886520307063569,333.0,336.0,3.794044044044045,3.225248015873014,0.0,0.0,3.798248248248248,3.229315476190477,3.5125062282012958,1.6,1.6,616.6838400000001,622.8540800000001,84.15159999999995,134.1608999999999,32.5322400000002,-11.306819999999846,-63767.44188000008,-79659.81661999987,-12.304294369706026,-12.691159512952565,3.508370702541104,-0.014939908681189513,0.0,1.0,1.0,549.3482810164425,562.1554559043349,1.0,1.0,1.5022421524663676,1.8528220029895364,0.0,0.9835575485799701,1.0717488789237668,0.0,7052.209267563528,0.0,0.0,15.0,0.0,20.0,210.50224215246638,30.0,491.050822122571,10.0,0.0,0.0,0.0
953,0.296357690572131,0.30513895366216104,0.2748738681147026,0.2852418734854368,0.9886662570563762,0.9886632570673743,363.0,315.0,4.002708907254362,3.2211111111111106,0.0,0.0,4.006014692378329,3.2225396825396824,3.6420108161258606,1.6,1.6,659.13312,577.5424,65.74479999999998,155.57629999999997,93.38831999999998,-78.03389999999993,-63674.05356000008,-79737.85051999986,-12.182700491642086,-12.569783048397305,3.6395771878072796,-0.01685521634990292,0.0,1.0,1.0,548.9911504424779,561.4941002949853,1.0,1.0,1.4646017699115044,1.8240051917404148,0.0,1.0943952802359882,0.8303834808259587,0.0,6977.587020648967,0.0,0.0,15.0,0.0,20.0,218.3746312684366,30.0,482.05309734513276,10.0,0.0,0.0,0.0
954,0.296349129414648,0.3050388933665359,0.27490635143823483,0.2851812067808906,0.9886778512686367,0.9886745593593406,351.0,331.0,3.3717948717948723,3.634994964753273,0.0,0.0,3.3757359924026593,3.635498489425982,3.501808406647117,1.6,1.6,649.6160000000001,603.07744,145.12869999999992,54.29229999999998,4.487300000000175,48.78514000000004,-63669.56626000008,-79689.06537999985,-12.203910850439877,-12.568538700557841,3.4995356793743864,-0.022244746206137086,0.0,1.0,1.0,537.0219941348973,549.3240469208212,1.0,1.0,1.4853372434017595,1.8367939002932547,0.0,1.0498533724340176,1.002932551319648,0.0,7170.687683284457,0.0,0.0,15.0,0.0,20.0,209.97214076246334,30.0,486.03812316715545,10.0,0.0,0.0,0.0
955,0.2963742915398472,0.30493707423401567,0.2752562953333108,0.2854190845621643,0.9886892302205172,0.9886861408329681,351.0,335.0,3.4327635327635315,4.0351741293532335,0.0,0.0,3.4371320037986703,4.036815920398009,3.7299805636540326,1.6,1.6,655.07296,622.0969600000001,62.29449999999995,80.58799999999997,92.77846000000002,41.508960000000116,-63576.78780000008,-79647.55641999985,-12.445723420796888,-12.605965913513915,3.7269436345966986,0.019058646822424516,0.0,1.0,1.0,542.2492711370262,554.4970845481049,1.0,1.0,1.4883381924198251,1.8617637317784261,0.0,1.0568513119533527,1.0889212827988337,0.0,7061.316326530612,0.0,0.0,15.0,0.0,20.0,223.61661807580174,30.0,493.8381924198251,10.0,0.0,0.0,0.0
956,0.29635996876766707,0.30479433658239663,0.27525399161745134,0.2855371818816321,0.9887001590282362,0.9886971285979369,317.0,344.0,3.339852786540483,3.7842538759689948,0.0,0.0,3.3423238696109356,3.7857073643410852,3.5730711043872923,1.6,1.6,583.95584,600.0614400000001,193.44729999999993,97.87819999999988,-109.49145999999996,2.1832400000001826,-63686.279260000076,-79645.37317999985,-11.957402521432167,-12.416727570510398,3.571129601613712,-0.0076624336270800985,0.0,1.0,1.0,561.178517397882,574.0514372163389,1.0,1.0,1.5204236006051437,1.7912515582450839,0.0,0.9258698940998488,0.8623298033282905,0.0,7020.639939485628,0.0,0.0,15.0,0.0,20.0,214.26777609682298,30.0,471.80786686838127,10.0,0.0,0.0,0.0
957,0.2963844912998867,0.30464093308021645,0.27470170993593646,0.28491781997994187,0.988710980699397,0.988708212689028,364.0,357.0,4.648031135531135,3.5807189542483644,0.0,0.0,4.651190476190475,3.5828664799253036,4.122214516874711,1.6,1.6,668.1635200000001,660.4873600000001,23.10139999999994,54.31479999999993,145.0621200000001,106.17256000000015,-63541.21714000007,-79539.20061999984,-12.488142949607036,-12.571888974866878,4.11955617198336,0.022289771006506507,0.0,1.0,1.0,541.5811373092927,553.9251040221914,1.0,1.0,1.4951456310679612,1.8427890152565887,0.0,1.2510402219140084,0.9070735090152566,0.0,7143.341192787795,0.0,0.0,15.0,0.0,20.0,247.17337031900138,30.0,487.9126213592233,10.0,0.0,0.0,0.0
958,0.2964083486113586,0.3046917050979378,0.2752865802550918,0.2854922533410708,0.9887228482995604,0.9887194728598219,370.0,297.0,3.4136036036036046,2.952861952861954,0.0,0.0,3.414954954954955,2.9548821548821556,3.210094952523738,1.6,1.6,668.3222400000001,553.4726400000001,111.19779999999994,213.61309999999995,57.124440000000135,-160.14045999999988,-63484.092700000074,-79699.34107999984,-12.05717801099449,-12.52233906781629,3.2084457771114447,-0.006651893156695097,0.0,1.0,1.0,548.19940029985,561.1274362818591,1.0,1.0,1.4452773613193404,1.8317764317841099,0.0,1.1814092953523239,1.0014992503748126,0.0,7014.8665667166415,0.0,0.0,15.0,0.0,20.0,192.50674662668666,30.0,484.4752623688156,10.0,0.0,0.0,0.0
959,0.2964687047348862,0.30445638673271647,0.2751784042935811,0.28526548215413944,0.9887344719608041,0.9887304908341038,344.0,352.0,3.1508720930232528,4.38622159090909,0.0,0.09635416666666666,3.1551356589147286,4.291335227272727,3.7297653256704977,1.6,1.6,631.05952,647.0598400000001,174.88669999999996,12.031099999999974,-43.82717999999994,135.02874000000014,-63527.919880000074,-79564.31233999984,-12.31186800766283,-12.529799016283775,3.7756465517241384,0.02773349921032772,0.0,1.0,1.0,543.9382183908046,556.4454022988506,1.0,1.0,1.5057471264367817,1.8363783908045983,0.04873084291187739,1.117816091954023,1.1163793103448276,0.0,7049.632183908046,2.9238505747126435,0.0,14.389367816091953,0.0,20.0,223.61494252873564,30.0,485.9152298850575,10.0,0.0,0.0,0.0
960,0.29643705332768505,0.30447184303114405,0.27578803724802237,0.28605513583256004,0.9887456895442219,0.9887416210142154,319.0,348.0,3.6632183908045945,3.246072796934865,0.0,0.0,3.663218390804597,3.249616858237548,3.447426286856572,1.6,1.6,586.7606400000001,624.8496,220.60009999999997,98.2125999999999,-133.8394599999999,26.637000000000114,-63661.75934000008,-79537.67533999984,-12.059751924037982,-12.573466789983138,3.445577211394303,-0.024854647064060494,0.0,1.0,1.0,564.5532233883058,577.23988005997,1.0,1.0,1.5217391304347827,1.8165071064467766,0.0,0.9235382308845578,0.767616191904048,0.0,6919.272863568216,0.0,0.0,15.0,0.0,20.0,206.73463268365816,30.0,479.69565217391306,10.0,0.0,0.0,0.0
961,0.29646521106399837,0.3044002629264902,0.27514133523227763,0.2857669404583264,0.9887565983341894,0.9887529743571701,303.0,373.0,3.3900440044004396,3.8877122430741724,0.0,0.0,3.390649064906491,3.8888293118856128,3.665532544378698,1.6,1.6,542.3097600000001,685.75424,190.86479999999995,94.19499999999996,-148.55503999999985,91.55924000000002,-63810.314380000076,-79446.11609999984,-12.14835305719921,-12.466725508179657,3.6646449704142054,0.0025785702685461004,0.0,1.0,1.0,550.1568047337278,562.8224852071006,1.0,1.0,1.551775147928994,1.8166627218934919,0.0,1.0162721893491125,1.017751479289941,0.0,7123.297337278106,0.0,0.0,15.0,0.0,20.0,219.87869822485206,30.0,479.7544378698225,10.0,0.0,0.0,0.0
962,0.29614037632604984,0.3044555108929396,0.27531655666501104,0.2861066783824371,0.9887674888642068,0.9887638401138615,343.0,333.0,4.654810495626819,3.10115115115115,0.0009718172983479105,0.0,4.654713313896987,3.1030030030030034,3.8903353057199213,1.6,1.6,629.42816,596.2403200000001,74.36289999999997,157.4387999999999,55.06526000000008,-61.19847999999979,-63755.24912000007,-79507.31457999985,-12.216857593688369,-12.402624915537796,3.8894723865877716,0.011159151438786256,0.0,1.0,1.0,550.8860946745563,563.4245562130177,1.0,1.0,1.492603550295858,1.813119053254438,0.0004930966469428008,1.2514792899408285,0.9142011834319527,0.0,7205.615384615385,0.029585798816568046,0.0,14.977810650887575,0.0,20.0,233.3387573964497,30.0,478.64201183431953,10.0,0.0,0.0,0.0
963,0.2961224959473605,0.30435893411995807,0.27564020958577107,0.2862134093217337,0.9887780125804687,0.9887746645579172,343.0,361.0,3.803595724003889,3.9162973222530013,0.0,0.0012927054478301017,3.8075801749271134,3.915327793167129,3.8628314393939394,1.6,1.6,632.7788800000001,651.2796800000001,100.84279999999995,27.576599999999964,31.936080000000118,123.70308000000014,-63723.313040000074,-79383.61149999984,-12.271045643939392,-12.493540561932498,3.8613873106060606,0.007892788788919136,0.0,1.0,1.0,547.8224431818181,560.2585227272727,1.0,1.0,1.5127840909090908,1.8239468181818177,0.0006628787878787879,1.1235795454545454,0.9744318181818182,0.0,6966.862215909091,0.03977272727272727,0.0,14.978693181818182,0.0,20.0,231.6434659090909,30.0,482.0269886363636,10.0,0.0,0.0,0.0
964,0.29610033494870436,0.3043838587074879,0.27692174644803413,0.2875677227624489,0.9887879437072262,0.9887857117603294,361.0,338.0,3.75544783010157,3.4871794871794872,0.0,0.0,3.7617266851338873,3.4897435897435893,3.630209823557463,1.6,1.6,656.5596800000001,624.6643200000001,69.99919999999995,164.91779999999994,86.56048000000013,-40.253479999999854,-63636.75256000007,-79423.86497999984,-12.231082498807814,-12.547883587490444,3.625727229375295,0.008661502434159968,0.0,1.0,1.0,547.1301859799714,559.6480686695279,1.0,1.0,1.4835479256080115,1.8329384835479274,0.0,1.1702432045779685,1.105865522174535,0.0,7073.793991416309,0.0,0.0,15.0,0.0,20.0,217.54363376251789,30.0,484.82975679542204,10.0,0.0,0.0,0.0
965,0.2961792823613346,0.3043515894808452,0.2773967361230207,0.287972608109766,0.9887988529285884,0.9887966200047694,322.0,368.0,3.247204968944098,4.089266304347828,0.0,0.0,3.248447204968944,4.090624999999999,3.697608695652174,1.6,1.6,598.57952,676.8742400000001,172.42609999999988,54.47739999999996,-73.84657999999988,122.39684000000014,-63710.59914000007,-79301.46813999984,-12.353244637681161,-12.511073810679807,3.696304347826088,0.03313856104825615,0.0,1.0,1.0,542.7449275362319,555.1333333333333,1.0,1.0,1.5333333333333334,1.8484837101449294,0.0,1.126086956521739,1.2333333333333334,0.0,7006.891304347826,0.0,0.0,15.0,0.0,20.0,221.77826086956523,30.0,489.6913043478261,10.0,0.0,0.0,0.0
966,0.2960769915916134,0.3043975667529603,0.2765569720316386,0.28708643533668377,0.9888094952569865,0.9888076546775288,365.0,337.0,3.9309132420091344,3.243273986152327,0.0,0.0,3.9322374429223745,3.245845697329377,3.6027302943969612,1.6,1.6,668.5257600000001,616.3529599999999,29.534099999999953,204.52339999999992,138.99166000000014,-88.17043999999999,-63571.60748000007,-79389.63857999984,-12.205261538461556,-12.474604604999033,3.6008072174738843,-0.005145887511008268,0.0,1.0,1.0,548.4900284900285,560.9301994301994,1.0,1.0,1.48005698005698,1.8303115669515666,0.0,1.2378917378917378,0.9458689458689459,0.0,7146.9985754985755,0.0,0.0,15.0,0.0,20.0,216.04843304843305,30.0,484.01424501424503,10.0,0.0,0.0,0.0
967,0.2960920274235604,0.3043488399024278,0.27644525592156827,0.2868918807916417,0.9888198572826339,0.9888181952721096,345.0,351.0,3.8015458937198066,3.664577397910729,0.0,0.0,3.803864734299516,3.6645773979107314,3.7336206896551727,1.6,1.6,644.42848,631.5382400000001,152.63169999999997,127.36979999999993,-8.20321999999993,4.16844000000016,-63579.810700000075,-79385.47013999984,-12.275891187739484,-12.526257688646766,3.7324712643678195,0.006111490972042189,0.0,1.0,1.0,551.330459770115,563.8376436781609,1.0,1.0,1.5043103448275863,1.8332855172413798,0.0,1.2097701149425288,0.8548850574712644,0.0,7196.656609195402,0.0,0.0,15.0,0.0,20.0,223.94827586206895,30.0,484.9425287356322,10.0,0.0,0.0,0.0
968,0.2960811135249308,0.30430296744748925,0.2763189164218205,0.28693684957668547,0.9888303215920167,0.9888288568864435,335.0,340.0,3.5927363184079613,3.330833333333335,0.0,0.0,3.5956218905472634,3.333186274509804,3.4634320987654323,1.6,1.6,612.2848,615.68032,121.62289999999996,157.43869999999998,-9.33809999999994,-41.75837999999993,-63589.148800000075,-79427.22851999984,-12.082176197530869,-12.518376159231575,3.460814814814818,-0.002942578005366159,0.0,1.0,1.0,564.0414814814815,576.7777777777778,1.0,1.0,1.5037037037037038,1.8192075851851852,0.0,1.04,0.8577777777777778,0.0,7139.8014814814815,0.0,0.0,15.0,0.0,20.0,207.64888888888888,30.0,480.5437037037037,10.0,0.0,0.0,0.0
969,0.29613402169369574,0.3041251338350485,0.2770110068536209,0.2877250267223805,0.9888405684527379,0.988839725972238,334.0,354.0,3.952145708582835,3.8034369114877604,0.0,0.0,3.9575848303393206,3.803954802259887,3.878536821705427,1.6,1.6,617.7548800000001,648.8332800000001,78.37149999999995,85.42019999999997,39.383380000000116,63.41308000000009,-63549.765420000076,-79363.81543999985,-12.379613565891466,-12.548412697568937,3.875629844961243,0.030885623794675222,0.0,1.0,1.0,555.4433139534884,567.8561046511628,1.0,1.0,1.5145348837209303,1.840971162790696,0.0,1.1627906976744187,0.9476744186046512,0.0,7033.322674418605,0.0,0.0,15.0,0.0,20.0,232.5377906976744,30.0,487.3517441860465,10.0,0.0,0.0,0.0
970,0.2961314297816249,0.3040920167687759,0.2768827631311491,0.28723561997742647,0.9888510032866862,0.9888505899897276,345.0,362.0,3.8795169082125565,3.9142725598526718,0.0,0.0,3.8812077294685996,3.916160220994475,3.899104196133899,1.6,1.6,627.1996800000001,669.9392000000001,67.50939999999997,102.89809999999996,59.69028000000009,67.04110000000018,-63490.07514000007,-79296.77433999984,-12.3504258368694,-12.563020154290358,3.897312588401702,-0.0017038146229855487,0.0,1.0,1.0,553.8613861386139,566.3125884016973,1.0,1.0,1.512022630834512,1.8347084582743995,0.0,1.0735502121640736,1.0579915134370579,0.0,7005.841584158416,0.0,0.0,15.0,0.0,20.0,233.83875530410185,30.0,485.3875530410184,10.0,0.0,0.0,0.0
971,0.29614641689106547,0.3040978132397391,0.27571793406090855,0.28589406003334766,0.9888620094120866,0.9888615945023638,349.0,325.0,3.3381088825214866,3.4885128205128204,0.0,0.0,3.340974212034384,3.4900512820512812,3.4128585558852618,1.6,1.6,642.68384,586.5686400000001,118.85739999999996,185.3837999999999,23.826440000000076,-98.81515999999982,-63466.24870000008,-79395.58949999984,-12.089968941641933,-12.475909517246048,3.410633036597426,-0.005264679638024152,0.0,1.0,1.0,553.4109792284867,565.8679525222552,1.0,1.0,1.4821958456973294,1.823816735905045,0.0,1.1498516320474776,1.1201780415430267,0.0,7027.991097922849,0.0,0.0,15.0,0.0,20.0,204.6379821958457,30.0,481.98961424332344,10.0,0.0,0.0,0.0
972,0.29612447402176684,0.30402123102737255,0.27577916017112675,0.2859010791566053,0.9888733029707398,0.9888716234295242,358.0,327.0,3.5067970204841727,3.8630479102956197,0.0,0.0,3.509310986964618,3.8645769622833845,3.67890510948905,1.6,1.6,661.80064,585.3427200000001,114.54349999999995,145.82849999999996,47.25714000000009,-60.48577999999986,-63418.991560000075,-79456.07527999984,-12.177309197080293,-12.452226586972076,3.676861313868612,0.048193542771984,0.0,1.0,1.0,559.2452554744525,571.807299270073,1.0,1.0,1.4773722627737227,1.820647240875912,0.0,1.1153284671532846,0.92992700729927,0.0,6955.56204379562,0.0,0.0,15.0,0.0,20.0,220.61167883211678,30.0,480.9985401459854,10.0,0.0,0.0,0.0
973,0.2961343518805254,0.30380411511097777,0.27636330857396796,0.286434012980284,0.9888840992191252,0.9888819845927185,345.0,374.0,3.282028985507247,4.3793672014260245,0.0,0.00071301247771836,3.2839130434782606,4.3808823529411764,3.85452016689847,1.6,1.6,612.92352,697.58912,204.63229999999993,65.73639999999996,-91.70877999999988,131.85272000000003,-63510.700340000076,-79324.22255999985,-12.260027630968946,-12.418135426131713,3.852828001854432,0.010785048402004824,0.0,1.0,1.0,547.9874826147427,560.3324061196106,1.0,1.0,1.5201668984700973,1.8226879554937419,0.00037088548910523873,1.0264255910987483,1.172461752433936,0.0,7162.59388038943,0.022253129346314324,0.0,14.979137691237831,0.0,20.0,231.14742698191932,30.0,481.63699582753827,10.0,0.0,0.0,0.0
974,0.2960475377768168,0.3039577570680081,0.27636253941653965,0.2864076367812011,0.9888943165903005,0.9888925455778463,383.0,321.0,4.052393385552656,2.9798546209761154,0.0,0.0,4.053002610966057,2.98343717549325,3.565317234848485,1.6,1.6,720.3040000000001,570.59424,73.66719999999998,207.17829999999987,146.6368000000001,-136.58405999999985,-63364.063540000076,-79460.80661999984,-12.210498863636376,-12.375758510746687,3.5633522727272733,0.009484194179564982,0.0,1.0,1.0,542.2727272727273,554.3068181818181,1.0,1.0,1.4559659090909092,1.8336622727272733,0.0,1.3011363636363635,1.0795454545454546,0.0,6957.332386363636,0.0,0.0,15.0,0.0,20.0,213.80113636363637,30.0,485.05397727272725,10.0,0.0,0.0,0.0
975,0.2959055208617827,0.30395725397440765,0.2766525213635617,0.2863975390515749,0.9889045281460633,0.9889022103336383,332.0,355.0,3.800602409638556,3.921220657276997,0.0,0.0,3.803062248995984,3.9226291079812206,3.8648471615720523,1.6,1.6,610.4883200000002,641.6051199999999,298.8372999999999,62.42339999999994,-188.34897999999976,79.18172000000001,-63552.41252000008,-79381.62489999985,-12.263256477438151,-12.552344542281043,3.8629306162057264,0.0014438694286683256,0.0,1.0,1.0,562.9024745269287,575.4512372634643,1.0,1.0,1.5167394468704511,1.8225523144104818,0.0,0.9941775836972343,1.1106259097525473,0.0,7206.09461426492,0.0,0.0,15.0,0.0,20.0,231.7758369723435,30.0,481.59679767103347,10.0,0.0,0.0,0.0
976,0.29589613005340476,0.3039251201954225,0.2761158604276239,0.2857983507094884,0.9889147319751088,0.9889116904634075,339.0,351.0,3.7194198623402155,3.7967236467236423,0.0,0.0,3.720747295968535,3.7984805318138655,3.7602898550724637,1.6,1.6,619.49184,649.2502400000001,80.82879999999999,113.65249999999995,38.66304000000004,35.59774000000013,-63513.74948000008,-79346.02715999985,-12.319464347826083,-12.357907592780546,3.7587439613526628,0.09871825742996887,0.0,1.0,1.0,558.3507246376812,570.9710144927536,1.0,1.0,1.508695652173913,1.8387566376811597,0.0,1.1565217391304348,1.0492753623188407,0.0,7117.285507246377,0.0,0.0,15.0,0.0,20.0,225.52463768115942,30.0,486.65507246376814,10.0,0.0,0.0,0.0
977,0.2958022496072862,0.30387079509894005,0.27564565648574957,0.2853434162544189,0.9889246986481476,0.9889216987992844,343.0,349.0,3.573760932944606,3.4873447946513836,0.0,0.0,3.5758503401360544,3.4905921680993317,3.5328516377649324,1.6,1.6,614.84544,636.40608,121.06639999999989,82.86639999999991,-6.220959999999835,53.53968000000006,-63519.97044000008,-79292.48747999985,-12.043209441233147,-12.422644573988665,3.5301782273603073,0.0023219603884082314,0.0,1.0,1.0,554.4812138728323,566.9046242774566,1.0,1.0,1.504335260115607,1.8081669364161863,0.0,1.134393063583815,1.1517341040462428,0.0,7029.119942196532,0.0,0.0,15.0,0.0,20.0,211.81069364161849,30.0,477.09104046242777,10.0,0.0,0.0,0.0
978,0.29572937256819476,0.3038274431572937,0.27553099726174146,0.28523219293226865,0.9889350350667002,0.9889315804762856,334.0,359.0,3.7933133732534903,3.698839368616524,0.0,0.0,3.7983532934131743,3.6988393686165275,3.746801346801347,1.6,1.6,616.6531200000001,649.6169600000001,74.28159999999991,147.6293,42.371520000000146,1.9876600000000622,-63477.59892000008,-79290.49981999985,-12.244098701298691,-12.387007312417596,3.7443722943722975,0.027122657413188072,0.0,1.0,1.0,557.0735930735931,569.3318903318903,1.0,1.0,1.518037518037518,1.8272295526695517,0.0,1.1082251082251082,1.0432900432900434,0.0,6963.200577200577,0.0,0.0,15.0,0.0,20.0,224.66233766233765,30.0,483.06060606060606,10.0,0.0,0.0,0.0
979,0.2957668926904591,0.3037928429172465,0.27651347165587653,0.2862413011599414,0.9889444889583969,0.9889416807753982,320.0,341.0,3.4600520833333333,3.782404692082115,0.0,0.0,3.463645833333333,3.7853861192570877,3.629626828038325,1.6,1.6,574.3744,632.85024,136.81239999999985,154.8412999999999,-62.43799999999982,-21.99105999999992,-63540.03692000008,-79312.49087999985,-12.191623600605153,-12.62562917253469,3.62634896621281,-0.011854104360436076,0.0,1.0,1.0,573.4704992435703,586.358547655068,1.0,1.0,1.5158850226928895,1.8263610287443277,0.0,0.8925869894099848,1.113464447806354,0.0,7116.6807866868385,0.0,0.0,15.0,0.0,20.0,217.58093797276854,30.0,482.7836611195159,10.0,0.0,0.0,0.0
980,0.2957622628211887,0.3037476746806582,0.276940663566431,0.28639273731651105,0.9889546058400355,0.9889517921227738,327.0,349.0,3.9088685015290494,3.461700095510984,0.0,0.0,3.9120795107033643,3.4628462273161413,3.680152859960552,1.6,1.6,606.07456,639.4755200000001,66.02199999999993,89.84379999999999,40.052560000000085,49.63172000000009,-63499.984360000075,-79262.85915999985,-12.309961143984221,-12.579308060034805,3.6780078895463464,0.012830006905056727,0.0,1.0,1.0,568.9038461538462,581.6139053254437,1.0,1.0,1.5162721893491125,1.842529704142012,0.0,1.0310650887573964,1.0414201183431953,0.0,6954.198224852071,0.0,0.0,15.0,0.0,20.0,220.68047337278105,30.0,487.83284023668637,10.0,0.0,0.0,0.0
981,0.29525921970581126,0.3036532136955432,0.27853160143343225,0.28822393563032134,0.9889641854686134,0.9889623811025311,378.0,330.0,5.789373897707228,3.656666666666663,0.4626102292768958,0.0,5.357624113475177,3.6578787878787877,4.563125590179415,1.6,1.6,697.0550400000001,608.9123200000001,85.71129999999994,177.56789999999992,111.34374000000014,-68.65557999999979,-63388.64062000008,-79331.51473999985,-12.92264312617702,-12.559822802066105,4.795315442561207,0.03362038715450172,0.0,0.9971751412429378,1.0,555.6016949152543,568.1398305084746,1.0,1.0,1.4661016949152543,1.8445866666666675,0.2469868173258003,1.3121468926553672,1.1638418079096045,0.0,6981.779661016949,13.081920903954803,0.0,13.338983050847459,0.0,19.943502824858758,272.8997175141243,29.915254237288135,488.73022598870057,9.971751412429379,0.0,0.0,1.7372881355932204
982,0.2953716718916306,0.3035440630545977,0.2787104087520757,0.28852210729775307,0.9889741375399741,0.9889730289845289,365.0,313.0,3.140867579908676,3.4034611288604912,0.0,0.0,3.1464383561643836,3.4037806176783816,3.2652409046214355,1.6,1.6,662.27648,566.7004800000001,154.23059999999998,101.90659999999994,8.045880000000011,-35.206119999999856,-63380.59474000008,-79366.72085999986,-11.963070009832842,-12.504995897321024,3.2620943952802413,-0.029055436176272556,0.0,1.0,1.0,572.669616519174,585.2684365781711,1.0,1.0,1.4616519174041298,1.8126503834808272,0.0,1.0117994100294985,0.9056047197640118,0.0,7006.191740412979,0.0,0.0,15.0,0.0,20.0,195.72566371681415,30.0,478.49410029498523,10.0,0.0,0.0,0.0
983,0.2953906868942259,0.3035452837258439,0.2782760105769638,0.2882203705961164,0.9889838949775953,0.988983498520555,337.0,344.0,3.5064787339268073,3.624515503875967,0.0,0.0,3.511473788328388,3.6263081395348835,3.569481155163975,1.6,1.6,614.96352,621.34784,182.61419999999993,55.62379999999997,-67.65067999999991,65.72404000000006,-63448.24542000008,-79300.99681999985,-12.101493098384715,-12.48689797536596,3.566103768967206,-0.010681592911142688,0.0,1.0,1.0,572.6314243759177,585.0954478707782,1.0,1.0,1.5051395007342143,1.8154351835535978,0.0,0.908957415565345,1.2055800293685757,0.0,7085.129221732746,0.0,0.0,15.0,0.0,20.0,213.9662261380323,30.0,479.36270190895743,10.0,0.0,0.0,0.0
984,0.2954233253096393,0.30354095260824576,0.276958150196419,0.28693525683902715,0.9889940570375453,0.9889931160186954,351.0,335.0,3.551756885090216,4.04567164179104,0.0,0.0,3.554463437796772,4.04860696517413,3.7957725947521865,1.6,1.6,640.1280000000002,604.6896,111.29489999999997,115.13829999999993,28.833100000000186,-10.448699999999889,-63419.412320000076,-79311.44551999985,-12.187198250728857,-12.491832788731376,3.792954324586982,0.0012412408529253387,0.0,1.0,1.0,566.862973760933,579.5,1.0,1.0,1.4883381924198251,1.8146029154518946,0.0,1.1705539358600583,0.9839650145772595,0.0,7102.413994169096,0.0,0.0,15.0,0.0,20.0,227.57725947521865,30.0,479.100583090379,10.0,0.0,0.0,0.0
985,0.2953685485505976,0.3034737096420028,0.2772311626056738,0.2870029698525565,0.9890042015049035,0.9890035505500318,317.0,376.0,3.2281282860147233,3.5176861702127664,0.0,0.0,3.232018927444795,3.5196365248226953,3.388071188071188,1.6,1.6,571.88096,683.5369600000001,265.2867,39.41419999999998,-193.40574000000004,144.12276000000014,-63612.81806000008,-79167.32275999985,-12.005776238576233,-12.491855586903267,3.385233285233288,-0.02578688306175992,0.0,1.0,1.0,568.1168831168832,580.3636363636364,1.0,1.0,1.5425685425685425,1.8115698701298693,0.0,0.8398268398268398,1.0620490620490621,0.0,7081.0620490620495,0.0,0.0,15.0,0.0,20.0,203.1139971139971,30.0,478.15007215007216,10.0,0.0,0.0,0.0
986,0.29511029563474084,0.30354193476994507,0.2770153125031605,0.2868884921005665,0.9890139339594838,0.9890133620430804,344.0,341.0,4.444573643410856,3.209677419354837,0.0,0.0,4.445833333333334,3.2123167155425225,3.8317761557177614,1.6,1.6,629.42688,608.0627200000001,73.2375,190.66589999999988,56.189379999999986,-82.60317999999975,-63556.628680000074,-79249.92593999986,-12.153325547445258,-12.37650864345153,3.8298296836982995,-0.0010745497609753558,0.0,1.0,1.0,572.6759124087591,585.2452554744525,1.0,1.0,1.4978102189781022,1.8065541605839404,0.0,1.162043795620438,0.9547445255474453,0.0,7138.78394160584,0.0,0.0,15.0,0.0,20.0,229.78978102189782,30.0,476.5868613138686,10.0,0.0,0.0,0.0
987,0.2951030318329725,0.3035478972304399,0.277643656811662,0.28736048779300727,0.9890232499140962,0.9890231040918868,330.0,346.0,3.5975757575757603,3.547495183044319,0.0,0.0,3.6032828282828278,3.5512524084778425,3.576651873767258,1.6,1.6,600.9372800000001,616.1600000000001,192.20769999999996,115.43749999999993,-91.27041999999986,0.7225000000001529,-63647.899100000075,-79249.20343999985,-12.01327869822486,-12.542539860012232,3.5719428007889547,-0.02114691531792047,0.0,1.0,1.0,579.2085798816568,591.8757396449704,1.0,1.0,1.5118343195266273,1.800439763313611,0.0,1.0710059171597632,0.8609467455621301,0.0,7055.366863905326,0.0,0.0,15.0,0.0,20.0,214.31656804733728,30.0,474.6908284023669,10.0,0.0,0.0,0.0
988,0.29496918708139797,0.3035885718866384,0.27821744373160645,0.2876283464409182,0.9890324333048791,0.9890324604739169,357.0,322.0,4.271802054154997,3.646687370600415,0.0,0.0,4.275723622782446,3.6505175983436855,3.9792341678939613,1.6,1.6,645.1414400000001,598.0064000000001,72.75229999999996,168.35969999999992,72.38914000000014,-70.35329999999982,-63575.509960000076,-79319.55673999985,-12.358349337260671,-12.536195782847699,3.9753559155620986,-0.0013622541366442543,0.0,1.0,1.0,563.6067746686304,576.0073637702503,1.0,1.0,1.4742268041237114,1.8308510162002938,0.0,1.092783505154639,1.0913107511045654,0.0,7116.60530191458,0.0,0.0,15.0,0.0,20.0,238.52135493372606,30.0,484.1855670103093,10.0,0.0,0.0,0.0
989,0.29489228385920735,0.3035262310517912,0.27825416955405174,0.28750839391047567,0.9890420993082297,0.9890423337081677,333.0,357.0,3.394194194194196,3.8359477124182995,0.0,0.0,3.4004504504504505,3.8385154061624647,3.627101449275362,1.6,1.6,596.2528000000001,663.5104,141.18389999999988,49.44429999999996,-44.93109999999979,114.06610000000003,-63620.44106000008,-79205.49063999986,-12.186462801932366,-12.446047530608505,3.6227536231883994,-0.004090989707067433,0.0,1.0,1.0,559.1072463768116,571.7202898550725,1.0,1.0,1.517391304347826,1.825743768115942,0.0,1.0739130434782609,1.1666666666666667,0.0,7053.982608695652,0.0,0.0,15.0,0.0,20.0,217.36521739130436,30.0,482.5927536231884,10.0,0.0,0.0,0.0
990,0.2948332784121837,0.3034120954959594,0.27830852727590827,0.28746656456543196,0.9890506801334888,0.98905167718701,348.0,362.0,3.870641762452106,4.256261510128909,0.0,0.0,3.8717432950191575,4.258057090239411,4.0687089201877935,1.6,1.6,642.5984000000001,674.1632000000001,65.34969999999996,125.57869999999997,77.24870000000013,48.584500000000105,-63543.192360000074,-79156.90613999986,-12.538579342723004,-12.55094607722777,4.067253521126762,0.045322927909711465,0.0,1.0,1.0,559.9676056338028,572.5633802816901,1.0,1.0,1.5098591549295775,1.8545938028169024,0.0,1.2338028169014084,1.0929577464788733,0.0,7088.757746478873,0.0,0.0,15.0,0.0,20.0,244.03521126760563,30.0,491.61267605633805,10.0,0.0,0.0,0.0
991,0.29485869749894206,0.3033764501086579,0.2788595074607921,0.2880540474746881,0.9890608588239016,0.9890609778755922,351.0,336.0,3.5229344729344754,3.3496031746031725,0.0,0.0,3.524121557454891,3.351388888888889,3.4396409509946624,1.6,1.6,649.4787200000001,607.0726400000001,63.875799999999934,232.7883999999999,85.60292000000013,-125.71575999999982,-63457.589440000076,-79282.62189999987,-12.132542649199419,-12.47736032798463,3.4381610868510446,-0.00041560440866379765,0.0,1.0,1.0,560.9286754002911,573.1644832605531,1.0,1.0,1.4890829694323144,1.829041280931586,0.0,1.190684133915575,1.1208151382823872,0.0,7128.62154294032,0.0,0.0,15.0,0.0,20.0,206.28966521106258,30.0,483.62154294032024,10.0,0.0,0.0,0.0
992,0.2949192561831212,0.3032370585672894,0.2782246970705564,0.28742070356179983,0.9890700737511409,0.9890694338961626,350.0,381.0,3.431714285714286,4.6753718285214365,0.0,0.00013123359580052493,3.431714285714286,4.677209098862642,4.080870953032376,1.6,1.6,652.2035200000001,707.07968,57.466999999999935,61.54099999999997,94.73652000000021,145.53868000000008,-63362.85292000008,-79137.08321999987,-12.573145462836301,-12.58459741322244,4.079913360693114,0.036834544193778324,0.0,1.0,1.0,556.2503419972641,568.701778385773,1.0,1.0,1.5212038303693571,1.8594845417236663,6.839945280437756e-05,1.2339261285909713,1.1627906976744187,0.0,7044.1067031463745,0.004103967168262654,0.0,14.995896032831737,0.0,20.0,244.7906976744186,30.0,493.12722298221615,10.0,0.0,0.0,0.0
993,0.2949169707939945,0.30321746749944173,0.27850323252196385,0.2876959332415596,0.9890798443773697,0.9890784063150336,323.0,360.0,3.7112487100103215,3.3638425925925928,0.0,0.0,3.7160474716202274,3.365231481481482,3.5311371400683256,1.6,1.6,587.5801600000001,669.4121600000001,201.24939999999992,163.61759999999998,-113.66923999999983,5.794560000000104,-63476.52216000008,-79131.28865999987,-12.23714241093216,-12.433918453777805,3.52813567593948,0.027932362867777102,0.0,1.0,1.0,575.2342606149341,587.6573938506589,1.0,1.0,1.527086383601757,1.840398711566618,0.0,1.0644216691068813,1.0746705710102489,0.0,7115.325036603221,0.0,0.0,15.0,0.0,20.0,211.68814055636895,30.0,487.1683748169839,10.0,0.0,0.0,0.0
994,0.29485002804503685,0.3032684881338117,0.27845214194444556,0.2874860795763305,0.9890891586393908,0.9890871079333029,334.0,335.0,4.101796407185634,3.1652238805970154,0.0,0.0,4.10249500998004,3.170945273631841,3.6360239162929746,1.6,1.6,617.63552,608.3465600000002,107.45259999999998,141.69439999999986,10.182920000000067,-33.34783999999968,-63466.33924000008,-79164.63649999988,-12.231629895366227,-12.50160832157225,3.6328101644245145,0.005109918791765655,0.0,1.0,1.0,571.1898355754857,583.7982062780269,1.0,1.0,1.500747384155456,1.832559162929748,0.0,1.2167414050822123,1.0418535127055306,0.0,7099.544095665172,0.0,0.0,15.0,0.0,20.0,217.96860986547085,30.0,484.7130044843049,10.0,0.0,0.0,0.0
995,0.2948654877087015,0.30331885272901227,0.27866660233328555,0.2876528426593728,0.9890977606557652,0.989095221030886,345.0,352.0,3.7613043478260857,3.6730587121212106,0.0,0.0,3.764589371980677,3.6753787878787874,3.7195361071257773,1.6,1.6,639.7696000000001,636.0124800000001,118.62939999999995,110.05809999999997,21.140200000000135,25.95438000000013,-63445.19904000008,-79138.68211999988,-12.25210483022478,-12.47647061227163,3.7167384026781463,0.0071257936958083095,0.0,1.0,1.0,572.9713055954089,585.3256814921091,1.0,1.0,1.5050215208034434,1.830390358680056,0.0,1.1549497847919656,1.0258249641319943,0.0,7003.276901004304,0.0,0.0,15.0,0.0,20.0,223.00430416068866,30.0,484.03730272596846,10.0,0.0,0.0,0.0
996,0.2948305918732141,0.30319306660488676,0.2796674250866909,0.28841667070359056,0.9891074131858114,0.989104537540564,337.0,327.0,3.4651335311572695,3.4502038735983676,0.0,0.0,3.4688921859545006,3.452803261977574,3.4609688755020085,1.6,1.6,615.8118400000001,597.8406400000001,148.8114999999999,185.60579999999996,-32.999659999999835,-87.76515999999984,-63478.19870000008,-79226.44727999988,-12.132829919678718,-12.50621169541077,3.457781124497991,-0.01333292997782447,0.0,1.0,1.0,577.039156626506,589.558734939759,1.0,1.0,1.4924698795180722,1.8277898795180736,0.0,1.1129518072289157,0.911144578313253,0.0,7153.170180722892,0.0,0.0,15.0,0.0,20.0,207.46686746987953,30.0,483.230421686747,10.0,0.0,0.0,0.0
997,0.2948158032630959,0.30309386406991223,0.279543638382264,0.28824174722378887,0.989116443841658,0.9891130593176043,345.0,343.0,4.054927536231881,3.890281827016519,0.0,0.0,4.056956521739131,3.891156462585035,3.9742974806201548,1.6,1.6,633.01888,608.9737600000001,105.96279999999994,108.9514999999999,27.056080000000023,0.022260000000187574,-63451.14262000008,-79226.42501999988,-12.202519186046523,-12.411710155178184,3.972843992248065,0.025100600371813452,0.0,1.0,1.0,577.6729651162791,590.4127906976744,1.0,1.0,1.498546511627907,1.8052218604651162,0.0,1.2747093023255813,0.8851744186046512,0.0,7211.918604651163,0.0,0.0,15.0,0.0,20.0,238.3706395348837,30.0,476.18168604651163,10.0,0.0,0.0,0.0
998,0.2948898977140161,0.3030063337309538,0.28011045335959744,0.2887343829447175,0.9891261286411096,0.9891223146281064,333.0,361.0,3.346796796796799,3.9189289012003687,0.0,0.0,3.3484984984984987,3.922760849492151,3.6472142170989432,1.6,1.6,614.91264,651.81728,119.92849999999994,103.86859999999996,-5.0158599999999325,47.948680000000024,-63456.15848000008,-79178.47633999988,-12.192208837656088,-12.367239599544023,3.644404418828049,0.03506652037802336,0.0,1.0,1.0,563.1253602305476,575.6095100864553,1.0,1.0,1.5201729106628241,1.825259250720461,0.0,1.2593659942363113,1.1152737752161384,0.0,7089.152737752162,0.0,0.0,15.0,0.0,20.0,218.664265129683,30.0,482.44524495677234,10.0,0.0,0.0,0.0
999,0.2948945947606447,0.3028749040510476,0.28093691440922014,0.289434419849417,0.9891342165506278,0.9891318359093145,348.0,355.0,4.007040229885056,3.8786384976525836,0.0,0.0,4.008908045977012,3.8808450704225343,3.9442389758179233,1.6,1.6,625.4723200000001,655.3436800000001,92.32499999999993,165.39659999999995,33.14732000000015,-10.052919999999887,-63423.011160000075,-79188.52925999988,-12.291199620673302,-12.507062248620105,3.9422000948316747,0.006462285624225804,0.0,1.0,1.0,577.6088193456615,590.3271692745377,1.0,1.0,1.5049786628733997,1.8219288762446644,0.0,1.054054054054054,1.0640113798008535,0.0,7103.0526315789475,0.0,0.0,15.0,0.0,20.0,236.53200568990042,30.0,481.40256045519203,10.0,0.0,0.0,0.0
