,P1_EXPERIENCE_U,P2_EXPERIENCE_U,P1_WOM_U,P2_WOM_U,P1_MARKETING_U,P2_MARKETING_U,P1_OUT,P2_OUT,P1_ACTUAL_WT,P2_ACTUAL_WT,P1_MATCHING_T,P2_MATCHING_T,P1_PICKUP_T,P2_PICKUP_T,PICKUP_T,P1_fare,P2_fare,P1_revenue,P2_revenue,P1_min_wage_sub,P2_min_wage_sub,P1_profit,P2_profit,P1_remaining_capital,P2_remaining_capital,P_U,PT_U,ACTUAL_WT,U_dif,OUT,mu,wu,nDAYS_HAILED,nDAYS_TRY,P1_INFORMED,P2_INFORMED,platform_id,plat_revenue,MATCHING_T,P1_hate,P2_hate,STARTS_DAY,REQUESTS_RIDE,RECEIVES_OFFER,IS_REJECTED_BY_VEHICLE,ACCEPTS_OFFER,REJECTS_OFFER,ARRIVES_AT_PICKUP,MEETS_DRIVER_AT_PICKUP,DEPARTS_FROM_PICKUP,ARRIVES_AT_DROPOFF,SETS_OFF_FOR_DEST,ARRIVES_AT_DEST,PREFERS_OTHER_SERVICE,LOSES_PATIENCE
0,0.010000000000000163,0.010000000000000163,0.010000000000000163,0.010000000000000163,0.011646476351982286,0.01164647635198227,0.0,0.0,,,,,,,,1.2,1.0,0.0,0.0,0.0,0.0,-500.0,-500.0,49500.0,49500.0,,,,,,,,,,,,,,,,,,,,,,,,,,,,,,
1,0.010003879466605732,0.01001308770044696,0.010000000000000163,0.010000000000000163,0.013450276214370931,0.013559192490806256,14.0,26.0,9.321428571428571,11.832051282051285,0.9238095238095239,4.6782051282051285,9.043589743589743,8.857142857142858,8.92843137254902,1.2,1.0,21.122559999999996,28.405000000000005,124.1941,57.68300000000001,-603.07154,-529.278,48896.92846,48970.722,-20.93758833333333,-12.199782937500855,10.953333333333333,0.15083635146649274,0.0,0.85,1.0,0.85,1.0,0.65,0.525,1.65,1.2381889999999998,3.3641666666666667,2.5,3.5,0.0,6733.725,109.6,0.0,7.425,0.0,17.0,455.35,25.5,463.325,8.5,0.0,0.0,92.25
2,0.010005881241007163,0.010028827825178672,0.010000000000000163,0.010000008396564342,0.015675275447516863,0.0158439127909192,26.0,38.0,12.80320512820513,10.590789473684213,5.007692307692308,3.5241228070175437,11.922549019607843,8.951111111111112,10.025886524822695,1.2,1.0,29.13344,39.913999999999994,54.5188,92.8935,-525.38536,-552.9795,48371.5431,48417.7425,-23.928022916666666,-11.724120482138545,11.489583333333332,0.30843589158575163,0.0,0.734375,1.0,0.765625,1.03125,0.6875,0.6875,1.59375,1.0788662499999997,4.126822916666667,2.34375,2.8125,0.0,6825.984375,84.25,0.0,7.0,0.0,14.6875,441.765625,22.03125,404.53125,7.34375,0.0,0.0,163.359375
3,0.010025274876664774,0.010072826838005505,0.010000000000000163,0.010000060935928102,0.01805602224007494,0.018420807952228557,51.0,60.0,9.80326797385621,9.770833333333334,3.3526143790849674,2.7775000000000003,7.832936507936508,8.069230769230769,7.963652482269504,1.2,1.0,64.17024,71.5722,77.7784,136.0435,-513.60816,-564.4712999999999,47857.93494,47853.2712,-19.111120120120113,-11.844865236987895,9.785735735735734,0.2055335824229125,0.0,0.8468468468468469,1.0,0.9009009009009009,1.09009009009009,0.7027027027027027,0.7387387387387387,1.5405405405405406,1.2229048648648642,3.041741741741742,2.684684684684685,2.6936936936936937,0.0,7214.711711711711,88.31531531531532,0.0,7.405405405405405,0.0,16.936936936936938,404.63963963963965,25.405405405405407,453.18918918918916,8.468468468468469,0.0,0.0,94.1891891891892
4,0.010039290388337679,0.010077611256669401,0.010000032833644083,0.01000012084982273,0.02086534235890073,0.021368286830207892,69.0,56.0,11.156521739130437,12.001785714285713,4.117874396135265,6.375297619047619,9.33974358974359,9.846354166666668,9.532738095238095,1.2,1.0,85.01704000000001,46.79560000000001,94.33859999999999,80.23400000000002,-509.32156,-533.4384,47348.61338,47319.832800000004,-28.128749866666663,-11.998313516072594,11.5352,0.19980372649795064,0.0,0.672,1.0,0.76,1.128,0.752,0.848,1.448,1.05450112,5.1292,3.168,2.384,0.0,8095.728,106.032,0.0,3.752,0.0,13.44,384.36,20.16,385.928,6.72,0.0,0.0,201.72
5,0.010061319330013514,0.01013436547241707,0.010000052471763114,0.010000231525353467,0.02385303770313054,0.024692683209873625,74.0,62.0,10.518918918918919,9.060752688172041,3.8297297297297304,0.3306451612903225,8.391525423728813,8.87322404371585,8.636388888888888,1.2,1.0,97.76408,89.5958,56.0488,216.82150000000001,-458.28472,-627.2257,46890.32866,46692.6071,-18.896812254901967,-12.350447058769952,9.854166666666668,0.1266937038880881,0.0,0.8823529411764706,1.0,0.9779411764705882,1.1397058823529411,0.8235294117647058,0.8088235294117647,1.4558823529411764,1.377646176470588,2.234558823529412,2.8676470588235294,2.926470588235294,0.0,7218.808823529412,61.720588235294116,0.0,8.514705882352942,0.0,17.647058823529413,457.1764705882353,26.470588235294116,515.0661764705883,8.823529411764707,0.0,0.0,72.3529411764706
6,0.010100381586128084,0.010227175760565275,0.010000080766731112,0.010000454832959213,0.02731052399517743,0.02794352525671038,80.0,69.0,8.401666666666667,8.277777777777777,0.43979166666666664,0.8867149758454105,8.063924050632911,7.6116915422885585,7.856392694063927,1.2,1.0,122.57416,89.4924,170.95549999999997,210.31500000000003,-548.3813399999999,-620.8226000000001,46341.94732,46071.7845,-13.016530648769574,-11.358854603740843,8.344295302013421,0.13375424357251195,0.0,0.9798657718120806,1.0,1.1879194630872483,1.261744966442953,0.87248322147651,0.87248322147651,1.4630872483221478,1.4232655033557058,0.6467561521252798,3.879194630872483,1.8389261744966443,0.0,7262.959731543624,26.42281879194631,0.0,11.825503355704697,0.0,19.59731543624161,461.8523489932886,29.395973154362416,517.8187919463087,9.798657718120806,0.0,0.0,12.38255033557047
7,0.010119948938975585,0.010260648313243246,0.010000286194283392,0.010000835486960905,0.03122018359806914,0.03187836193949969,105.0,76.0,10.792698412698416,11.95372807017544,5.761746031746029,4.589912280701755,7.768382352941177,9.649137931034483,8.634126984126983,1.2,1.0,104.66984,83.14700000000002,37.96959999999996,123.1335,-433.29975999999994,-539.9865,45908.64756,45531.798,-27.183300552486205,-11.862354111980599,11.28020257826887,0.1717347297962693,0.0,0.6961325966850829,1.0,0.9171270718232044,1.287292817679558,0.8729281767955801,0.861878453038674,1.419889502762431,1.037662099447514,5.269705340699815,2.9171270718232045,2.265193370165746,0.0,6765.7790055248615,129.3038674033149,0.0,2.9337016574585637,0.0,13.922651933701658,360.62983425414365,20.883977900552487,381.64088397790056,6.961325966850829,0.0,0.0,186.87845303867402
8,0.010130849270411236,0.010346522624145999,0.01000038370304908,0.010001190908680848,0.03554983645122819,0.035975279966718586,83.0,105.0,11.571686746987956,10.389682539682537,6.31566265060241,2.722063492063492,8.553921568627452,8.66057347670251,8.622800925925926,1.2,1.0,87.04416,126.91100000000002,27.23729999999999,200.3045,-440.19313999999997,-573.3935,45468.454419999995,44958.404500000004,-23.317384042553194,-11.749637169556193,10.911524822695032,0.19513922290050842,0.0,0.7659574468085106,1.0,1.0372340425531914,1.372340425531915,0.925531914893617,0.925531914893617,1.5585106382978724,1.1380593617021275,4.308599290780143,2.297872340425532,3.0319148936170213,0.0,7093.404255319149,114.57978723404256,0.0,4.090425531914893,0.0,15.319148936170214,396.1755319148936,22.97872340425532,429.18617021276594,7.659574468085107,0.0,0.0,143.93617021276594
9,0.01020592994584465,0.010387191920817124,0.010000491268849308,0.010001676732085737,0.040068264861954514,0.04052470764749294,100.0,83.0,8.330666666666668,10.853815261044177,1.4836666666666665,4.766867469879518,7.287765957446809,8.019312169312169,7.58131634819533,1.2,1.0,152.78607999999997,97.775,142.03410000000002,73.00249999999998,-489.24802000000005,-475.2275,44979.206399999995,44483.177,-19.782412021857937,-11.992494924189014,9.475045537340618,0.23128995630369942,0.0,0.8579234972677595,1.0,1.1366120218579234,1.4316939890710383,0.9016393442622951,0.9289617486338798,1.453551912568306,1.3691862295081967,2.972768670309654,3.5027322404371586,2.5136612021857925,0.0,6888.562841530054,90.98907103825137,0.0,7.442622950819672,0.0,17.15846994535519,390.1366120218579,25.737704918032787,506.5245901639344,8.579234972677595,0.0,0.0,87.37704918032787
10,0.010264710800074345,0.010446393903790619,0.010000871070323712,0.010002426027113496,0.04521323522386199,0.04606937868345327,97.0,89.0,9.104295532646049,11.353370786516853,0.6293814432989691,3.7436329588014976,8.563194444444443,8.572995780590716,8.567619047619047,1.2,1.0,160.34592,107.92780000000002,197.2359,180.5195,-536.88998,-572.5917,44442.316419999996,43910.585300000006,-16.176291397849454,-11.955374584257152,10.180465949820789,0.2703482374511023,0.0,0.9408602150537635,1.0,1.3709677419354838,1.510752688172043,0.946236559139785,0.9354838709677419,1.478494623655914,1.4423318279569888,2.1195340501792117,3.5053763440860215,2.946236559139785,0.0,7530.274193548387,90.8010752688172,0.0,8.263440860215054,0.0,18.817204301075268,483.6559139784946,28.225806451612904,529.258064516129,9.408602150537634,0.0,0.0,36.37096774193548
11,0.010323306431932057,0.010577386366107803,0.010001409931905693,0.010003156323532995,0.05068942637494165,0.050974163472605895,108.0,100.0,10.051234567901234,8.778166666666664,1.5975308641975312,0.9215000000000002,8.86537216828479,8.361524822695035,8.624957698815567,1.2,1.0,170.33656000000002,131.228,179.36319999999998,300.34599999999995,-509.02663999999993,-669.1179999999999,43933.28978,43241.467300000004,-15.484579487179484,-12.273934214491714,9.439182692307691,0.16062336439518018,0.0,0.9471153846153846,1.0,1.3701923076923077,1.5480769230769231,0.9615384615384616,0.9567307692307693,1.4807692307692308,1.4498296153846155,1.2725160256410257,3.6298076923076925,2.201923076923077,0.0,7534.740384615385,43.82692307692308,0.0,10.25,0.0,18.942307692307693,490.0,28.41346153846154,535.1971153846154,9.471153846153847,0.0,0.0,32.52403846153846
12,0.010363366554778684,0.010665018167699207,0.010001847986528142,0.010003872478416003,0.05631177245755183,0.05661416067998097,106.0,85.0,10.702987421383643,10.91647058823529,3.933490566037736,2.014705882352942,8.343798449612402,9.341358024691358,8.827644710578843,1.2,1.0,136.6196,123.23840000000001,81.84450000000001,207.23549999999997,-445.22490000000005,-583.9970999999999,43488.06488,42657.4702,-20.60167539267015,-12.418631550466868,10.797993019197209,0.17578616592027646,0.0,0.8743455497382199,1.0,1.5235602094240839,1.7539267015706805,0.9685863874345549,0.9685863874345549,1.4450261780104712,1.3605130890052357,3.0795811518324605,3.6596858638743455,2.816753926701571,0.0,7276.293193717277,107.49738219895288,0.0,6.193717277486911,0.0,17.486910994764397,463.1047120418848,26.230366492146597,508.3717277486911,8.743455497382199,0.0,0.0,77.27748691099477
13,0.010456226334908895,0.010720619662989397,0.010002317532868494,0.010004624748098946,0.06259644993887982,0.06283890391453992,105.0,105.0,6.001269841269839,10.386825396825397,0.0044444444444444444,6.020793650793654,5.997301587301588,6.94949494949495,6.364814814814816,1.2,1.0,171.5052,94.42500000000001,248.00019999999995,74.18799999999999,-576.4949999999999,-479.763,42911.569879999995,42177.707200000004,-20.24933809523809,-12.178624268753111,8.194047619047623,0.06556189536705177,0.0,0.8142857142857143,1.0,1.3904761904761904,1.6904761904761905,0.9809523809523809,0.9952380952380953,1.5,1.2663342857142859,3.012619047619049,2.9285714285714284,1.9142857142857144,0.0,7287.814285714286,66.54285714285714,0.0,8.323809523809524,0.0,16.285714285714285,310.8857142857143,24.428571428571427,462.4142857142857,8.142857142857142,0.0,0.0,114.21428571428571
14,0.01053417386646358,0.010901175462620186,0.01000290300437482,0.010005624624681088,0.06854563715634099,0.06878245658046693,89.0,87.0,9.007116104868913,6.9061302681992345,0.47771535580524344,0.0,8.532022471910112,6.906130268199234,7.728314393939394,1.2,1.0,142.41800000000003,128.324,300.54729999999995,398.18750000000006,-658.1293,-769.8635,42253.440579999995,41407.843700000005,-12.789128787878786,-12.445903046152988,7.96856060606061,0.07703533606694407,0.0,1.0,1.0,1.625,1.7556818181818181,0.9886363636363636,1.0,1.4943181818181819,1.5383068181818176,0.2415719696969697,3.0681818181818183,1.5113636363636365,0.0,6878.573863636364,14.494318181818182,0.0,13.539772727272727,0.0,20.0,463.6193181818182,30.0,573.0511363636364,10.0,0.0,0.0,0.0
15,0.010604459793447037,0.011033326118586326,0.010003695633856136,0.010007062977933275,0.07548708702198749,0.07588109668917901,112.0,94.0,9.214434523809524,7.646276595744682,1.7119047619047623,0.7377659574468084,8.004126984126986,7.136263736263737,7.601190476190476,1.2,1.0,177.2496,127.97980000000001,149.849,289.824,-472.5994,-661.8442,41780.841179999996,40745.999500000005,-15.485591262135921,-12.071468032488985,8.498867313915857,0.1729944963433707,0.0,0.9514563106796117,1.0,1.8398058252427185,2.0970873786407767,0.9951456310679612,0.9902912621359223,1.4563106796116505,1.4816961165048546,1.2673948220064726,3.3883495145631066,2.29126213592233,0.0,6884.830097087379,46.189320388349515,0.0,10.597087378640778,0.0,19.02912621359223,433.8883495145631,28.54368932038835,547.4271844660194,9.514563106796116,0.0,0.0,29.854368932038835
16,0.010723190497173855,0.011087459604430784,0.010004703862442144,0.010008851732729387,0.08282448648413973,0.08279131496638856,86.0,84.0,5.538953488372092,10.483730158730156,0.009883720930232558,3.5406746031746033,5.52906976744186,8.453623188405798,6.830967741935485,1.2,1.0,141.38216,105.52820000000001,261.8623,118.88049999999998,-620.48014,-513.3523,41160.361039999996,40232.64720000001,-16.729018431372555,-12.448839702632192,7.982254901960785,0.059356771903322815,0.0,0.9117647058823529,1.0,1.7705882352941176,2.0470588235294116,0.9882352941176471,1.0,1.4941176470588236,1.452413882352942,1.7545098039215685,2.8058823529411763,2.7,0.0,7196.829411764706,51.00588235294118,0.0,10.2,0.0,18.235294117647058,373.66470588235296,27.352941176470587,540.6823529411764,9.117647058823529,0.0,0.0,54.26470588235294
17,0.010825040062604459,0.011156507597933714,0.010005677706879294,0.01001065951744268,0.09013169589738737,0.0901379039891345,108.0,97.0,7.7376543209876525,9.91254295532646,1.824691358024691,3.000687285223369,6.386,8.079116465863454,7.15391621129326,1.2,1.0,157.62952,125.3736,176.57459999999998,130.17649999999998,-518.94508,-504.80289999999997,40641.41596,39727.844300000004,-17.54033430894308,-12.231633221211391,8.766747967479679,0.15643679076723163,0.0,0.8926829268292683,1.0,1.8341463414634147,2.1219512195121952,1.0,0.9902439024390244,1.473170731707317,1.3805030243902443,2.381138211382114,2.8048780487804876,2.2780487804878047,0.0,7255.648780487805,76.86829268292684,0.0,7.970731707317073,0.0,17.853658536585368,383.13658536585365,26.78048780487805,512.2,8.926829268292684,0.0,0.0,66.0
18,0.010917347350064197,0.011230938360315728,0.010006955258738223,0.010012744031917297,0.09781945769012419,0.09834524000022335,88.0,97.0,6.679924242424241,10.650343642611686,0.0,3.1515463917525786,6.68125,8.360727969348657,7.516190476190476,1.2,1.0,144.73935999999998,119.87720000000002,325.82539999999995,152.402,-681.0860399999999,-532.5247999999999,39960.32992,39195.319500000005,-15.458069189189187,-12.3238485874052,8.76171171171171,0.15564736124104073,0.0,0.9459459459459459,1.0,2.0216216216216214,2.264864864864865,0.9891891891891892,0.9945945945945946,1.5243243243243243,1.4303597837837834,1.652432432432433,2.502702702702703,2.735135135135135,0.0,7473.286486486487,65.9027027027027,0.0,9.508108108108107,0.0,18.91891891891892,426.5567567567568,28.37837837837838,528.227027027027,9.45945945945946,0.0,0.0,33.24324324324324
19,0.01102786236799949,0.011370494406272974,0.010008240127847443,0.01001441371900308,0.10568578640776306,0.10706337435481443,83.0,105.0,7.33714859437751,8.236825396825395,0.727710843373494,0.8996825396825398,6.776131687242798,7.552941176470588,7.209107468123863,1.2,1.0,129.60047999999998,144.3212,251.54640000000003,316.8495,-621.9459200000001,-672.5283,39338.384,38522.79120000001,-13.787360283687942,-12.079061246595602,7.839627659574466,0.16362951415071955,0.0,0.973404255319149,1.0,2.2180851063829787,2.398936170212766,0.9946808510638298,0.9946808510638298,1.5585106382978724,1.4570302127659582,0.8237588652482272,2.4680851063829787,2.0638297872340425,0.0,6916.356382978724,33.069148936170215,0.0,11.925531914893616,0.0,19.46808510638298,420.95212765957444,29.20212765957447,544.3989361702128,9.73404255319149,0.0,0.0,16.356382978723403
20,0.01112796669344366,0.011469983202758343,0.010009905181917944,0.010016145469700243,0.11463716598445638,0.11562446222660559,97.0,99.0,9.17164948453608,9.896127946127946,0.9627147766323024,2.8594276094276085,8.470921985815604,7.8273408239700375,8.157923497267758,1.2,1.0,148.51648,128.93540000000002,171.3546,179.7745,-522.83812,-550.8390999999999,38815.54588,37971.95210000001,-15.887260204081638,-12.340474198412222,9.537585034013603,0.14725093436512268,0.0,0.9336734693877551,1.0,2.316326530612245,2.5510204081632653,1.0,1.0,1.5051020408163265,1.4155708163265315,1.9207482993197278,2.989795918367347,2.5969387755102042,0.0,6769.872448979592,74.45408163265306,0.0,8.08673469387755,0.0,18.6734693877551,457.01020408163265,28.010204081632654,524.719387755102,9.33673469387755,0.0,0.0,40.79081632653061
21,0.01118580017082868,0.01170376103763181,0.010011657034912892,0.010018805783385126,0.12368787969201261,0.12438218606998268,99.0,87.0,8.600336700336701,6.431417624521071,1.365151515151515,0.03314176245210728,7.620744680851064,6.40095785440613,7.034438305709024,1.2,1.0,152.76207999999997,123.83639999999997,261.9787999999999,346.31499999999994,-609.2167199999999,-722.4785999999999,38206.32916,37249.47350000001,-13.717110394265221,-12.25235518585164,7.585842293906813,0.07864907410822566,0.0,0.9731182795698925,1.0,2.446236559139785,2.6774193548387095,1.0,0.9946236559139785,1.467741935483871,1.4870886021505367,0.7421146953405017,2.9408602150537635,1.7150537634408602,0.0,7069.010752688172,27.99462365591398,0.0,12.634408602150538,0.0,19.462365591397848,410.6236559139785,29.193548387096776,550.2795698924731,9.731182795698924,0.0,0.0,16.532258064516128
22,0.011274289576407767,0.011896391438053875,0.010013197544713527,0.010021644350642681,0.1328844569665397,0.13349434783590744,76.0,118.0,5.968859649122808,9.846751412429379,0.006578947368421052,2.09364406779661,5.962280701754386,8.168452380952381,7.276595744680851,1.2,1.0,119.35384,161.08460000000002,268.95699999999994,231.3405,-649.6031599999999,-570.2559,37556.726,36679.21760000001,-13.615337800687287,-12.276170733267813,8.327577319587625,0.14606132302061878,0.0,0.9690721649484536,1.0,2.4329896907216493,2.5927835051546393,1.0,1.0,1.6082474226804124,1.4455589690721655,1.2760309278350515,2.1237113402061856,2.9587628865979383,0.0,7216.3917525773195,57.54123711340206,0.0,10.268041237113403,0.0,19.38144329896907,423.0927835051546,29.072164948453608,544.5309278350516,9.690721649484535,0.0,0.0,19.02061855670103
23,0.011363864644249558,0.012214585446322312,0.010015398971788148,0.010023821174052674,0.14262011923451315,0.1426603482741131,110.0,120.0,8.407575757575758,5.875555555555555,2.249393939393939,0.019444444444444445,7.05625,5.856111111111111,6.389506172839506,1.2,1.0,154.65072000000004,169.12400000000002,134.8268,347.39949999999993,-480.17607999999996,-678.2755,37076.549920000005,36000.94210000001,-15.178823768115937,-12.294853158026628,7.086521739130435,0.06221066465239369,0.0,0.9391304347826087,1.0,2.3391304347826085,2.591304347826087,1.0,1.0,1.5217391304347827,1.4077161739130435,1.0859420289855068,2.639130434782609,1.7347826086956522,0.0,7786.004347826087,27.721739130434784,0.0,11.08695652173913,0.0,18.782608695652176,360.03478260869565,28.17391304347826,525.6652173913044,9.391304347826088,0.0,0.0,37.43478260869565
24,0.011380744413434223,0.012494728075207061,0.010017745248816887,0.010026792706620668,0.1522898988278048,0.15228297795020765,102.0,93.0,11.111928104575167,5.267025089605734,3.9094771241830064,0.0,8.642941176470588,5.267562724014337,6.87940074906367,1.2,1.0,139.49824000000004,134.896,76.19760000000002,418.97749999999985,-436.69936,-784.0814999999999,36639.850560000006,35216.86060000001,-17.16525333333334,-12.564480720765706,8.324358974358981,0.045130512230185924,0.0,0.9128205128205128,1.0,2.605128205128205,2.917948717948718,1.0,1.0,1.476923076923077,1.407149948717949,2.0449572649572647,3.2102564102564104,1.6871794871794872,0.0,7604.097435897436,69.08205128205128,0.0,8.923076923076923,0.0,18.256410256410255,376.7641025641026,27.384615384615383,525.9435897435898,9.128205128205128,0.0,0.0,53.61538461538461
25,0.011448238320729203,0.012577693494727394,0.010019512961984,0.010030513046682865,0.1627587360053508,0.16224799433687662,99.0,102.0,9.670370370370371,10.762418300653595,1.044107744107744,4.810947712418302,8.714285714285714,8.43125,8.594411764705882,1.2,1.0,169.78544000000002,100.37,115.99399999999993,135.62699999999998,-446.2085599999999,-535.257,36193.64200000001,34681.60360000001,-20.29966699834163,-12.376381239739201,10.224543946932005,0.15403129920409328,0.0,0.845771144278607,1.0,2.5771144278606966,2.925373134328358,0.9950248756218906,1.0,1.507462686567164,1.3440569154228852,2.955638474295191,3.4527363184079602,2.228855721393035,0.0,7074.955223880597,82.48756218905473,0.0,6.398009950248756,0.0,16.915422885572138,436.13432835820896,25.37313432835821,494.18407960199005,8.457711442786069,0.0,0.0,94.85074626865672
26,0.01154005728996893,0.012718314642945516,0.010021625445570568,0.010034512767035963,0.1725575416050931,0.17182834601851038,109.0,102.0,8.283027522935779,9.810457516339872,0.5692660550458716,0.5872549019607843,7.716360856269114,9.223202614379083,8.44478672985782,1.2,1.0,177.172,147.74319999999994,204.18490000000003,332.98849999999993,-527.0129,-685.2453,35666.629100000006,33996.35830000001,-13.213172195892565,-12.081322662447455,9.021406003159552,0.16580818503748232,0.0,1.0,1.0,2.914691943127962,3.1943127962085307,1.0,1.0,1.4834123222748816,1.5398824644549762,0.5779620853080567,3.265402843601896,2.4454976303317535,0.0,7157.701421800948,34.677725118483416,0.0,11.90047393364929,0.0,20.0,506.60663507109007,30.0,571.5592417061612,10.0,0.0,0.0,0.0
27,0.011682913602594259,0.012892913133891444,0.010024328701582687,0.010039497840168903,0.1831685094196793,0.18231118448378494,95.0,122.0,6.772631578947367,9.621721311475412,0.020526315789473688,1.5874316939890714,6.752105263157895,8.168194444444444,7.5424806201550405,1.2,1.0,161.23951999999997,174.20340000000002,283.0128,259.8635,-621.7732800000001,-585.6601,35044.855820000004,33410.698200000006,-13.428408294930879,-12.09739503303805,8.374423963133644,0.13122065135107758,0.0,0.9907834101382489,1.0,3.0184331797235022,3.225806451612903,1.0,1.0,1.5622119815668203,1.5458199078341015,0.9014592933947775,2.6589861751152073,2.6912442396313363,0.0,7337.129032258064,48.41935483870968,0.0,11.15668202764977,0.0,19.81566820276498,448.3778801843318,29.723502304147466,582.0506912442396,9.90783410138249,0.0,0.0,5.668202764976958
28,0.011766997604413456,0.013016346235372681,0.01002693010146719,0.010043623304721956,0.19361274550090826,0.1925358479628266,106.0,104.0,11.042767295597482,10.14198717948718,3.594654088050315,1.2942307692307689,9.289019607843137,9.110561056105611,9.192114695340502,1.2,1.0,139.50304000000003,141.1262,142.0351,233.25349999999997,-502.53205999999994,-592.1272999999999,34542.32376000001,32818.570900000006,-18.903361587301596,-12.019751065111645,10.59666666666666,0.16667971768012177,0.0,0.8857142857142857,1.0,2.942857142857143,3.238095238095238,1.0,1.0,1.4952380952380953,1.3363297142857136,2.4553968253968264,2.761904761904762,3.052380952380952,0.0,6882.042857142857,77.03809523809524,0.0,7.428571428571429,0.0,17.714285714285715,488.4761904761905,26.571428571428573,497.81904761904764,8.857142857142858,0.0,0.0,70.28571428571429
29,0.011870772485915112,0.01317462015741378,0.01002885755788118,0.010048365986612249,0.2041679097133204,0.20315581235069274,92.0,81.0,6.8326086956521745,7.199382716049384,0.050724637681159424,0.029218106995884768,6.784782608695652,7.170164609053497,6.965221579961465,1.2,1.0,152.95736,118.5062,305.7953,309.09599999999995,-652.83794,-690.5898,33889.48582000001,32127.981100000005,-12.59027630057803,-12.088802250518388,7.004335260115608,0.07238308405498024,0.0,1.0,1.0,3.1560693641618496,3.439306358381503,1.0,1.0,1.4682080924855492,1.5691535260115612,0.040655105973025046,3.3815028901734103,1.6416184971098267,0.0,7560.50289017341,2.439306358381503,0.0,14.468208092485549,0.0,20.0,417.8208092485549,30.0,582.8323699421966,10.0,0.0,0.0,0.0
30,0.01203045269399403,0.013408013174390833,0.010032318657630155,0.010053638089785488,0.2146834271332815,0.21367115861247263,93.0,87.0,8.403225806451612,8.091379310344823,0.8770609318996414,0.2909961685823754,7.607971014492755,7.8003831417624525,7.70148975791434,1.2,1.0,150.66320000000002,117.54220000000001,208.7287,266.75199999999995,-558.0654999999999,-649.2098,33331.42032000001,31478.771300000004,-12.862014444444444,-12.108781916308335,8.252500000000001,0.11412316633733738,0.0,0.9944444444444445,1.0,3.2333333333333334,3.5,1.0,1.0,1.4833333333333334,1.49003,0.5937962962962963,3.011111111111111,1.9555555555555555,0.0,6888.516666666666,32.21111111111111,0.0,11.577777777777778,0.0,19.88888888888889,459.52222222222224,29.833333333333332,547.4944444444444,9.944444444444445,0.0,0.0,3.4166666666666665
31,0.012121172872707591,0.01361108662325899,0.010036340820758452,0.01005882369850485,0.22608892698147173,0.2245629951510623,93.0,108.0,8.571863799283157,9.647839506172838,0.09426523297491038,0.8990740740740745,8.48100358422939,8.998730158730158,8.755555555555556,1.2,1.0,150.75504,148.98200000000003,221.48960000000002,271.53249999999997,-570.73456,-622.5504999999999,32760.68576000001,30856.220800000003,-13.96393631840795,-12.155713318278831,9.150000000000006,0.1313898878399361,0.0,0.9850746268656716,1.0,3.353233830845771,3.6517412935323383,1.0,1.0,1.537313432835821,1.4912290547263687,0.526699834162521,2.756218905472637,2.5522388059701493,0.0,7231.44776119403,22.422885572139304,0.0,12.601990049751244,0.0,19.70149253731343,517.3980099502487,29.55223880597015,555.5671641791045,9.850746268656716,0.0,0.0,9.17910447761194
32,0.012237531616467788,0.013902891297171236,0.010039706819414877,0.010064509086706641,0.23727839604267445,0.23580742057834408,107.0,92.0,7.940965732087228,5.8269927536231885,1.0933021806853584,0.0,6.9780952380952375,5.830253623188406,6.442047377326565,1.2,1.0,165.28104000000002,122.44600000000001,166.65800000000002,402.9455,-501.37696,-780.4994999999999,32259.30880000001,30075.721300000005,-12.377997989949757,-11.560372501761535,6.963651591289783,0.14258589864746676,0.0,0.9899497487437185,1.0,3.4824120603015074,3.758793969849246,1.0,1.0,1.4623115577889447,1.445864522613065,0.58785594639866,3.241206030150754,1.4321608040201006,0.0,7381.587939698493,29.09045226130653,0.0,12.889447236180905,0.0,19.798994974874372,382.54773869346735,29.698492462311556,527.0050251256281,9.899497487437186,0.0,0.0,6.180904522613066
33,0.012389990819936374,0.014117303462575894,0.010043325696395955,0.010071928575830518,0.24830140463356035,0.2469906218743649,105.0,87.0,8.087142857142858,6.2672413793103425,0.5276190476190477,0.0,7.559523809523809,6.267241379310345,6.973958333333334,1.2,1.0,179.06664,116.10340000000002,250.2118,308.2935,-571.14516,-692.1901,31688.16364000001,29383.531200000005,-12.469237152777772,-12.164684523979828,7.2625,0.11275580829994958,0.0,1.0,1.0,3.65625,3.9166666666666665,1.0,1.0,1.453125,1.5373439583333335,0.28854166666666664,3.0572916666666665,1.953125,0.0,7270.3125,17.3125,0.0,13.817708333333334,0.0,20.0,418.4375,30.0,563.2552083333334,10.0,0.0,0.0,0.0
34,0.012468075676544635,0.014337148000980154,0.010046721766054565,0.010077924521718571,0.25988226026718403,0.2584794892978827,94.0,99.0,7.421453900709219,10.025084175084178,0.06613475177304964,1.2387205387205389,7.35531914893617,8.876020408163265,8.131510416666666,1.2,1.0,153.47992,136.86280000000002,313.7276,296.0215,-660.24768,-659.1587,31027.91596000001,28724.372500000005,-13.237742314335064,-12.042196521691867,8.756994818652853,0.14900005468163793,0.0,0.9948186528497409,1.0,3.704663212435233,3.9792746113989637,1.0,1.0,1.5129533678756477,1.5043664248704651,0.6676165803108808,2.8756476683937824,2.284974093264249,0.0,7408.689119170985,36.870466321243526,0.0,12.010362694300518,0.0,19.89637305699482,485.3626943005181,29.844559585492227,557.5958549222798,9.94818652849741,0.0,0.0,3.1865284974093266
35,0.012577308000855842,0.014604485297802627,0.010051723857450045,0.010084272646213798,0.2717878585791889,0.2701081430076621,118.0,103.0,8.65084745762712,8.649838187702262,1.5775423728813558,1.169093851132686,7.386283185840708,7.6288778877887795,7.500778816199378,1.2,1.0,185.11064,149.79020000000003,120.9759,302.1635,-435.86526000000003,-652.3733,30592.05070000001,28071.999200000006,-15.100432880844641,-12.301588474152137,8.650377073906483,0.13060945981389818,0.0,0.9683257918552036,1.0,3.7194570135746607,3.981900452488688,1.0,1.0,1.4660633484162895,1.515388416289594,1.387179487179487,3.497737556561086,2.1357466063348416,0.0,6772.782805429864,63.751131221719454,0.0,9.235294117647058,0.0,19.36651583710407,435.7918552036199,29.04977375565611,563.8190045248869,9.683257918552036,0.0,0.0,19.479638009049772
36,0.012702608541764816,0.014895712434553019,0.010055354178210353,0.010090513723955067,0.28316845016790426,0.28167054218772264,105.0,96.0,8.622698412698416,8.773437499999998,1.200952380952381,0.5489583333333333,7.796,8.399468085106383,8.08840206185567,1.2,1.0,165.33352,134.0102,175.0188,293.24150000000003,-509.68528,-659.2313,30082.36542000001,27412.767900000006,-14.695722388059714,-12.308063535029955,8.694693200663353,0.14446904855741868,0.0,0.9651741293532339,1.0,3.681592039800995,4.0049751243781095,1.0,1.0,1.4776119402985075,1.4892722388059716,0.8895522388059701,3.044776119402985,2.1691542288557213,0.0,7162.706467661692,31.955223880597014,0.0,11.577114427860696,0.0,19.303482587064675,468.30845771144277,28.955223880597014,552.1094527363184,9.651741293532337,0.0,0.0,21.417910447761194
37,0.012917874664573606,0.015144673526348466,0.01005934101873791,0.010095860787037595,0.29449152592009126,0.2931754883515468,100.0,93.0,6.917166666666666,10.52867383512545,0.14766666666666667,1.2962365591397849,6.769499999999999,9.332789855072464,7.9977430555555555,1.2,1.0,158.68936000000002,121.4676,294.42439999999993,281.1425,-635.7350399999999,-659.6749,29446.63038000001,26753.093000000008,-12.780615544041442,-11.846979573016876,8.657426597582033,0.11711471774129528,0.0,0.9948186528497409,1.0,4.0932642487046635,4.341968911917099,1.0,1.0,1.4818652849740932,1.451590466321244,0.7011226252158894,3.0414507772020727,2.2072538860103625,0.0,6979.616580310881,38.880829015544045,0.0,12.139896373056995,0.0,19.89637305699482,477.37823834196894,29.844559585492227,529.6943005181347,9.94818652849741,0.0,0.0,3.1865284974093266
38,0.013045711420082614,0.015394143926871693,0.010065534987976464,0.010104086112265454,0.3057365526854044,0.3045329062137385,101.0,107.0,10.25148514851485,8.453582554517135,2.643069306930693,1.5651090342679128,8.353442028985507,7.297689768976897,7.8009499136442155,1.2,1.0,150.66944000000004,142.98660000000004,103.82329999999996,258.25699999999995,-453.15385999999995,-615.2703999999999,28993.47652000001,26137.822600000007,-16.491877884615384,-12.378177707437347,9.326602564102567,0.09417480448836175,0.0,0.9278846153846154,1.0,4.081730769230769,4.394230769230769,1.0,1.0,1.5144230769230769,1.411807884615385,2.0885416666666674,2.956730769230769,2.1153846153846154,0.0,7011.725961538462,80.96153846153847,0.0,8.177884615384615,0.0,18.557692307692307,434.28365384615387,27.83653846153846,525.5192307692307,9.278846153846153,0.0,0.0,44.35096153846154
39,0.013203902621071491,0.015656625649784213,0.010069470955829872,0.010113271359089099,0.31770895075882694,0.31612252484856807,104.0,96.0,8.259615384615389,7.6776041666666694,0.8155448717948718,0.8440972222222224,7.5928104575163395,7.0589605734767025,7.338205128205129,1.2,1.0,173.07407999999998,127.4368,208.3372,406.89349999999996,-535.2631200000001,-779.4567,28458.21340000001,25358.365900000008,-13.841030666666672,-12.0970549913812,7.980249999999995,0.18886686854695814,0.0,0.975,1.0,4.32,4.57,1.0,1.0,1.48,1.5025544,0.8292499999999999,3.345,1.82,0.0,7003.84,34.38,0.0,11.79,0.0,19.5,429.06,29.25,554.13,9.75,0.0,0.0,15.375
40,0.013358066958261956,0.015889314210759634,0.010073764809217177,0.010121309160329606,0.32919308964621136,0.32745828306522295,105.0,77.0,8.874285714285715,7.556060606060607,0.8185714285714287,0.04090909090909091,8.212135922330098,7.515151515151516,7.913981481481482,1.2,1.0,176.66464000000002,100.2716,208.1267,417.88899999999995,-531.46206,-817.6173999999999,27926.75134000001,24540.74850000001,-13.662520879120878,-12.282821173074153,8.316575091575091,0.07956898373011097,0.0,0.989010989010989,1.0,4.362637362637362,4.686813186813187,1.0,1.0,1.4230769230769231,1.5216276923076926,0.4895604395604396,3.0824175824175826,1.4120879120879122,0.0,6970.252747252747,22.615384615384617,0.0,12.774725274725276,0.0,19.78021978021978,469.6208791208791,29.67032967032967,554.2307692307693,9.89010989010989,0.0,0.0,6.758241758241758
41,0.01361766328276268,0.016105878076492035,0.01007830942179073,0.0101320554587261,0.34082978321959134,0.3385435324247603,103.0,98.0,6.356634304207122,9.7047619047619,0.0,1.2960884353741497,6.35663430420712,8.583854166666667,7.431072026800671,1.2,1.0,171.27688000000006,142.82580000000002,253.0129,215.87799999999993,-581.7360199999999,-573.0521999999999,27345.01532000001,23967.69630000001,-13.44625572139303,-12.704385134005355,7.989054726368159,0.04917646801294023,0.0,0.9900497512437811,1.0,4.422885572139304,4.63681592039801,1.0,1.0,1.4875621890547264,1.562699900497512,0.6319237147595357,2.4527363184079602,2.174129353233831,0.0,6654.81592039801,31.796019900497512,0.0,12.383084577114428,0.0,19.800995024875622,441.4278606965174,29.70149253731343,583.2338308457712,9.900497512437811,0.0,0.0,6.119402985074627
42,0.013782605294753846,0.016456333589376412,0.010084200397316903,0.010140097504513626,0.35267475146004995,0.3497089218793687,119.0,103.0,9.124089635854341,8.37346278317152,0.984873949579832,0.5364077669902912,8.42231884057971,7.992244224422443,8.22121913580247,1.2,1.0,195.13216,146.131,168.4281,317.7115,-473.29594,-671.5805,26871.71938000001,23296.11580000001,-14.295065165165173,-12.33815602081794,8.77582582582583,0.13685630046293737,0.0,0.972972972972973,1.0,4.558558558558558,4.842342342342342,1.0,1.0,1.4639639639639639,1.5372214414414413,0.7768018018018019,2.891891891891892,2.045045045045045,0.0,7384.504504504504,29.986486486486488,0.0,11.91891891891892,0.0,19.45945945945946,479.94144144144144,29.18918918918919,570.8153153153153,9.72972972972973,0.0,0.0,16.62162162162162
43,0.014005242003752735,0.016895695594936783,0.010088881182472196,0.010150080777588347,0.3640212089647394,0.3612056578529651,84.0,99.0,5.6863095238095225,6.58350168350168,0.0,0.3686868686868687,5.686309523809523,6.2785714285714285,6.0052197802197815,1.2,1.0,131.65344000000002,131.3416,349.1468,330.64099999999996,-717.4933599999999,-699.2994,26154.22602000001,22596.81640000001,-11.830738797814206,-11.910057634244286,6.171675774134793,0.005970743735427084,0.0,0.994535519125683,1.0,4.759562841530054,5.005464480874317,1.0,1.0,1.540983606557377,1.4371313661202176,0.1994535519125683,2.1038251366120218,1.6939890710382515,0.0,7526.213114754099,8.60655737704918,0.0,14.262295081967213,0.0,19.89071038251366,358.3333333333333,29.83606557377049,529.6448087431694,9.94535519125683,0.0,0.0,3.360655737704918
44,0.014140852309329849,0.017257680432265176,0.010095282908081041,0.010158036898648326,0.37517461162620175,0.3725443260204498,104.0,95.0,10.193108974358976,7.643508771929823,3.1943910256410244,0.28017543859649124,8.271212121212121,7.363333333333332,7.7999089253187615,1.2,1.0,137.78992,134.58699999999996,79.38869999999997,335.38599999999997,-441.59878,-700.799,25712.62724000001,21896.01740000001,-16.40185226130653,-12.09238699444259,8.97596314907873,0.15457137636966772,0.0,0.9195979899497487,1.0,4.608040201005025,4.959798994974874,1.0,1.0,1.4773869346733668,1.3687282412060304,1.8031825795644882,2.477386934673367,1.7889447236180904,0.0,6517.537688442211,58.743718592964825,0.0,10.025125628140703,0.0,18.391959798994975,430.36683417085425,27.587939698492463,507.81909547738695,9.195979899497488,0.0,0.0,49.447236180904525
45,0.014293620829028748,0.017611454975735897,0.010101689218098097,0.010172955989544223,0.38661760660059646,0.3838964690503112,110.0,94.0,8.627424242424238,7.032624113475175,1.370909090909091,0.6455673758865248,7.532861635220124,6.52590579710145,7.064983164983164,1.2,1.0,179.10639999999998,124.68419999999999,192.93309999999997,291.2185,-513.8267,-666.5343,25198.800540000007,21229.483100000012,-13.97506503267974,-12.134294863330963,7.8925653594771275,0.11004870128883543,0.0,0.9705882352941176,1.0,4.985294117647059,5.28921568627451,1.0,1.0,1.4607843137254901,1.4891696078431371,1.036683006535948,3.127450980392157,1.8235294117647058,0.0,7265.676470588235,44.11274509803921,0.0,11.411764705882353,0.0,19.41176470588235,411.3529411764706,29.11764705882353,547.2156862745098,9.705882352941176,0.0,0.0,18.08823529411765
46,0.014340792797998384,0.017988488983903574,0.010106362918151505,0.01018718718688686,0.3978378490271473,0.3948773634313814,113.0,94.0,10.901622418879061,8.934219858156032,4.328318584070796,0.42801418439716316,7.989605734767024,8.506205673758865,8.249286987522282,1.2,1.0,149.96663999999998,133.505,48.8499,296.1105,-398.88326,-662.6055,24799.91728000001,20566.87760000001,-17.926938164251208,-12.527922331134327,10.00821256038647,0.10181735387572512,0.0,0.9033816425120773,1.0,4.676328502415459,5.096618357487923,1.0,1.0,1.4541062801932367,1.3694282125603867,2.557165861513688,2.8792270531400965,1.7729468599033817,0.0,7117.826086956522,94.00966183574879,0.0,7.222222222222222,0.0,18.067632850241544,447.06280193236717,27.10144927536232,507.94685990338166,9.033816425120772,0.0,0.0,59.42028985507246
47,0.014567000523262702,0.01835011328171646,0.010113092775092541,0.010201490413575449,0.40935390463521576,0.4060011900435153,98.0,102.0,7.2920068027210885,10.174836601307188,0.17857142857142858,1.37140522875817,7.1134353741496605,9.162755102040816,8.138095238095238,1.2,1.0,167.49079999999998,144.5994,214.41359999999997,278.9955,-546.9228,-634.3960999999999,24252.99448000001,19932.48150000001,-14.272838333333327,-12.662528466112569,8.76225,0.15139746274932483,0.0,0.98,1.0,5.195,5.575,1.0,1.0,1.51,1.5604510000000005,0.7869166666666666,2.645,2.175,0.0,7134.1,34.915,0.0,11.53,0.0,19.6,478.52,29.4,584.215,9.8,0.0,0.0,12.3
48,0.01471239232672219,0.018493159172323928,0.010120185750296076,0.010213650501972187,0.4200515742554455,0.4168895595285651,104.0,105.0,9.072115384615387,9.860317460317466,0.8144230769230771,2.527777777777777,8.337864077669904,8.368840579710145,8.352478632478633,1.2,1.0,172.35111999999998,129.08820000000003,222.84210000000002,189.33449999999993,-550.49098,-560.2462999999999,23702.50350000001,19372.23520000001,-16.22498277511962,-12.655240856874501,9.468102073365225,0.10136368799362806,0.0,0.9330143540669856,1.0,5.244019138755981,5.54066985645933,1.0,1.0,1.5023923444976077,1.4422933971291867,1.6751993620414674,2.7464114832535884,1.8468899521531101,0.0,7099.11004784689,59.31578947368421,0.0,8.5933014354067,0.0,18.660287081339714,467.57416267942585,27.99043062200957,532.8708133971292,9.330143540669857,0.0,0.0,41.196172248803826
49,0.014893025470473584,0.01885671120775843,0.010127111590285457,0.010225641301325274,0.43119609661390856,0.42762820015718106,95.0,100.0,7.292105263157896,7.020166666666665,0.2905263157894737,0.39050000000000007,7.0015789473684205,6.767346938775511,6.882642487046632,1.2,1.0,149.11568000000005,135.33599999999998,264.837,384.45349999999996,-615.7213199999999,-749.1175,23086.78218000001,18623.11770000001,-12.535376410256413,-11.990649476634164,7.1526495726495725,0.05030873342125976,0.0,0.9897435897435898,1.0,5.138461538461539,5.456410256410257,1.0,1.0,1.5128205128205128,1.4587265641025648,0.3417948717948717,2.348717948717949,1.9076923076923078,0.0,6951.107692307693,14.2,0.0,13.492307692307692,0.0,19.794871794871796,408.65128205128207,29.692307692307693,537.9897435897436,9.897435897435898,0.0,0.0,6.3076923076923075
50,0.014967504627799774,0.0191416884877195,0.010136056960005416,0.010244803410366795,0.4423884499756993,0.4386770114085668,132.0,107.0,11.011994949494948,9.418224299065418,4.440782828282828,0.9901869158878506,8.340384615384615,8.671153846153846,8.50576923076923,1.2,1.2,174.47312,172.34575999999998,44.78059999999994,229.017,-370.30747999999994,-556.67124,22716.47470000001,18066.44646000001,-20.087061645746147,-12.319649228492294,10.29846582984659,0.22052654687630593,0.0,0.8702928870292888,1.0,5.435146443514644,5.870292887029288,1.0,1.0,1.4476987447698744,1.4511250209205027,2.895955369595536,3.2301255230125525,2.8368200836820083,0.0,7069.933054393306,93.98744769874477,0.0,6.163179916317992,0.0,17.405857740585773,444.1506276150628,26.10878661087866,502.69456066945605,8.702928870292887,0.0,0.0,79.76987447698745
51,0.015253991115010614,0.019370122541872356,0.010142051261023846,0.010257780141705504,0.4528833463482222,0.4495007399870178,98.0,107.0,5.336394557823131,11.14922118380062,0.0,3.6037383177570086,5.338095238095238,8.68136200716846,6.965968586387435,1.2,1.2,155.24432000000002,155.32728,397.3403,95.55199999999998,-742.09598,-440.22472,21974.378720000008,17626.22174000001,-16.437268292682933,-12.063748677332773,8.37040650406504,0.21554494717371012,0.0,0.9317073170731708,1.0,5.351219512195122,5.668292682926829,1.0,1.0,1.5219512195121951,1.5149834146341457,1.880975609756097,2.2829268292682925,2.6682926829268294,0.0,7221.009756097561,70.85853658536585,0.0,9.91219512195122,0.0,18.634146341463413,389.3658536585366,27.951219512195124,522.1317073170732,9.317073170731707,0.0,0.0,42.0
52,0.015422357492054603,0.019704818991719702,0.010149426704207385,0.010271453931622272,0.4630593796666218,0.45975294403966493,109.0,113.0,9.130733944954127,7.517994100294983,1.289908256880734,0.3491150442477876,8.378921568627451,7.232886904761904,7.779127725856697,1.2,1.2,166.46616,173.62672,239.91809999999998,266.7537,-573.4519399999999,-593.12698,21400.92678000001,17033.09476000001,-14.653904504504503,-11.77736549965763,8.309834834834835,0.20252567338780114,0.0,0.963963963963964,1.0,5.292792792792793,5.635135135135135,1.0,1.0,1.509009009009009,1.5319499099099092,0.8110360360360361,3.0045045045045047,2.3513513513513513,0.0,7505.954954954955,26.5,0.0,11.207207207207206,0.0,19.27927927927928,449.92792792792795,28.91891891891892,525.4144144144144,9.63963963963964,0.0,0.0,22.16216216216216
53,0.015639826555111345,0.019946141989428578,0.010157772254864753,0.010293966067094923,0.47306996743686447,0.47050179614259996,97.0,109.0,6.821821305841922,6.687614678899082,0.0,0.6183486238532111,6.82508591065292,6.182710280373832,6.488153594771242,1.2,1.2,156.81112,173.75960000000003,298.6212,187.92260000000002,-641.81008,-514.163,20759.11670000001,16518.93176000001,-12.997856957928795,-11.887449481864966,6.750809061488676,0.13133014804188345,0.0,0.9902912621359223,1.0,5.5,5.854368932038835,1.0,1.0,1.529126213592233,1.6047122330097081,0.32718446601941753,2.7135922330097086,2.6019417475728157,0.0,7373.4320388349515,13.660194174757281,0.0,13.893203883495145,0.0,19.805825242718445,385.41747572815535,29.70873786407767,552.6553398058253,9.902912621359222,0.0,0.0,5.970873786407767
54,0.015901706012868586,0.020207098739997254,0.010164879130362743,0.010306671999861737,0.4829308245933116,0.48062878833133726,102.0,92.0,7.081699346405233,7.259601449275363,0.19852941176470587,0.07355072463768116,6.883169934640523,7.186050724637681,7.026804123711341,1.2,1.2,165.13680000000002,146.6132,220.9949,214.8839,-555.8581,-568.2707,20203.25860000001,15950.66106000001,-12.742663230240552,-12.13016404881706,7.1660652920962224,0.1321196256995961,0.0,1.0,1.0,5.680412371134021,5.963917525773196,1.0,1.0,1.4742268041237114,1.6069587628865973,0.13926116838487976,2.8092783505154637,2.2216494845360826,0.0,6794.721649484536,8.355670103092784,0.0,13.907216494845361,0.0,20.0,421.6082474226804,30.0,552.4329896907217,10.0,0.0,0.0,0.0
55,0.01606762120966106,0.020427476513857287,0.010173795556366839,0.010319729408233546,0.4929511552039123,0.49032873120225273,94.0,110.0,6.53971631205674,10.24484848484848,0.009397163120567376,1.4451515151515157,6.5303191489361705,8.962654320987655,7.830775577557757,1.2,1.2,157.99336000000002,187.77912000000003,231.1613,134.5318,-573.1679399999999,-446.75267999999994,19630.09066000001,15503.90838000001,-14.36860522875817,-12.445973343029909,8.537581699346399,0.16572422511133156,0.0,0.9901960784313726,1.0,5.916666666666667,6.284313725490196,1.0,1.0,1.5392156862745099,1.6949631372549014,0.7835784313725492,2.519607843137255,3.3872549019607843,0.0,7017.990196078431,40.98529411764706,0.0,11.455882352941176,0.0,19.80392156862745,465.2401960784314,29.705882352941178,590.2647058823529,9.901960784313726,0.0,0.0,6.029411764705882
56,0.016302356160879453,0.020912748405972167,0.010181565364380803,0.01033808947638816,0.5021396027210021,0.49998589248170827,90.0,107.0,7.170370370370371,8.287071651090343,0.8148148148148149,0.5018691588785047,6.578352490421456,7.788006230529595,7.245532646048109,1.2,1.2,135.36336000000003,174.25496,236.3165,269.825,-600.95314,-595.5700400000001,19029.137520000007,14908.33834000001,-13.465464636209816,-12.060918079623793,7.776903553299489,0.13485707159944607,0.0,0.9847715736040609,1.0,5.959390862944162,6.208121827411167,1.0,1.0,1.5431472081218274,1.5716665989847718,0.6448392554991539,2.081218274111675,2.8426395939086295,0.0,7294.964467005077,29.3248730964467,0.0,11.893401015228426,0.0,19.695431472081218,427.9238578680203,29.543147208121827,539.5177664974619,9.847715736040609,0.0,0.0,9.365482233502538
57,0.01651042513073532,0.021130433455255428,0.010192702782961482,0.010358995207729671,0.5120824370653684,0.5093950697509892,93.0,107.0,7.73279569892473,8.524454828660435,0.16541218637992833,0.5982866043613706,7.570609318996415,8.001572327044025,7.800167504187604,1.2,1.2,148.36944,167.49664,215.81150000000002,292.2928,-567.4420600000001,-624.79616,18461.695460000006,14283.54218000001,-13.354808666666665,-11.884343477603052,8.156333333333329,0.15416700899848715,0.0,0.995,1.0,6.105,6.375,1.0,1.0,1.535,1.5793303999999997,0.397,2.33,2.75,0.0,7486.21,20.745,0.0,12.59,0.0,19.9,465.56,29.85,541.585,9.95,0.0,0.0,3.075
58,0.016867960388666073,0.021263499050185417,0.010201664106490623,0.010377353612214467,0.520927298942792,0.5187422882486847,108.0,108.0,9.203858024691359,10.365895061728397,1.1620370370370368,2.2756172839506172,8.193553459119498,9.197368421052632,8.667993366500827,1.2,1.2,179.23600000000008,158.55344,145.4831,153.0027,-466.24709999999993,-494.44926,17995.448360000006,13789.09292000001,-17.853558024691367,-12.49671399925942,9.784876543209872,0.2777688012807232,0.0,0.9305555555555556,1.0,6.375,6.814814814814815,1.0,1.0,1.5,1.5638399999999988,1.7188271604938268,2.888888888888889,2.7916666666666665,0.0,6994.861111111111,60.4212962962963,0.0,9.921296296296296,0.0,18.61111111111111,483.962962962963,27.916666666666668,542.6018518518518,9.305555555555555,0.0,0.0,42.708333333333336
59,0.016971396340719765,0.021378756851535462,0.010211639090334767,0.010396110364813227,0.5306815206408441,0.528088348115105,132.0,94.0,10.20782828282828,9.694503546099291,0.9960858585858587,2.125,9.425968992248063,8.370980392156863,9.006931464174455,1.2,1.2,209.62511999999998,140.25952000000004,216.2653,128.0865,-506.64018,-487.82697999999993,17488.808180000007,13301.26594000001,-16.702284955752212,-12.25100699605272,9.994321533923301,0.31836088430109766,0.0,0.9469026548672567,1.0,6.420353982300885,6.765486725663717,1.0,1.0,1.415929203539823,1.5481621238938055,1.4656342182890847,3.234513274336283,1.845132743362832,0.0,7143.973451327433,55.283185840707965,0.0,8.827433628318584,0.0,18.938053097345133,511.7212389380531,28.4070796460177,534.1460176991151,9.469026548672566,0.0,0.0,32.65486725663717
60,0.017501061587651787,0.02181606412608676,0.010226312946086023,0.010415454076829969,0.5399667378669313,0.5367448245506893,94.0,102.0,6.079787234042555,9.077941176470588,0.0,1.5433006535947715,6.079787234042553,7.842176870748299,6.979340277777777,1.2,1.2,150.81112,162.71144,361.2804,181.6338,-710.46928,-518.92236,16778.338900000006,12782.34358000001,-13.971310204081632,-12.581156175459759,7.6400510204081575,0.1487410692226812,0.0,0.9795918367346939,1.0,6.454081632653061,6.903061224489796,1.0,1.0,1.5204081632653061,1.5996048979591846,0.8031462585034015,2.056122448979592,2.392857142857143,0.0,7111.34693877551,35.63775510204081,0.0,12.928571428571429,0.0,19.591836734693878,410.2142857142857,29.387755102040817,551.7755102040817,9.795918367346939,0.0,0.0,12.551020408163266
61,0.017821917937061636,0.022352934878874492,0.010240903782524702,0.010438479150985416,0.5493744910547368,0.5460116616034261,102.0,101.0,8.18643790849673,8.068646864686468,0.6055555555555555,0.7546204620462048,7.580882352941177,7.537925170068028,7.559833333333333,1.2,1.2,163.86216000000005,153.63440000000003,177.79739999999995,204.04899999999998,-513.9352399999999,-550.4146,16264.403660000005,12231.92898000001,-13.522592446633821,-12.120474678022749,8.12783251231527,0.14375872040723603,0.0,0.9852216748768473,1.0,6.438423645320197,6.783251231527093,1.0,1.0,1.4975369458128078,1.5640224630541857,0.679720853858785,2.960591133004926,2.3891625615763545,0.0,7153.753694581281,31.694581280788178,0.0,12.16256157635468,0.0,19.704433497536947,446.88669950738915,29.55665024630542,536.2857142857143,9.852216748768473,0.0,0.0,9.088669950738916
62,0.018322480957427646,0.022751166946399465,0.01025710267977837,0.010458116154584548,0.5584294810233905,0.5551812655116567,103.0,97.0,8.958252427184462,5.9898625429553265,1.0310679611650486,0.050515463917525774,8.004901960784315,5.9393470790378,6.9980737018425465,1.2,1.2,169.57176,153.30664,167.37980000000002,238.49260000000004,-497.80804,-585.18596,15766.595620000006,11646.743020000009,-13.24236466666668,-12.301998623171285,7.518583333333334,0.09014306067844205,0.0,0.995,1.0,6.66,7.02,1.0,1.0,1.485,1.6143919999999985,0.5555,3.12,1.83,0.0,6962.55,30.255,0.0,12.44,0.0,19.9,417.785,29.85,556.155,9.95,0.0,0.0,3.075
63,0.018699155543068932,0.023449072951820478,0.010269657585845969,0.010475093137981468,0.5669817836438745,0.5638475855163119,97.0,94.0,6.056872852233678,5.945567375886523,0.0,0.030141843971631208,6.056872852233677,5.915425531914893,5.987260034904015,1.2,1.2,150.37288,146.61808000000002,248.86460000000002,256.16659999999996,-598.49172,-609.5485199999999,15168.103900000006,11037.194500000009,-11.944719720767889,-12.086868421655382,6.0020942408377,0.0494410764223773,0.0,1.0,1.0,6.87434554973822,7.2460732984293195,1.0,1.0,1.4921465968586387,1.5549264921465966,0.014834205933682374,2.4712041884816753,2.031413612565445,0.0,7093.989528795812,0.8900523560209425,0.0,14.764397905759163,0.0,20.0,359.23560209424085,30.0,530.7748691099476,10.0,0.0,0.0,0.0
64,0.019140017539509065,0.023511132400242305,0.010282156009862155,0.010498997144387987,0.5769510352402497,0.5721501386540834,97.0,119.0,7.73109965635739,10.411904761904765,1.4080756013745706,2.7392156862745094,6.814814814814816,8.779647435897436,7.868127147766323,1.2,1.2,149.53104000000002,162.82784000000004,257.2827,143.6752,-607.7516599999999,-480.84736,14560.352240000006,10556.347140000009,-18.49896790123457,-12.407092230910857,9.208024691358029,0.12876142548385186,0.0,0.8981481481481481,1.0,7.0,7.472222222222222,1.0,1.0,1.5509259259259258,1.4461059259259255,2.1414351851851845,2.1712962962962963,2.375,0.0,7440.625,65.84722222222223,0.0,8.976851851851851,0.0,17.962962962962962,423.9953703703704,26.944444444444443,497.3425925925926,8.981481481481481,0.0,0.0,62.638888888888886
65,0.019370459998215007,0.023875384286663397,0.010296662559301627,0.010528400796190709,0.5853305425247343,0.5805444541038901,93.0,117.0,10.768458781362003,7.7182336182336195,1.9643369175627243,0.4905982905982906,9.632745098039216,7.353333333333334,8.322083333333333,1.2,1.2,148.33935999999997,188.38432000000003,120.28249999999998,170.01010000000002,-471.94314,-481.62578,14088.409100000006,10074.721360000009,-16.555910476190476,-12.638654348118415,9.06904761904762,0.12967377716699638,0.0,0.9523809523809523,1.0,6.923809523809524,7.280952380952381,1.0,1.0,1.5571428571428572,1.603446095238095,1.1432539682539682,2.757142857142857,2.2714285714285714,0.0,7477.780952380952,39.30952380952381,0.0,11.128571428571428,0.0,19.047619047619047,475.54761904761904,28.571428571428573,556.5190476190476,9.523809523809524,0.0,0.0,29.285714285714285
66,0.019681309406431487,0.02461425042101047,0.010309497153519422,0.010553733653970698,0.5935923592808061,0.5886823437544997,110.0,111.0,8.56333333333333,6.836486486486485,0.9653030303030303,0.13258258258258257,7.811059190031153,6.703903903903905,7.2473241590214075,1.2,1.2,160.53128000000007,182.89656,195.59990000000002,287.2948,-535.06862,-604.39824,13553.340480000006,9470.323120000008,-13.592477828054294,-12.356597614078796,7.696003016591256,0.10128760067804618,0.0,0.9864253393665159,1.0,7.633484162895928,8.027149321266968,1.0,1.0,1.502262443438914,1.5539721266968334,0.5470588235294117,2.0316742081447963,2.167420814479638,0.0,7122.434389140271,24.475113122171944,0.0,12.963800904977376,0.0,19.728506787330318,428.9366515837104,29.592760180995477,531.9819004524887,9.864253393665159,0.0,0.0,8.34841628959276
67,0.020177229063688844,0.02511756535885137,0.010324449962510458,0.010572956133959843,0.6012350289475774,0.596845136071498,115.0,107.0,8.713768115942026,6.995171339563865,1.4155072463768112,0.6015576323987538,7.63,6.453930817610062,7.052854938271604,1.2,1.2,180.34159999999997,164.82136000000003,251.88449999999995,218.0657,-571.5428999999999,-553.24434,12981.797580000006,8917.078780000009,-13.982383183183183,-12.25683971786055,7.885435435435437,0.10942712152652423,0.0,0.972972972972973,1.0,7.351351351351352,7.72972972972973,1.0,1.0,1.481981981981982,1.5547881081081092,1.023198198198198,3.0135135135135136,2.0405405405405403,0.0,6572.477477477478,44.770270270270274,0.0,10.815315315315315,0.0,19.45945945945946,411.73423423423424,29.18918918918919,533.8423423423424,9.72972972972973,0.0,0.0,16.62162162162162
68,0.02063956717087179,0.025817054835350736,0.010336669752275728,0.010595065757653347,0.608791054310195,0.605500762928514,109.0,90.0,7.812385321100914,6.355185185185187,0.4250764525993883,0.0,7.390061162079512,6.355185185185186,6.922026800670015,1.2,1.2,175.13776000000001,141.70752000000002,204.8494,331.8379,-529.71164,-690.13038,12452.085940000006,8226.948400000008,-12.643248241206033,-12.221803276145371,7.153350083752089,0.15639019780837077,0.0,1.0,1.0,7.78391959798995,8.115577889447236,1.0,1.0,1.4522613065326633,1.5921873366834174,0.23283082077051923,2.869346733668342,1.8341708542713568,0.0,6910.381909547738,13.969849246231156,0.0,13.638190954773869,0.0,20.0,415.23115577889445,30.0,546.2914572864322,10.0,0.0,0.0,0.0
69,0.021265960361521646,0.026263352092504178,0.010351071528931067,0.01061622742815305,0.6164730486606,0.6137103175903863,110.0,108.0,6.73969696969697,9.001543209876544,0.0053030303030303025,1.0064814814814815,6.734393939393939,8.069781931464174,7.392857142857144,1.2,1.2,164.66552,164.79536000000004,283.4345,187.1357,-618.76898,-522.34034,11833.316960000006,7704.608060000009,-12.802143119266058,-12.02239645898338,7.8602446483180435,0.2060301446341695,0.0,0.9954128440366973,1.0,7.922018348623853,8.23394495412844,1.0,1.0,1.4954128440366972,1.5112884403669729,0.5012996941896025,2.1055045871559632,2.4128440366972477,0.0,6962.587155963302,27.256880733944953,0.0,12.119266055045872,0.0,19.908256880733944,441.5366972477064,29.862385321100916,513.1330275229358,9.954128440366972,0.0,0.0,2.8211009174311927
70,0.02171222755987537,0.026951373093479062,0.010369789762046878,0.010646516427649076,0.6246078672041077,0.6217830700961164,91.0,110.0,7.161904761904762,7.701515151515153,0.31813186813186817,0.9771212121212123,6.843772893772893,7.044603174603174,6.951360544217688,1.2,1.2,151.07344,171.01128000000003,311.43850000000003,265.92229999999995,-660.3650600000001,-594.9110199999999,11172.951900000005,7109.697040000009,-14.14394096185739,-12.391291040981912,7.45721393034826,0.10543391611917564,0.0,0.9751243781094527,1.0,8.164179104477611,8.522388059701493,1.0,1.0,1.5472636815920398,1.6024115422885572,0.6787728026533997,2.1641791044776117,2.0646766169154227,0.0,7499.940298507463,25.427860696517413,0.0,12.985074626865671,0.0,19.502487562189053,406.70646766169153,29.253731343283583,553.4925373134329,9.751243781094526,0.0,0.0,15.298507462686567
71,0.022031826721979127,0.027278408057697066,0.010387735001831199,0.010671824418149558,0.6318410204609756,0.6293246777959215,118.0,100.0,9.696186440677966,8.602166666666665,1.932344632768362,1.4276666666666669,8.253453453453453,7.7145161290322575,8.007761437908497,1.2,1.2,178.13592,154.21511999999998,154.41669999999996,200.53049999999996,-476.28077999999994,-546.31538,10696.671120000006,6563.381660000009,-16.388964525993885,-12.315029044461529,9.194342507645253,0.15577993410263924,0.0,0.9357798165137615,1.0,8.009174311926605,8.426605504587156,1.0,1.0,1.4587155963302751,1.524546055045872,1.7008409785932712,2.770642201834862,1.9128440366972477,0.0,6997.793577981652,62.555045871559635,0.0,9.339449541284404,0.0,18.71559633027523,449.61009174311926,28.073394495412845,525.6559633027523,9.357798165137615,0.0,0.0,39.4954128440367
72,0.022594796036536628,0.027665846858421387,0.010405066700133095,0.010690102971528151,0.6392740199228613,0.636929184327233,118.0,112.0,8.075847457627118,8.05610119047619,0.19364406779661017,0.7837797619047617,7.882203389830508,7.541666666666667,7.719469026548673,1.2,1.2,183.11008,173.86176,312.5399,210.27049999999997,-629.42982,-536.40874,10067.241300000007,6026.972920000009,-13.579696231884046,-12.098613488921327,8.066231884057968,0.13155792037348277,0.0,0.9826086956521739,1.0,8.273913043478261,8.68695652173913,1.0,1.0,1.4869565217391305,1.5520514782608705,0.4810144927536229,2.408695652173913,2.0478260869565217,0.0,6693.430434782608,18.16521739130435,0.0,12.534782608695652,0.0,19.652173913043477,455.11304347826086,29.47826086956522,531.6347826086957,9.826086956521738,0.0,0.0,10.695652173913043
73,0.023177200322883486,0.028255868567938006,0.010425510038332217,0.010718620990264867,0.646147139470697,0.6444536312736394,106.0,114.0,6.74811320754717,8.471783625730994,0.22672955974842765,0.27836257309941526,6.521383647798743,8.19342105263158,7.387803030303031,1.2,1.2,175.87312,184.40520000000004,301.61430000000007,252.85560000000004,-625.7411800000001,-568.4504,9441.500120000006,5458.5225200000095,-13.12884060606062,-12.587270560438053,7.641287878787882,0.08963076513066706,0.0,1.0,1.0,8.481818181818182,8.809090909090909,1.0,1.0,1.518181818181818,1.6376287272727272,0.25348484848484854,2.577272727272727,2.1863636363636365,0.0,7242.604545454546,15.209090909090909,0.0,13.709090909090909,0.0,20.0,443.2681818181818,30.0,565.2545454545455,10.0,0.0,0.0,0.0
74,0.02381844388880908,0.028748164000915594,0.010438582923452447,0.010746565898671583,0.6532652446138641,0.6512477372770851,109.0,113.0,8.678134556574925,7.381563421828906,0.5467889908256881,0.4457227138643068,8.206635802469135,6.997767857142857,7.591212121212122,1.2,1.2,178.41504000000003,175.57792,265.19559999999996,257.0314,-586.7805599999999,-581.45348,8854.719560000007,4877.069040000009,-13.529963963963972,-12.305238168192055,8.018168168168167,0.13138121006847248,0.0,0.990990990990991,1.0,8.621621621621621,9.022522522522523,1.0,1.0,1.509009009009009,1.5945628828828828,0.4953453453453453,2.563063063063063,2.4324324324324325,0.0,7408.301801801802,24.18018018018018,0.0,12.788288288288289,0.0,19.81981981981982,451.3693693693694,29.72972972972973,548.3333333333334,9.90990990990991,0.0,0.0,5.54054054054054
75,0.024338245174074777,0.029408681157567472,0.010462549688075988,0.010792315425311352,0.6599391204815304,0.6585804345176255,127.0,93.0,7.984514435695536,7.457706093189965,1.5568241469816273,0.0,6.64119241192412,7.457706093189964,6.992746913580247,1.2,1.2,193.94496,154.55952000000002,204.50160000000005,311.1611,-510.55664,-656.60158,8344.162920000006,4220.467460000009,-14.178644242424244,-12.49239862776697,7.761818181818182,0.11772296120861366,0.0,0.9818181818181818,1.0,8.577272727272728,8.95,1.0,1.0,1.4227272727272726,1.5841112727272733,0.8987121212121212,2.9136363636363636,1.9090909090909092,0.0,7176.418181818181,42.74090909090909,0.0,11.354545454545455,0.0,19.636363636363637,411.78636363636366,29.454545454545453,545.0590909090909,9.818181818181818,0.0,0.0,11.181818181818182
76,0.02489188107888653,0.029859393363567147,0.010484517178411486,0.010834049896723019,0.6665264885169564,0.6656536834146215,118.0,105.0,7.2440677966101665,8.432222222222222,0.006355932203389832,1.7617460317460318,7.23771186440678,7.298958333333333,7.265186915887851,1.2,1.2,193.28752,149.73072,328.65680000000003,152.84840000000005,-635.3692800000001,-503.11768000000006,7708.793640000006,3717.3497800000086,-14.808896263079218,-12.258201142191911,7.803512705530644,0.1042882717146504,0.0,0.9596412556053812,1.0,8.753363228699552,9.112107623318385,1.0,1.0,1.4708520179372198,1.538198385650224,0.8328849028400599,2.663677130044843,2.2600896860986546,0.0,7039.502242152466,25.152466367713004,0.0,12.282511210762332,0.0,19.192825112107624,418.23766816143495,28.789237668161434,528.5336322869955,9.596412556053812,0.0,0.0,24.820627802690584
77,0.025316583138078348,0.030409339118847228,0.010504156935376966,0.010869828301499964,0.6730515508156234,0.6721367668121208,102.0,111.0,7.008006535947712,7.385435435435432,0.0119281045751634,0.42132132132132133,6.996078431372549,6.96966966966967,6.982316118935837,1.2,1.2,169.00823999999997,177.04800000000006,268.82039999999995,251.45800000000003,-599.81216,-574.41,7108.981480000006,3142.939780000009,-12.871398435054772,-12.424741840853693,7.204694835680752,0.06333430549362738,0.0,1.0,1.0,9.309859154929578,9.661971830985916,1.0,1.0,1.5211267605633803,1.6246771830985927,0.22527386541471045,2.323943661971831,2.5774647887323945,0.0,6893.816901408451,13.51643192488263,0.0,13.788732394366198,0.0,20.0,418.76525821596243,30.0,559.8403755868544,10.0,0.0,0.0,0.0
78,0.025849094690301534,0.031116335007451052,0.01053133846930875,0.01089872144638786,0.6791828790434308,0.6782782544245404,115.0,103.0,9.201304347826083,7.902750809061486,1.5331884057971017,0.21812297734627836,8.090214067278287,7.68462783171521,7.893160377358489,1.2,1.2,179.92192000000003,171.43528000000003,202.1679,273.0476,-522.24598,-601.61232,6586.735500000006,2541.3274600000086,-14.725948012232418,-12.558622715374433,8.587767584097861,0.2059315813194094,0.0,0.9724770642201835,1.0,9.357798165137615,9.76605504587156,1.0,1.0,1.4724770642201834,1.6117302752293592,0.9118501529051988,2.738532110091743,2.2339449541284404,0.0,7019.018348623853,37.78440366972477,0.0,11.495412844036696,0.0,19.44954128440367,460.5550458715596,29.174311926605505,557.6605504587156,9.724770642201834,0.0,0.0,16.926605504587155
79,0.026437413000553633,0.03153784054309931,0.01055727471650315,0.010934899828383794,0.685616924660313,0.6846903910941682,123.0,109.0,7.062872628726288,8.994036697247704,0.46246612466124654,0.791743119266055,6.654508196721311,8.355607476635514,7.449344978165938,1.2,1.2,198.77768000000003,181.50872000000004,189.71769999999998,199.85750000000002,-490.94001999999995,-518.34878,6095.795480000006,2022.9786800000086,-13.901890804597697,-12.517830378516395,7.970186781609195,0.17195811742041756,0.0,0.9870689655172413,1.0,9.28448275862069,9.75,1.0,1.0,1.4698275862068966,1.639165517241379,0.6171695402298852,2.6724137931034484,2.185344827586207,0.0,7069.275862068966,29.07758620689655,0.0,12.206896551724139,0.0,19.74137931034483,441.1810344827586,29.612068965517242,567.4051724137931,9.870689655172415,0.0,0.0,7.952586206896552
80,0.0270463962877552,0.03226234328000673,0.010579926049891,0.010962279809381838,0.6916169304414205,0.6909437400393726,103.0,119.0,6.076051779935275,7.794117647058825,0.03203883495145631,0.09733893557422969,6.047087378640776,7.696778711484593,6.931381381381381,1.2,1.2,164.84703999999996,194.69432000000003,324.85130000000004,218.29399999999993,-660.00426,-523.5996799999998,5435.791220000006,1499.3790000000088,-12.755541141141146,-12.786512980971848,6.996996996996996,0.04827997103688846,0.0,1.0,1.0,9.324324324324325,9.734234234234235,1.0,1.0,1.5360360360360361,1.6195556756756762,0.06704204204204205,1.8873873873873874,2.027027027027027,0.0,7040.189189189189,4.0225225225225225,0.0,14.225225225225225,0.0,20.0,415.7972972972973,30.0,557.6891891891892,10.0,0.0,0.0,0.0
81,0.027674224984275318,0.03286297282592474,0.0106192609267278,0.011024533687349411,0.6973781209578105,0.696858181413858,106.0,118.0,7.505503144654086,7.071751412429378,0.4281446540880503,0.10677966101694916,7.077358490566037,6.96906779661017,7.0203125,1.2,1.2,160.8772,196.5964,239.64350000000002,256.5038,-578.7663,-559.9074,4857.024920000006,939.4716000000087,-12.71619642857143,-12.316968018391478,7.277008928571432,0.12169826012617325,0.0,1.0,1.0,9.830357142857142,10.245535714285714,1.0,1.0,1.5267857142857142,1.595864285714285,0.25885416666666666,2.4598214285714284,2.267857142857143,0.0,6899.982142857143,15.53125,0.0,13.723214285714286,0.0,20.0,421.0892857142857,30.0,547.8214285714286,10.0,0.0,0.0,0.0
82,0.028382091902982833,0.033490272844106855,0.010645959624028917,0.011056177113474949,0.7032798757877673,0.7021239908558865,122.0,93.0,9.244125683060112,5.726702508960574,1.5274590163934425,0.0,7.980508474576272,5.729928315412186,6.9885466034755135,1.2,1.2,185.63848,144.38447999999997,191.66040000000004,374.7555,-506.0219200000001,-730.37102,4351.003000000006,209.10058000000868,-13.870353488372094,-12.576892342041516,7.7226356589147285,0.06838608537180746,0.0,0.9813953488372092,1.0,9.87906976744186,10.344186046511627,1.0,1.0,1.4325581395348836,1.534990511627906,0.8667441860465116,2.3488372093023258,1.6744186046511629,0.0,7172.3348837209305,40.562790697674416,0.0,11.413953488372092,0.0,19.627906976744185,411.353488372093,29.441860465116278,524.6325581395349,9.813953488372093,0.0,0.0,11.44186046511628
83,0.029313553765537046,0.033960854328183944,0.010672912485609476,0.01109778082700804,0.7091117173998641,0.707854014928148,108.0,118.0,5.3052469135802465,9.722175141242941,0.008333333333333333,1.9480225988700566,5.299382716049382,8.190625,6.771287878787878,1.2,1.2,173.6064,171.5872,289.92650000000003,173.6929,-616.3201,-502.1057,3734.682900000006,-293.00511999999134,-14.45372920353982,-12.5429678652213,7.61143067846608,0.039407225373187936,0.0,0.9734513274336283,1.0,9.853982300884956,10.345132743362832,1.0,1.0,1.5221238938053097,1.5274053097345144,1.0210914454277287,2.5442477876106193,2.1327433628318584,0.0,7235.123893805309,44.93805309734513,0.0,11.367256637168142,0.0,19.469026548672566,395.42035398230087,29.20353982300885,522.3938053097345,9.734513274336283,0.0,0.0,16.327433628318584
84,0.029696057722317305,0.034659689253903225,0.010704263386314656,0.011151611962644564,0.7141347424184116,0.713734655171764,119.0,111.0,8.665826330532212,8.250750750750749,0.39481792717086833,0.7442942942942944,8.273669467787114,7.644189602446483,7.972733918128655,1.2,1.2,203.48792000000003,182.71264000000002,202.59130000000002,244.17550000000003,-499.10338,-561.46286,3235.579520000006,-854.4679799999913,-14.215906086956528,-12.68775905537534,8.46550724637681,0.18622908791502096,0.0,0.991304347826087,1.0,9.934782608695652,10.352173913043478,1.0,1.0,1.482608695652174,1.679132869565216,0.5634782608695653,2.591304347826087,2.3304347826086955,0.0,7169.278260869565,28.46086956521739,0.0,12.252173913043478,0.0,19.82608695652174,474.1217391304348,29.73913043478261,583.5521739130435,9.91304347826087,0.0,0.0,5.3478260869565215
85,0.030526669029138233,0.03563814991177318,0.010744126177576573,0.011204198497928978,0.7195170021267658,0.7187549281921705,105.0,107.0,6.90777777777778,5.843457943925231,0.006666666666666666,0.0,6.904126984126984,5.843457943925234,6.3687893081761,1.2,1.2,166.51632,166.03328000000002,334.6294,262.94669999999996,-668.11308,-596.91342,2567.466440000006,-1451.3813999999911,-12.17966037735849,-12.489114316006932,6.370597484276727,0.03675099107825862,0.0,1.0,1.0,10.778301886792454,11.160377358490566,1.0,1.0,1.5047169811320755,1.5686301886792453,0.00330188679245283,2.202830188679245,2.1226415094339623,0.0,7056.117924528302,0.19811320754716982,0.0,14.929245283018869,0.0,20.0,382.0377358490566,30.0,536.4811320754717,10.0,0.0,0.0,0.0
86,0.0310802811562167,0.03587848682585879,0.010783099166851107,0.01125259621505555,0.7249185057981523,0.7239014968652387,136.0,133.0,10.184558823529409,9.52305764411028,1.0301470588235295,2.0540100250626563,9.222222222222221,8.20977961432507,8.743684895833333,1.2,1.2,215.88864,194.28928,205.87420000000006,230.5566,-489.9855600000001,-536.26732,2077.480880000006,-1987.648719999991,-15.898911028500619,-12.284688797996832,9.85749690210657,0.19480794896249667,0.0,0.9516728624535316,1.0,10.156133828996282,10.650557620817844,1.0,1.0,1.4944237918215613,1.5248249814126398,1.53636926889715,2.7286245353159853,1.8475836431226766,0.0,7316.174721189591,62.46096654275093,0.0,8.572490706319703,0.0,19.033457249070633,499.26765799256503,28.550185873605948,523.8773234200744,9.516728624535316,0.0,0.0,29.721189591078065
87,0.03203401538422483,0.036745237376677946,0.01082435288841873,0.01130780987918453,0.7301041175654814,0.7291563193709771,106.0,122.0,4.965880503144655,6.759153005464482,0.07452830188679245,0.0,4.891352201257861,6.761612021857924,5.8921052631578945,1.2,1.2,168.36543999999998,203.68832,413.1268999999999,292.344,-744.7614599999999,-588.6556800000001,1332.719420000006,-2576.304399999991,-12.405287134502931,-12.43470496520954,5.925438596491225,0.06383723949048652,0.0,1.0,1.0,11.026315789473685,11.381578947368421,1.0,1.0,1.5350877192982457,1.631814736842105,0.03464912280701755,1.9824561403508771,2.0964912280701755,0.0,6667.960526315789,2.0789473684210527,0.0,14.802631578947368,0.0,20.0,353.44736842105266,30.0,562.811403508772,10.0,0.0,0.0,0.0
88,0.03278661811623283,0.037508420574030324,0.010873894208666173,0.011363306919372127,0.7353463192539482,0.7341853869437934,112.0,122.0,6.736607142857141,7.510792349726774,0.2730654761904762,0.02144808743169399,6.521771771771772,7.489344262295082,7.028397711015737,1.2,1.2,187.22328,187.9916,213.91779999999997,294.5381,-526.69452,-606.5464999999999,806.024900000006,-3182.850899999991,-12.891295726495725,-12.413385716549751,7.140242165242164,0.07446659670144286,0.0,0.9957264957264957,1.0,11.08974358974359,11.576923076923077,1.0,1.0,1.5213675213675213,1.603482393162393,0.1418803418803419,2.111111111111111,2.448717948717949,0.0,7306.709401709401,5.884615384615385,0.0,14.337606837606838,0.0,19.914529914529915,419.9017094017094,29.871794871794872,551.4786324786324,9.957264957264957,0.0,0.0,2.628205128205128
89,0.033469188536261525,0.03810697645926875,0.01090926306766931,0.01141763399106326,0.7403081106901678,0.738935341717584,117.0,122.0,6.345014245014246,6.843579234972678,0.007407407407407408,0.03210382513661202,6.337606837606837,6.81379781420765,6.58068340306834,1.2,1.2,179.35128000000003,198.75752,238.0578,250.3321,-558.70652,-551.57458,247.31838000000607,-3734.425479999991,-12.356948396094836,-12.295884525940702,6.599511854951182,0.05978246349353545,0.0,1.0,1.0,11.184100418410042,11.531380753138075,1.0,1.0,1.5104602510460252,1.5820451882845186,0.020013947001394704,1.8493723849372385,1.7447698744769875,0.0,7177.142259414226,1.200836820083682,0.0,14.728033472803347,0.0,20.0,394.76987447698747,30.0,542.0753138075314,10.0,0.0,0.0,0.0
90,0.034144740137432586,0.03861305519637055,0.010934367122727228,0.011472980859624891,0.7449240731922808,0.7439602584966573,122.0,111.0,8.53647540983606,11.349699699699698,0.44207650273224053,2.051501501501501,8.094398907103825,9.645794392523365,8.81928675400291,1.2,1.2,190.73095999999998,173.27888000000002,297.45980000000003,187.31090000000003,-606.72884,-514.03202,-359.4104599999939,-4248.45749999999,-14.525978254649502,-12.583021051322723,9.876680972818313,0.1756576545687492,0.0,0.9828326180257511,1.0,11.48068669527897,11.939914163090128,1.0,1.0,1.4763948497854078,1.5622739914163088,1.2087982832618023,2.244635193133047,2.1545064377682404,0.0,7111.480686695279,61.96995708154506,0.0,10.167381974248928,0.0,19.65665236051502,520.0729613733905,29.48497854077253,535.8712446351931,9.82832618025751,0.0,0.0,10.55793991416309
91,0.035064539585746846,0.039132886887766616,0.010984140848842824,0.011520112739747821,0.7498197457827805,0.748832553714853,133.0,111.0,7.722807017543858,7.368618618618618,0.4631578947368421,0.3436936936936937,7.261152882205515,7.0249249249249255,7.153688524590163,1.2,1.2,213.82408,174.36888000000002,222.75770000000003,260.30870000000004,-508.93362,-585.93982,-868.3440799999939,-4834.397319999991,-12.798653551912569,-12.70007951892558,7.561680327868851,0.10570910665909028,0.0,1.0,1.0,11.717213114754099,12.147540983606557,1.0,1.0,1.4549180327868851,1.5909547540983604,0.40881147540983614,2.418032786885246,1.8729508196721312,0.0,6695.008196721312,24.528688524590162,0.0,12.176229508196721,0.0,20.0,429.172131147541,30.0,545.7622950819672,10.0,0.0,0.0,0.0
92,0.035773256753545396,0.03987815601831499,0.011018043482589019,0.01155844232836755,0.7549290194226917,0.7529131792199873,97.0,114.0,5.295017182130582,7.350438596491223,0.016323024054982815,0.11725146198830409,5.278694158075601,7.233187134502924,6.334676145339652,1.2,1.2,154.2844,176.87928,398.76910000000004,258.77219999999994,-744.4847,-581.89292,-1612.828779999994,-5416.290239999991,-12.199139336492884,-12.378140660839893,6.405529225908374,0.01377252810149279,0.0,1.0,1.0,11.810426540284361,12.251184834123222,1.0,1.0,1.5402843601895735,1.5694961137440764,0.07085308056872039,1.8578199052132702,1.957345971563981,0.0,7394.132701421801,4.251184834123222,0.0,14.502369668246445,0.0,20.0,380.0805687203791,30.0,536.8341232227489,10.0,0.0,0.0,0.0
93,0.03624154440152093,0.04051931030167145,0.011059428887748444,0.011606415786615296,0.7591625028911214,0.7572673758506314,115.0,132.0,8.21608695652174,8.883459595959597,0.9544927536231884,1.046338383838384,7.3943952802359885,8.08203125,7.759612724757954,1.2,1.2,176.07392,203.92952,205.45199999999994,206.15699999999998,-529.37808,-502.22747999999996,-2142.206859999994,-5918.517719999991,-14.43540242914979,-12.759211699402513,8.5727395411606,0.06728187043283723,0.0,0.9757085020242915,1.0,12.376518218623481,12.82995951417004,1.0,1.0,1.534412955465587,1.5384754655870454,1.0035762483130906,2.1902834008097165,1.8906882591093117,0.0,6865.991902834008,45.2753036437247,0.0,10.506072874493928,0.0,19.51417004048583,454.1497975708502,29.271255060728745,526.7611336032388,9.757085020242915,0.0,0.0,14.93927125506073
94,0.03697495422995197,0.041118404196555026,0.011096101582054565,0.011652951326494763,0.763259042181363,0.7616512243734166,113.0,127.0,7.344837758112092,7.508136482939631,0.30471976401179945,0.10052493438320209,7.040117994100295,7.407611548556431,7.234583333333334,1.2,1.2,177.18320000000003,200.25784000000004,253.77389999999997,318.4493,-576.5907,-618.19146,-2718.7975599999936,-6536.709179999991,-12.629716111111115,-12.522568519506585,7.431249999999997,0.09109013190269895,0.0,1.0,1.0,12.345833333333333,12.7875,1.0,1.0,1.5291666666666666,1.5726710000000006,0.19666666666666668,2.1958333333333333,2.0541666666666667,0.0,6897.333333333333,11.8,0.0,13.75,0.0,20.0,434.075,30.0,538.1583333333333,10.0,0.0,0.0,0.0
95,0.038016709335350944,0.04190244203503961,0.011150013980628,0.011713885460648067,0.7670229970843881,0.7658500985800514,106.0,127.0,6.674685534591197,6.8948818897637825,0.489622641509434,0.09488188976377954,6.243968253968254,6.800000000000002,6.548347701149425,1.2,1.2,165.81768,195.64815999999996,268.6838,320.55600000000004,-602.86612,-624.9078400000001,-3321.6636799999937,-7161.617019999991,-12.421189127324755,-12.455791982047177,6.794706723891273,0.047337969038491697,0.0,0.9957081545064378,1.0,12.781115879828326,13.24892703862661,1.0,1.0,1.5450643776824033,1.5513555364806866,0.27446351931330476,1.7553648068669527,2.0429184549356223,0.0,6898.62660944206,13.82832618025751,0.0,13.75107296137339,0.0,19.914163090128756,391.2145922746781,29.871244635193133,529.7725321888412,9.957081545064378,0.0,0.0,2.6394849785407724
96,0.03858925051432875,0.04246396818293264,0.011200062162105043,0.011766934256622398,0.7708545761057733,0.7696608532200783,145.0,135.0,10.21022988505747,8.511234567901235,2.3134482758620685,0.5308641975308642,8.67449494949495,8.041169154228857,8.35545112781955,1.2,1.2,215.23608000000002,227.35160000000002,188.1388,256.7777,-472.90272,-529.4260999999999,-3794.566399999994,-7691.04311999999,-16.50925238095238,-12.619895399457631,9.391071428571433,0.14745470069707617,0.0,0.95,1.0,11.817857142857143,12.282142857142857,1.0,1.0,1.4821428571428572,1.5806702857142865,1.4539880952380952,2.732142857142857,2.55,0.0,7134.953571428571,56.489285714285714,0.0,9.321428571428571,0.0,19.0,476.225,28.5,547.3571428571429,9.5,0.0,0.0,30.75
97,0.039822836425147154,0.04334322906335628,0.011284502919813102,0.01185515350263875,0.7749960573876902,0.7737360902641922,137.0,110.0,6.356690997566913,5.211515151515151,0.07445255474452556,0.0,6.284184914841849,5.214242424242425,5.807692307692308,1.2,1.2,210.05216000000001,175.29752000000005,389.863,342.10609999999997,-679.81084,-666.8085799999999,-4474.377239999993,-8357.85169999999,-11.915648043184879,-12.282887729391275,5.846693657219966,0.0645198242275197,0.0,1.0,1.0,12.748987854251013,13.129554655870445,1.0,1.0,1.4453441295546559,1.56012016194332,0.04129554655870446,1.9676113360323886,1.7732793522267207,0.0,7106.153846153846,2.477732793522267,0.0,14.587044534412955,0.0,20.0,348.3238866396761,30.0,532.9109311740891,10.0,0.0,0.0,0.0
98,0.041156543196759245,0.04376940599182421,0.01135008107795373,0.011927442381180183,0.7788380039902291,0.7773085580138626,125.0,120.0,6.472400000000003,8.265277777777781,0.09746666666666667,0.5634722222222222,6.374933333333333,7.701805555555555,7.024829931972789,1.2,1.2,197.16176000000002,192.76632,364.22319999999996,224.97229999999996,-667.06144,-532.20598,-5141.438679999994,-8890.05767999999,-12.717933605442177,-12.282146173886838,7.350544217687076,0.18376924500957484,0.0,1.0,1.0,13.020408163265307,13.481632653061224,1.0,1.0,1.489795918367347,1.59154318367347,0.32571428571428573,2.020408163265306,2.440816326530612,0.0,7209.424489795919,19.542857142857144,0.0,12.877551020408163,0.0,20.0,421.48979591836735,30.0,546.0,10.0,0.0,0.0,0.0
99,0.041740414119227916,0.044709912288774495,0.011389642145307072,0.011964625740511423,0.7829066212867045,0.7814121279450967,141.0,112.0,8.762174940898342,5.574255952380953,0.23392434988179675,0.0,8.52825059101655,5.576785714285715,7.221673254281951,1.2,1.2,236.80776,173.36944,245.4952,297.2767,-508.68744,-623.90726,-5650.1261199999935,-9513.96493999999,-12.908113306982878,-12.746387028122792,7.350922266139652,0.04567312982295087,0.0,1.0,1.0,12.818181818181818,13.201581027667984,1.0,1.0,1.4426877470355732,1.621253754940711,0.13036890645586302,2.6719367588932808,2.0197628458498023,0.0,7101.177865612648,7.822134387351778,0.0,13.84189723320158,0.0,20.0,433.2332015810277,30.0,558.4426877470356,10.0,0.0,0.0,0.0
100,0.04295328741449979,0.045682822423745384,0.011468815416095162,0.012056138863037927,0.7865734165599731,0.784664801200008,137.0,101.0,5.9451338199513355,6.207095709570958,0.0316301703163017,0.0,5.914476885644769,6.207095709570958,6.038655462184874,1.2,1.2,213.33392000000003,159.0416,314.903,285.629,-601.56908,-626.5874,-6251.695199999994,-10140.552339999991,-12.028169187675076,-12.490256844436907,6.0563025210084,0.029423802108400083,0.0,1.0,1.0,14.046218487394958,14.436974789915967,1.0,1.0,1.4243697478991597,1.5646030252100849,0.018207282913165264,1.718487394957983,1.5252100840336134,0.0,6940.0210084033615,1.0924369747899159,0.0,14.760504201680673,0.0,20.0,362.2857142857143,30.0,534.7899159663865,10.0,0.0,0.0,0.0
101,0.043887384142163664,0.04604377707382935,0.0115295707853623,0.012129303448590622,0.7899512301818953,0.7888359082207776,112.0,137.0,6.058928571428573,8.950851581508523,0.04389880952380952,1.7484184914841847,6.017708333333333,7.532315521628499,6.834224965706447,1.2,1.2,192.69136,201.5876,362.7079,147.46790000000004,-670.01654,-445.88030000000003,-6921.711739999993,-10586.432639999992,-13.848786077643897,-12.818089399818264,7.650066934404288,0.04560958220523458,0.0,0.9759036144578314,1.0,13.899598393574298,14.405622489959839,1.0,1.0,1.5502008032128514,1.5834496385542176,0.981726907630522,1.6184738955823292,2.1967871485943773,0.0,7073.558232931727,44.08433734939759,0.0,10.919678714859439,0.0,19.518072289156628,400.1004016064257,29.27710843373494,545.4899598393574,9.759036144578314,0.0,0.0,14.819277108433734
102,0.04482764609832412,0.04706850992820507,0.011575143557936627,0.012170031812732018,0.793407651020169,0.792229203520172,116.0,119.0,8.089798850574711,5.155322128851542,0.781609195402299,0.0,7.502212389380531,5.155322128851541,6.298419540229884,1.2,1.2,177.88832000000002,173.66048,259.51900000000006,407.9392,-581.63068,-734.27872,-7503.342419999994,-11320.711359999992,-12.478480567375888,-12.322752367390638,6.603829787234039,0.07661271234208074,0.0,0.9872340425531915,1.0,13.825531914893617,14.323404255319149,1.0,1.0,1.5063829787234042,1.4959523404255326,0.3858156028368795,2.148936170212766,1.702127659574468,0.0,7131.212765957447,15.297872340425531,0.0,13.821276595744681,0.0,19.74468085106383,373.0808510638298,29.617021276595743,507.6936170212766,9.872340425531915,0.0,0.0,7.851063829787234
103,0.046054699600818254,0.047671069041841145,0.011636511322956533,0.01224692162529075,0.7969737862870557,0.7955905046328188,121.0,127.0,6.513636363636364,6.8253280839895005,0.021763085399449034,0.3299212598425197,6.491873278236915,6.4963254593175845,6.4941532258064525,1.2,1.2,187.74136,193.58632000000003,276.317,263.2131,-588.57564,-569.62678,-8091.918059999994,-11890.338139999993,-12.102574193548387,-12.395091861824994,6.67325268817204,0.014566079881695422,0.0,1.0,1.0,14.314516129032258,14.689516129032258,1.0,1.0,1.5120967741935485,1.5376116129032265,0.1795698924731183,1.7620967741935485,1.967741935483871,0.0,7279.620967741936,10.774193548387096,0.0,13.899193548387096,0.0,20.0,389.6209677419355,30.0,523.5645161290323,10.0,0.0,0.0,0.0
104,0.04703367395752698,0.0485043542043658,0.011722773368249699,0.012352426504809976,0.8002674543538892,0.7987345654271054,122.0,133.0,7.522131147540982,7.110526315789474,0.3434426229508197,0.006265664160401003,7.1786885245901635,7.10501253132832,7.140261437908498,1.2,1.2,189.6188,212.002,284.0606,282.6316000000001,-594.4418000000001,-570.6296000000001,-8686.359859999993,-12460.967739999993,-12.594865359477136,-12.458174846377293,7.307450980392152,0.08451219879661927,0.0,1.0,1.0,14.411764705882353,14.91764705882353,1.0,1.0,1.5215686274509803,1.5749835294117651,0.16758169934640524,2.003921568627451,1.968627450980392,0.0,6874.101960784314,10.054901960784314,0.0,13.882352941176471,0.0,20.0,428.3921568627451,30.0,539.0901960784314,10.0,0.0,0.0,0.0
105,0.04804732997869027,0.04970179052959817,0.011822390981257817,0.012456794971865802,0.8035319979032052,0.80220524033767,119.0,126.0,6.923669467787118,5.274206349206351,0.05070028011204482,0.0,6.874369747899161,5.274206349206349,6.051428571428571,1.2,1.2,192.88400000000001,188.09544000000005,266.5603,313.3102,-573.6763,-625.21476,-9260.036159999992,-13086.182499999994,-11.97456000000001,-12.59514131991267,6.075374149659861,-0.005348803623657172,0.0,1.0,1.0,14.881632653061224,15.371428571428572,1.0,1.0,1.5142857142857142,1.5550181224489796,0.024625850340136052,1.8693877551020408,1.5020408163265306,0.0,6822.289795918367,1.4775510204081632,0.0,14.644897959183673,0.0,20.0,363.0448979591837,30.0,530.795918367347,10.0,0.0,0.0,0.0
106,0.0490965579201879,0.05062665352057045,0.011928087187251983,0.01259388621623363,0.8068348853799019,0.8052877038068442,123.0,132.0,6.7340108401083985,6.886489898989901,0.07181571815718156,0.12714646464646462,6.6621951219512185,6.761616161616161,6.713660130718955,1.2,1.2,190.27800000000002,206.24856,273.35209999999995,292.02489999999995,-583.0740999999999,-585.7763399999999,-9843.110259999992,-13671.958839999994,-12.269553464052283,-12.518918662779845,6.812941176470589,0.03290432821667934,0.0,1.0,1.0,15.290196078431373,15.698039215686274,1.0,1.0,1.5176470588235293,1.55500611764706,0.10045751633986928,1.615686274509804,1.7137254901960783,0.0,7177.505882352942,6.027450980392157,0.0,13.941176470588236,0.0,20.0,402.74901960784314,30.0,530.8039215686274,10.0,0.0,0.0,0.0
107,0.05038027409996224,0.05143171781544131,0.012015742807619894,0.012691733801395587,0.8097841979785912,0.8080827119747852,123.0,136.0,6.807994579945803,8.418504901960782,0.025067750677506776,0.8041666666666667,6.782926829268292,7.7860902255639095,7.3041015625000005,1.2,1.2,182.36016000000004,210.56464,298.98830000000004,300.4578000000001,-616.62814,-589.8931600000001,-10459.738399999993,-14261.851999999993,-13.034724324324316,-12.429815629752229,7.653667953667959,0.12584594569516017,0.0,0.9884169884169884,1.0,15.49034749034749,15.86872586872587,1.0,1.0,1.5250965250965252,1.5170841698841697,0.4341698841698842,1.5637065637065637,1.9073359073359073,0.0,6424.555984555985,18.92664092664093,0.0,13.328185328185327,0.0,19.768339768339768,433.16988416988414,29.652509652509654,516.3474903474903,9.884169884169884,0.0,0.0,7.123552123552123
108,0.05132520172199485,0.05222896400183295,0.012097542060074332,0.012764453024462523,0.8128737028354319,0.8112548657083417,113.0,129.0,6.43510324483776,7.134237726098195,0.26002949852507373,0.15258397932816534,6.232738095238095,6.983979328165375,6.634854771784233,1.2,1.2,183.56704,207.62135999999998,278.143,347.7058,-594.5759599999999,-640.0844400000001,-11054.314359999993,-14901.936439999994,-12.869298622589532,-12.681315870201946,6.807782369146002,0.029766994030391094,0.0,0.9958677685950413,1.0,15.859504132231406,16.276859504132233,1.0,1.0,1.5330578512396693,1.6164809917355372,0.20275482093663916,1.8471074380165289,2.3057851239669422,0.0,6822.487603305785,9.62396694214876,0.0,13.84297520661157,0.0,19.917355371900825,396.301652892562,29.876033057851238,556.9090909090909,9.958677685950413,0.0,0.0,2.541322314049587
109,0.05203150700249047,0.0538254872320447,0.012205998369395088,0.012860019590185411,0.8157129841253414,0.814548461375736,134.0,139.0,8.721268656716417,5.3828537170263795,0.7378109452736319,0.04028776978417266,7.983457711442787,5.344604316546762,6.63986568986569,1.2,1.2,208.8344,214.5628,195.23679999999996,245.26720000000003,-486.4024,-530.7044,-11540.716759999994,-15432.640839999995,-12.326749694749696,-12.868938655957514,7.021489621489622,-0.00921758585623592,0.0,1.0,1.0,16.355311355311354,16.772893772893774,1.0,1.0,1.5091575091575091,1.5509054945054945,0.3826617826617827,1.783882783882784,1.3516483516483517,0.0,6832.194139194139,22.95970695970696,0.0,13.336996336996338,0.0,20.0,398.3296703296703,30.0,529.0879120879121,10.0,0.0,0.0,0.0
110,0.0530600594220194,0.054852749667210994,0.012361962043555523,0.012993227862553665,0.8188973859658659,0.8174999498415184,129.0,150.0,7.890439276485787,7.005888888888889,0.4751937984496124,0.6745555555555555,7.4171834625323,6.462131519274376,6.908514492753623,1.2,1.2,203.07312000000002,239.40336000000002,311.9428,255.87989999999996,-608.86968,-516.4765399999999,-12149.586439999994,-15949.117379999994,-13.391389247311817,-12.6969215068194,7.414874551971329,0.03434452435415015,0.0,0.989247311827957,1.0,16.24372759856631,16.698924731182796,1.0,1.0,1.5376344086021505,1.5859372043010742,0.5823775388291516,1.8709677419354838,2.075268817204301,0.0,6704.964157706093,28.329749103942653,0.0,12.261648745519713,0.0,19.78494623655914,409.9498207885305,29.677419354838708,544.9390681003584,9.89247311827957,0.0,0.0,6.612903225806452
111,0.05441770811991595,0.05635513974972141,0.012455017592447932,0.01309827114835264,0.8214524264063023,0.8201182870128519,139.0,139.0,6.228057553956833,5.58141486810552,0.0,0.0,6.229976019184652,5.583093525179856,5.906534772182254,1.2,1.2,217.69047999999998,218.0284,252.20460000000003,352.8805,-534.51412,-634.8521,-12684.100559999993,-16583.969479999992,-11.985063788968825,-12.731601896623168,5.904736211031172,-0.015503566856979893,0.0,1.0,1.0,15.741007194244604,16.165467625899282,1.0,1.0,1.5,1.5673341007194244,0.0,1.6978417266187051,1.7410071942446044,0.0,7135.848920863309,0.0,0.0,15.0,0.0,20.0,354.2841726618705,30.0,535.9496402877697,10.0,0.0,0.0,0.0
112,0.05544501339253328,0.05791049987693959,0.012562816918939606,0.01318851428395684,0.8236435439868691,0.8225207357238182,143.0,142.0,7.843123543123539,5.7874413145539885,0.608974358974359,0.21666666666666667,7.285093896713615,5.613120567375887,6.45206124852768,1.2,1.2,226.36599999999999,217.50552,308.569,298.5952,-582.203,-581.08968,-13266.303559999993,-17165.059159999993,-12.708849590643284,-12.543487005471073,6.818888888888887,0.059823813792990094,0.0,0.9929824561403509,1.0,16.157894736842106,16.529824561403508,1.0,1.0,1.4982456140350877,1.5574439298245617,0.4135087719298245,2.168421052631579,1.6982456140350877,0.0,7090.273684210526,20.49473684210526,0.0,12.708771929824561,0.0,19.859649122807017,384.3228070175439,29.789473684210527,532.6245614035088,9.929824561403509,0.0,0.0,4.315789473684211
113,0.05705755628790155,0.05934232823763303,0.012656190218788187,0.013284642864542052,0.8266637565791138,0.8250129964444793,117.0,141.0,5.124358974358974,6.256382978723404,0.0,0.0,5.124358974358974,6.257683215130024,5.7437338501292,1.2,1.2,180.10128000000006,216.47951999999998,387.40689999999995,315.28069999999997,-707.3056199999999,-598.8011799999999,-13973.609179999992,-17763.860339999992,-11.727315245478037,-12.658728849524314,5.743023255813949,-0.04865066825017888,0.0,1.0,1.0,17.329457364341085,17.767441860465116,1.0,1.0,1.5465116279069768,1.5371348837209304,0.0,1.7286821705426356,1.5232558139534884,0.0,7148.678294573643,0.0,0.0,15.0,0.0,20.0,344.5813953488372,30.0,523.3294573643411,10.0,0.0,0.0,0.0
114,0.05806780064034656,0.06051799095579404,0.012813515645671587,0.013443775437124342,0.8295521283421299,0.82744492393531,141.0,127.0,6.9998817966903095,5.628740157480315,0.8081560283687943,0.009711286089238845,6.191725768321512,5.6212598425196845,5.921393034825871,1.2,1.2,206.928,197.48368000000008,226.89399999999998,350.24109999999996,-519.966,-652.7574199999999,-14493.575179999993,-18416.617759999994,-11.790503980099498,-12.283097509732366,6.350124378109451,0.03781212791142302,0.0,1.0,1.0,17.167910447761194,17.582089552238806,1.0,1.0,1.4738805970149254,1.5089988059701496,0.42978855721393033,1.4440298507462686,1.9888059701492538,0.0,7588.167910447762,25.78731343283582,0.0,12.944029850746269,0.0,20.0,355.22014925373134,30.0,511.6380597014925,10.0,0.0,0.0,0.0
115,0.05912843380472117,0.06140448585712088,0.012917174213908764,0.013538838992086221,0.8318125095567135,0.8297451931832707,151.0,129.0,7.026269315673289,7.025064599483203,0.5501103752759382,0.25529715762273897,6.608108108108108,6.769767441860466,6.683393501805055,1.2,1.2,224.88616000000002,198.30696,302.7343,313.50879999999995,-577.8481400000001,-615.20184,-15071.423319999993,-19031.819599999995,-12.52184238095238,-12.49703502068175,7.02571428571429,0.018073344397779852,0.0,0.9892857142857143,1.0,17.639285714285716,18.117857142857144,1.0,1.0,1.4607142857142856,1.5114040000000002,0.4142857142857142,1.7821428571428573,1.7178571428571427,0.0,6595.8892857142855,18.267857142857142,0.0,12.907142857142857,0.0,19.785714285714285,396.6857142857143,29.678571428571427,513.8892857142857,9.892857142857142,0.0,0.0,6.589285714285714
116,0.06004189715824443,0.06248228432636082,0.012996229271803885,0.013617311256239295,0.8339275202035086,0.8323479457334257,138.0,146.0,6.356038647342997,7.505479452054793,0.003381642512077295,0.04874429223744293,6.3551932367149755,7.4567351598173515,6.921478873239437,1.2,1.2,216.56616,221.08712,372.6813,273.5263000000001,-656.1151400000001,-552.4391800000001,-15727.538459999992,-19584.258779999996,-12.233872300469487,-12.589390878550025,6.946948356807509,0.0518617159984582,0.0,1.0,1.0,18.158450704225352,18.637323943661972,1.0,1.0,1.5140845070422535,1.541032676056338,0.026701877934272304,1.8661971830985915,1.3133802816901408,0.0,7034.68661971831,1.602112676056338,0.0,14.679577464788732,0.0,20.0,415.21478873239437,30.0,524.9788732394367,10.0,0.0,0.0,0.0
117,0.06098464789061819,0.06364259527878242,0.013100885717729471,0.013742698986179766,0.8363303715750916,0.8344906381309588,156.0,152.0,7.440811965811965,7.12938596491228,0.13878205128205126,0.14517543859649126,7.302029914529914,6.984210526315789,7.1451839826839825,1.2,1.2,248.22240000000005,238.40264,255.55409999999998,331.71569999999997,-507.33169999999996,-593.31306,-16234.870159999993,-20177.571839999997,-12.618577489177493,-12.498737898128098,7.28712121212122,0.06745888472247837,0.0,1.0,1.0,17.288961038961038,17.691558441558442,1.0,1.0,1.4935064935064934,1.579951428571429,0.14193722943722945,1.948051948051948,1.9415584415584415,0.0,7025.928571428572,8.516233766233766,0.0,13.441558441558442,0.0,20.0,428.711038961039,30.0,541.1915584415584,10.0,0.0,0.0,0.0
118,0.062162653324168156,0.06460788036577544,0.013198275856619522,0.013839526180096236,0.8386236633462162,0.8366376441367871,149.0,115.0,5.629082774049218,4.846521739130433,0.0,0.0,5.630872483221475,4.846521739130435,5.289204545454546,1.2,1.2,238.57639999999998,175.33648000000002,356.28239999999994,453.3206,-617.7059999999999,-777.98412,-16852.576159999993,-20955.555959999998,-11.74172121212121,-12.558609569797932,5.288194444444439,-0.0077632656004549706,0.0,1.0,1.0,18.606060606060606,19.018939393939394,1.0,1.0,1.4356060606060606,1.5678518181818177,0.0,1.9356060606060606,1.4166666666666667,0.0,6868.689393939394,0.0,0.0,15.0,0.0,20.0,317.2916666666667,30.0,536.155303030303,10.0,0.0,0.0,0.0
119,0.06351569715157881,0.06499451700910606,0.01331528001050824,0.013959861682719373,0.8408459150657532,0.8388588380991165,125.0,157.0,5.38493333333333,9.914225053078555,0.02613333333333333,2.2083864118895966,5.360133333333334,8.119574944071587,6.8607055961070555,1.2,1.2,194.85224,234.27128,409.6046,136.621,-714.75236,-402.34972000000005,-17567.328519999992,-21357.905679999996,-13.86663073286052,-12.587692723184036,7.906560283687935,0.05111661509039107,0.0,0.9716312056737588,1.0,18.45390070921986,18.886524822695037,1.0,1.0,1.5567375886524824,1.521714609929078,1.241075650118203,1.5957446808510638,2.25177304964539,0.0,6546.666666666667,57.0177304964539,0.0,9.964539007092199,0.0,19.43262411347518,399.92907801418437,29.148936170212767,520.2624113475177,9.71631205673759,0.0,0.0,17.4468085106383
120,0.06476104809674013,0.0661933850496696,0.013432530163126667,0.014089251951450676,0.8432395359113216,0.8410578549179358,152.0,125.0,8.097258771929821,5.156266666666669,0.8792763157894733,0.0,7.314222222222223,5.156266666666667,6.333333333333333,1.2,1.2,238.2108,196.22696000000002,222.97809999999996,459.29960000000005,-484.7673,-763.0726400000001,-18052.09581999999,-22120.978319999995,-12.693677496991574,-12.841556493617418,6.770096269554751,0.03845194094464062,0.0,0.9927797833935018,1.0,19.357400722021662,19.84476534296029,1.0,1.0,1.4512635379061372,1.568367364620939,0.4824909747292417,1.8447653429602888,1.4007220216606497,0.0,7380.815884476534,24.509025270758123,0.0,12.743682310469314,0.0,19.855595667870038,377.2563176895307,29.783393501805055,537.231046931408,9.927797833935019,0.0,0.0,4.44043321299639
121,0.06625781582667742,0.06769843579946797,0.013524739157727622,0.014194106347773272,0.845446620907149,0.8431783180195179,156.0,144.0,6.381837606837608,6.9415509259259265,0.04465811965811966,0.351736111111111,6.337179487179487,6.682629107981221,6.501789709172259,1.2,1.2,234.6576,213.68944,330.69870000000003,275.62449999999995,-596.0411,-561.93506,-18648.13691999999,-22682.913379999995,-12.078592000000004,-12.390682443969705,6.650500000000002,0.04415394200164017,0.0,0.9933333333333333,1.0,19.456666666666667,19.9,1.0,1.0,1.48,1.4944901333333336,0.1920555555555555,1.77,1.4066666666666667,0.0,6848.69,7.423333333333333,0.0,13.796666666666667,0.0,19.866666666666667,387.50666666666666,29.8,506.36,9.933333333333334,0.0,0.0,4.1
122,0.06733071273439219,0.06883784405423916,0.01366845932721787,0.014345347663211744,0.8474301987046567,0.8453464327546032,156.0,142.0,5.72190170940171,6.367957746478874,0.0,0.07453051643192489,5.721901709401711,6.293427230046948,5.99423937360179,1.2,1.2,237.91967999999997,218.19304,364.23099999999994,311.57230000000004,-626.31132,-593.37926,-19274.44823999999,-23276.292639999996,-11.800280536912757,-12.442421770955335,6.029753914988809,-0.027219291080175824,0.0,1.0,1.0,19.248322147651006,19.681208053691275,1.0,1.0,1.476510067114094,1.5305795973154368,0.03551454138702461,1.5939597315436242,1.8523489932885906,0.0,6944.681208053691,2.1308724832214767,0.0,14.593959731543624,0.0,20.0,359.6543624161074,30.0,520.6442953020135,10.0,0.0,0.0,0.0
123,0.06880232099742935,0.07010065691803866,0.013837491319296883,0.014516468558939346,0.8494372616765528,0.8476454333804238,133.0,163.0,5.542606516290728,7.45674846625766,0.0,0.42198364008179967,5.544110275689223,7.122153209109731,6.40827664399093,1.2,1.2,212.03320000000002,253.11656000000005,424.1425,240.7632,-712.1093,-487.64663999999993,-19986.55753999999,-23763.939279999995,-12.759268918918917,-12.674072574963962,6.596677927927928,0.07168473840824938,0.0,0.9932432432432432,1.0,19.736486486486488,20.239864864864863,1.0,1.0,1.5506756756756757,1.571451891891892,0.23237612612612618,1.5810810810810811,1.695945945945946,0.0,6843.77027027027,9.787162162162161,0.0,13.527027027027026,0.0,19.864864864864863,381.8581081081081,29.7972972972973,538.456081081081,9.932432432432432,0.0,0.0,4.155405405405405
124,0.06980426732870595,0.07159055375918535,0.01400822467202454,0.014684436284298072,0.8516330603373097,0.8496886915590419,150.0,135.0,7.297,6.501111111111113,0.8753333333333332,0.0,6.552721088435374,6.50432098765432,6.529550827423168,1.2,1.2,225.49608,207.94224,241.41479999999996,456.76270000000005,-515.9187199999999,-748.8204600000001,-20502.476259999992,-24512.759739999994,-12.658667602339177,-12.645351426026627,6.919999999999994,-0.0036334340408063727,0.0,0.9894736842105263,1.0,20.035087719298247,20.470175438596492,1.0,1.0,1.4736842105263157,1.5208362105263158,0.46070175438596483,1.5192982456140351,1.817543859649123,0.0,6576.838596491228,21.16842105263158,0.0,13.343859649122807,0.0,19.789473684210527,387.5578947368421,29.68421052631579,517.8070175438596,9.894736842105264,0.0,0.0,6.473684210526316
125,0.07087225350799502,0.07262851170301407,0.014136004791309088,0.014807792897815001,0.8535516766898762,0.8517513505468781,148.0,142.0,7.151801801801801,6.976760563380276,0.053265765765765756,0.08673708920187795,7.099887387387388,6.891666666666667,6.997931034482759,1.2,1.2,235.5808,220.92255999999998,339.6426,258.6776,-604.0618,-537.75504,-21106.53805999999,-25050.514779999994,-12.493023448275855,-12.765335379485101,7.066091954022998,0.05334941888480757,0.0,1.0,1.0,21.2,21.56551724137931,1.0,1.0,1.4896551724137932,1.5741495172413789,0.06965517241379308,1.6275862068965516,1.6827586206896552,0.0,7250.455172413793,4.179310344827586,0.0,14.241379310344827,0.0,20.0,419.78620689655173,30.0,538.751724137931,10.0,0.0,0.0,0.0
126,0.07211709345165089,0.07448297050977255,0.014313826744336943,0.014975541086277432,0.8555253581648786,0.8537906168030734,135.0,136.0,6.643580246913579,5.386029411764708,0.0,0.2138480392156863,6.646172839506173,5.211111111111111,5.928641975308643,1.2,1.2,206.50272,210.23520000000002,406.3094,308.65860000000004,-699.8066799999999,-598.4234,-21806.344739999993,-25648.938179999994,-11.978877244772447,-12.860634316515679,6.012484624846248,-0.05127046854639082,0.0,0.996309963099631,1.0,21.771217712177123,22.195571955719558,1.0,1.0,1.5018450184501846,1.5377783025830263,0.10731857318573186,1.6199261992619927,1.2398523985239853,0.0,6615.431734317343,4.169741697416974,0.0,14.535055350553506,0.0,19.92619926199262,354.309963099631,29.88929889298893,524.0590405904059,9.96309963099631,0.0,0.0,2.2693726937269374
127,0.07352560371746297,0.07596639359509222,0.01458228640063574,0.015223230382973192,0.8571237098261506,0.8555266668640664,160.0,159.0,7.818645833333333,6.02117400419287,1.2372916666666667,0.3238993710691824,6.975607064017659,5.733333333333333,6.3403991370010795,1.2,1.2,225.43864000000002,238.87616000000003,253.9309,248.01829999999995,-528.49226,-509.1421399999999,-22334.836999999992,-26158.080319999994,-13.371689864158833,-12.632850329793904,6.922727272727271,-0.004415370347200927,0.0,0.9686520376175548,1.0,21.31974921630094,21.717868338557995,1.0,1.0,1.4984326018808778,1.455532288401254,0.7820271682340645,1.774294670846395,1.3197492163009403,0.0,6463.990595611285,27.642633228840126,0.0,11.915360501567399,0.0,19.3730407523511,368.44200626959247,29.059561128526646,493.0313479623824,9.68652037617555,0.0,0.0,19.278996865203762
128,0.07470028246172676,0.07761409592670804,0.01475052885477914,0.015391463886519964,0.8590945114132881,0.8576270362047027,152.0,154.0,6.835197368421048,6.235606060606062,0.09396929824561402,0.0,6.741228070175438,6.23560606060606,6.486764705882353,1.2,1.2,238.77536000000003,244.53807999999998,382.6965,355.40619999999996,-643.9211399999999,-610.86812,-22978.75813999999,-26768.948439999993,-12.313901525054467,-13.00340857394007,6.533442265795213,-0.008925519817100758,0.0,1.0,1.0,21.69934640522876,22.11764705882353,1.0,1.0,1.5032679738562091,1.57945568627451,0.04667755991285402,1.7581699346405228,1.4901960784313726,0.0,7027.483660130719,2.8006535947712417,0.0,14.545751633986928,0.0,20.0,389.20588235294116,30.0,540.9738562091503,10.0,0.0,0.0,0.0
129,0.07590376293871218,0.07932599107032119,0.014904689039107615,0.015541299900794257,0.8608716246214192,0.8594947066816612,159.0,146.0,6.977044025157232,6.521803652968037,0.0,0.09200913242009132,6.978301886792453,6.429794520547945,6.715737704918033,1.2,1.2,245.33592000000004,225.308,316.34989999999993,353.73319999999995,-571.01398,-628.4251999999999,-23549.77211999999,-27397.373639999994,-12.172009617486337,-12.807079260665112,6.759125683060111,0.039533084507777955,0.0,1.0,1.0,22.619672131147542,23.02622950819672,1.0,1.0,1.478688524590164,1.5430948196721324,0.04404371584699453,1.639344262295082,1.4721311475409835,0.0,7016.649180327869,2.642622950819672,0.0,14.518032786885247,0.0,20.0,402.9049180327869,30.0,525.8655737704918,10.0,0.0,0.0,0.0
130,0.07717336134907296,0.08073110493390986,0.015112887430911905,0.015753450336848374,0.8626362666271233,0.8614876600043202,162.0,153.0,6.924382716049381,6.4862745098039225,0.1479423868312757,0.2173202614379085,6.776440329218107,6.2706971677559915,6.530793650793651,1.2,1.2,252.85128000000003,241.79448000000002,349.11530000000005,306.10210000000006,-596.2640200000001,-564.30762,-24146.03613999999,-27961.681259999994,-12.326694603174602,-12.705901632066913,6.711587301587299,0.07564209221553035,0.0,1.0,1.0,21.495238095238093,21.93968253968254,1.0,1.0,1.4857142857142858,1.5703039999999993,0.18164021164021163,1.6825396825396826,1.8857142857142857,0.0,6751.504761904762,10.898412698412699,0.0,13.257142857142858,0.0,20.0,391.7968253968254,30.0,537.1619047619048,10.0,0.0,0.0,0.0
131,0.07870992134496352,0.08233655117676546,0.015244151884020403,0.015903134838658836,0.8642737849941461,0.8630481321919141,139.0,156.0,5.7326139088728985,6.200320512820514,0.0,0.04871794871794872,5.734052757793765,6.153418803418804,5.955819209039548,1.2,1.2,206.73904,236.76192000000003,447.04770000000013,320.19329999999997,-740.3086600000001,-583.43138,-24886.344799999988,-28545.112639999992,-11.60656994350282,-12.78507304611763,5.9799435028248595,-0.040899122526376744,0.0,1.0,1.0,22.983050847457626,23.464406779661015,1.0,1.0,1.528813559322034,1.5033930847457628,0.025762711864406783,1.0576271186440678,1.4372881355932203,0.0,6800.84406779661,1.5457627118644068,0.0,14.63728813559322,0.0,20.0,357.2508474576271,30.0,509.2881355932203,10.0,0.0,0.0,0.0
132,0.08007378570349692,0.08381397514876157,0.015407043654917874,0.016083914973214014,0.866051396650774,0.864776442534627,160.0,156.0,6.490937500000003,6.0380341880341915,0.14541666666666667,0.0017094017094017094,6.346770833333333,6.036752136752138,6.193723628691983,1.2,1.2,240.32008000000002,244.39632,259.218,354.4281000000001,-518.89792,-610.03178,-25405.242719999987,-29155.144419999993,-11.91659915611815,-12.772271495933461,6.267352320675101,-0.017892319265614763,0.0,1.0,1.0,22.68354430379747,23.123417721518987,1.0,1.0,1.4936708860759493,1.5339126582278468,0.07447257383966244,1.4620253164556962,1.509493670886076,0.0,7003.569620253164,4.468354430379747,0.0,14.629746835443038,0.0,20.0,371.57278481012656,30.0,522.0284810126582,10.0,0.0,0.0,0.0
133,0.08151881921580813,0.085456552705455,0.015616133145221306,0.016338995510429114,0.867784337806336,0.8665257464379094,161.0,152.0,6.10786749482402,5.198355263157892,0.1927536231884058,0.008552631578947369,5.915113871635611,5.191337719298246,5.563631522896699,1.2,1.2,239.90936,236.02304000000004,365.87030000000004,355.98259999999993,-625.96094,-619.9595599999999,-26031.20365999999,-29775.103979999993,-11.590709265175715,-12.638202781793513,5.666187433439831,-0.05628977720374447,0.0,1.0,1.0,22.869009584664536,23.30031948881789,1.0,1.0,1.4856230031948883,1.520550798722045,0.1033013844515442,1.5207667731629393,1.4792332268370607,0.0,6741.67731629393,6.198083067092652,0.0,14.45367412140575,0.0,20.0,333.77316293929715,30.0,516.444089456869,10.0,0.0,0.0,0.0
134,0.08358630442741222,0.08671455917276719,0.01583974785923707,0.016532118275410058,0.8693868437872714,0.8683154948448163,150.0,158.0,5.086222222222224,6.8843881856540055,0.0,0.020358649789029532,5.087666666666666,6.8640295358649785,5.998917748917749,1.2,1.2,218.86536,249.67904000000001,402.86400000000003,300.1042,-683.99864,-550.42516,-26715.20229999999,-30325.52913999999,-11.732192640692649,-12.795687056059426,6.008658008658011,-0.05414492336657162,0.0,1.0,1.0,23.772727272727273,24.17207792207792,1.0,1.0,1.5129870129870129,1.5212480519480527,0.010443722943722943,1.2987012987012987,1.7922077922077921,0.0,6742.262987012987,0.6266233766233766,0.0,14.795454545454545,0.0,20.0,359.89285714285717,30.0,516.7467532467532,10.0,0.0,0.0,0.0
135,0.08499184989722161,0.08867978866976049,0.016097872185185862,0.016829298917691846,0.871175598746017,0.8698679341550569,163.0,165.0,7.500408997955011,6.614444444444441,0.3830265848670757,0.0,7.162654320987654,6.6144444444444455,6.886034658511723,1.2,1.2,244.52856000000003,246.0684,325.51599999999996,367.35909999999996,-580.9874399999999,-621.2907,-27296.18973999999,-30946.819839999993,-12.119873577235767,-12.55486263099049,7.054725609756096,0.006709394605573172,0.0,0.9969512195121951,1.0,23.679878048780488,24.16768292682927,1.0,1.0,1.5030487804878048,1.4957224390243895,0.19034552845528457,1.5670731707317074,1.5152439024390243,0.0,6768.798780487805,9.545731707317072,0.0,14.009146341463415,0.0,19.9390243902439,411.8628048780488,29.908536585365855,506.4603658536585,9.96951219512195,0.0,0.0,1.875
136,0.08694866115600294,0.09032719809522302,0.01628374642156428,0.01706531948324814,0.8726736099540924,0.8714759760736269,140.0,189.0,5.616309523809522,6.728747795414458,0.0,0.06208112874779542,5.616309523809524,6.667901234567901,6.220415400202635,1.2,1.2,210.22904,292.01664000000005,434.84380000000004,307.4280999999999,-724.61476,-515.4114599999998,-28020.80449999999,-31462.231299999992,-11.8649090172239,-12.73424676008214,6.255369807497469,0.029357057171113504,0.0,1.0,1.0,24.364741641337385,24.814589665653497,1.0,1.0,1.574468085106383,1.5265826139817629,0.03566362715298886,1.1945288753799392,1.5866261398176291,0.0,7174.322188449848,2.139817629179331,0.0,14.553191489361701,0.0,20.0,373.18237082066867,30.0,518.9544072948328,10.0,0.0,0.0,0.0
137,0.08809522351402102,0.09227442649089468,0.01646157476399871,0.017241998472978606,0.8742182026748619,0.8730858566135976,142.0,162.0,6.6498826291079824,5.476646090534978,0.08262910798122065,0.0,6.568661971830986,5.476646090534979,5.986732456140351,1.2,1.2,216.6064,251.57544000000001,322.20599999999996,494.0862000000001,-605.5996,-742.5107600000001,-28626.404099999992,-32204.742059999993,-11.858780263157895,-12.718225713764252,6.024671052631581,0.0003517147938600684,0.0,1.0,1.0,24.513157894736842,24.93421052631579,1.0,1.0,1.5328947368421053,1.540071842105263,0.03859649122807017,1.2828947368421053,1.424342105263158,0.0,6532.861842105263,2.3157894736842106,0.0,14.5,0.0,20.0,359.1644736842105,30.0,524.5657894736842,10.0,0.0,0.0,0.0
138,0.08935928315673519,0.09435949823561306,0.01667211404326662,0.01743957367512661,0.875636813144932,0.8745660771781075,179.0,159.0,7.780446927374305,5.2679245283018865,0.7188081936685291,0.0,7.142561205273069,5.269706498951781,6.256299603174603,1.2,1.2,267.66504,239.97576000000004,212.86150000000004,349.0400000000001,-445.19646000000006,-609.06424,-29071.60055999999,-32813.8063,-12.130841814595657,-12.927859638437612,6.598520710059172,-0.05394454062150508,0.0,0.9940828402366864,1.0,24.91715976331361,25.355029585798817,1.0,1.0,1.470414201183432,1.5018958579881658,0.3806706114398424,1.2396449704142012,1.0059171597633136,0.0,6669.08875739645,19.201183431952664,0.0,12.937869822485206,0.0,19.881656804733726,373.07100591715977,29.82248520710059,509.3905325443787,9.940828402366863,0.0,0.0,3.63905325443787
139,0.0908663232696972,0.09612143967694499,0.01692121334627324,0.017740048250371176,0.8771237343679281,0.8760232132759586,157.0,153.0,4.795010615711253,5.541830065359477,0.05371549893842888,0.0,4.741295116772824,5.541830065359477,5.136397849462366,1.2,1.2,241.78768000000002,223.81032,445.4757,400.1678,-703.68802,-676.35748,-29775.288579999993,-33490.163779999995,-11.270677419354834,-12.774250127683475,5.163602150537636,-0.03493397011402755,0.0,1.0,1.0,26.219354838709677,26.629032258064516,1.0,1.0,1.4935483870967743,1.5019290322580638,0.02720430107526882,1.1580645161290322,1.1225806451612903,0.0,6881.032258064516,1.632258064516129,0.0,14.806451612903226,0.0,20.0,308.18387096774194,30.0,508.6774193548387,10.0,0.0,0.0,0.0
140,0.09197017844675424,0.09793517587421229,0.017114238712987805,0.01800352578509166,0.8783758595321902,0.8775159038193368,168.0,177.0,6.330654761904766,5.809981167608286,0.07996031746031745,0.0031073446327683617,6.250694444444444,5.8068738229755175,6.022995169082126,1.2,1.2,256.49472000000003,268.58952,329.47299999999996,230.119,-572.9782799999999,-461.52948000000004,-30348.266859999992,-33951.69325999999,-11.75880541062802,-12.582640704121495,6.063526570048308,0.031167916455939502,0.0,1.0,1.0,25.281159420289853,25.66376811594203,1.0,1.0,1.5130434782608695,1.5219833043478255,0.04053140096618357,1.4173913043478261,1.6985507246376812,0.0,6948.672463768116,2.4318840579710144,0.0,14.73913043478261,0.0,20.0,361.3797101449275,30.0,517.0434782608696,10.0,0.0,0.0,0.0
141,0.09347272747750371,0.09966978938612327,0.01737969985287868,0.018290103756475412,0.8797974603814073,0.8788944357762064,182.0,162.0,6.4989926739926736,5.404629629629628,0.07454212454212455,0.0,6.42554945054945,5.404629629629629,5.944767441860465,1.2,1.2,275.82104000000004,244.4112,343.7607,455.9155,-567.93966,-711.5043000000001,-30916.206519999992,-34663.19755999999,-11.665022868217056,-12.49908477583823,5.983624031007753,0.01808419900465903,0.0,1.0,1.0,26.066860465116278,26.48546511627907,1.0,1.0,1.4709302325581395,1.5123030232558137,0.03943798449612403,1.7034883720930232,1.2732558139534884,0.0,6523.706395348837,2.366279069767442,0.0,14.668604651162791,0.0,20.0,356.6511627906977,30.0,513.0174418604652,10.0,0.0,0.0,0.0
142,0.0949653823548235,0.10121704832556645,0.017613691108528718,0.018567819566895113,0.8812726259854066,0.8801907082808271,179.0,168.0,6.0013966480446905,6.973809523809526,0.013128491620111732,0.10248015873015874,5.988268156424581,6.872619047619047,6.416426512968299,1.2,1.2,269.31944,260.12208,406.81579999999997,334.37480000000005,-637.49636,-574.2527200000001,-31553.702879999993,-35237.45027999999,-11.9464772334294,-12.568253993598052,6.472190201729107,0.05136455282282496,0.0,1.0,1.0,25.755043227665706,26.221902017291065,1.0,1.0,1.484149855907781,1.5257680691642648,0.05638808837656099,1.5273775216138328,1.4956772334293948,0.0,6818.383285302593,3.38328530259366,0.0,14.440922190201729,0.0,20.0,384.94812680115274,30.0,518.6282420749279,10.0,0.0,0.0,0.0
143,0.09662379731470319,0.1028988089643279,0.017970299136223944,0.01896415585311763,0.882568954347662,0.8814604801417351,191.0,156.0,6.581500872600347,5.149358974358974,0.19153577661431062,0.0,6.391099476439791,5.149358974358974,5.8328530259366,1.2,1.2,297.31232,239.10071999999997,342.88530000000003,404.94030000000004,-545.57298,-665.8395800000001,-32099.275859999994,-35903.28985999999,-11.860975600384242,-13.002176047652885,5.937656099903937,-0.05635368361082458,0.0,1.0,1.0,26.368876080691642,26.821325648414987,1.0,1.0,1.4495677233429394,1.5458589048991345,0.10542747358309316,1.6685878962536023,1.106628242074928,0.0,6933.0547550432275,6.325648414985591,0.0,14.219020172910662,0.0,20.0,349.9337175792507,30.0,526.985590778098,10.0,0.0,0.0,0.0
144,0.09872098841317914,0.10460785439003116,0.018237409196791222,0.01926970625772171,0.8838280220779541,0.8826234179817799,197.0,139.0,5.239001692047376,5.493045563549161,0.0,0.0,5.239340101522842,5.495083932853718,5.34513888888889,1.2,1.2,291.77768000000003,213.77992,386.8325,421.19829999999996,-595.05482,-707.41838,-32694.330679999995,-36610.70823999999,-11.360242063492056,-12.776477532439603,5.3440972222222225,-0.04937996945206097,0.0,1.0,1.0,27.723214285714285,28.11904761904762,1.0,1.0,1.4136904761904763,1.504635714285714,0.0,1.3571428571428572,1.0357142857142858,0.0,6801.443452380952,0.0,0.0,15.0,0.0,20.0,320.6458333333333,30.0,509.82738095238096,10.0,0.0,0.0,0.0
145,0.10054488204329691,0.10578579957176097,0.01853199225967381,0.019577736930987594,0.8850709031690717,0.8838489159696306,189.0,182.0,5.3663139329806,8.460073260073262,0.0,0.9869963369963372,5.366313932980599,7.558333333333334,6.435591689250225,1.2,1.2,289.7412,278.41416000000004,450.066,196.91449999999995,-660.3248,-418.50033999999994,-33354.655479999994,-37029.20857999999,-12.350098831985628,-12.851086478831846,6.884007187780775,-0.012170813030057159,0.0,0.9946091644204852,1.0,26.63611859838275,27.024258760107816,1.0,1.0,1.490566037735849,1.5314160646900266,0.4841868823000899,1.4878706199460916,1.5309973045822103,0.0,6929.708894878706,25.735849056603772,0.0,12.35309973045822,0.0,19.892183288409704,383.989218328841,29.838274932614556,521.5956873315364,9.946091644204852,0.0,0.0,3.315363881401617
146,0.10278706254086938,0.10738672453775021,0.01878326175783286,0.01985109742579621,0.886253712700522,0.885123947353813,199.0,160.0,5.26356783919598,5.490416666666668,0.0,0.0,5.2635678391959795,5.4904166666666665,5.364670380687094,1.2,1.2,312.124,241.2448,328.33380000000005,466.32489999999996,-516.2098000000001,-725.0800999999999,-33870.86527999999,-37754.28867999999,-11.60344661095636,-12.748339756952317,5.3646703806870955,0.0004779631929745995,0.0,1.0,1.0,26.958217270194986,27.35376044568245,1.0,1.0,1.4456824512534818,1.541417270194985,0.0,1.5710306406685237,1.2395543175487465,0.0,7056.896935933148,0.0,0.0,15.0,0.0,20.0,321.88022284122565,30.0,525.1476323119778,10.0,0.0,0.0,0.0
147,0.10480916237994416,0.10872944454076841,0.019117988941886398,0.02023356357018514,0.8874337175682336,0.8864341357719004,185.0,186.0,5.110360360360359,6.78915770609319,0.0,0.5224910394265233,5.112612612612612,6.30054054054054,5.706576576576577,1.2,1.2,278.12048000000004,284.16896,475.34850000000006,259.9718,-697.22802,-475.80283999999995,-34568.09329999999,-38230.09151999999,-11.775452650494158,-12.792099228924824,5.952021563342319,-0.050271962089424,0.0,0.9973045822102425,1.0,27.264150943396228,27.81401617250674,1.0,1.0,1.5013477088948788,1.5156049595687329,0.2619496855345912,1.307277628032345,1.3800539083557952,0.0,6836.016172506738,14.059299191374663,0.0,13.485175202156334,0.0,19.946091644204852,341.4043126684636,29.919137466307276,514.7088948787062,9.973045822102426,0.0,0.0,1.6576819407008085
148,0.10661929465569916,0.11028101004977975,0.019362450218153398,0.02049440588218447,0.8887977369866727,0.8875474483691141,171.0,174.0,5.534502923976604,5.251915708812259,0.0,0.043773946360153256,5.534990253411306,5.209386973180077,5.370772946859903,1.2,1.2,274.19471999999996,265.63560000000007,433.5047,451.9195,-659.30998,-686.2838999999999,-35227.40327999999,-38916.37541999999,-11.763251014492756,-13.159590796502293,5.391980676328503,-0.08552987150777876,0.0,1.0,1.0,28.576811594202898,29.04927536231884,1.0,1.0,1.5043478260869565,1.5647255652173915,0.022077294685990338,1.3014492753623188,1.3565217391304347,0.0,7044.849275362319,1.3246376811594203,0.0,14.655072463768116,0.0,20.0,322.1942028985507,30.0,534.8492753623188,10.0,0.0,0.0,0.0
149,0.10818672826033955,0.11190623592436562,0.019682233424488292,0.020842232148973017,0.8899563650737049,0.8886924143696987,194.0,175.0,7.00670103092783,5.850476190476191,0.05292096219931271,0.0025714285714285713,6.9550687285223365,5.850571428571429,6.4312556458897925,1.2,1.2,303.56912,263.0368,285.21650000000005,361.73910000000006,-481.64738000000006,-598.7023,-35709.05065999999,-39515.07771999999,-12.003151580849133,-12.870524041302847,6.4583559168924936,0.007615631128505496,0.0,1.0,1.0,28.197831978319783,28.62872628726287,1.0,1.0,1.4742547425474255,1.535517398373984,0.02904245709123758,1.5853658536585367,1.2357723577235773,0.0,6769.211382113821,1.7425474254742548,0.0,14.7289972899729,0.0,20.0,385.75880758807585,30.0,522.6666666666666,10.0,0.0,0.0,0.0
150,0.11002668849224305,0.11365933887607145,0.020020508016329184,0.021231800139522295,0.8910050324813217,0.8899931043863807,203.0,179.0,6.2616584564860425,5.566387337057729,0.05591133004926109,0.00223463687150838,6.207799671592776,5.565828677839852,5.906980802792321,1.2,1.2,331.36832000000004,272.69120000000004,304.40310000000005,327.9475,-473.03478,-555.2563,-36182.085439999995,-40070.33401999999,-12.086712739965089,-13.120032108029232,5.935863874345547,-0.035364419716580046,0.0,1.0,1.0,28.81675392670157,29.259162303664922,1.0,1.0,1.468586387434555,1.581307643979057,0.030759162303664926,1.5,1.0235602094240839,0.0,6967.568062827225,1.8455497382198953,0.0,14.510471204188482,0.0,20.0,354.3062827225131,30.0,541.7486910994764,10.0,0.0,0.0,0.0
151,0.11235254779554424,0.1150245165279292,0.02031556818853431,0.02154867027893376,0.8920378793088358,0.8910664433814854,177.0,183.0,4.337664783427496,7.713934426229508,0.0,0.2882513661202186,4.340489642184558,7.4256830601092885,5.9087962962962965,1.2,1.2,256.85208,280.93752000000006,513.9197,414.3517,-757.06762,-633.41418,-36939.15306,-40703.74819999999,-11.57528148148148,-12.420220351983614,6.053935185185182,0.015560399216877031,0.0,1.0,1.0,29.780555555555555,30.233333333333334,1.0,1.0,1.5083333333333333,1.49386,0.14652777777777778,1.0666666666666667,1.4944444444444445,0.0,6739.769444444444,8.791666666666666,0.0,13.511111111111111,0.0,20.0,354.44444444444446,30.0,505.3222222222222,10.0,0.0,0.0,0.0
152,0.11422192912797093,0.11601595523403035,0.02069578075848385,0.021928411238026926,0.8931566693906746,0.892092745719429,190.0,186.0,6.530701754385963,6.323924731182798,0.06859649122807017,0.0507168458781362,6.462631578947369,6.27320788530466,6.368927304964538,1.2,1.2,297.5869600000001,289.73808,343.3813,358.61429999999996,-545.7943399999999,-568.8762199999999,-37484.9474,-41272.624419999986,-12.16069645390071,-13.00271261548185,6.42841312056738,0.013464005448060581,0.0,1.0,1.0,29.29787234042553,29.736702127659573,1.0,1.0,1.4946808510638299,1.5620346808510635,0.05975177304964539,1.2313829787234043,1.1808510638297873,0.0,6884.390957446809,3.5851063829787235,0.0,14.38031914893617,0.0,20.0,382.11968085106383,30.0,533.7473404255319,10.0,0.0,0.0,0.0
153,0.11597617945111181,0.11814409331054539,0.021085171307773837,0.022264526628586606,0.8941977979260916,0.893140057745447,169.0,170.0,4.417554240631165,4.47078431372549,0.0,0.020294117647058824,4.417554240631164,4.451470588235294,4.434562438544739,1.2,1.2,255.88336000000004,259.64648,458.27590000000004,448.3315999999999,-702.39254,-688.6851199999999,-38187.33994,-41961.30953999999,-11.10311465093412,-12.85973162669949,4.44424778761062,-0.07024421160771702,0.0,1.0,1.0,30.938053097345133,31.31268436578171,1.0,1.0,1.5014749262536873,1.5207369911504425,0.010176991150442478,1.1415929203539823,1.1504424778761062,0.0,6810.548672566371,0.6106194690265486,0.0,14.91150442477876,0.0,20.0,266.04424778761063,30.0,516.5191740412979,10.0,0.0,0.0,0.0
154,0.11736865498517433,0.11942754756599765,0.021483988125475344,0.022658551139084968,0.8952787831041238,0.8942890697549043,218.0,194.0,7.934403669724769,7.185910652920961,0.3505351681957186,0.42585910652920966,7.583868501529052,6.795077720207255,7.213463098134632,1.2,1.2,328.04336000000006,293.07255999999995,251.41069999999996,310.85069999999996,-423.3673399999999,-517.77814,-38610.707279999995,-42479.08767999999,-12.412639158576033,-12.828439418881423,7.581957928802585,0.03136199344522202,0.0,0.9975728155339806,1.0,30.439320388349515,30.881067961165048,1.0,1.0,1.470873786407767,1.5075629126213577,0.3860032362459548,1.383495145631068,1.3422330097087378,0.0,6703.796116504855,21.66747572815534,0.0,12.0,0.0,19.95145631067961,431.75728155339806,29.92718446601942,511.3252427184466,9.975728155339805,0.0,0.0,1.4927184466019416
155,0.1199145434021421,0.12120104691030903,0.021952442327640972,0.023181507516026774,0.8963323301638891,0.895440509200257,190.0,182.0,4.012192982456139,5.134615384615381,0.0078070175438596495,0.0,4.006578947368421,5.134798534798534,4.558557347670251,1.2,1.2,283.6408,273.3852800000001,545.1057999999999,430.88,-761.4649999999999,-657.4947199999999,-39372.17227999999,-43136.58239999999,-11.000753763440857,-12.725275067878075,4.56133512544803,-0.10263658454262783,0.0,1.0,1.0,31.56989247311828,32.01075268817204,1.0,1.0,1.489247311827957,1.4973819354838718,0.003987455197132617,0.9354838709677419,1.2311827956989247,0.0,6960.919354838709,0.239247311827957,0.0,14.879032258064516,0.0,20.0,273.44086021505376,30.0,506.7930107526882,10.0,0.0,0.0,0.0
156,0.12161061095864822,0.12316144625905562,0.02230192475100031,0.02352773749413155,0.8973296441135151,0.8964569251474169,193.0,165.0,5.427202072538858,4.544141414141412,0.0015544041450777201,0.0,5.427461139896373,4.546262626262626,5.021322160148976,1.2,1.2,286.8736,249.05208,404.7975,422.51789999999994,-617.9239,-673.4658199999999,-39990.09617999999,-43810.04821999999,-11.181867039106148,-12.976356135158948,5.020204841713222,-0.1182113810295395,0.0,1.0,1.0,32.43296089385475,32.865921787709496,1.0,1.0,1.4608938547486034,1.4969991061452506,0.0008379888268156424,1.1229050279329609,0.8463687150837989,0.0,6746.932960893855,0.05027932960893855,0.0,14.955307262569832,0.0,20.0,301.16201117318434,30.0,506.6368715083799,10.0,0.0,0.0,0.0
157,0.12362505382856051,0.12455308178494069,0.022756973710479775,0.024033042291379023,0.8983008897621325,0.8974353502148402,176.0,203.0,5.394981060606065,6.15057471264368,0.002556818181818182,0.0675697865353038,5.394223484848485,6.083004926108374,5.763148636763412,1.2,1.2,266.32304,305.2112000000001,455.79540000000003,260.54169999999993,-689.47236,-455.33049999999986,-40679.56853999999,-44265.378719999986,-11.56394335971855,-12.828519153699492,5.799692172383458,-0.0743030798881758,0.0,1.0,1.0,32.06068601583114,32.45118733509235,1.0,1.0,1.5356200527704484,1.5080059102902361,0.037379067722075644,1.1372031662269129,1.4195250659630607,0.0,7121.150395778364,2.242744063324538,0.0,14.556728232189974,0.0,20.0,345.7387862796834,30.0,511.21108179419525,10.0,0.0,0.0,0.0
158,0.12492624573377226,0.12635405573621653,0.023085554984417514,0.0244063906639562,0.8992374765483542,0.8985026921143584,183.0,204.0,5.372495446265941,6.101225490196075,0.018032786885245903,0.0018790849673202615,5.354462659380691,6.09934640522876,5.747114556416881,1.2,1.2,277.69416,303.68448,367.05330000000004,438.98760000000004,-589.35914,-635.30312,-41268.92767999999,-44900.68183999998,-11.510137467700249,-12.770157015977182,5.75663221360896,-0.03247761641409334,0.0,1.0,1.0,31.325581395348838,31.718346253229974,1.0,1.0,1.5271317829457365,1.5022703875968972,0.009517657192075797,1.3281653746770026,0.979328165374677,0.0,6938.976744186047,0.5710594315245479,0.0,14.767441860465116,0.0,20.0,344.8268733850129,30.0,508.8397932816537,10.0,0.0,0.0,0.0
159,0.12608177441052212,0.12809010269965063,0.023600156473802605,0.02489494818733564,0.9001186100889021,0.8995726779602936,219.0,184.0,7.231963470319635,4.95,0.8121004566210045,0.0,6.5109567901234575,4.952626811594202,5.794125,1.2,1.2,321.06072000000006,277.64896,295.70989999999995,471.79720000000003,-474.6491799999999,-694.14824,-41743.576859999994,-45594.830079999985,-11.97492241521919,-12.888741296423271,6.190074441687341,-0.06825010971040409,0.0,0.9925558312655087,1.0,33.13895781637717,33.588089330024815,1.0,1.0,1.456575682382134,1.4856319602977663,0.4413151364764268,1.2009925558312655,1.0843672456575681,0.0,6707.151364764268,21.90074441687345,0.0,12.531017369727047,0.0,19.851116625310173,344.9255583126551,29.77667493796526,502.7692307692308,9.925558312655086,0.0,0.0,4.578163771712159
160,0.12809354583113083,0.12996998253298697,0.02394788924836758,0.025286183424286714,0.9010625320422667,0.9006903370939288,193.0,185.0,4.4627806563039725,5.069189189189189,0.0,0.0,4.464507772020725,5.071081081081082,4.761375661375662,1.2,1.2,300.25048000000004,275.70344,510.1375,366.12440000000004,-709.8870199999999,-590.42096,-42453.463879999996,-46185.25103999999,-11.24811181657848,-13.021438106564966,4.759567901234566,-0.11380103858080377,0.0,1.0,1.0,33.351851851851855,33.79365079365079,1.0,1.0,1.4894179894179893,1.5236876190476194,0.0,1.2116402116402116,0.791005291005291,0.0,6661.304232804233,0.0,0.0,15.0,0.0,20.0,285.5740740740741,30.0,517.7539682539683,10.0,0.0,0.0,0.0
161,0.12970199018070228,0.131343226428537,0.024474642245082143,0.025828116166777885,0.9019678990950838,0.9016260618950347,188.0,186.0,4.789273049645387,5.140949820788534,0.0,0.009408602150537635,4.790336879432624,5.131541218637993,4.960026737967914,1.2,1.2,288.99920000000003,278.96616,379.55240000000003,416.2124,-590.5532000000001,-637.24624,-43044.01708,-46822.49727999999,-11.29765632798574,-13.016101422283244,4.9641711229946495,-0.08989655901976161,0.0,1.0,1.0,34.61229946524064,35.05614973262032,1.0,1.0,1.4973262032085561,1.5186239572192506,0.004679144385026738,1.106951871657754,1.1737967914438503,0.0,6692.2513368983955,0.2807486631016043,0.0,14.959893048128341,0.0,20.0,297.56951871657753,30.0,515.6604278074866,10.0,0.0,0.0,0.0
162,0.13131265025247926,0.13278443298941342,0.025028878455351657,0.026398590991556024,0.9029677925421554,0.9027513658157876,188.0,179.0,4.762411347517735,4.941899441340785,0.0,0.009869646182495345,4.765425531914893,4.933612662942272,4.847456857402362,1.2,1.2,280.28648000000004,262.7972,404.9993999999999,455.38900000000007,-624.7129199999999,-692.5918000000001,-43668.729999999996,-47515.08907999999,-11.003837602179837,-12.7452663276624,4.849954586739326,-0.056723997055542326,0.0,1.0,1.0,34.85013623978202,35.299727520435965,1.0,1.0,1.4877384196185286,1.4797920435967302,0.004813805631244323,0.888283378746594,1.0108991825613078,0.0,6693.2098092643055,0.2888283378746594,0.0,14.91825613079019,0.0,20.0,290.708446866485,30.0,499.46866485013624,10.0,0.0,0.0,0.0
163,0.13265687557713401,0.13456021305997456,0.025407111667702643,0.026754385005104415,0.9038658995408174,0.9036683771302643,207.0,191.0,4.950805152979066,5.3897033158813255,0.007165861513687601,0.0,4.943961352657005,5.390575916230367,5.158291457286433,1.2,1.2,306.93912000000006,291.86840000000007,338.12850000000003,332.0047,-531.18938,-540.1362999999999,-44199.91938,-48055.22537999999,-11.286568509212731,-12.84033405629579,5.161432160804021,-0.08079611458627912,0.0,1.0,1.0,34.243718592964825,34.69346733668342,1.0,1.0,1.479899497487437,1.5045415075376871,0.003726968174204355,1.0427135678391959,0.914572864321608,0.0,6640.015075376885,0.2236180904522613,0.0,14.952261306532664,0.0,20.0,309.46231155778895,30.0,509.786432160804,10.0,0.0,0.0,0.0
164,0.133985600143426,0.13583109971417995,0.02597578818820195,0.027347566747436717,0.9047526586432656,0.9046475603160825,198.0,194.0,5.128367003367004,5.8036941580756025,0.0,0.15678694158075598,5.129966329966329,5.648367697594502,5.386522108843537,1.2,1.2,298.76904,296.20136,478.5841999999999,384.0891,-679.8151599999999,-587.8877399999999,-44879.73454,-48643.11311999999,-11.491646258503396,-12.893042811373062,5.462585034013606,-0.07937385925502265,0.0,1.0,1.0,35.41581632653061,35.86479591836735,1.0,1.0,1.4948979591836735,1.5177816326530615,0.07759353741496597,1.0790816326530612,1.0918367346938775,0.0,6794.2704081632655,4.655612244897959,0.0,14.395408163265307,0.0,20.0,323.0994897959184,30.0,515.3112244897959,10.0,0.0,0.0,0.0
165,0.1355502460209252,0.1374715663636043,0.026560927241010175,0.027901771502210026,0.9056930464836943,0.9054865897412772,199.0,207.0,4.69815745393635,5.519484702093395,0.0,0.04790660225442834,4.698994974874372,5.472544283413848,5.093390804597701,1.2,1.2,293.3425600000001,318.79008,424.63880000000006,319.11479999999995,-631.2962399999999,-500.32471999999996,-45511.03078,-49143.437839999984,-11.289030870279143,-12.987754709582454,5.116912972085383,-0.11019595995717808,0.0,1.0,1.0,35.679802955665025,36.11576354679803,1.0,1.0,1.5098522167487685,1.5077158620689664,0.024425287356321837,0.8374384236453202,0.9778325123152709,0.0,6823.891625615764,1.4655172413793103,0.0,14.704433497536947,0.0,20.0,305.54926108374383,30.0,511.10591133004925,10.0,0.0,0.0,0.0
166,0.13698304919899046,0.1394756328554847,0.027023033692913884,0.028395252312382088,0.9065917166151647,0.9064878441991039,189.0,224.0,4.676543209876547,5.285639880952377,0.0,0.0,4.677248677248677,5.286681547619048,5.007788539144472,1.2,1.2,282.4764,334.12663999999995,451.98720000000003,391.78739999999993,-669.5108,-557.66076,-46180.541580000005,-49701.09859999998,-11.150892332526233,-12.769298782817428,5.006900726392252,-0.0683574005472096,0.0,1.0,1.0,36.14043583535109,36.57869249394673,1.0,1.0,1.5423728813559323,1.4929855690072644,0.0,0.9685230024213075,1.0242130750605327,0.0,6822.2518159806295,0.0,0.0,15.0,0.0,20.0,300.4140435835351,30.0,504.96125907990313,10.0,0.0,0.0,0.0
167,0.13843694211178306,0.14107556457698758,0.027634446729067987,0.029024238700071925,0.907456477006027,0.9072702186616349,206.0,206.0,6.269174757281549,4.731553398058251,0.10865695792880259,0.0,6.160517799352751,4.731553398058252,5.446035598705502,1.2,1.2,305.396,308.46728,379.4738,499.00239999999997,-574.0778,-690.53512,-46754.619380000004,-50391.63371999998,-11.328971844660188,-12.685622082457485,5.500364077669903,-0.025653999891212434,0.0,1.0,1.0,36.432038834951456,36.87621359223301,1.0,1.0,1.5,1.4899594174757276,0.054328478964401294,1.1189320388349515,1.1844660194174756,0.0,6864.771844660194,3.2597087378640777,0.0,14.62621359223301,0.0,20.0,326.7621359223301,30.0,503.70873786407765,10.0,0.0,0.0,0.0
168,0.14034697997843948,0.1426318161808756,0.028435887036623166,0.029747603310827122,0.9083294613885667,0.9080873797593567,179.0,213.0,4.298510242085663,4.995226917057903,0.0,0.0,4.299627560521415,4.996557120500783,4.678316326530613,1.2,1.2,260.20136,333.22512000000006,561.2345,390.2717,-801.03314,-557.04658,-47555.65252,-50948.680299999985,-11.152200000000006,-12.94329075531847,4.677083333333334,-0.09957954964623672,0.0,1.0,1.0,36.71173469387755,37.140306122448976,1.0,1.0,1.5433673469387754,1.5138430612244897,0.0,0.8647959183673469,1.1198979591836735,0.0,7080.459183673469,0.0,0.0,15.0,0.0,20.0,280.625,30.0,513.6454081632653,10.0,0.0,0.0,0.0
169,0.14177991124034786,0.1441140487836524,0.029226564044735136,0.03050674534404833,0.9091277319739749,0.9088909781724736,189.0,243.0,5.466137566137567,5.809945130315498,0.07231040564373896,0.09519890260630999,5.3957671957671955,5.714746227709191,5.575192901234567,1.2,1.2,285.39792,369.85992,348.6017,311.17779999999993,-563.20378,-441.31787999999995,-48118.85630000001,-51389.99817999999,-11.564095370370357,-12.96506201009981,5.659529320987657,-0.0648959214123183,0.0,1.0,1.0,36.1712962962963,36.629629629629626,1.0,1.0,1.5625,1.5168005555555555,0.08518518518518518,0.8356481481481481,1.1111111111111112,0.0,6909.712962962963,5.111111111111111,0.0,14.037037037037036,0.0,20.0,334.46064814814815,30.0,514.8842592592592,10.0,0.0,0.0,0.0
170,0.14277375174726734,0.14604158367476136,0.02979648673193524,0.031145777775191022,0.9098764085909129,0.9097104695090178,217.0,195.0,7.063210445468511,3.9151282051282035,0.24201228878648243,0.0,6.822657450076806,3.9189743589743586,5.4483414239482215,1.2,1.2,323.25496,292.77000000000004,355.1779000000001,632.2792000000001,-531.9229400000002,-839.5092,-48650.77924,-52229.50737999999,-11.391597411003238,-12.863092751239167,5.5732200647249135,-0.09089843193295487,0.0,1.0,1.0,37.52427184466019,37.93689320388349,1.0,1.0,1.4733009708737863,1.4952062135922328,0.12746763754045312,1.0558252427184467,1.0024271844660195,0.0,6980.089805825242,7.648058252427185,0.0,14.007281553398059,0.0,20.0,326.74514563106794,30.0,505.88349514563106,10.0,0.0,0.0,0.0
171,0.144610591847931,0.1480297008829117,0.030363183794024636,0.031772612027050354,0.9108474467386587,0.9105053028026735,200.0,223.0,4.844833333333334,6.073542600896859,0.0,0.08370702541106129,4.847833333333333,5.9898355754858,5.449881796690308,1.2,1.2,310.23824,327.75928000000005,494.7212999999999,318.4192,-684.4830599999999,-490.65991999999994,-49335.2623,-52720.16729999999,-11.442831205673752,-12.907067403677361,5.492592592592591,-0.0745842323545467,0.0,1.0,1.0,38.297872340425535,38.73286052009456,1.0,1.0,1.5271867612293144,1.5082683687943264,0.04412923561859732,0.9692671394799054,1.037825059101655,0.0,6928.74231678487,2.647754137115839,0.0,14.418439716312056,0.0,20.0,326.9078014184397,30.0,511.3356973995272,10.0,0.0,0.0,0.0
172,0.14618979431010026,0.14964574872785696,0.031106417975978885,0.032577052094633366,0.9116169372778661,0.9112300833082494,203.0,200.0,4.503940886699507,4.838250000000004,0.0,0.0,4.50623973727422,4.840416666666666,4.672084367245659,1.2,1.2,301.20272,300.36368000000004,397.2146000000001,523.7224000000001,-596.01188,-723.3587200000001,-49931.27418,-53443.52601999998,-11.014380479735323,-12.87135196930173,4.669851116625309,-0.12688506443626218,0.0,1.0,1.0,38.96277915632754,39.38957816377171,1.0,1.0,1.4962779156327544,1.4927205955334988,0.0,0.8660049627791563,0.9851116625310173,0.0,6757.831265508685,0.0,0.0,15.0,0.0,20.0,280.1910669975186,30.0,504.85111662531017,10.0,0.0,0.0,0.0
173,0.1476769650883698,0.15110083262961735,0.03173844303964279,0.03321640552894293,0.9123463105768662,0.9119668301421542,237.0,194.0,6.438255977496483,5.168298969072166,0.08129395218002813,0.0,6.357805907172994,5.1708762886597945,5.823549883990719,1.2,1.2,365.38776,293.37080000000003,286.2939,436.2218000000001,-420.90614,-642.8510000000001,-50352.18032,-54086.377019999985,-11.721329002320195,-12.953222675444195,5.866627996906428,-0.044872644204489984,0.0,1.0,1.0,38.75174013921114,39.17169373549884,1.0,1.0,1.4501160092807424,1.5284421345707646,0.04470224284609436,1.4106728538283062,1.0162412993039442,0.0,6975.7772621809745,2.6821345707656614,0.0,14.519721577726218,0.0,20.0,349.3155452436195,30.0,519.7401392111369,10.0,0.0,0.0,0.0
174,0.1496615587541331,0.1522943401850082,0.03219276312461374,0.03371325051520122,0.9130516362501835,0.9126699077406714,217.0,234.0,4.985176651305684,6.187108262108261,0.0,0.2692307692307693,4.98594470046083,5.918447293447294,5.469770879526977,1.2,1.2,331.87,349.99608,557.9606999999999,262.96439999999996,-726.0906999999999,-412.96831999999995,-51078.27102,-54499.345339999985,-11.512417738359193,-12.864200392463827,5.608795269770878,-0.03382912854251615,0.0,1.0,1.0,38.40133037694013,38.80266075388027,1.0,1.0,1.5188470066518847,1.5118981818181823,0.13968957871396898,0.8802660753880266,1.2971175166297118,0.0,6991.556541019956,8.381374722838137,0.0,13.922394678492239,0.0,20.0,328.1463414634146,30.0,512.8226164079823,10.0,0.0,0.0,0.0
175,0.15172518194937973,0.15388028337359191,0.03278108168351138,0.03436068824002931,0.9138117339695344,0.913414414076788,231.0,194.0,5.178932178932176,3.471391752577318,0.03354978354978355,0.0,5.1473304473304475,3.471907216494845,4.382549019607843,1.2,1.2,354.26616,287.57168,388.5087000000001,576.7212,-534.2425400000001,-789.1495199999999,-51612.51356,-55288.494859999984,-11.01793537254901,-13.026826401043927,4.399490196078433,-0.10178725395784298,0.0,1.0,1.0,40.6,41.04,1.0,1.0,1.4564705882352942,1.5102066823529396,0.018235294117647058,1.131764705882353,0.7082352941176471,0.0,6916.882352941177,1.0941176470588236,0.0,14.708235294117648,0.0,20.0,262.87529411764706,30.0,512.1317647058823,10.0,0.0,0.0,0.0
176,0.15350218592466702,0.15504367282050377,0.033355991054455844,0.03497719257306494,0.9145243459499257,0.9141870304670077,238.0,198.0,4.968977591036415,5.085016835016836,0.0,0.001430976430976431,4.970658263305322,5.085016835016835,5.022591743119267,1.2,1.2,351.95704,308.21256000000005,450.0254999999999,334.0681,-598.06846,-525.85554,-52210.58202,-55814.35039999998,-11.292029051987766,-12.861028530942802,5.021674311926605,-0.06483790361281606,0.0,1.0,1.0,41.16743119266055,41.62844036697248,1.0,1.0,1.4541284403669725,1.5141504587155958,0.0006498470948012232,1.18348623853211,0.963302752293578,0.0,6991.607798165138,0.0389908256880734,0.0,14.961009174311927,0.0,20.0,301.26146788990826,30.0,513.7821100917431,10.0,0.0,0.0,0.0
177,0.15540693613822046,0.15693965099417173,0.03415042590401574,0.03581438397935159,0.9152535764284069,0.9149149432475762,195.0,228.0,3.92478632478632,6.036695906432746,0.0,0.006652046783625731,3.925299145299145,6.030847953216374,5.060204885736801,1.2,1.2,282.168,345.19728000000003,663.8391,332.0348,-881.6711,-486.83752,-53092.25312,-56301.18791999998,-11.110456422379825,-12.943220793259435,5.063120567375883,-0.12190806451738531,0.0,1.0,1.0,41.167848699763596,41.59574468085106,1.0,1.0,1.5390070921985815,1.4831330496453892,0.0035855003940110323,0.7210401891252955,1.0354609929078014,0.0,7226.7163120567375,0.21513002364066194,0.0,14.893617021276595,0.0,20.0,303.5721040189125,30.0,500.8628841607565,10.0,0.0,0.0,0.0
178,0.1568052174789715,0.15830987192375529,0.03480109351988868,0.036503233942561275,0.9159121783590202,0.9156537611908632,223.0,208.0,5.5807922272047845,4.613141025641026,0.0047085201793721975,0.0,5.576083707025411,4.614823717948719,5.112180974477958,1.2,1.2,339.67744000000005,299.6272,269.32059999999996,579.9719,-429.6431599999999,-780.3447,-53521.89628,-57081.53261999998,-11.131809435421493,-12.757638682690853,5.113805104408351,-0.1014716222738993,0.0,1.0,1.0,40.98607888631091,41.38747099767981,1.0,1.0,1.482598607888631,1.4833054292343375,0.0024361948955916473,1.051044083526682,0.8747099767981439,0.0,7047.786542923433,0.14617169373549885,0.0,14.932714617169374,0.0,20.0,306.68213457076564,30.0,500.9280742459397,10.0,0.0,0.0,0.0
179,0.1584299077293333,0.15960500046129011,0.03556259741424034,0.03717180689868762,0.9166159870235474,0.9163609711275971,226.0,202.0,5.051991150442475,5.490511551155116,0.0,0.0,5.055973451327434,5.490511551155116,5.261059190031153,1.2,1.2,336.54928000000007,295.05976,435.346,502.42740000000003,-598.7967199999999,-707.36764,-54120.693,-57788.90025999998,-11.141429595015573,-12.754600818969902,5.258956386292836,-0.08898703180609714,0.0,1.0,1.0,41.768691588785046,42.21495327102804,1.0,1.0,1.47196261682243,1.4757220560747653,0.0,1.1799065420560748,0.7827102803738317,0.0,6971.82476635514,0.0,0.0,15.0,0.0,20.0,315.5373831775701,30.0,497.7710280373832,10.0,0.0,0.0,0.0
180,0.1599584366831819,0.16104805345770778,0.03629838653141259,0.03789788077311118,0.9173667737780419,0.9170019723349948,225.0,213.0,4.522814814814813,5.543035993740219,0.0,0.0002347417840375587,4.524962962962963,5.542801251956182,5.0199391171993915,1.2,1.2,328.91351999999995,317.25624000000005,497.1475,386.7001000000001,-668.23398,-569.4438600000001,-54788.92698,-58358.34411999998,-11.042577168949768,-12.779396323610392,5.0189497716895035,-0.10149319369820038,0.0,1.0,1.0,41.66438356164384,42.12557077625571,1.0,1.0,1.4863013698630136,1.4752734246575334,0.00011415525114155252,1.0684931506849316,0.821917808219178,0.0,6961.776255707762,0.00684931506849315,0.0,14.993150684931507,0.0,20.0,301.13013698630135,30.0,497.5890410958904,10.0,0.0,0.0,0.0
181,0.1615049196243013,0.16263603097732246,0.03721526728748675,0.03890764105055896,0.9180070915271955,0.9176848897523519,210.0,250.0,5.321428571428569,5.699599999999999,0.0,0.12300000000000003,5.3238095238095235,5.5766,5.461195652173913,1.2,1.2,324.2004,373.17376,530.4281,300.2315000000001,-706.2276999999999,-427.0577400000001,-55495.15468,-58785.401859999976,-11.506146666666663,-12.919508944133126,5.526956521739134,-0.07535704950926368,0.0,1.0,1.0,42.29782608695652,42.74130434782609,1.0,1.0,1.5434782608695652,1.5160307826086952,0.06684782608695654,0.8326086956521739,1.0239130434782608,0.0,6887.786956521739,4.010869565217392,0.0,14.302173913043479,0.0,20.0,327.6065217391304,30.0,514.5630434782609,10.0,0.0,0.0,0.0
182,0.16287625702518793,0.1649834169590168,0.0379414409031939,0.039613371062015214,0.9186131814996966,0.9184173726052385,214.0,249.0,5.768769470404985,4.355220883534136,0.004517133956386293,0.0,5.764485981308412,4.3557563587684065,5.006875449964003,1.2,1.2,321.10720000000003,371.42328,440.62669999999997,489.67589999999996,-619.5194999999999,-618.25262,-56114.67418,-59403.654479999976,-11.169119654427652,-12.669869160246776,5.008567314614832,-0.002193050094334109,0.0,1.0,1.0,42.0475161987041,42.47732181425486,1.0,1.0,1.5377969762419006,1.4957461771058305,0.002087832973362131,1.1900647948164147,1.0345572354211663,0.0,6762.563714902808,0.12526997840172785,0.0,14.967602591792657,0.0,20.0,300.38876889848814,30.0,506.08855291576674,10.0,0.0,0.0,0.0
183,0.16427326157742028,0.16654040382376895,0.03871399160501067,0.04053406435417559,0.9192871438481882,0.9190703932602768,197.0,245.0,4.407445008460236,5.7397959183673475,0.0,0.009795918367346938,4.408460236886633,5.730136054421768,5.1410633484162895,1.2,1.2,287.91967999999997,374.19392000000005,488.9323,530.5489,-701.01262,-656.35498,-56815.6868,-60060.00945999997,-11.238426847662131,-12.93254742138154,5.1459653092006015,-0.092132820793401,0.0,1.0,1.0,44.46606334841629,44.89592760180995,1.0,1.0,1.5542986425339367,1.4979945701357456,0.005429864253393665,0.7330316742081447,0.995475113122172,0.0,6783.090497737557,0.3257918552036199,0.0,14.875565610859729,0.0,20.0,308.4321266968326,30.0,507.0203619909502,10.0,0.0,0.0,0.0
184,0.16580676514328133,0.16872670848834512,0.039633886764771115,0.041507623215873445,0.9199210063712658,0.9197277978290467,208.0,246.0,4.449839743589743,4.045867208672088,0.0,0.0,4.450320512820512,4.047696476964769,4.23215859030837,1.2,1.2,307.76056000000005,374.88840000000005,377.9775,467.95980000000003,-570.21694,-593.0714,-57385.90374,-60653.08085999997,-10.908564170337735,-12.839553694293187,4.230947136563877,-0.12304667481754152,0.0,1.0,1.0,43.62775330396476,44.0374449339207,1.0,1.0,1.5418502202643172,1.5036320704845814,0.0,0.8458149779735683,1.039647577092511,0.0,6826.11013215859,0.0,0.0,15.0,0.0,20.0,253.8568281938326,30.0,509.40748898678413,10.0,0.0,0.0,0.0
185,0.16743744836363528,0.170249900901273,0.040289790108326375,0.04220876920150511,0.920522284970286,0.9203591032884446,249.0,213.0,5.138821954484605,4.490766823161192,0.3068942436412316,0.0,4.890853658536586,4.49076682316119,4.70519244734931,1.2,1.2,361.12248,311.08104000000003,308.3949,659.3701000000001,-447.27242,-848.2890600000001,-57833.17616,-61501.369919999976,-11.294941125541115,-12.792905828728719,4.840043290043285,-0.10388488475605473,0.0,0.9935064935064936,1.0,43.77272727272727,44.19047619047619,1.0,1.0,1.4610389610389611,1.4549859740259738,0.1654040404040404,0.9675324675324676,0.6861471861471862,0.0,6604.160173160173,5.93073593073593,0.0,14.235930735930737,0.0,19.87012987012987,280.47835497835496,29.805194805194805,489.8809523809524,9.935064935064934,0.0,0.0,3.9935064935064934
186,0.16865564262261834,0.17179351375862828,0.041133179467760614,0.043030109026485776,0.9211756770076888,0.9209659089409897,243.0,212.0,4.920919067215359,5.06556603773585,0.0,0.0,4.922496570644718,5.065566037735849,4.9891575091575096,1.2,1.2,371.37095999999997,313.24256,509.2724999999999,440.4531,-637.90154,-627.21054,-58471.0777,-62128.580459999976,-11.217972747252736,-12.909099761895703,4.988315018315017,-0.07338220866721609,0.0,1.0,1.0,45.35824175824176,45.79560439560439,1.0,1.0,1.4659340659340658,1.5046450989010987,0.0,0.9494505494505494,0.8901098901098901,0.0,6868.6175824175825,0.0,0.0,15.0,0.0,20.0,299.2989010989011,30.0,509.82637362637365,10.0,0.0,0.0,0.0
187,0.16999704454236794,0.1732679606056002,0.04190799633244156,0.043839079391625395,0.9218256724928402,0.9215687308090675,221.0,236.0,4.148114630467573,5.281779661016947,0.0,0.0,4.149170437405731,5.281779661016949,4.734062727935813,1.2,1.2,336.89552000000003,350.47616000000005,517.1744,349.27889999999996,-680.27888,-498.8027399999999,-59151.35658,-62627.383199999975,-11.112491028446382,-12.890187316978164,4.733552151714073,-0.1035694087342692,0.0,1.0,1.0,45.183807439824946,45.645514223194745,1.0,1.0,1.5164113785557987,1.5040955798687083,0.0,0.8862144420131292,0.8512035010940919,0.0,6771.901531728665,0.0,0.0,15.0,0.0,20.0,284.01312910284463,30.0,509.5776805251641,10.0,0.0,0.0,0.0
188,0.17099424400068053,0.17464814542154364,0.04291924209337145,0.04486779060925601,0.9224107385355389,0.922244916326661,246.0,213.0,5.947967479674797,4.740845070422535,0.0483739837398374,0.0,5.899593495934959,4.740845070422536,5.3618736383442265,1.2,1.2,358.98192,319.03992000000005,409.5719,586.2165,-550.58998,-767.17658,-59701.94656,-63394.559779999974,-11.202169644153953,-12.646980636175666,5.387799564270155,-0.007189415872695695,0.0,1.0,1.0,45.851851851851855,46.28322440087146,1.0,1.0,1.4640522875816993,1.4771717647058813,0.025925925925925925,1.0,0.7516339869281046,0.0,6966.531590413943,1.5555555555555556,0.0,14.583877995642702,0.0,20.0,321.7124183006536,30.0,498.35729847494554,10.0,0.0,0.0,0.0
189,0.17275583038621742,0.17654639784189272,0.04373319877283674,0.04571752995490482,0.9229735961797004,0.9228186323417283,238.0,209.0,4.777030812324933,4.28907496012759,0.011134453781512605,0.0,4.768767507002802,4.289074960127592,4.544481730052199,1.2,1.2,341.17960000000005,312.73807999999997,589.8402000000001,416.21080000000006,-748.6606,-603.4727200000001,-60450.60716,-63998.03249999997,-10.77549231916479,-12.760576906697096,4.5488814317673345,-0.13019968151158476,0.0,1.0,1.0,46.23713646532438,46.624161073825505,1.0,1.0,1.4675615212527964,1.462903087248321,0.005928411633109619,0.8299776286353467,0.70917225950783,0.0,7055.24384787472,0.35570469798657717,0.0,14.87695749440716,0.0,20.0,272.5771812080537,30.0,492.42729306487695,10.0,0.0,0.0,0.0
190,0.17443134706830382,0.17781483062918943,0.044648817720403515,0.046656006180192396,0.9235427156828782,0.9234423265188831,247.0,229.0,4.713022941970314,5.533697234352258,0.0,0.009315866084425039,4.7137651821862345,5.524818049490539,5.103956582633053,1.2,1.2,368.1342400000001,344.73879999999997,454.339,371.0399999999999,-586.2047599999999,-526.3011999999999,-61036.81192,-64524.333699999974,-11.220970308123245,-12.804727542189497,5.107843137254896,-0.08988425465711161,0.0,1.0,1.0,46.88655462184874,47.313025210084035,1.0,1.0,1.48109243697479,1.497632436974789,0.004481792717086835,1.0021008403361344,1.0210084033613445,0.0,6682.941176470588,0.2689075630252101,0.0,14.892857142857142,0.0,20.0,306.20168067226894,30.0,506.9012605042017,10.0,0.0,0.0,0.0
191,0.17590467108886373,0.1790550517772913,0.04543902430428322,0.047386440761155994,0.9240964489918636,0.9240004675577274,235.0,254.0,4.643687943262415,5.958792650918636,0.0,0.0928477690288714,4.645177304964539,5.8671259842519685,5.279890933878664,1.2,1.2,360.49768000000006,370.81928000000005,527.0790000000001,435.6118,-666.58132,-564.79252,-61703.39324,-65089.12621999998,-11.295183640081802,-12.775109269028205,5.326789366053164,-0.07526969390971366,0.0,1.0,1.0,46.697341513292436,47.16564417177914,1.0,1.0,1.5194274028629857,1.4955357055214713,0.04822767552828903,0.8670756646216768,1.0572597137014315,0.0,6881.748466257669,2.8936605316973414,0.0,14.47034764826176,0.0,20.0,316.71370143149284,30.0,506.0368098159509,10.0,0.0,0.0,0.0
192,0.17743914170923603,0.18094070702400405,0.04624062955950938,0.04824273824630515,0.9246626331501884,0.9246199321604741,230.0,234.0,4.475652173913049,4.301923076923075,0.0,0.0,4.478405797101449,4.303703703703704,4.390301724137931,1.2,1.2,338.95256000000006,360.03168000000005,467.8247,516.1129000000001,-628.87214,-656.08122,-62332.26538,-65745.20743999997,-10.989197988505742,-13.06873866539422,4.3880387931034495,-0.14688908452402044,0.0,1.0,1.0,47.89224137931034,48.327586206896555,1.0,1.0,1.5043103448275863,1.5064315517241367,0.0,0.5560344827586207,0.9073275862068966,0.0,6880.890086206897,0.0,0.0,15.0,0.0,20.0,263.2823275862069,30.0,510.54741379310343,10.0,0.0,0.0,0.0
193,0.17870292026829673,0.182060129933256,0.04711521947435244,0.04912247342740485,0.9251979098540734,0.9252744907887093,236.0,228.0,4.699435028248588,5.304239766081869,0.07408192090395481,0.0,4.625776836158193,5.304751461988304,4.95941091954023,1.2,1.2,347.38280000000003,336.156,450.70849999999996,503.61359999999996,-603.3256999999999,-667.4576,-62935.59108,-66412.66503999996,-11.020001436781616,-12.765041180571561,4.996623563218389,-0.1161797001066991,0.0,1.0,1.0,48.685344827586206,49.06681034482759,1.0,1.0,1.4913793103448276,1.4731439655172414,0.037679597701149425,0.8836206896551724,0.9375,0.0,6831.872844827586,2.2607758620689653,0.0,14.642241379310345,0.0,20.0,297.5366379310345,30.0,496.6896551724138,10.0,0.0,0.0,0.0
194,0.18046679341120828,0.1838552952081578,0.048477125155489624,0.05047852002075368,0.9257145196380879,0.9257934247434976,227.0,255.0,3.9765785609397972,5.492679738562089,0.0,0.21372549019607837,3.9784875183553603,5.280392156862745,4.66725449515906,1.2,1.2,324.97952,378.678,548.57,390.5572,-723.5904800000001,-511.8792,-63659.18156,-66924.54423999996,-10.848044813278028,-12.762049880090466,4.778665283540799,-0.12624095675371108,0.0,1.0,1.0,47.912863070539416,48.33609958506224,1.0,1.0,1.5290456431535269,1.4598703734439833,0.11307053941908711,0.5373443983402489,0.9730290456431535,0.0,6907.278008298756,6.784232365145228,0.0,14.450207468879668,0.0,20.0,279.9356846473029,30.0,491.1680497925311,10.0,0.0,0.0,0.0
195,0.18190179297422135,0.18556474566433862,0.049492233665689285,0.051634125916709545,0.9262766497662076,0.9263616575231438,245.0,228.0,4.982517006802722,4.172660818713448,0.0020408163265306124,0.0,4.983401360544218,4.175438596491229,4.593939393939394,1.2,1.2,364.45472,325.37184,422.5685,612.0559000000001,-558.1137799999999,-786.68406,-64217.29534,-67711.22829999996,-10.764058069062713,-12.746767990834517,4.592142353770263,-0.11299348277396265,0.0,1.0,1.0,48.8985200845666,49.34038054968288,1.0,1.0,1.482029598308668,1.4584071035940789,0.0010570824524312897,0.8414376321353065,0.6109936575052854,0.0,6963.885835095138,0.06342494714587738,0.0,14.968287526427062,0.0,20.0,275.4651162790698,30.0,490.5496828752643,10.0,0.0,0.0,0.0
196,0.18329417280128282,0.18692818671753228,0.05047033230948645,0.052635714956711474,0.9268169314513284,0.9268650245291642,227.0,259.0,4.135022026431718,4.747232947232948,0.0,0.007271557271557271,4.137444933920705,4.741505791505792,4.459362139917695,1.2,1.2,338.18696,382.86951999999997,573.2023,362.65290000000005,-735.01534,-479.7833800000001,-64952.310679999995,-68191.01167999995,-10.87305020576132,-12.808852242003429,4.461282578875173,-0.08170080068689557,0.0,1.0,1.0,50.32921810699588,50.767489711934154,1.0,1.0,1.5329218106995885,1.4836553086419753,0.0038751714677640603,0.7757201646090535,0.9547325102880658,0.0,6950.578189300411,0.23251028806584362,0.0,14.876543209876543,0.0,20.0,267.44444444444446,30.0,501.0781893004115,10.0,0.0,0.0,0.0
197,0.18508208053254305,0.1886864692507642,0.05122290661334054,0.05346620561999499,0.927426353451221,0.927388573304086,243.0,249.0,4.553703703703702,4.587215528781796,0.0,0.0,4.555075445816187,4.588487282463187,4.571985094850949,1.2,1.2,360.46992,365.46360000000004,411.96110000000004,573.5764,-551.49118,-708.1128,-65503.80185999999,-68899.12447999995,-10.864514092140922,-12.768435901265715,4.570663956639565,-0.12054032193530644,0.0,1.0,1.0,48.548780487804876,48.97764227642276,1.0,1.0,1.5060975609756098,1.4754746341463407,0.0,0.7621951219512195,0.9634146341463414,0.0,6811.473577235773,0.0,0.0,15.0,0.0,20.0,274.239837398374,30.0,497.6626016260163,10.0,0.0,0.0,0.0
198,0.18684916415701383,0.18999446311105733,0.05197744467070595,0.05430037268578742,0.9279185877887685,0.927869944865796,235.0,248.0,4.3785815602836875,4.803965053763439,0.0,0.0,4.37886524822695,4.804233870967742,4.597273982056591,1.2,1.2,342.65032,384.23936000000003,512.9013,468.05989999999997,-670.25098,-583.8205399999999,-66174.05283999999,-69482.94501999996,-11.063350724637674,-12.881104662739707,4.596997929606625,-0.088435375393679,0.0,1.0,1.0,50.31884057971015,50.74741200828157,1.0,1.0,1.5134575569358177,1.5049475776397512,0.0,0.7743271221532091,0.9130434782608695,0.0,6808.107660455486,0.0,0.0,15.0,0.0,20.0,275.8198757763975,30.0,509.944099378882,10.0,0.0,0.0,0.0
199,0.18817050031935412,0.19151350653939903,0.053004927985806756,0.05534449693308552,0.9284071634064821,0.9283551557646942,225.0,224.0,4.986888888888887,3.6014880952380977,0.0,0.0,4.987481481481482,3.604166666666667,4.297364513734224,1.2,1.2,328.18632,335.22704,457.3585,562.3605,-629.17218,-727.13346,-66803.22501999998,-70210.07847999995,-10.767698886414252,-12.950365849981493,4.295731254639942,-0.1546138745633424,0.0,1.0,1.0,52.5478841870824,52.99109131403118,1.0,1.0,1.4988864142538976,1.4775353229398658,0.0,0.7394209354120267,0.7260579064587973,0.0,6783.902004454343,0.0,0.0,15.0,0.0,20.0,257.74387527839644,30.0,498.5189309576837,10.0,0.0,0.0,0.0
200,0.18911635749538863,0.19246400583546025,0.05422064182148123,0.05664315814054246,0.9289810973879771,0.9288608206944092,253.0,245.0,4.664031620553362,6.217959183673471,0.006653491436100132,0.1038095238095238,4.65737812911726,6.115306122448978,5.3746318607764385,1.4,1.2,424.56652,374.90240000000006,219.07310000000007,369.79519999999997,-294.50658000000004,-494.8927999999999,-67097.73159999998,-70704.97127999995,-11.896495180722876,-12.976482187591323,5.428514056224907,-0.0275797295204013,0.0,1.0,1.0,52.4136546184739,52.84738955823293,1.0,1.0,1.4919678714859437,1.6053592771084333,0.054451137884872824,0.9738955823293173,0.8694779116465864,0.0,6871.44578313253,3.2670682730923697,0.0,14.431726907630521,0.0,20.0,322.4437751004016,30.0,509.4879518072289,10.0,0.0,0.0,0.0
201,0.1901423002958849,0.19394271405027347,0.0553902826407858,0.05790270478036362,0.9294640581720188,0.9293390304041618,255.0,239.0,4.675294117647061,4.371966527196652,0.0,0.0,4.677516339869281,4.3756624825662485,4.5314777327935225,1.4,1.2,445.65668,363.61952,245.03560000000007,509.8452,-299.3789200000001,-646.22568,-67397.11051999999,-71351.19695999996,-11.737039811066134,-13.099321759386294,4.528542510121457,-0.09497297092447457,0.0,1.0,1.0,51.71052631578947,52.12753036437247,1.0,1.0,1.4838056680161944,1.6382109311740896,0.0,1.05668016194332,0.7449392712550608,0.0,6715.661943319838,0.0,0.0,15.0,0.0,20.0,271.7125506072874,30.0,520.3704453441295,10.0,0.0,0.0,0.0
202,0.19086277465480317,0.19519097131958169,0.05645784802304336,0.059054297763452376,0.9299382169129871,0.9297901877326743,251.0,261.0,4.6918326693227055,5.98984674329502,0.0,0.07867177522349936,4.692695883134131,5.911430395913155,5.31396484375,1.4,1.2,421.35884,392.88648,319.0228,433.86109999999996,-397.66396000000003,-540.97462,-67794.77448,-71892.17157999995,-11.775325390624998,-12.80473740579626,5.353515625000005,-0.03970797299937369,0.0,1.0,1.0,51.7890625,52.24609375,1.0,1.0,1.509765625,1.590322890624999,0.04010416666666666,1.119140625,0.951171875,0.0,6794.4921875,2.40625,0.0,14.61328125,0.0,20.0,318.8046875,30.0,504.69140625,10.0,0.0,0.0,0.0
203,0.19173857935553607,0.19674957802288615,0.057716777655603346,0.0603949718262414,0.9304382343460479,0.9302452921780132,248.0,246.0,4.66532258064516,4.042615176151761,0.0,0.0,4.667137096774193,4.0437669376693774,4.356713900134952,1.4,1.2,419.71943999999996,366.68664,318.22860000000014,548.6867,-398.5091600000002,-682.00006,-68193.28364,-72574.17163999996,-11.381573009446694,-12.99842142986906,4.355229419703108,-0.105750197224471,0.0,1.0,1.0,53.508097165991906,53.977732793522264,1.0,1.0,1.4979757085020242,1.591915141700404,0.0,0.9939271255060729,0.8805668016194332,0.0,6913.453441295546,0.0,0.0,15.0,0.0,20.0,261.3137651821862,30.0,503.97165991902835,10.0,0.0,0.0,0.0
204,0.19239160290146198,0.19821593671434776,0.05893970034280567,0.06178845445663296,0.9309014357227395,0.9306685639329677,244.0,238.0,4.6423497267759535,4.419607843137255,0.0,0.0,4.642622950819672,4.421498599439777,4.533437067773167,1.4,1.2,421.288,345.8358400000001,330.8140000000001,563.6899999999999,-409.52600000000007,-717.8541599999999,-68602.80963999999,-73292.02579999996,-11.445440940525582,-12.961556778734154,4.53236514522821,-0.06591066000472821,0.0,1.0,1.0,55.20331950207469,55.66390041493776,1.0,1.0,1.4937759336099585,1.5915432365145226,0.0,0.9356846473029046,0.5518672199170125,0.0,6919.973029045643,0.0,0.0,15.0,0.0,20.0,271.94190871369295,30.0,502.4336099585062,10.0,0.0,0.0,0.0
205,0.19356987645923285,0.19960026535357764,0.06028814094287892,0.0632565106975524,0.9313580168161183,0.9311423329948014,272.0,251.0,5.142769607843135,4.371912350597611,0.00784313725490196,0.003652058432934927,5.135294117647058,4.368260292164675,4.767176545570427,1.4,1.2,460.21164,371.90672000000006,186.90699999999998,431.798,-226.69536,-559.8912799999999,-68829.50499999999,-73851.91707999996,-11.53809139579349,-12.788834238105704,4.772817080943272,-0.04802112807794206,0.0,1.0,1.0,52.67112810707457,53.09369024856596,1.0,1.0,1.479923518164436,1.591048489483748,0.005831739961759082,1.1166347992351817,0.7896749521988528,0.0,6820.518164435946,0.34990439770554493,0.0,14.875717017208412,0.0,20.0,286.019120458891,30.0,502.11663479923516,10.0,0.0,0.0,0.0
206,0.19444792479234296,0.2010861899565473,0.06141123311524324,0.06450139185715963,0.9318652868604144,0.9315879760575583,275.0,246.0,4.900666666666671,3.9954607046070456,0.0,0.0,4.903696969696971,3.9960027100271,4.475111964171465,1.4,1.2,484.44816000000003,343.82256000000007,266.4978,556.8949,-282.04963999999995,-713.0723399999999,-69111.55463999999,-74564.98941999995,-11.400633909149072,-12.756556835972445,4.473256557901474,-0.08410956714325521,0.0,1.0,1.0,54.38963531669866,54.838771593090215,1.0,1.0,1.472168905950096,1.5897710556621873,0.0,1.4299424184261036,0.5719769673704415,0.0,6825.497120921305,0.0,0.0,15.0,0.0,20.0,268.3953934740883,30.0,498.742802303263,10.0,0.0,0.0,0.0
207,0.19540850134923907,0.20245923218608863,0.06253789829995245,0.06562920960868866,0.9322924168480161,0.9320567525600395,258.0,244.0,4.020025839793284,4.164139344262293,0.0,0.0,4.0220284237726105,4.168169398907104,4.093061088977424,1.4,1.2,441.12152000000003,363.21544,349.62460000000004,505.2435,-408.50308,-642.02806,-69520.05771999998,-75207.01747999995,-11.33653678618857,-12.823736766744384,4.090073041168661,-0.07904625931991423,0.0,1.0,1.0,54.29482071713147,54.70717131474104,1.0,1.0,1.4860557768924303,1.6022648605577698,0.0,0.9960159362549801,0.9860557768924303,0.0,6937.326693227092,0.0,0.0,15.0,0.0,20.0,245.40438247011951,30.0,506.7549800796813,10.0,0.0,0.0,0.0
208,0.1962353935041666,0.20383484574688826,0.064176948936662,0.06729103377731521,0.9327405530743992,0.9324658211727981,276.0,239.0,4.755676328502415,4.6294281729428155,0.01503623188405797,0.0,4.741062801932368,4.632426778242677,4.690647249190938,1.4,1.2,469.69804,348.56048000000004,255.754,505.98850000000004,-286.05596,-657.4280200000001,-69806.11367999998,-75864.44549999996,-11.488225113268614,-12.874858665945995,4.697087378640775,-0.09227971027486337,0.0,1.0,1.0,54.96504854368932,55.398058252427184,1.0,1.0,1.4640776699029125,1.5888514951456296,0.008058252427184465,1.0155339805825243,0.7048543689320388,0.0,6943.345631067961,0.48349514563106794,0.0,14.815533980582524,0.0,20.0,281.3417475728155,30.0,499.5398058252427,10.0,0.0,0.0,0.0
209,0.19742874676282682,0.20514108969612335,0.0654549396932866,0.06857029497442396,0.933170647843805,0.9329279944959428,274.0,230.0,4.226885644768856,3.99942028985507,0.0,0.0,4.228284671532846,4.000797101449275,4.1244708994709,1.4,1.2,461.37924,338.31056,352.18270000000007,510.84290000000004,-390.8034600000001,-672.53234,-70196.91713999998,-76536.97783999996,-11.244561507936512,-12.852694362917559,4.123082010582007,-0.10377998141818033,0.0,1.0,1.0,55.61904761904762,56.07142857142857,1.0,1.0,1.4563492063492063,1.5866861111111108,0.0,1.2023809523809523,0.5773809523809523,0.0,7005.319444444444,0.0,0.0,15.0,0.0,20.0,247.38492063492063,30.0,498.56944444444446,10.0,0.0,0.0,0.0
210,0.19836558611819058,0.20610185513154847,0.06644302059895849,0.06964272190565357,0.9335681158958296,0.9333498941211927,260.0,242.0,4.510000000000001,5.132713498622584,0.0,0.009710743801652892,4.511794871794871,5.123002754820936,4.806440903054449,1.4,1.2,450.13724,353.55176000000006,345.1338000000001,452.63800000000003,-394.9965600000001,-599.08624,-70591.91369999998,-77136.06407999997,-11.612964807436919,-12.837138389577898,4.810192563081015,-0.0648113418186457,0.0,1.0,1.0,56.591633466135455,57.05577689243028,1.0,1.0,1.4820717131474104,1.6009741035856555,0.004681274900398407,1.2151394422310757,0.6573705179282868,0.0,6889.990039840637,0.28087649402390436,0.0,14.910358565737052,0.0,20.0,288.33067729083666,30.0,505.2051792828685,10.0,0.0,0.0,0.0
211,0.19913206039582365,0.20737850979309316,0.06759494344441774,0.07095396363757944,0.9339933236904138,0.9337630481212967,254.0,243.0,4.407480314960632,5.047942386831275,0.0,0.001989026063100137,4.408727034120735,5.047256515775034,4.72092555331992,1.4,1.2,417.12496000000004,370.3344,371.4667,458.2774999999999,-454.34173999999996,-587.9431,-71046.25543999998,-77724.00717999997,-11.482461703554664,-12.869028004227568,4.720623742454729,-0.07635800121974529,0.0,1.0,1.0,56.74044265593562,57.13682092555332,1.0,1.0,1.488933601609658,1.5844252716297793,0.0009725016767270289,0.9456740442655935,0.8370221327967807,0.0,6893.02615694165,0.05835010060362173,0.0,14.969818913480886,0.0,20.0,283.1790744466801,30.0,501.625754527163,10.0,0.0,0.0,0.0
212,0.19975629378293555,0.20841528811176782,0.06892823910755029,0.07229104505156693,0.9344248429665437,0.9341829141014242,253.0,274.0,5.847694334650851,5.424452554744527,0.0,0.015145985401459856,5.851054018445323,5.409306569343065,5.621378874130298,1.4,1.2,431.97252,401.85352,350.2632,394.422,-418.29068,-492.56848,-71464.54611999998,-78216.57565999997,-11.833289437065153,-12.717509248319644,5.627640733712841,-0.023016528044974838,0.0,1.0,1.0,57.18785578747628,57.61290322580645,1.0,1.0,1.5199240986717268,1.5822125996204934,0.007874762808349147,1.1764705882352942,0.8975332068311196,0.0,7034.225806451613,0.47248576850094876,0.0,14.789373814041745,0.0,20.0,337.18595825426945,30.0,501.3510436432638,10.0,0.0,0.0,0.0
213,0.20080448472059936,0.2099321331189663,0.07042877491003381,0.07388259754249366,0.9348487559377988,0.9346162670900714,260.0,248.0,4.402371794871797,3.6878360215053783,0.0,0.0,4.403589743589744,3.6917338709677416,4.056069553805775,1.4,1.2,429.04848,365.41495999999995,290.94300000000004,598.9118,-361.89452000000006,-733.49684,-71826.44063999999,-78950.07249999998,-11.083465616797904,-12.704722723913143,4.053543307086615,-0.0949492477702752,0.0,1.0,1.0,57.838582677165356,58.22834645669291,1.0,1.0,1.4881889763779528,1.5639044094488181,0.0,0.968503937007874,0.610236220472441,0.0,6876.844488188976,0.0,0.0,15.0,0.0,20.0,243.21259842519686,30.0,492.75787401574803,10.0,0.0,0.0,0.0
214,0.20143399096414238,0.211150040092199,0.07115878820297246,0.07479395237033823,0.9352727781976139,0.9350318265722379,285.0,265.0,4.640877192982459,5.021006289308177,0.0,0.030943396226415093,4.6416374269005845,4.991132075471699,4.810030303030303,1.4,1.2,488.55296,384.66256000000004,190.80350000000004,481.58639999999997,-202.25054000000006,-596.9238399999999,-72028.69117999998,-79546.99633999998,-11.535135030303026,-12.804856837720722,4.824030303030304,-0.0771218961611364,0.0,1.0,1.0,56.95272727272727,57.39818181818182,1.0,1.0,1.481818181818182,1.587664581818183,0.014909090909090908,1.0054545454545454,0.8018181818181818,0.0,6863.485454545455,0.8945454545454545,0.0,14.818181818181818,0.0,20.0,288.54727272727274,30.0,500.16,10.0,0.0,0.0,0.0
215,0.2026337618306539,0.21234006184725135,0.07232969490734502,0.07614519289230355,0.9356660616696932,0.9354311367405601,260.0,275.0,3.7342307692307686,4.941272727272729,0.0,0.0,3.7368589743589746,4.943030303030303,4.356853582554517,1.4,1.2,438.22436,425.28128000000004,456.19340000000005,479.2425999999999,-517.9690400000001,-553.9613199999999,-72546.66021999998,-80100.95765999999,-11.527784797507792,-13.055488489314083,4.354672897196257,-0.10281719414539367,0.0,1.0,1.0,56.82056074766355,57.259813084112146,1.0,1.0,1.514018691588785,1.6140292336448592,0.0,0.8934579439252337,0.6990654205607477,0.0,6906.540186915888,0.0,0.0,15.0,0.0,20.0,261.2803738317757,30.0,514.7308411214954,10.0,0.0,0.0,0.0
216,0.20360482915354938,0.2131666315582444,0.0736732558084627,0.0775908097651951,0.936074712791569,0.9358408307065277,244.0,278.0,4.003756830601094,5.255695443645082,0.0,0.0017985611510791368,4.003756830601094,5.254316546762589,4.669763729246488,1.4,1.2,404.03748,409.92920000000004,398.46340000000004,539.0055,-494.42592,-629.0763,-73041.08613999997,-80730.03395999999,-11.31256079182632,-12.752131489747509,4.670498084291186,-0.08438464377022924,0.0,1.0,1.0,59.67816091954023,60.08620689655172,1.0,1.0,1.5325670498084292,1.5593231417624511,0.0009578544061302681,0.7030651340996169,0.9118773946360154,0.0,6911.63601532567,0.05747126436781609,0.0,14.950191570881225,0.0,20.0,280.17241379310343,30.0,494.323754789272,10.0,0.0,0.0,0.0
217,0.20431640398239226,0.21463354802263646,0.07502485330539979,0.07901551833960423,0.936470150275483,0.9362407884896622,238.0,271.0,4.398249299719888,4.38468634686347,0.0,0.0,4.400420168067227,4.386469864698647,4.3929927963326785,1.4,1.2,391.85607999999996,405.88504,331.15280000000007,569.8417000000001,-439.2967200000001,-663.95666,-73480.38285999997,-81393.99061999998,-11.252355468238381,-12.890661201162724,4.391028159790437,-0.08654905669034747,0.0,1.0,1.0,60.6286836935167,61.07269155206287,1.0,1.0,1.5324165029469548,1.5672713555992144,0.0,0.8526522593320236,0.6483300589390962,0.0,6959.571709233792,0.0,0.0,15.0,0.0,20.0,263.46168958742635,30.0,497.8762278978389,10.0,0.0,0.0,0.0
218,0.2049288532941747,0.21633338511757805,0.07630904132574269,0.08056576527202777,0.936826099033192,0.9366353331286216,245.0,272.0,4.480680272108842,4.991053921568626,0.0,0.0,4.483265306122449,4.991053921568628,4.750419084461638,1.4,1.2,414.71332,404.47447999999997,269.0955,541.438,-354.38218,-636.96352,-73834.76503999997,-82030.95413999999,-11.499656350741445,-12.759304490215895,4.749194068343002,-0.06130655206355683,0.0,1.0,1.0,59.234042553191486,59.688588007736946,1.0,1.0,1.5261121856866537,1.5845025145067695,0.0,1.0618955512572534,0.8433268858800773,0.0,6795.754352030948,0.0,0.0,15.0,0.0,20.0,284.95164410058027,30.0,503.23984526112184,10.0,0.0,0.0,0.0
219,0.20576128058176824,0.21747310584273616,0.07717640065064175,0.08146164287696801,0.9372146882657627,0.9370447791488892,249.0,261.0,5.189089692101739,4.028927203065135,0.024431057563587686,0.0,5.165261044176707,4.030906768837804,4.584738562091504,1.4,1.2,415.87896,388.83456,343.5465000000001,545.0305,-427.6675400000001,-656.19594,-74262.43257999996,-82687.15007999999,-11.393936470588228,-12.85868238581006,4.595359477124185,-0.09389533993150485,0.0,1.0,1.0,61.46470588235294,61.884313725490195,1.0,1.0,1.511764705882353,1.5778696470588234,0.0119281045751634,0.9235294117647059,0.7392156862745098,0.0,6986.5745098039215,0.7156862745098039,0.0,14.911764705882353,0.0,20.0,275.00588235294117,30.0,499.93333333333334,10.0,0.0,0.0,0.0
220,0.2066949127986498,0.218698904623956,0.07835470157370128,0.0830009274288255,0.9376040351100398,0.9374483770027363,241.0,294.0,3.6680497925311193,4.699773242630384,0.0,0.0,3.6718533886583677,4.700566893424035,4.237165109034268,1.4,1.2,402.451,437.0796,340.3542,384.66569999999996,-437.90319999999997,-447.58609999999993,-74700.33577999996,-83134.73617999999,-11.20491526479752,-12.850117064802129,4.235015576323987,-0.09225367291771804,0.0,1.0,1.0,61.43177570093458,61.904672897196264,1.0,1.0,1.5495327102803738,1.5692160747663544,0.0,0.8523364485981308,0.8186915887850468,0.0,6871.891588785047,0.0,0.0,15.0,0.0,20.0,254.10093457943924,30.0,499.4485981308411,10.0,0.0,0.0,0.0
221,0.20662643861508745,0.22013236963739427,0.07955374190045714,0.08435352225293459,0.93801194422738,0.9378176113035317,296.0,254.0,7.074887387387384,3.5010498687664033,0.3493243243243242,0.0,6.7271959459459465,3.5010498687664042,5.23730303030303,1.4,1.2,505.07604000000003,389.23856,135.42380000000006,636.6286000000001,-130.34776000000002,-747.3900400000001,-74830.68353999997,-83882.12621999999,-12.015556969696975,-12.866615688407624,5.424424242424245,-0.033269304989156354,0.0,1.0,1.0,59.68727272727273,60.123636363636365,1.0,1.0,1.461818181818182,1.6260265454545446,0.18799999999999994,1.2054545454545456,0.7763636363636364,0.0,6699.850909090909,11.28,0.0,13.614545454545455,0.0,20.0,314.18545454545455,30.0,514.6963636363637,10.0,0.0,0.0,0.0
222,0.20755671359717454,0.22119246740518578,0.08087241412459578,0.08589026012402763,0.9383669884998481,0.9382031934020796,253.0,268.0,3.6276679841897272,4.819527363184082,0.0,0.0,3.6289196310935434,4.821641791044776,4.242450415866923,1.4,1.2,426.39519999999993,388.48912,489.36280000000016,464.8833,-562.9676000000002,-576.39418,-75393.65113999997,-84458.5204,-11.163195649392184,-12.753866941691093,4.240754958413305,-0.08564007536939652,0.0,1.0,1.0,62.731285988483684,63.17658349328215,1.0,1.0,1.5143953934740884,1.564077389635317,0.0,0.9788867562380038,0.8023032629558541,0.0,6971.232245681382,0.0,0.0,15.0,0.0,20.0,254.44529750479848,30.0,493.95201535508636,10.0,0.0,0.0,0.0
223,0.20796063696866096,0.22262545217066707,0.08172735587147134,0.08707120448304874,0.9387491144398529,0.9385664462513275,271.0,255.0,5.605227552275521,3.995882352941176,0.07607626076260762,0.0,5.530934809348094,3.998496732026144,4.7880228136882135,1.4,1.2,449.02368,368.75088,270.8389000000001,601.2974,-321.81522000000007,-732.5465200000001,-75715.46635999998,-85191.06692,-11.331684664131817,-12.731616921367063,4.825031685678077,-0.07926360101727306,0.0,1.0,1.0,63.444866920152094,63.88403041825095,1.0,1.0,1.484790874524715,1.5547044866920157,0.039195183776932825,1.0665399239543727,0.4543726235741445,0.0,6792.349809885932,2.3517110266159698,0.0,14.653992395437262,0.0,20.0,287.15019011406844,30.0,488.4448669201521,10.0,0.0,0.0,0.0
224,0.20859845080255549,0.22329872086600086,0.08296556880588514,0.08846494891651753,0.9390991162066112,0.9389530137185321,256.0,274.0,4.873763020833332,6.415024330900241,0.0,0.07013381995133819,4.876171875000001,6.346350364963504,5.63622641509434,1.4,1.2,422.60148000000004,413.48416,460.2474000000001,456.1776,-537.64592,-542.69344,-76253.11227999997,-85733.76036,-11.825065786163504,-12.802038879296251,5.670566037735847,-0.033220962768567015,0.0,1.0,1.0,63.74528301886792,64.18301886792453,1.0,1.0,1.5169811320754718,1.577520075471699,0.03625786163522012,0.9679245283018868,0.8075471698113208,0.0,6786.3716981132075,2.1754716981132076,0.0,14.677358490566037,0.0,20.0,338.05849056603773,30.0,500.77169811320755,10.0,0.0,0.0,0.0
225,0.20942502936552618,0.22441032212937864,0.08489327785904976,0.0904892338040602,0.9394464811095463,0.9393157707740325,269.0,253.0,4.485315985130113,4.380171277997362,0.0,0.0,4.488723667905823,4.3807641633728585,4.436398467432951,1.4,1.2,442.45488,373.94512,295.5912000000001,601.5848000000001,-353.13632000000007,-727.6396800000001,-76606.24859999998,-86461.40004,-11.235887611749678,-12.755283911351306,4.434355044699872,-0.09914613448000828,0.0,1.0,1.0,64.95785440613027,65.3544061302682,1.0,1.0,1.4846743295019158,1.5639846743295023,0.0,1.0153256704980842,0.7183908045977011,0.0,6871.015325670498,0.0,0.0,15.0,0.0,20.0,266.06130268199234,30.0,492.6666666666667,10.0,0.0,0.0,0.0
226,0.20987622668179223,0.22552394584376298,0.08576663320970576,0.09152788775885279,0.9397853883052385,0.9396748396893749,243.0,297.0,4.581824417009602,4.8057800224466884,0.0,0.0021885521885521885,4.583744855967077,4.805892255892256,4.705925925925926,1.4,1.2,403.9882,445.21992,424.4968000000001,311.1348,-520.5086000000001,-365.91488,-77126.75719999998,-86827.31491999999,-11.415371481481486,-12.808855907072237,4.705000000000002,-0.05529911154422417,0.0,1.0,1.0,64.87777777777778,65.29629629629629,1.0,1.0,1.55,1.5726076296296305,0.0012037037037037038,0.9555555555555556,0.9037037037037037,0.0,7025.768518518518,0.07222222222222222,0.0,14.944444444444445,0.0,20.0,282.22777777777776,30.0,501.1,10.0,0.0,0.0,0.0
227,0.21024027429953537,0.22670608622171687,0.08717114549094233,0.09325230891475837,0.940119446127714,0.940033705963547,263.0,257.0,6.24074778200253,3.736057068741895,0.16875792141951834,0.0,6.072750316856781,3.740012970168612,4.919839743589743,1.4,1.2,447.08272,375.19975999999997,241.73990000000003,745.669,-294.65718000000004,-870.46924,-77421.41437999997,-87697.78416,-11.57106230769231,-12.800801317662255,5.002852564102566,-0.04074445771600693,0.0,1.0,1.0,66.25576923076923,66.6923076923077,1.0,1.0,1.4942307692307693,1.581312461538462,0.08535256410256409,1.0538461538461539,0.6846153846153846,0.0,6844.676923076923,5.121153846153846,0.0,14.301923076923076,0.0,20.0,295.05,30.0,499.0076923076923,10.0,0.0,0.0,0.0
228,0.21039360655337905,0.22752860652525253,0.08862384601484553,0.09486605355502743,0.9404338609468392,0.9404298928454158,304.0,230.0,6.5255482456140355,4.0976086956521725,0.12719298245614036,0.0,6.399945175438596,4.100434782608695,5.409519350811485,1.4,1.2,527.29908,337.52672000000007,179.0004,631.8304999999999,-151.70132,-794.3037799999998,-77573.11569999997,-88492.08794,-11.984142946317101,-13.04693858485777,5.479806491885143,-0.07097182970568686,0.0,1.0,1.0,66.43258426966293,66.86142322097378,1.0,1.0,1.4307116104868913,1.6195239700374529,0.07240948813982523,1.1348314606741574,0.6479400749063671,0.0,6891.923220973783,4.344569288389513,0.0,14.436329588014981,0.0,20.0,324.4438202247191,30.0,508.3801498127341,10.0,0.0,0.0,0.0
229,0.21136503675331447,0.22837974801747982,0.09004713977385041,0.09667811072639124,0.940758349230418,0.9407920448972025,239.0,305.0,4.133403068340306,5.5583060109289635,0.0,0.18360655737704917,4.137168758716875,5.3748087431694,4.831066176470588,1.4,1.2,413.84868,439.71632,531.5862000000002,244.14009999999996,-617.7375200000001,-304.42377999999997,-78190.85321999996,-88796.51172,-11.4805606617647,-12.779350734701161,4.932291666666666,-0.07800202469839668,0.0,1.0,1.0,65.02022058823529,65.46323529411765,1.0,1.0,1.5606617647058822,1.5690533088235286,0.10294117647058823,1.0441176470588236,0.625,0.0,6912.810661764706,6.176470588235294,0.0,14.321691176470589,0.0,20.0,289.7610294117647,30.0,498.7132352941176,10.0,0.0,0.0,0.0
230,0.2119462597293808,0.22960523621632917,0.09122230975376291,0.09810920504608735,0.9411130546974905,0.9411573193294047,243.0,272.0,4.529149519890261,3.384926470588234,0.0,0.0,4.530727023319616,3.3875,3.9269255663430425,1.4,1.2,409.7576,398.23712,298.5881,724.8304,-388.8305,-826.59328,-78579.68371999996,-89623.105,-11.071534498381885,-12.86811443352011,3.9248220064724886,-0.11488520973334206,0.0,1.0,1.0,69.35145631067961,69.79029126213592,1.0,1.0,1.5281553398058252,1.5689217864077667,0.0,0.8135922330097087,0.5087378640776699,0.0,6913.30291262136,0.0,0.0,15.0,0.0,20.0,235.4893203883495,30.0,497.09902912621357,10.0,0.0,0.0,0.0
231,0.2126742326730064,0.23080745874323078,0.09251606948900117,0.09958354327121062,0.9414675068931092,0.9414920790152581,269.0,267.0,5.21456009913259,4.577902621722848,0.0,0.0,5.215737298636927,4.580774032459424,4.899440298507463,1.4,1.2,456.32636,390.77688,200.23330000000004,563.1795,-243.90694000000002,-672.40262,-78823.59065999996,-90295.50761999999,-11.524663308457704,-12.751617512086222,4.8974191542288565,-0.04835236782008811,0.0,1.0,1.0,66.88619402985074,67.35074626865672,1.0,1.0,1.498134328358209,1.580416492537313,0.0,1.078358208955224,0.6380597014925373,0.0,7061.087686567164,0.0,0.0,15.0,0.0,20.0,293.84514925373134,30.0,499.0839552238806,10.0,0.0,0.0,0.0
232,0.21336213358730755,0.2320364610791492,0.094148530978046,0.10131421880259715,0.9418121636486084,0.9418091769721024,293.0,279.0,4.59817974971558,4.170250896057345,0.0,0.0,4.598976109215018,4.170908004778973,4.3901806526806535,1.4,1.2,502.36591999999996,412.49256,200.39620000000005,486.57379999999995,-198.0302800000001,-574.08124,-79021.62093999996,-90869.58885999999,-11.438011188811195,-12.664703121019123,4.3894522144522155,-0.04373652611506006,0.0,1.0,1.0,64.65384615384616,65.06643356643356,1.0,1.0,1.4877622377622377,1.5994029370629363,0.0,1.4230769230769231,0.8933566433566433,0.0,7096.211538461538,0.0,0.0,15.0,0.0,20.0,263.36713286713285,30.0,505.56468531468533,10.0,0.0,0.0,0.0
233,0.21437295017351563,0.2330853368599521,0.0953912427957246,0.10285084587391423,0.942136624071921,0.9421360841498466,288.0,264.0,4.670428240740739,4.573611111111111,0.00034722222222222224,0.0,4.6733217592592595,4.576262626262626,4.626902173913044,1.4,1.2,472.55292,397.74864,402.8199000000001,598.789,-430.2669800000001,-701.04036,-79451.88791999996,-91570.62921999999,-11.391318478260871,-12.80081464881129,4.62412439613526,-0.06396121959878096,0.0,1.0,1.0,68.2590579710145,68.68115942028986,1.0,1.0,1.4782608695652173,1.5766332608695628,0.00018115942028985507,1.0090579710144927,0.644927536231884,0.0,7047.766304347826,0.010869565217391304,0.0,14.98913043478261,0.0,20.0,277.43659420289856,30.0,497.5507246376812,10.0,0.0,0.0,0.0
234,0.2150713395929718,0.2340426411358664,0.09634564980700103,0.10412918110230202,0.9424547525273645,0.9424497918416572,275.0,293.0,4.087636363636366,5.312571103526737,0.0,0.03612059158134244,4.088484848484848,5.277986348122867,4.7020833333333325,1.4,1.2,460.1576,423.95216,407.6597000000001,450.52320000000003,-447.5021000000001,-526.57104,-79899.39001999996,-92097.20025999998,-11.308061267605623,-12.604264488337865,4.719512910798117,-0.060863413900241435,0.0,1.0,1.0,67.87852112676056,68.32042253521126,1.0,1.0,1.5158450704225352,1.556531267605633,0.018632629107981222,1.2059859154929577,0.7147887323943662,0.0,6880.765845070423,1.1179577464788732,0.0,14.621478873239436,0.0,20.0,282.05281690140845,30.0,491.27992957746477,10.0,0.0,0.0,0.0
235,0.2157634392511187,0.23494936898200883,0.09816737261258057,0.10629074103984706,0.9427928115720768,0.9427856093549416,258.0,278.0,4.644250645994834,3.779796163069546,0.003036175710594315,0.0,4.642958656330751,3.781235011990408,4.196019900497513,1.4,1.2,440.42544,400.42952,372.987,620.894,-432.56156000000004,-720.46448,-80331.95157999996,-92817.66473999998,-11.174287562189056,-12.884253623353104,4.195895522388055,-0.11623852896490194,0.0,1.0,1.0,70.53358208955224,70.97574626865672,1.0,1.0,1.5186567164179106,1.5687592537313422,0.0014614427860696517,1.0205223880597014,0.6361940298507462,0.0,7040.348880597015,0.08768656716417911,0.0,14.958955223880597,0.0,20.0,251.6660447761194,30.0,495.6399253731343,10.0,0.0,0.0,0.0
236,0.21683968018802666,0.23623337144512938,0.09952841127730187,0.10794715286482975,0.9430900618588138,0.9431125733513203,283.0,263.0,4.044228504122501,4.194043092522179,0.004593639575971731,0.0,4.041990577149588,4.197528517110266,4.116910866910867,1.4,1.2,465.21244,401.66168,243.84050000000005,574.5909999999999,-278.62806,-672.92932,-80610.57963999997,-93490.59405999997,-11.259457753357758,-12.797265743745818,4.116391941391941,-0.09676731014432664,0.0,1.0,1.0,69.39377289377289,69.83333333333333,1.0,1.0,1.4816849816849818,1.587681538461539,0.002380952380952381,0.7692307692307693,0.6263736263736264,0.0,6652.771062271062,0.14285714285714285,0.0,14.93956043956044,0.0,20.0,246.84065934065933,30.0,502.34798534798534,10.0,0.0,0.0,0.0
237,0.21790757673005218,0.2368569770092424,0.10119357204842769,0.10994658235688723,0.9434132860893107,0.9434316904103831,281.0,275.0,4.010023724792407,5.479818181818179,0.006109134045077105,0.0075151515151515155,4.005693950177935,5.472909090909091,4.73138489208633,1.4,1.2,453.86124,406.58864,368.56270000000006,499.26090000000005,-414.70146000000005,-592.67226,-81025.28109999996,-94083.26631999998,-11.257756714628282,-12.64071264576787,4.736990407673866,-0.0818167955032275,0.0,1.0,1.0,69.91726618705036,70.34892086330935,1.0,1.0,1.4946043165467626,1.5475717266187057,0.006804556354916067,0.9298561151079137,0.8093525179856115,0.0,6878.167266187051,0.40827338129496404,0.0,14.865107913669064,0.0,20.0,283.81115107913666,30.0,487.53057553956836,10.0,0.0,0.0,0.0
238,0.21875260800104132,0.2375643062864353,0.10212192816558416,0.11102411875929563,0.9437166147857925,0.9437525729038283,290.0,278.0,4.102758620689652,4.407134292565947,0.0,0.0028776978417266188,4.106954022988505,4.408693045563548,4.254636150234741,1.4,1.2,483.63588,421.418,309.6108,469.74819999999994,-325.97492,-548.3301999999999,-81351.25601999996,-94631.59651999998,-11.349811150234743,-12.939677156010095,4.251731220657277,-0.10749467435801233,0.0,1.0,1.0,70.39964788732394,70.85915492957747,1.0,1.0,1.4894366197183098,1.5934047183098587,0.0014084507042253522,0.8785211267605634,0.6144366197183099,0.0,6799.468309859155,0.08450704225352113,0.0,14.973591549295774,0.0,20.0,255.0193661971831,30.0,504.6285211267606,10.0,0.0,0.0,0.0
239,0.21972870303306022,0.23871542153490516,0.10343113789841962,0.11251488362339485,0.9440207309347642,0.9440725807784578,292.0,280.0,4.172317351598173,4.829761904761904,0.0,0.0,4.172317351598173,4.8308333333333335,4.494667832167832,1.4,1.2,483.19992,424.97344,379.3311,535.307,-396.13118,-610.33356,-81747.38719999995,-95241.93007999998,-11.411789277389277,-12.699469371290304,4.494143356643352,-0.07255824519720348,0.0,1.0,1.0,67.76748251748252,68.22727272727273,1.0,1.0,1.4895104895104896,1.5877156643356645,0.0,0.9615384615384616,1.0227272727272727,0.0,6890.907342657342,0.0,0.0,15.0,0.0,20.0,269.6486013986014,30.0,502.6660839160839,10.0,0.0,0.0,0.0
240,0.22065489177781572,0.23978779153357946,0.10473945116194003,0.11426514794149616,0.9443305878754193,0.9443670360630322,251.0,292.0,3.6209163346613558,4.602853881278534,0.0,0.0,3.6231075697211153,4.605022831050228,4.151135666052793,1.4,1.2,419.1544,421.79896,500.21830000000006,540.0408,-581.0639000000001,-618.2418399999999,-82328.45109999995,-95860.17191999998,-11.036335420503384,-12.713939340776882,4.148956414978511,-0.10081952776266255,0.0,1.0,1.0,73.15469613259668,73.60773480662984,1.0,1.0,1.5377532228360957,1.5487170534069983,0.0,0.858195211786372,0.7108655616942909,0.0,6816.489871086556,0.0,0.0,15.0,0.0,20.0,248.93738489871086,30.0,489.9502762430939,10.0,0.0,0.0,0.0
241,0.22149237957674733,0.240517773450178,0.10609943580489525,0.11594995385849571,0.9446268176685725,0.9446634826964745,265.0,286.0,4.398176100628932,5.24825174825175,0.003018867924528302,0.03735431235431235,4.395597484276729,5.213228438228438,4.819993950393224,1.4,1.2,451.2438,418.93576,247.60330000000005,399.38019999999995,-296.3595,-480.44443999999993,-82624.81059999995,-96340.61635999999,-11.499439443436158,-12.893457323531306,4.839413188142777,-0.06789973337954727,0.0,1.0,1.0,73.91288566243195,74.33393829401089,1.0,1.0,1.5190562613430127,1.5792732486388381,0.020840895341802782,0.8294010889292196,0.6025408348457351,0.0,6916.290381125227,1.250453720508167,0.0,14.738656987295826,0.0,20.0,289.1143375680581,30.0,500.1923774954628,10.0,0.0,0.0,0.0
242,0.22218452094497285,0.24192128664838683,0.10707407536584773,0.11726989045704571,0.9449438367424047,0.94497044130894,291.0,265.0,4.742325315005724,3.7475471698113236,0.0,0.0,4.743871706758305,3.747924528301887,4.269184652278177,1.4,1.2,486.86176,388.94392000000005,269.24430000000007,649.9450999999999,-282.38254000000006,-761.0011799999999,-82907.19313999996,-97101.61753999999,-11.23590839328538,-12.72096327323529,4.268195443645083,-0.06880898161132672,0.0,1.0,1.0,72.98920863309353,73.40287769784173,1.0,1.0,1.4766187050359711,1.5751900719424459,0.0,1.014388489208633,0.6438848920863309,0.0,6830.091726618705,0.0,0.0,15.0,0.0,20.0,256.091726618705,30.0,495.80395683453236,10.0,0.0,0.0,0.0
243,0.2230265634287929,0.24272074354493217,0.10834789794262634,0.1187986620187904,0.9452528351280107,0.9452943744512795,274.0,306.0,4.126885644768853,5.106372549019606,0.0,0.0,4.13132603406326,5.107516339869281,4.646350574712644,1.4,1.2,451.09232,454.21392000000003,441.73979999999995,415.2187999999998,-490.64748,-461.0048799999998,-83397.84061999996,-97562.62241999999,-11.311266436781603,-12.635223157263567,4.643649425287354,-0.045886473944459015,0.0,1.0,1.0,71.84655172413792,72.28793103448275,1.0,1.0,1.5275862068965518,1.5608728275862065,0.0,0.9103448275862069,0.7379310344827587,0.0,6923.068965517241,0.0,0.0,15.0,0.0,20.0,278.6189655172414,30.0,494.8327586206897,10.0,0.0,0.0,0.0
244,0.22348027147386101,0.24400877093037637,0.10958166381114375,0.12042804699179045,0.9455475002383091,0.945582927623141,297.0,293.0,5.487934904601571,4.139362912400457,0.1867003367003367,0.0,5.322072072072073,4.140841865756541,4.734465195246179,1.4,1.2,493.36392,463.37576,266.8653,584.3554,-273.50138,-620.97964,-83671.34199999996,-98183.60205999999,-11.909027344632785,-12.932721584767936,4.818220338983049,-0.037743636743030204,0.0,0.9983050847457627,1.0,71.55932203389831,72.00847457627118,1.0,1.0,1.4966101694915255,1.6215926779661023,0.09398305084745763,1.1254237288135593,0.811864406779661,0.0,7085.38813559322,4.596610169491526,0.0,14.427118644067797,0.0,19.966101694915253,283.4542372881356,29.949152542372882,517.3423728813559,9.983050847457626,0.0,0.0,1.0423728813559323
245,0.22458478831999312,0.2451947841384363,0.1115427040768746,0.12284867944572445,0.9458381109887993,0.9458654095141902,294.0,283.0,3.5565192743764182,4.507243816254414,0.0,0.0,3.5591269841269844,4.509776207302709,4.025389948006933,1.4,1.2,488.58712,414.76432,372.13300000000004,610.7520000000001,-383.54588,-695.9876800000001,-84054.88787999997,-98879.58974,-11.081485615251294,-12.69036843127807,4.022819179664934,-0.07517135113241757,0.0,1.0,1.0,73.1681109185442,73.58925476603119,1.0,1.0,1.490467937608319,1.5656004159445422,0.0,1.0311958405545927,0.6759098786828422,0.0,6789.053726169844,0.0,0.0,15.0,0.0,20.0,241.36915077989602,30.0,493.3067590987868,10.0,0.0,0.0,0.0
246,0.22549699044572763,0.24605393682694401,0.11263334613817806,0.12413419244643412,0.9461269710283715,0.946136940746694,287.0,286.0,3.8983159117305433,4.66614219114219,0.0,0.0,3.8987224157955866,4.6670745920745915,4.282228039557882,1.4,1.2,490.06748000000005,421.738,332.30320000000006,540.5213000000001,-342.23572,-618.7833,-84397.12359999996,-99498.37303999999,-11.346889005235607,-12.876209414113301,4.281559045956958,-0.09711811791205364,0.0,1.0,1.0,74.88656195462478,75.3280977312391,1.0,1.0,1.4991273996509598,1.5912835602094222,0.0,0.944153577661431,0.787085514834206,0.0,7158.089005235602,0.0,0.0,15.0,0.0,20.0,256.8935427574171,30.0,503.3542757417103,10.0,0.0,0.0,0.0
247,0.22609350927946278,0.24752526750211015,0.11401821626732415,0.1257884146727681,0.9464140728324162,0.9464256156545185,270.0,305.0,4.627469135802466,4.069836065573774,0.0,0.0,4.630987654320987,4.071092896174863,4.3340000000000005,1.4,1.2,456.51955999999996,446.33168,434.5953,505.8633000000001,-478.07574000000005,-559.5316200000001,-84875.19933999996,-100057.90465999999,-11.242538318840582,-12.76874696467448,4.331681159420284,-0.07456419498108305,0.0,1.0,1.0,75.07304347826087,75.47478260869565,1.0,1.0,1.5304347826086957,1.5701760695652147,0.0,0.9269565217391305,0.5443478260869565,0.0,7267.488695652174,0.0,0.0,15.0,0.0,20.0,259.9008695652174,30.0,497.69565217391306,10.0,0.0,0.0,0.0
248,0.22687618227541392,0.24848976927556662,0.11572089191439029,0.1277678459896127,0.9467032281231462,0.9467116394990575,288.0,292.0,4.419039351851854,3.965810502283105,0.0,0.0,4.420023148148148,3.9675228310502284,4.19221264367816,1.4,1.2,466.51527999999996,441.82552,295.6824,625.6404,-329.16712,-683.81488,-85204.36645999996,-100741.71953999999,-11.159650574712646,-12.755743685666818,4.190862068965515,-0.08941758969023637,0.0,1.0,1.0,75.97068965517241,76.39137931034483,1.0,1.0,1.5034482758620689,1.5661048275862057,0.0,0.9551724137931035,0.6620689655172414,0.0,6760.227586206896,0.0,0.0,15.0,0.0,20.0,251.45172413793102,30.0,495.8344827586207,10.0,0.0,0.0,0.0
249,0.22748636783730367,0.2495951485753588,0.1173533366363246,0.12970606316997768,0.9469704344414192,0.9469947014922113,278.0,282.0,4.381175059952041,3.9244089834515394,0.0,0.0,4.382673860911272,3.9284869976359333,4.153958333333334,1.4,1.2,455.88592,424.99127999999996,446.9954,555.5729000000001,-491.10948,-630.5816200000002,-85695.47593999996,-101372.30115999999,-11.185790476190476,-12.739618654690405,4.151160714285713,-0.0809318339644616,0.0,1.0,1.0,77.23392857142858,77.6625,1.0,1.0,1.5035714285714286,1.572995,0.0,0.9732142857142857,0.8285714285714286,0.0,6939.746428571429,0.0,0.0,15.0,0.0,20.0,249.06964285714287,30.0,498.10535714285714,10.0,0.0,0.0,0.0
250,0.22858685875557402,0.2502636036623799,0.1188647333265711,0.13138282272317156,0.9472393674698271,0.9472550267290004,311.0,266.0,4.085637727759916,3.677631578947369,0.0,0.0,4.089389067524116,3.678696741854637,3.9000577700751005,1.4,1.4,523.2598,428.14296,215.25240000000005,421.6735000000001,-191.9926,-493.5305400000001,-85887.46853999996,-101865.8317,-11.431514384748711,-12.784609391925915,3.8975447718082,-0.07809531872244724,0.0,1.0,1.0,77.64991334488735,78.12651646447141,1.0,1.0,1.4610051993067592,1.6488782668977464,0.0,0.8960138648180243,0.5736568457538995,0.0,6959.49740034662,0.0,0.0,15.0,0.0,20.0,233.8526863084922,30.0,488.4315424610052,10.0,0.0,0.0,0.0
251,0.22912924484409608,0.25037161874710906,0.12030525112123337,0.13326534833801135,0.9475167479574842,0.9475265938697874,291.0,297.0,4.281156930126004,5.234287317620647,0.0,0.023625140291806963,4.285108820160366,5.210662177328844,4.752607709750567,1.4,1.4,483.15708,488.2164,470.7093000000001,269.3065000000001,-487.5522200000001,-281.09010000000006,-86375.02075999996,-102146.9218,-11.796849319727889,-12.70394931136065,4.762585034013606,-0.05512069419146894,0.0,1.0,1.0,76.99319727891157,77.43197278911565,1.0,1.0,1.5051020408163265,1.6519957142857142,0.011933106575963722,1.096938775510204,0.6513605442176871,0.0,6907.646258503401,0.7159863945578231,0.0,14.712585034013605,0.0,20.0,285.0391156462585,30.0,489.55102040816325,10.0,0.0,0.0,0.0
252,0.22984584544155606,0.250932419473038,0.12162053261937911,0.1347089707508036,0.9477987903608704,0.9477979071446143,319.0,281.0,3.871264367816094,3.616666666666667,0.0,0.0,3.8749216300940437,3.6202846975088967,3.755666666666667,1.4,1.4,521.70888,480.85352,267.3458,393.54889999999995,-245.63691999999998,-412.69537999999994,-86620.65767999996,-102559.61718,-11.509864444444446,-12.801456852075601,3.752027777777777,-0.08652604436437486,0.0,1.0,1.0,77.005,77.44,1.0,1.0,1.4683333333333333,1.6709373333333328,0.0,0.84,0.7533333333333333,0.0,6919.391666666666,0.0,0.0,15.0,0.0,20.0,225.12166666666667,30.0,496.31,10.0,0.0,0.0,0.0
253,0.23069934227084507,0.25141260455223824,0.12422236804922356,0.13764238562208048,0.9480757978619084,0.9480843168813574,266.0,298.0,3.2223684210526327,4.564261744966446,0.0,0.001006711409395973,3.2234335839599,4.565715883668903,3.9326536643026,1.4,1.4,447.66204000000005,496.41704000000004,576.6492,291.76300000000003,-628.9871599999999,-295.34596,-87249.64483999996,-102854.96314,-11.599920921985806,-12.81243220693911,3.931382978723398,-0.07533534615219754,0.0,1.0,1.0,79.64716312056737,80.08156028368795,1.0,1.0,1.5283687943262412,1.6738990780141851,0.0005319148936170213,0.8351063829787234,0.8085106382978723,0.0,6870.739361702128,0.031914893617021274,0.0,14.97340425531915,0.0,20.0,235.85106382978722,30.0,497.36170212765956,10.0,0.0,0.0,0.0
254,0.23140853052218532,0.2521267668540558,0.1259814717561676,0.13961825408318404,0.9483437849017027,0.9483444533302399,294.0,284.0,4.678911564625851,3.7052816901408456,0.009807256235827665,0.0,4.6719387755102035,3.7076291079812203,4.198125720876585,1.4,1.4,495.78059999999994,475.20452,234.2444000000001,404.20450000000005,-238.46380000000016,-428.99998000000005,-87488.10863999996,-103283.96312,-11.744802076124577,-12.804917631248557,4.200519031141867,-0.051660522485648654,0.0,1.0,1.0,79.88062283737024,80.32179930795847,1.0,1.0,1.491349480968858,1.6799050519031153,0.004988465974625144,0.8546712802768166,0.7785467128027682,0.0,6923.166089965398,0.29930795847750863,0.0,14.922145328719724,0.0,20.0,251.7318339100346,30.0,499.52076124567475,10.0,0.0,0.0,0.0
255,0.23190258856027113,0.2526898552188588,0.12777871898647394,0.14158674367896174,0.9486081779818467,0.94861025517026,312.0,283.0,4.886752136752136,4.049528857479389,0.0,0.0,4.891346153846153,4.051413427561837,4.491848739495798,1.4,1.4,522.4828,476.51212,268.77780000000007,321.7450000000001,-246.29500000000007,-345.23288000000014,-87734.40363999996,-103629.196,-11.854355070028028,-12.683340453670272,4.488543417366943,-0.000664544420996422,0.0,1.0,1.0,78.2218487394958,78.63025210084034,1.0,1.0,1.4756302521008404,1.6789830588235297,0.0,1.0974789915966388,0.8067226890756303,0.0,6835.75462184874,0.0,0.0,15.0,0.0,20.0,269.3126050420168,30.0,499.2067226890756,10.0,0.0,0.0,0.0
256,0.23254352140576223,0.2530882494240789,0.1292338320498403,0.14331248642561606,0.9488614593598412,0.9488601873091483,281.0,274.0,4.008244365361803,4.599878345498787,0.0,0.0,4.009311981020166,4.601459854014598,4.301651651651651,1.4,1.4,464.20528,454.75388,465.68090000000007,391.8276,-501.47562000000005,-437.07372000000004,-88235.87925999996,-104066.26972,-11.63537981981982,-12.918634738817579,4.300330330330331,-0.06512736619805243,0.0,1.0,1.0,83.44684684684685,83.87387387387388,1.0,1.0,1.4936936936936938,1.6557822702702691,0.0,0.7207207207207207,0.6414414414414414,0.0,6833.127927927928,0.0,0.0,15.0,0.0,20.0,258.0198198198198,30.0,490.9009009009009,10.0,0.0,0.0,0.0
257,0.23337138152000186,0.2533812474734517,0.1307735417007339,0.14513909204650677,0.9491146868042558,0.9491188144172038,297.0,289.0,3.7888327721661055,4.4368512110726614,0.0,0.0,3.7908529741863077,4.4380622837370245,4.110039817974972,1.4,1.4,498.39076,489.62620000000004,246.32890000000012,237.2335000000001,-247.93814000000012,-247.60730000000007,-88483.81739999996,-104313.87702,-11.745901251422076,-12.77727991517735,4.108418657565413,-0.02350919831080831,0.0,1.0,1.0,80.25426621160409,80.73037542662117,1.0,1.0,1.493174061433447,1.6860357679180884,0.0,0.9863481228668942,0.8088737201365188,0.0,6972.525597269625,0.0,0.0,15.0,0.0,20.0,246.50511945392492,30.0,501.7064846416382,10.0,0.0,0.0,0.0
258,0.2342199304950711,0.253730233461368,0.13246987742178326,0.14703307712803218,0.9493680797270339,0.9493715769285604,272.0,304.0,3.651041666666668,4.829934210526314,0.0,0.00849780701754386,3.6522058823529417,4.823464912280701,4.270370370370371,1.4,1.4,440.34256,510.88071999999994,525.9254000000002,294.84190000000007,-585.5828400000003,-283.9611800000001,-89069.40023999996,-104597.8382,-11.597597916666675,-12.728326896032277,4.273234953703705,-0.04342318550538931,0.0,1.0,1.0,84.171875,84.59201388888889,1.0,1.0,1.5277777777777777,1.6514293055555551,0.004484953703703704,0.6649305555555556,0.8038194444444444,0.0,6683.993055555556,0.2690972222222222,0.0,14.925347222222221,0.0,20.0,256.125,30.0,489.34722222222223,10.0,0.0,0.0,0.0
259,0.23481351350810506,0.2541704262558184,0.13303224786917534,0.14782124715041237,0.9496192937013072,0.9496086214965591,287.0,316.0,4.519512195121948,4.2820147679324885,0.0,0.0,4.521544715447154,4.285232067510549,4.397705914870094,1.4,1.4,483.78736,524.26304,258.5208,306.9104000000001,-274.73344000000003,-282.64736000000005,-89344.13367999996,-104880.48556,-11.771971254836943,-12.726668033488679,4.395052515201772,-0.046007196826769715,0.0,1.0,1.0,81.6334991708126,82.08126036484245,1.0,1.0,1.5240464344941957,1.671725373134328,0.0,0.9137645107794361,0.9767827529021559,0.0,6976.50912106136,0.0,0.0,15.0,0.0,20.0,263.70315091210614,30.0,496.5970149253731,10.0,0.0,0.0,0.0
260,0.23532007592010878,0.2545318889067733,0.1343859881351656,0.149384291837414,0.949863004407203,0.949869092375518,295.0,302.0,4.368305084745762,4.372516556291391,0.0,0.0,4.369604519774011,4.372516556291391,4.37107761027359,1.4,1.4,494.95124,513.3072,343.7144000000001,472.2796000000001,-348.76316000000014,-458.9724000000001,-89692.89683999996,-105339.45796,-11.868362144053597,-12.868223946046289,4.370435510887768,-0.04490156980617221,0.0,1.0,1.0,83.84757118927973,84.29145728643216,1.0,1.0,1.5058626465661642,1.6888751088777223,0.0,0.9095477386934674,0.7922948073701842,0.0,6899.269681742044,0.0,0.0,15.0,0.0,20.0,262.22613065326635,30.0,502.7437185929648,10.0,0.0,0.0,0.0
261,0.23579340217290384,0.25483438594687924,0.1354792853655131,0.15075791149873735,0.9501105409511995,0.9501144303959635,308.0,289.0,4.584686147186146,4.203633217993085,0.0,0.0,4.585714285714286,4.205536332179931,4.401675041876047,1.4,1.4,513.6650400000001,468.23896,299.41079999999994,462.8043,-285.74575999999985,-494.56534,-89978.64259999996,-105834.0233,-11.606912339475153,-12.591593746524932,4.400223338916808,-0.057123325454192644,0.0,1.0,1.0,82.678391959799,83.09380234505862,1.0,1.0,1.4840871021775544,1.6447303182579571,0.0,1.065326633165829,0.8040201005025126,0.0,6839.0234505862645,0.0,0.0,15.0,0.0,20.0,264.0134003350084,30.0,486.9514237855946,10.0,0.0,0.0,0.0
262,0.2366551701416066,0.25539495531947315,0.1369640779557148,0.15238755235665122,0.9503562111587396,0.9503542983530319,315.0,291.0,4.259365079365081,4.010309278350515,0.0,0.0,4.26,4.01368843069874,4.141721672167217,1.4,1.4,532.7756,482.05304,358.94260000000014,349.4626,-326.1670000000001,-367.40956,-90304.80959999996,-106201.43286,-11.687849064906484,-12.740584047177943,4.139768976897689,-0.05726958146077371,0.0,1.0,1.0,82.8003300330033,83.22772277227723,1.0,1.0,1.4801980198019802,1.6746347194719466,0.0,1.0066006600660067,0.8696369636963697,0.0,6864.739273927393,0.0,0.0,15.0,0.0,20.0,248.3861386138614,30.0,497.6303630363036,10.0,0.0,0.0,0.0
263,0.23728434138992252,0.2557476908063403,0.13796784508914578,0.15366201520229064,0.9505958808014645,0.9506098610311251,334.0,290.0,5.009181636726542,4.1385057471264375,0.027644710578842317,0.0,4.983932135728543,4.140632183908046,4.592013888888889,1.4,1.4,564.6732,490.87584,303.5153000000001,338.84800000000007,-238.84210000000013,-347.9721600000001,-90543.65169999996,-106549.40502,-11.978662179487193,-12.705572877920007,4.604540598290597,-0.022265574249528953,0.0,1.0,1.0,82.27724358974359,82.69070512820512,1.0,1.0,1.4647435897435896,1.6915849999999995,0.014797008547008548,1.0544871794871795,1.108974358974359,0.0,7015.094551282052,0.8878205128205128,0.0,14.849358974358974,0.0,20.0,275.38461538461536,30.0,503.67628205128204,10.0,0.0,0.0,0.0
264,0.23800417048440856,0.25649209283918306,0.13932600332225054,0.15500062301398604,0.950840001205676,0.9508519551212794,284.0,291.0,4.125762910798122,3.646849942726233,0.0,0.0,4.130927230046948,3.6492554410080187,3.887159420289855,1.4,1.4,468.69788,483.94416,617.0034,337.01599999999996,-648.3055200000001,-353.07183999999995,-91191.95721999995,-106902.47686000001,-11.47471339130435,-12.668139661053164,3.8833913043478256,-0.05408112514386698,0.0,1.0,1.0,85.75304347826086,86.16869565217391,1.0,1.0,1.5060869565217392,1.6567687652173926,0.0,0.8365217391304348,0.871304347826087,0.0,6839.59652173913,0.0,0.0,15.0,0.0,20.0,233.00347826086957,30.0,491.25391304347824,10.0,0.0,0.0,0.0
265,0.2385545596478015,0.2570624788961537,0.1417146731134959,0.15781064437920447,0.9510633850266866,0.9510982263634962,288.0,292.0,3.79994212962963,3.9739726027397246,0.0,0.0,3.801273148148148,3.974486301369863,3.8884770114942526,1.4,1.4,471.15544,480.37892,325.90950000000004,366.97170000000006,-354.75406000000004,-386.59278000000006,-91546.71127999996,-107289.06964000002,-11.376112298850574,-12.740216254012411,3.8875574712643646,-0.09408091705401417,0.0,1.0,1.0,86.68275862068965,87.11206896551724,1.0,1.0,1.5034482758620689,1.6405764827586207,0.0,0.8689655172413793,0.596551724137931,0.0,7147.955172413793,0.0,0.0,15.0,0.0,20.0,233.25344827586207,30.0,485.46206896551723,10.0,0.0,0.0,0.0
266,0.23906337160610133,0.25731531395534596,0.14288229936563032,0.15911336989002609,0.9513230211674572,0.9513526926770943,313.0,285.0,5.475239616613413,4.610994152046782,0.08184238551650692,0.0,5.394355697550586,4.612690058479532,5.0218227424749164,1.4,1.4,528.346,479.85839999999996,272.5547,402.7714,-244.20870000000002,-422.91300000000007,-91790.91997999996,-107711.98264000002,-12.127411371237448,-12.755717832290177,5.063350055741361,0.011167100815293617,0.0,1.0,1.0,85.48494983277592,85.89464882943143,1.0,1.0,1.4765886287625418,1.6859605351170561,0.04283723522853958,1.0183946488294315,0.8678929765886287,0.0,6991.219063545151,2.5702341137123748,0.0,14.301003344481606,0.0,20.0,301.2307692307692,30.0,501.68060200668896,10.0,0.0,0.0,0.0
267,0.23969431534582664,0.257846247789059,0.14490739427550992,0.16132541718307736,0.9515565526395241,0.9515799023150172,281.0,292.0,3.8953736654804274,4.348687214611873,0.0,0.0,3.8976868327402134,4.349543378995434,4.127952297847586,1.4,1.4,461.146,499.34864,511.9174000000001,324.6484,-550.7714000000001,-325.29976,-92341.69137999996,-108037.28240000001,-11.69253612565445,-12.793842812546496,4.126381617219314,-0.042384381296022164,0.0,1.0,1.0,88.239092495637,88.67539267015707,1.0,1.0,1.5095986038394416,1.6762559162303667,0.0,0.731239092495637,0.8534031413612565,0.0,6690.479930191972,0.0,0.0,15.0,0.0,20.0,247.58289703315882,30.0,498.2111692844677,10.0,0.0,0.0,0.0
268,0.24028993098128013,0.2583340865071628,0.14660524655214782,0.16301505813908804,0.9517848266966745,0.951815308372781,287.0,292.0,4.151800232288036,4.40085616438356,0.0,0.0014269406392694065,4.153832752613241,4.40005707762557,4.278008059873345,1.4,1.4,466.76476,493.13403999999997,365.8382,344.1044000000001,-399.07343999999995,-350.97036000000014,-92740.76481999995,-108388.25276000002,-11.63901669545193,-12.786786600512231,4.277403569372475,-0.07403793496750931,0.0,1.0,1.0,90.39205526770293,90.83592400690846,1.0,1.0,1.5043177892918826,1.6578563039723666,0.0007196315486470927,0.8031088082901554,0.6994818652849741,0.0,6755.267702936097,0.04317789291882556,0.0,14.974093264248705,0.0,20.0,256.60103626943004,30.0,491.63212435233163,10.0,0.0,0.0,0.0
269,0.2407080013098812,0.2589341647251526,0.14752555441021825,0.16421764645693124,0.9520059864822413,0.9520305260189352,305.0,293.0,4.216065573770492,4.252901023890786,0.0,0.0,4.21688524590164,4.252901023890785,4.2345317725752505,1.4,1.4,521.68228,497.41943999999995,281.8244,313.48130000000003,-260.14212000000003,-316.0618600000001,-93000.90693999996,-108704.31462000002,-11.908553957636562,-12.903894220444863,4.234113712374584,-0.03886221590803087,0.0,1.0,1.0,86.72742474916387,87.16053511705685,1.0,1.0,1.4899665551839465,1.7041834782608716,0.0,0.9732441471571907,0.7341137123745819,0.0,6994.540133779265,0.0,0.0,15.0,0.0,20.0,254.04682274247492,30.0,508.1973244147157,10.0,0.0,0.0,0.0
270,0.24124880501585486,0.25940635852476335,0.1483231992008111,0.16503727208835173,0.9522145648546239,0.9522596876079841,316.0,282.0,3.9820147679324878,4.158865248226951,0.0,0.0,3.9864978902953587,4.159219858156029,4.067948717948719,1.4,1.4,537.52272,459.07736,320.3478000000001,410.7565000000001,-282.82508000000007,-451.6791400000001,-93283.73201999995,-109155.99376000001,-11.608055295429207,-12.689232423046068,4.065412486064659,-0.05458932633526448,0.0,1.0,1.0,89.40802675585284,89.86454849498328,1.0,1.0,1.471571906354515,1.6665553177257528,0.0,1.040133779264214,0.7642140468227425,0.0,7115.625418060201,0.0,0.0,15.0,0.0,20.0,243.9247491638796,30.0,494.7341137123746,10.0,0.0,0.0,0.0
271,0.24199916860619144,0.2598816163553575,0.14944073125403667,0.16626173754437917,0.9524356843803397,0.9525019923248256,309.0,307.0,3.903128371089536,5.0046688382193265,0.0,0.006948968512486428,3.9110032362459557,4.998099891422367,4.452786796536797,1.4,1.4,516.78368,525.0725199999999,421.4543000000002,222.0869,-404.6706200000002,-197.01438000000007,-93688.40263999996,-109353.00814,-11.916078463203482,-12.907469063635197,4.4521103896103895,-0.059136200447154216,0.0,1.0,1.0,89.76136363636364,90.1801948051948,1.0,1.0,1.4983766233766234,1.6913250000000006,0.003463203463203463,1.0016233766233766,0.7386363636363636,0.0,6949.071428571428,0.2077922077922078,0.0,14.878246753246753,0.0,20.0,266.91883116883116,30.0,503.5827922077922,10.0,0.0,0.0,0.0
272,0.24257511859799338,0.2603179167453946,0.15046271124942465,0.16727458812723373,0.9526644711223791,0.9527153950455005,308.0,289.0,4.01628787878788,4.074971164936563,0.0,0.0,4.020508658008658,4.077797001153402,4.048241206030151,1.4,1.4,510.43664,493.52912000000003,394.59030000000007,431.2658,-384.15366000000006,-437.73668,-94072.55629999995,-109790.74482,-11.69347649357902,-12.849570336240015,4.044695700725852,-0.0680864012578499,0.0,1.0,1.0,90.35678391959799,90.82077051926298,1.0,1.0,1.4840871021775544,1.6816846901172533,0.0,0.7587939698492462,0.864321608040201,0.0,6735.994974874372,0.0,0.0,15.0,0.0,20.0,242.68174204355108,30.0,500.15242881072027,10.0,0.0,0.0,0.0
273,0.24310542682315334,0.26075426413070646,0.1513599952878975,0.16812049720157002,0.9528810277864912,0.9529262880497109,310.0,301.0,4.0717204301075265,4.81201550387597,0.0,0.0,4.07268817204301,4.813676633444076,4.43772504091653,1.4,1.4,513.83668,507.73492000000005,382.40240000000006,320.31120000000004,-368.56572000000006,-312.57628,-94441.12201999995,-110103.3211,-11.79000763775232,-12.791224110617367,4.436415711947629,-0.06200557709856026,0.0,1.0,1.0,90.63011456628477,91.05400981996726,1.0,1.0,1.4926350245499183,1.671966612111293,0.0,0.9770867430441899,0.9509001636661211,0.0,6800.497545008183,0.0,0.0,15.0,0.0,20.0,266.1849427168576,30.0,496.6824877250409,10.0,0.0,0.0,0.0
274,0.24391790373335667,0.26123513153594713,0.15269312665159693,0.16949186075232348,0.9531091685004984,0.953146864475214,321.0,319.0,4.559397715472484,4.158829676071055,0.0,0.0,4.559501557632399,4.162225705329154,4.361484375,1.4,1.4,540.50808,522.89356,316.07380000000006,298.3670000000001,-275.5657200000001,-275.4734400000001,-94716.68773999995,-110378.79454,-11.69491906250001,-12.705262726094904,4.359739583333335,-0.06488926143767627,0.0,1.0,1.0,89.0140625,89.4578125,1.0,1.0,1.4984375,1.6615650625000011,0.0,1.065625,0.878125,0.0,6967.1984375,0.0,0.0,15.0,0.0,20.0,261.584375,30.0,492.959375,10.0,0.0,0.0,0.0
275,0.244666674656581,0.26170372928037483,0.1540484335913915,0.17097024496868138,0.9533281553509498,0.9533654910047148,294.0,312.0,3.7762471655328813,4.214636752136753,0.0,0.0,3.77874149659864,4.215972222222222,4.003850385038504,1.4,1.4,489.03315999999995,508.84288,485.76070000000004,449.8856,-496.7275400000001,-441.04272000000003,-95213.41527999996,-110819.83726,-11.459571287128727,-12.547688810461068,4.001952695269527,-0.020152028158931252,0.0,1.0,1.0,90.67326732673267,91.11881188118812,1.0,1.0,1.5148514851485149,1.6466601320132006,0.0,0.9653465346534653,0.7244224422442245,0.0,6931.321782178218,0.0,0.0,15.0,0.0,20.0,240.1171617161716,30.0,487.64686468646863,10.0,0.0,0.0,0.0
276,0.2453294909391365,0.26230869579691324,0.1558788707534708,0.1729422924222411,0.9535349949000059,0.9535788439304003,321.0,293.0,4.341433021806855,4.410864618885094,0.06178608515057113,0.0,4.279698857736241,4.413424345847554,4.343512486427796,1.4,1.4,530.46784,497.71176,258.1562,441.75070000000005,-227.68836,-444.03894,-95441.10363999996,-111263.8762,-11.781305103148753,-12.732422638448815,4.374565689467966,-0.05615763067935376,0.0,1.0,1.0,91.53420195439739,91.9641693811075,1.0,1.0,1.477198697068404,1.6745596091205206,0.03230184581976113,0.9511400651465798,0.8957654723127035,0.0,6938.998371335505,1.9381107491856677,0.0,14.625407166123779,0.0,20.0,260.53583061889253,30.0,497.6042345276873,10.0,0.0,0.0,0.0
277,0.2461863333882702,0.26276727575504494,0.15769278424523736,0.17496343388063634,0.9537543844440468,0.9537899778794579,307.0,280.0,3.899891422366991,3.798809523809523,0.0,0.0,3.902605863192183,3.798809523809524,3.8530948324815446,1.4,1.4,534.548,467.99199999999996,358.2226000000001,378.21580000000006,-323.6746000000001,-410.2238000000001,-95764.77823999996,-111674.1,-11.778574673480986,-12.925299314030594,3.8516751845542307,-0.05607575608025914,0.0,1.0,1.0,94.3236797274276,94.77853492333901,1.0,1.0,1.4770017035775127,1.7079045996592848,0.0,0.9505962521294719,0.8568994889267462,0.0,6927.0425894378195,0.0,0.0,15.0,0.0,20.0,231.10051107325384,30.0,509.5144804088586,10.0,0.0,0.0,0.0
278,0.24686318083446132,0.2631437029898104,0.15904393497986255,0.17645607895211274,0.9539614186616555,0.9540082291462697,314.0,309.0,3.765711252653926,4.321790722761601,0.0,0.0,3.7667197452229297,4.3241639697950385,4.043204922418406,1.4,1.4,546.0739199999999,500.3278,274.2217,282.6483000000001,-228.14778000000007,-282.3205000000001,-95992.92601999996,-111956.42050000001,-11.679414553237022,-12.786387475857323,4.041519529159983,-0.048772167289208586,0.0,1.0,1.0,92.12359550561797,92.56661316211878,1.0,1.0,1.4959871589085072,1.6796175280898877,0.0,0.9598715890850722,0.7929373996789727,0.0,6892.744783306581,0.0,0.0,15.0,0.0,20.0,242.49117174959872,30.0,499.4157303370786,10.0,0.0,0.0,0.0
279,0.24756054048412907,0.26361973473184763,0.16072211229819044,0.178177816639686,0.9541680696318797,0.9542125564722944,296.0,332.0,3.9230292792792802,4.328112449799194,0.0,0.0,3.925731981981982,4.330672690763052,4.139808917197453,1.4,1.4,512.2233200000001,559.71496,368.57650000000007,281.11820000000006,-356.35318,-221.40324000000004,-96349.27919999996,-112177.82374,-11.886615817409767,-12.840797325464273,4.137181528662422,-0.04731461826729444,0.0,1.0,1.0,92.60350318471338,93.03184713375796,1.0,1.0,1.5286624203821657,1.7069080891719766,0.0,0.9968152866242038,0.9394904458598726,0.0,7008.880573248408,0.0,0.0,15.0,0.0,20.0,248.23089171974522,30.0,509.1608280254777,10.0,0.0,0.0,0.0
280,0.24814799686660574,0.26423917897171106,0.16179847861775407,0.17944303443191742,0.9543710356857986,0.9544344540971947,304.0,299.0,4.42324561403509,3.229096989966555,0.0,0.0,4.427521929824561,3.2308249721293194,3.834134881149806,1.4,1.4,521.33564,495.68987999999996,318.57149999999996,522.6797,-297.23585999999995,-526.98982,-96646.51505999996,-112704.81356000001,-11.6384979546711,-12.74113163957373,3.831122166943059,-0.026382134967671608,0.0,1.0,1.0,95.03980099502488,95.48590381426202,1.0,1.0,1.4958540630182422,1.686609485903815,0.0,1.1160862354892205,0.7744610281923715,0.0,6869.24543946932,0.0,0.0,15.0,0.0,20.0,229.86733001658374,30.0,501.9004975124378,10.0,0.0,0.0,0.0
281,0.24872668821439284,0.2646045801066102,0.16291157948736368,0.18060192649201595,0.9545828423414138,0.9546347286507545,309.0,313.0,4.3788025889967646,4.576837060702874,0.0,0.0,4.380312837108954,4.578700745473908,4.480144694533762,1.4,1.4,509.44208000000003,530.5762,348.3156,341.37309999999997,-338.87352,-310.7969,-96985.38857999996,-113015.61046000001,-11.807365594855302,-12.667806830458634,4.4784565916398735,-0.03596054074932035,0.0,1.0,1.0,93.13665594855306,93.57395498392283,1.0,1.0,1.5032154340836013,1.672055112540193,0.0,1.1061093247588425,0.8633440514469454,0.0,6731.70578778135,0.0,0.0,15.0,0.0,20.0,268.70739549839226,30.0,496.7122186495177,10.0,0.0,0.0,0.0
282,0.24913704778729534,0.2649691067419396,0.16349480575966288,0.18121861175967632,0.9547914746113176,0.9548336309594458,319.0,285.0,4.343834900731453,4.09450292397661,0.0,0.0,4.345715778474399,4.09625730994152,4.228007726269316,1.4,1.4,537.43228,482.15776,315.4764000000001,455.0648000000001,-278.04412000000013,-472.9070400000001,-97263.43269999996,-113488.51750000002,-11.805530132450334,-12.839816743167718,4.22618653421634,-0.06820060069960518,0.0,1.0,1.0,96.8294701986755,97.24337748344371,1.0,1.0,1.4718543046357615,1.6880629801324505,0.0,1.0827814569536425,0.7516556291390728,0.0,7087.423841059603,0.0,0.0,15.0,0.0,20.0,253.57119205298014,30.0,502.42218543046357,10.0,0.0,0.0,0.0
283,0.24994295427439678,0.26538718747227913,0.16484429690546143,0.18245715702457124,0.9549865552895237,0.9550295588283757,323.0,287.0,4.022910216718267,4.315737514518001,0.0,0.005226480836236934,4.026367389060888,4.313182346109175,4.161311475409836,1.4,1.4,547.22808,485.36012000000005,354.9132000000001,346.2699999999999,-307.6851200000001,-360.9098799999999,-97571.11781999996,-113849.42738000002,-11.808487978142075,-12.71256837381634,4.160683060109285,-0.04497474403908348,0.0,1.0,1.0,93.74262295081967,94.20819672131148,1.0,1.0,1.4704918032786884,1.6927675409836078,0.002459016393442623,1.0950819672131147,0.9426229508196722,0.0,6650.693442622951,0.14754098360655737,0.0,14.932786885245902,0.0,20.0,249.49344262295082,30.0,504.1131147540984,10.0,0.0,0.0,0.0
284,0.25029326737166246,0.26564139965248895,0.16633615915564018,0.18388527620009654,0.9551790965911944,0.955231582941778,301.0,298.0,4.11207087486157,4.149440715883671,0.0,0.003803131991051454,4.114285714285714,4.147427293064877,4.130773511407901,1.4,1.4,496.43356000000006,505.97176,484.81200000000007,272.70500000000004,-488.37844,-266.73324,-98059.49625999996,-114116.16062000002,-11.676939232053428,-12.755000799313828,4.13066221480245,-0.06483021035275364,0.0,1.0,1.0,97.24207011686144,97.68948247078464,1.0,1.0,1.4974958263772955,1.673464641068447,0.0018920422927100724,0.8964941569282137,0.8814691151919867,0.0,6836.225375626043,0.11352253756260434,0.0,14.92821368948247,0.0,20.0,247.7262103505843,30.0,497.20534223706176,10.0,0.0,0.0,0.0
285,0.2511052526513477,0.26624686582693174,0.1672412566547379,0.18475128369354793,0.9553731566630124,0.9554301582759401,309.0,314.0,4.061272923408848,4.326857749469212,5.393743257820928e-05,0.0,4.064347357065803,4.327813163481953,4.197137506688069,1.4,1.4,508.55672000000004,526.63436,346.42530000000005,335.5872,-337.86858,-308.95284,-98397.36483999995,-114425.11346000002,-11.629473622257896,-12.687794792704699,4.195131086142322,-0.04051995633491693,0.0,1.0,1.0,94.8860353130016,95.32584269662921,1.0,1.0,1.5040128410914928,1.6616229213483158,2.6752273943285178e-05,0.8138041733547352,0.8876404494382022,0.0,6772.353130016051,0.0016051364365971107,0.0,14.998394863563403,0.0,20.0,251.70626003210273,30.0,492.99197431781704,10.0,0.0,0.0,0.0
286,0.2516417149865762,0.2668805636645366,0.16795079161083862,0.1855999945550532,0.9555647051535335,0.9556224579188753,290.0,322.0,4.467183908045976,4.007712215320909,0.0,0.0,4.469942528735632,4.009575569358178,4.227723311546841,1.4,1.4,485.64348,528.0340800000001,479.7183,361.5598000000001,-494.07482,-333.52572,-98891.43965999995,-114758.63918000003,-11.608814488017444,-12.665520677932756,4.225435729847497,-0.004646688092947506,0.0,1.0,1.0,97.58986928104575,98.0343137254902,1.0,1.0,1.526143790849673,1.6563358823529406,0.0,0.9183006535947712,0.7630718954248366,0.0,7046.14705882353,0.0,0.0,15.0,0.0,20.0,253.5261437908497,30.0,491.0882352941176,10.0,0.0,0.0,0.0
287,0.2522992651480966,0.2674884216029231,0.1686351648795122,0.18620740303728833,0.9557594213979896,0.9558057593639414,309.0,324.0,4.242718446601941,4.359979423868314,0.0,0.0,4.244174757281553,4.360699588477366,4.303817798841496,1.4,1.4,518.12152,553.62328,278.74060000000014,356.1667,-260.6190800000001,-302.54341999999997,-99152.05873999995,-115061.18260000003,-11.867468141126917,-12.789655531875853,4.302738283307006,-0.04436466653692198,0.0,1.0,1.0,97.10268562401264,97.51658767772511,1.0,1.0,1.5118483412322274,1.693119747235387,0.0,0.9794628751974723,0.8846761453396524,0.0,7004.447077409162,0.0,0.0,15.0,0.0,20.0,258.16429699842024,30.0,504.23222748815164,10.0,0.0,0.0,0.0
288,0.25268654749604846,0.26796873101344,0.17016187830521298,0.18807165779799703,0.9559508244118811,0.9559981995931208,333.0,282.0,4.73668668668669,4.2580378250591036,0.0,0.0,4.73968968968969,4.260992907801418,4.520189701897018,1.4,1.4,554.53132,477.03824000000003,315.88720000000006,544.1488999999999,-261.35588,-567.1106599999998,-99413.41461999995,-115628.29326000003,-11.855595338753382,-12.752374450163025,4.517208672086715,-0.04771915536789011,0.0,1.0,1.0,98.63577235772358,99.05040650406504,1.0,1.0,1.4585365853658536,1.6773488780487815,0.0,1.1203252032520326,0.7528455284552845,0.0,6962.656910569106,0.0,0.0,15.0,0.0,20.0,271.0325203252033,30.0,498.590243902439,10.0,0.0,0.0,0.0
289,0.253679243531193,0.2685640394444744,0.17207892882618173,0.18988079975753638,0.9561405592119063,0.9561842758160349,303.0,309.0,3.899724972497247,4.253559870550158,0.0,0.0,3.902585258525852,4.257065803667746,4.081563180827887,1.4,1.4,510.31736,514.14272,480.8792,226.18390000000005,-470.56184,-212.04118,-99883.97645999995,-115840.33444000004,-11.659025708060996,-12.720628660103479,4.078376906318088,-0.05612054268391683,0.0,1.0,1.0,98.22385620915033,98.68790849673202,1.0,1.0,1.5049019607843137,1.6739543790849667,0.0,0.9705882352941176,0.9084967320261438,0.0,7010.895424836602,0.0,0.0,15.0,0.0,20.0,244.70261437908496,30.0,497.37091503267976,10.0,0.0,0.0,0.0
290,0.25420466345396936,0.26906172154298863,0.17343611716963098,0.19122162801095732,0.9563401548806767,0.9563794183750323,293.0,333.0,4.107337883959045,4.780480480480476,0.0,0.0035535535535535538,4.110011376564278,4.779029029029029,4.465894568690096,1.4,1.4,494.2994,560.4942,380.7778,271.6916,-386.4784,-211.19740000000002,-100270.45485999995,-116051.53184000004,-11.882132055378069,-12.781026142444647,4.46541533546326,-0.04498147886232045,0.0,1.0,1.0,99.01437699680511,99.42811501597444,1.0,1.0,1.5319488817891374,1.6849738019169336,0.0018903088391906283,0.9728434504792333,0.889776357827476,0.0,7145.525559105431,0.1134185303514377,0.0,14.928115015974441,0.0,20.0,267.8115015974441,30.0,501.3290734824281,10.0,0.0,0.0,0.0
291,0.2548679675782094,0.2698790332000125,0.17597382201947837,0.19382439599394655,0.9565328926247608,0.956569085123085,289.0,325.0,3.8742214532871992,4.126051282051287,0.0,0.0,3.8755478662053053,4.129846153846154,4.010152008686211,1.4,1.4,479.16736,541.12184,341.31050000000005,411.903,-362.1431400000001,-370.78116,-100632.59799999995,-116422.31300000004,-11.554939196525511,-12.820450531811261,4.007519001085778,-0.08654135091050708,0.0,1.0,1.0,101.72475570032573,102.17915309446254,1.0,1.0,1.5293159609120521,1.6617087947882723,0.0,0.8192182410423453,0.7247557003257329,0.0,6998.0830618892505,0.0,0.0,15.0,0.0,20.0,240.45114006514657,30.0,493.01628664495115,10.0,0.0,0.0,0.0
292,0.2557953297006917,0.27073010134375386,0.17722883563595032,0.19496903409260144,0.9567229326371768,0.9567586903141619,327.0,313.0,4.210907237512742,3.3479765708200224,0.0,0.0,4.21427115188583,3.3513844515441966,3.792265625,1.4,1.4,550.4763599999999,530.87104,188.83740000000003,418.0472,-138.36104000000014,-387.17616,-100770.95903999996,-116809.48916000004,-11.6401671875,-12.80332941012305,3.788880208333334,-0.06717962313251669,0.0,1.0,1.0,99.0859375,99.5,1.0,1.0,1.4890625,1.6896053125000006,0.0,0.909375,0.7625,0.0,6972.90625,0.0,0.0,15.0,0.0,20.0,227.3328125,30.0,502.9765625,10.0,0.0,0.0,0.0
293,0.2563805077806917,0.27147609464914285,0.1780704252249345,0.19564157078349698,0.9569118091576996,0.9569412156160484,323.0,306.0,3.8054695562435503,3.6964052287581706,0.0,0.0,3.8098555211558307,3.6974400871459694,3.75516693163752,1.4,1.4,545.93252,490.96040000000005,419.55310000000003,424.55500000000006,-373.6205800000001,-433.5946,-101144.57961999996,-117243.08376000004,-11.370993004769486,-12.654454011032062,3.7524112347641765,-0.08715730989514249,0.0,1.0,1.0,101.40381558028616,101.84578696343402,1.0,1.0,1.4864864864864864,1.648478410174881,0.0,1.0206677265500794,0.5643879173290938,0.0,6929.5802861685215,0.0,0.0,15.0,0.0,20.0,225.14467408585057,30.0,488.29093799682033,10.0,0.0,0.0,0.0
294,0.25717038187116,0.2718750423916435,0.17871788813740935,0.19642217922728328,0.9570964881672043,0.9571163125418367,290.0,337.0,3.7633333333333328,4.167556874381801,0.0,0.0,3.7649425287356326,4.1683976261127595,3.981791600212653,1.4,1.4,481.85200000000003,561.07464,502.9462000000001,275.9852,-521.0942,-214.91055999999998,-101665.67381999997,-117457.99432000004,-11.554391068580538,-12.689579654222891,3.980595427963847,-0.07181114310437753,0.0,1.0,1.0,102.85007974481658,103.29984051036682,1.0,1.0,1.5374800637958532,1.6633598724082936,0.0,0.8787878787878788,1.003189792663477,0.0,6907.130781499202,0.0,0.0,15.0,0.0,20.0,238.83572567783094,30.0,493.6060606060606,10.0,0.0,0.0,0.0
295,0.25781537771853247,0.2726299118988842,0.17974139555271557,0.1974658134132177,0.9572740702845023,0.957296243727557,300.0,318.0,4.371000000000003,3.587106918238991,0.0,0.0,4.3742222222222225,3.588731656184487,3.970037756202805,1.4,1.4,494.92044,540.4436800000001,354.4488999999999,443.6454000000001,-359.52845999999994,-403.20172,-102025.20227999997,-117861.19604000004,-11.623393635382959,-12.769924329444317,3.9676375404530746,-0.044783660314642856,0.0,1.0,1.0,103.24595469255664,103.69741100323624,1.0,1.0,1.5145631067961165,1.6753464724919096,0.0,0.7799352750809061,0.7977346278317152,0.0,6725.37216828479,0.0,0.0,15.0,0.0,20.0,238.05825242718447,30.0,497.8818770226537,10.0,0.0,0.0,0.0
296,0.2581236712166271,0.2732681095424108,0.18056755883626271,0.19842402198056783,0.9574537093508367,0.9574688147165075,330.0,309.0,4.478838383838381,3.756202804746498,0.0,0.0,4.481010101010101,3.7592772384034525,4.132003129890454,1.4,1.4,543.15548,510.10596,281.35800000000006,414.0445000000001,-238.20252000000005,-403.9385400000001,-102263.40479999997,-118265.13458000004,-11.52068419405322,-12.606297650760961,4.129394887845591,-0.05745714253571053,0.0,1.0,1.0,101.93896713615024,102.37245696400626,1.0,1.0,1.483568075117371,1.6482964632237889,0.0,0.9248826291079812,0.784037558685446,0.0,6766.3239436619715,0.0,0.0,15.0,0.0,20.0,247.76369327073553,30.0,488.23317683881066,10.0,0.0,0.0,0.0
297,0.2586963701122528,0.27354279867673886,0.18232742584978334,0.20026045159312547,0.9576235344419558,0.9576478221000286,304.0,302.0,3.707127192982454,3.9472406181015502,0.0,0.0,3.7093749999999996,3.949889624724062,3.8292354235423542,1.4,1.4,502.14808,499.40716000000003,524.0627999999999,419.36080000000004,-521.91472,-419.95364,-102785.31951999998,-118685.08822000005,-11.42706193619361,-12.735907437472555,3.8267876787678783,-0.08667494133010771,0.0,1.0,1.0,106.0924092409241,106.51155115511551,1.0,1.0,1.4983498349834983,1.6527314191419145,0.0,0.8382838283828383,0.7706270627062707,0.0,6921.726072607261,0.0,0.0,15.0,0.0,20.0,229.6072607260726,30.0,489.8069306930693,10.0,0.0,0.0,0.0
298,0.2591666896022892,0.2738843315562552,0.18323533252655175,0.20120998718300787,0.9577959129648949,0.9578306214410038,312.0,316.0,4.56917735042735,4.553797468354433,0.0037927350427350427,0.0,4.5680555555555555,4.555274261603375,4.561624203821657,1.4,1.4,518.81676,541.24868,328.08629999999994,294.77470000000005,-309.2695399999999,-253.52602000000002,-103094.58905999997,-118938.61424000005,-11.939268365180464,-12.711952486321529,4.5614384288747365,-0.0029384641579837108,0.0,1.0,1.0,104.78184713375796,105.22770700636943,1.0,1.0,1.5031847133757963,1.6880022929936314,0.0018842887473460722,0.9792993630573248,0.8630573248407644,0.0,7005.3105095541405,0.11305732484076433,0.0,14.972929936305732,0.0,20.0,273.5732484076433,30.0,502.40445859872614,10.0,0.0,0.0,0.0
299,0.2599065085883131,0.27435681894691033,0.1844268303789701,0.20215714264852933,0.9579698397454071,0.9580015566184324,308.0,320.0,3.803192640692638,4.550260416666663,0.0,0.0011458333333333333,3.8067099567099567,4.5529166666666665,4.186942675159236,1.4,1.4,504.51464,535.40228,391.7564,403.74980000000005,-387.24176,-368.34752000000003,-103481.83081999997,-119306.96176000005,-11.589662314225055,-12.658241488885752,4.183864118895969,-0.05791976686273949,0.0,1.0,1.0,105.18312101910828,105.60509554140127,1.0,1.0,1.5095541401273886,1.6559186624203819,0.000583864118895966,0.8726114649681529,0.8296178343949044,0.0,6779.4378980891715,0.03503184713375796,0.0,14.969745222929935,0.0,20.0,250.9968152866242,30.0,490.9570063694268,10.0,0.0,0.0,0.0
300,0.25997567786013714,0.2748559659847837,0.1858704458380549,0.20378179795040421,0.9581519025743265,0.9581735596618508,346.0,319.0,4.440558766859342,3.9387147335423194,0.0011560693641618498,0.0,4.442100192678227,3.94153605015674,4.201979949874687,1.6,1.4,628.48896,546.49532,162.6863,373.49240000000003,-34.19733999999997,-326.99708000000004,-103516.02815999997,-119633.95884000005,-12.164042205513777,-12.621554157204944,4.199824561403512,0.007399187373870484,0.0,1.0,1.0,103.72932330827068,104.17744360902256,1.0,1.0,1.4796992481203008,1.7668936541353395,0.0006015037593984963,1.1142857142857143,0.8947368421052632,0.0,6940.165413533835,0.03609022556390978,0.0,14.977443609022556,0.0,20.0,251.9533834586466,30.0,494.8932330827068,10.0,0.0,0.0,0.0
301,0.26012598498550893,0.27543929403821626,0.18694473709879286,0.20515516406955828,0.9583199543012507,0.9583371132794725,333.0,315.0,3.529479479479476,3.980370370370368,0.0,0.0,3.531031031031031,3.9842857142857144,3.7513631687242794,1.6,1.4,620.24352,533.23648,274.82859999999994,399.56010000000003,-154.58507999999995,-366.32362,-103670.61323999998,-120000.28246000005,-12.063045267489715,-12.787972724257038,3.748662551440332,-0.025931587799101572,0.0,1.0,1.0,106.05401234567901,106.48148148148148,1.0,1.0,1.4861111111111112,1.7800617283950646,0.0,0.9182098765432098,0.7901234567901234,0.0,6955.442901234568,0.0,0.0,15.0,0.0,20.0,224.91975308641975,30.0,498.98148148148147,10.0,0.0,0.0,0.0
302,0.26018359772327293,0.2761722833014873,0.18882156729829183,0.20707550461429475,0.9584909474110256,0.9585076400402528,318.0,323.0,3.9545073375262083,4.337616099071207,0.0,0.0,3.9583857442348007,4.339680082559339,4.1505200208008315,1.6,1.4,585.28224,527.33072,287.5346999999999,373.3071,-202.25245999999987,-345.97637999999995,-103872.86569999998,-120346.25884000004,-11.954089651586058,-12.514981618578359,4.14755590223609,-0.0022441114350642095,0.0,1.0,1.0,106.35101404056162,106.82995319812792,1.0,1.0,1.5039001560062402,1.735745647425898,0.0,1.093603744149766,0.6942277691107644,0.0,6946.897035881435,0.0,0.0,15.0,0.0,20.0,248.85335413416536,30.0,484.90171606864277,10.0,0.0,0.0,0.0
303,0.2601863788864064,0.27666337894951004,0.19062342988800374,0.20888068962478795,0.9586609142867138,0.9586740237933128,344.0,301.0,3.968023255813954,3.843244739756368,0.0,0.0,3.9725290697674422,3.843798449612403,3.912454780361757,1.6,1.4,649.2560000000001,497.35560000000004,120.1294999999999,487.41599999999994,29.126500000000192,-490.0603999999999,-103843.73919999998,-120836.31924000004,-12.106301808785545,-12.669253269746912,3.9097932816537444,-0.02481725039162159,0.0,1.0,1.0,106.57519379844962,107.03255813953488,1.0,1.0,1.4666666666666666,1.7776924031007744,0.0,1.2511627906976743,0.7116279069767442,0.0,6878.493023255814,0.0,0.0,15.0,0.0,20.0,234.58759689922482,30.0,496.1767441860465,10.0,0.0,0.0,0.0
304,0.2604891060926685,0.2774321989878823,0.19235929596628332,0.2108477922967445,0.9588267425209176,0.9588441035770261,307.0,321.0,3.4057003257328966,3.670820353063343,0.0,0.0,3.4103691639522253,3.672377985462097,3.544294055201698,1.6,1.4,581.8771200000001,536.5416,343.7891999999999,269.91700000000003,-261.9120799999998,-233.3754,-104105.65127999998,-121069.69464000005,-11.988875159235679,-12.7428982226774,3.5412154989384264,-0.047895365990814516,0.0,1.0,1.0,106.15764331210191,106.60031847133757,1.0,1.0,1.5111464968152866,1.7809215286624214,0.0,0.9697452229299363,1.0063694267515924,0.0,6860.614649681529,0.0,0.0,15.0,0.0,20.0,212.47292993630575,30.0,500.3343949044586,10.0,0.0,0.0,0.0
305,0.2601621169596983,0.27810054856278166,0.19261115471852883,0.21110445355935387,0.9590008775653249,0.9590162820583228,345.0,308.0,5.325893719806762,3.7977813852813833,0.05584541062801932,0.0,5.272657004830918,3.8010281385281384,4.578534966819807,1.6,1.4,657.4464,506.93804,100.80649999999997,437.8552,56.63990000000007,-430.91716,-104049.01137999998,-121500.61180000004,-12.417869627360904,-12.734100371342684,4.605130168453298,0.019641880449709128,0.0,1.0,1.0,106.64012251148546,107.07044410413476,1.0,1.0,1.4716692189892802,1.7831308422664633,0.029504849412965797,1.2526799387442573,0.7534456355283308,0.0,6928.977029096478,1.770290964777948,0.0,14.629402756508423,0.0,20.0,274.5375191424196,30.0,498.0490045941807,10.0,0.0,0.0,0.0
306,0.2603316402036281,0.27866601136083125,0.19372167544317498,0.21235978046199044,0.9591636680014026,0.959179424910719,304.0,340.0,3.6811951754385985,4.312941176470586,0.0,0.0,3.6882127192982455,4.314803921568627,4.019021739130435,1.6,1.4,566.25856,582.6872800000001,414.98379999999986,212.15230000000003,-348.72523999999987,-129.46501999999992,-104397.73661999998,-121630.07682000005,-12.204149896480331,-12.823247027385863,4.014725672877848,-0.0074532371508822725,0.0,1.0,1.0,107.52639751552795,107.97049689440993,1.0,1.0,1.5279503105590062,1.784077391304348,0.0,1.0062111801242235,1.0403726708074534,0.0,6953.405279503106,0.0,0.0,15.0,0.0,20.0,240.8835403726708,30.0,503.361801242236,10.0,0.0,0.0,0.0
307,0.2604919238392746,0.2794582623679715,0.19459583721609813,0.21334022270845512,0.9593251983086136,0.9593461153105428,324.0,314.0,3.8504629629629634,3.521709129511678,0.0,0.0,3.8531378600823047,3.526592356687898,3.6924242424242424,1.6,1.4,588.4720000000002,537.24692,134.33129999999997,444.8183,-45.85929999999976,-407.57138,-104443.59591999998,-122037.64820000004,-11.947285161964478,-12.721359881492766,3.688662486938345,-0.03343944533506474,0.0,1.0,1.0,109.40438871473354,109.82601880877743,1.0,1.0,1.4921630094043887,1.76444971786834,0.0,0.9717868338557993,0.8495297805642633,0.0,6995.818181818182,0.0,0.0,15.0,0.0,20.0,221.31974921630095,30.0,494.87147335423197,10.0,0.0,0.0,0.0
308,0.26029021867342805,0.2800791703497347,0.19486853251092076,0.213588932584065,0.9594914758797526,0.9595076604863657,298.0,324.0,4.265939597315437,4.266718106995881,0.0,0.0,4.268400447427292,4.269547325102881,4.268997856377277,1.6,1.4,550.90688,530.44012,363.71129999999994,357.3157000000001,-312.80441999999994,-326.8755800000001,-104756.40033999998,-122364.52378000005,-12.021985530546628,-12.668308034701798,4.266345123258308,-0.0062443628315857385,0.0,1.0,1.0,112.52893890675242,112.95337620578778,1.0,1.0,1.5209003215434083,1.7385000000000006,0.0,0.9212218649517685,0.752411575562701,0.0,6994.540192926045,0.0,0.0,15.0,0.0,20.0,255.9807073954984,30.0,486.88424437299034,10.0,0.0,0.0,0.0
309,0.2602989252647445,0.2807155158568339,0.19560902704242739,0.21452389527649243,0.9596525633987214,0.9596703571091297,331.0,289.0,4.2150050352467305,3.805190311418687,0.005639476334340383,0.0,4.212839879154079,3.8066897347174162,4.023521505376344,1.6,1.4,601.1174400000001,475.78412000000003,148.4971999999999,531.4167,-47.379759999999806,-555.63258,-104803.78009999997,-122920.15636000005,-11.905200752688172,-12.555114126793509,4.023978494623653,-0.016671494948586902,0.0,1.0,1.0,110.87258064516129,111.30645161290323,1.0,1.0,1.4661290322580645,1.7369379999999985,0.003010752688172043,0.967741935483871,0.7112903225806452,0.0,6907.740322580645,0.18064516129032257,0.0,14.937096774193549,0.0,20.0,241.25806451612902,30.0,483.2758064516129,10.0,0.0,0.0,0.0
310,0.26025106650256913,0.2810608029484195,0.197027876267624,0.21608143480151284,0.959806006746676,0.9598445058250406,355.0,303.0,4.483661971830986,4.746039603960395,0.0,0.017546754675467548,4.485821596244131,4.73014301430143,4.5983282674772035,1.6,1.4,663.20864,513.576,178.92079999999999,295.6383000000001,-15.71216000000004,-282.06230000000005,-104819.49225999997,-123202.21866000006,-12.450648226950365,-12.685073383631822,4.604483282674772,0.004462331547316507,0.0,1.0,1.0,108.27811550151975,108.69300911854103,1.0,1.0,1.4604863221884499,1.78842650455927,0.008080040526849037,1.1504559270516717,0.8738601823708206,0.0,6944.788753799392,0.4848024316109423,0.0,14.89209726443769,0.0,20.0,275.7841945288754,30.0,500.01671732522794,10.0,0.0,0.0,0.0
311,0.26049045879043864,0.28120039963226173,0.19823940258678793,0.21727749597666066,0.9599647152480776,0.9600028698429572,297.0,372.0,3.072278338945006,5.6030017921146955,0.0,0.07800179211469534,3.0789001122334456,5.525806451612903,4.4395117090184355,1.6,1.4,549.85664,634.1356000000001,407.4173999999998,117.18359999999996,-357.56075999999985,16.952000000000112,-105177.05301999996,-123185.26666000005,-12.30898036870952,-12.776953848629672,4.4794967613353265,-0.012687604763196674,0.0,1.0,1.0,110.34678624813154,110.78026905829596,1.0,1.0,1.5560538116591929,1.7697940807174892,0.043373193821624315,1.0239162929745889,0.8863976083707026,0.0,6810.336322869955,2.602391629297459,0.0,14.506726457399104,0.0,20.0,266.1674140508221,30.0,500.46337817638266,10.0,0.0,0.0,0.0
312,0.260179833792876,0.2818845068295109,0.19975206519794583,0.21866885396327693,0.9601269914743342,0.9601559885055327,339.0,308.0,5.1649459193707,3.4355519480519496,0.05176991150442478,0.0,5.115585054080629,3.436309523809524,4.31617722823287,1.6,1.4,636.73312,519.022,66.2604999999999,671.5778,70.47262000000009,-652.5558,-105106.58039999996,-123837.82246000005,-12.335469757856773,-12.771886403227855,4.341679546625446,-0.02199084056913591,0.0,1.0,1.0,112.7063369397218,113.13446676970634,1.0,1.0,1.4760432766615146,1.7863293972179282,0.027125193199381763,1.0154559505409582,0.8670788253477589,0.0,6929.879443585781,1.6275115919629057,0.0,14.604327666151468,0.0,20.0,258.8732612055641,30.0,500.145285935085,10.0,0.0,0.0,0.0
313,0.2604566263718947,0.28240906981383956,0.20036971494862849,0.21943629870865441,0.960289890233203,0.9603169845874828,323.0,326.0,3.4891640866873086,3.8960122699386512,0.0,0.0,3.4951496388028898,3.8975460122699386,3.6972778633795587,1.6,1.4,594.94336,555.62192,318.44979999999987,273.6611000000001,-223.50643999999988,-218.03918000000004,-105330.08683999996,-124055.86164000006,-12.001550693374426,-12.768799636039542,3.6935285053929094,-0.03775814820924273,0.0,1.0,1.0,110.9090909090909,111.33744221879815,1.0,1.0,1.50231124807396,1.7728278582434522,0.0,1.0554699537750385,0.7688751926040062,0.0,7119.835130970724,0.0,0.0,15.0,0.0,20.0,221.61171032357473,30.0,498.0,10.0,0.0,0.0,0.0
314,0.2605819350008029,0.28266502853774833,0.20163795363820997,0.2210484063004407,0.9604474017628427,0.9604664005720558,318.0,293.0,3.7718553459119475,3.9582480091012506,0.0,0.0,3.773165618448637,3.960125142207054,3.8628205128205124,1.6,1.4,579.9065600000001,494.40944,245.63649999999996,547.5095,-165.72993999999983,-553.10006,-105495.81677999996,-124608.96170000006,-11.974708128750672,-12.800067876194953,3.861238406983087,-0.04809258146195679,0.0,1.0,1.0,116.99672667757774,117.40425531914893,1.0,1.0,1.4795417348608837,1.7582913256955803,0.0,0.955810147299509,0.5941080196399345,0.0,6885.312602291326,0.0,0.0,15.0,0.0,20.0,231.67430441898526,30.0,491.62684124386254,10.0,0.0,0.0,0.0
315,0.26059582643841883,0.28310541089227564,0.20241603538675937,0.22232700434359412,0.9605985440602737,0.9606154685578124,325.0,305.0,4.22097435897436,4.133060109289618,0.0,0.0,4.226153846153847,4.136120218579235,4.182566137566138,1.6,1.4,600.4976,507.59072,206.8397999999999,311.14110000000005,-106.34219999999988,-303.5503800000001,-105602.15897999996,-124912.51208000006,-12.104404656084652,-12.750406440450742,4.178412698412698,-0.035401394747236505,0.0,1.0,1.0,116.96666666666667,117.37936507936507,1.0,1.0,1.4841269841269842,1.75887034920635,0.0,1.1095238095238096,0.5952380952380952,0.0,6820.103174603175,0.0,0.0,15.0,0.0,20.0,250.7047619047619,30.0,491.6063492063492,10.0,0.0,0.0,0.0
316,0.26045145246038076,0.28379536814385925,0.2027792848956305,0.22261193551486871,0.9607555947460382,0.9607717938911337,365.0,319.0,4.313470319634702,4.181191222570531,0.0,0.0,4.314429223744293,4.182810867293626,4.253045808966862,1.6,1.4,678.87904,542.7738400000001,208.50969999999995,291.97260000000006,-29.63065999999992,-249.19876,-105631.78963999996,-125161.71084000006,-12.296872904483434,-12.664223368367997,4.251778752436646,0.011252350863086673,0.0,1.0,1.0,112.11111111111111,112.55847953216374,1.0,1.0,1.4663742690058479,1.7860422222222236,0.0,1.2529239766081872,0.8362573099415205,0.0,6910.226608187135,0.0,0.0,15.0,0.0,20.0,255.10672514619884,30.0,499.78508771929825,10.0,0.0,0.0,0.0
317,0.26063414510162974,0.28422292607366006,0.2044458862108139,0.22451707738615992,0.9609051854496121,0.960914578864919,328.0,305.0,3.637042682926828,3.571967213114753,0.0,0.0,3.6405995934959345,3.5755191256830603,3.6092417061611375,1.6,1.4,603.52288,508.57072,417.26679999999993,425.1829000000001,-313.74391999999995,-416.6121800000001,-105945.53355999995,-125578.32302000005,-11.862966824644547,-12.790560327105323,3.605687203791469,-0.05637576975328688,0.0,1.0,1.0,117.60189573459715,118.08530805687204,1.0,1.0,1.481832543443918,1.7568619273301755,0.0,0.9889415481832543,0.636650868878357,0.0,6845.063191153238,0.0,0.0,15.0,0.0,20.0,216.34123222748815,30.0,490.91469194312793,10.0,0.0,0.0,0.0
318,0.26069786016807667,0.2846173038443415,0.20465991058976576,0.22513878165285106,0.9610554944286677,0.9610618728345813,334.0,307.0,3.9838323353293403,4.18213897937025,0.0,0.0,3.9848303393213564,4.184093376764387,4.080265210608424,1.6,1.4,625.2336,526.12252,228.7686,374.91280000000006,-103.53499999999997,-348.79028000000005,-106049.06855999996,-125927.11330000006,-12.292486635465412,-12.870220613555805,4.078809152366098,-0.010795015047527402,0.0,1.0,1.0,117.90639625585024,118.33229329173167,1.0,1.0,1.4789391575663027,1.7961873946957887,0.0,1.034321372854914,0.8486739469578783,0.0,6858.009360374415,0.0,0.0,15.0,0.0,20.0,244.7285491419657,30.0,504.0078003120125,10.0,0.0,0.0,0.0
319,0.2608203336773947,0.28523155946642015,0.20584756599656026,0.22661947061117943,0.9612077704580521,0.9612030166433813,328.0,312.0,4.110467479674794,3.8715277777777763,0.0014227642276422765,0.0,4.111331300813008,3.8731837606837605,3.9952343749999994,1.6,1.4,623.6278400000001,515.65668,190.57549999999995,365.35900000000004,-66.94765999999984,-349.70232,-106116.01621999996,-126276.81562000005,-12.158962395833333,-12.785289728954995,3.993984375000001,-0.03121771717769835,0.0,1.0,1.0,118.2921875,118.7140625,1.0,1.0,1.4875,1.7801320625000003,0.0007291666666666667,1.13125,0.721875,0.0,6965.7203125,0.04375,0.0,14.9765625,0.0,20.0,239.5953125,30.0,498.2125,10.0,0.0,0.0,0.0
320,0.2606526982107513,0.28569384912551193,0.20686407137724241,0.22781405200020463,0.9613586175353396,0.9613520778668386,339.0,313.0,4.161553588987219,4.017625133120342,0.0,0.0,4.165880039331366,4.020500532481363,4.096088957055215,1.6,1.4,629.62304,512.92388,224.53519999999986,374.2228,-94.91215999999991,-361.29891999999995,-106210.92837999997,-126638.11454000005,-12.02813077709611,-12.627243253272644,4.092459100204493,0.0024703312139228674,0.0,1.0,1.0,118.37730061349693,118.80981595092024,1.0,1.0,1.4800613496932515,1.7523725766871188,0.0,0.9846625766871165,0.8159509202453987,0.0,7098.765337423313,0.0,0.0,15.0,0.0,20.0,245.54754601226995,30.0,488.7852760736196,10.0,0.0,0.0,0.0
321,0.26072994331602883,0.2859539504314015,0.20853042947545491,0.229791316178124,0.9614991075679011,0.9614977543567612,319.0,317.0,3.440177638453504,4.668401682439534,0.0,0.0,3.443887147335423,4.668401682439537,4.054219077568135,1.6,1.4,573.5232000000001,548.24672,349.54319999999996,322.278,-276.01999999999987,-274.03128000000004,-106486.94837999997,-126912.14582000005,-12.091519287211744,-12.745843925600404,4.0523584905660375,-0.007669507784734743,0.0,1.0,1.0,120.85220125786164,121.25471698113208,1.0,1.0,1.498427672955975,1.763789182389938,0.0,0.7735849056603774,0.8616352201257862,0.0,6920.547169811321,0.0,0.0,15.0,0.0,20.0,243.14150943396226,30.0,495.48899371069183,10.0,0.0,0.0,0.0
322,0.26114235330153107,0.28659392463897454,0.20932853513670233,0.23065801455163243,0.9616456758181594,0.9616445680014566,322.0,323.0,3.5098861283643896,3.9337461300309617,0.0,0.0,3.5113354037267075,3.9357069143446854,3.7238501291989663,1.6,1.4,607.5168000000001,548.47408,253.1069,325.38230000000004,-145.5900999999999,-276.9082200000001,-106632.53847999997,-127189.05404000005,-12.129422842377265,-12.782960651638005,3.7221447028423738,-0.023477344628524122,0.0,1.0,1.0,117.66666666666667,118.09457364341085,1.0,1.0,1.5007751937984497,1.7922339224806203,0.0,1.2248062015503876,0.7705426356589147,0.0,6882.041860465116,0.0,0.0,15.0,0.0,20.0,223.32868217054263,30.0,503.8186046511628,10.0,0.0,0.0,0.0
323,0.2611664442477795,0.28702501623281595,0.2102203025054921,0.23164039884707102,0.9617862870860787,0.9617829458941789,311.0,341.0,3.7422829581993553,4.696969696969693,0.0,0.024926686217008796,3.7466773847802792,4.67355816226784,4.2314417177914105,1.6,1.4,573.76576,566.43552,285.6730999999999,344.4141,-211.90733999999992,-277.97858,-106844.44581999998,-127467.03262000004,-12.07646687116565,-12.608839113963079,4.241589979550105,-0.017452465634281652,0.0,1.0,1.0,118.78834355828221,119.20398773006134,1.0,1.0,1.5230061349693251,1.748774969325155,0.01303680981595092,1.0153374233128833,0.9386503067484663,0.0,6830.139570552147,0.7822085889570553,0.0,14.866564417177914,0.0,20.0,253.71319018404907,30.0,490.7868098159509,10.0,0.0,0.0,0.0
324,0.26070988324577826,0.28726526711680217,0.21156776053932014,0.2331574034446532,0.9619227689590013,0.961923962414443,353.0,309.0,5.644287063267235,3.9956310679611615,0.09768649669499527,0.0,5.547261567516525,3.997464940668823,4.823867069486405,1.6,1.4,652.2595200000001,512.2588800000001,117.82569999999991,542.6655,34.43382000000015,-530.4066199999999,-106810.01199999997,-127997.43924000004,-12.380259818731115,-12.603394924314445,4.874748237663646,0.03357222520835261,0.0,1.0,1.0,119.20845921450152,119.6012084592145,1.0,1.0,1.4667673716012084,1.7590912386706958,0.05208962739174219,1.270392749244713,0.8217522658610272,0.0,6836.015105740181,3.1253776435045317,0.0,14.429003021148036,0.0,20.0,289.3595166163142,30.0,490.4712990936556,10.0,0.0,0.0,0.0
325,0.2609415923377516,0.2875528925436984,0.21163562092313717,0.23359836820592747,0.9620608801657106,0.9620559812845091,346.0,311.0,3.8773603082851635,4.281886387995714,0.0,0.0,3.8815992292870907,4.284565916398714,4.072349061390157,1.6,1.4,664.5756800000001,519.52936,250.7147999999999,401.33050000000003,-86.13911999999976,-381.80114000000003,-106896.15111999997,-128379.24038000003,-12.321159614408925,-12.739490045708315,4.068848300355148,0.014246084461825471,0.0,1.0,1.0,120.56316590563166,120.99086757990868,1.0,1.0,1.4733637747336377,1.80229077625571,0.0,1.0943683409436835,0.6986301369863014,0.0,6892.458143074581,0.0,0.0,15.0,0.0,20.0,244.13089802130898,30.0,504.6499238964992,10.0,0.0,0.0,0.0
326,0.2610485909880927,0.2880623506111194,0.21216815100143432,0.23449738894795727,0.9622016492358826,0.9621973698209614,317.0,320.0,3.43496319663512,3.910937499999997,0.0,0.0,3.4383806519453204,3.9121354166666666,3.6763736263736266,1.6,1.4,583.9804800000001,524.2081599999999,358.1977999999999,350.63720000000006,-274.21731999999986,-326.42904000000016,-107170.36843999996,-128705.66942000003,-11.788681109366818,-12.693410375307106,3.674071166928309,-0.058850206401903554,0.0,1.0,1.0,123.91836734693878,124.35007849293564,1.0,1.0,1.5023547880690737,1.7396995918367353,0.0,1.0627943485086342,0.82574568288854,0.0,6840.866562009419,0.0,0.0,15.0,0.0,20.0,220.44427001569858,30.0,486.1664050235479,10.0,0.0,0.0,0.0
327,0.2612405848473637,0.2885872456493267,0.21286652901180322,0.2353932919072569,0.9623413727120497,0.9623384439601136,340.0,297.0,3.932401960784313,3.815824915824915,0.0,0.0,3.936568627450981,3.8192480359147027,3.881868131868132,1.6,1.4,619.6105600000001,502.24328,168.82349999999994,482.43240000000014,-49.21293999999986,-480.1891200000001,-107219.58137999996,-129185.85854000003,-11.996252014652015,-12.73851868690232,3.8780481423338613,-0.030673038159087767,0.0,1.0,1.0,122.19937205651492,122.6043956043956,1.0,1.0,1.4662480376766092,1.7611520251177408,0.0,1.1459968602825745,0.8508634222919937,0.0,7215.52590266876,0.0,0.0,15.0,0.0,20.0,232.6828885400314,30.0,491.7817896389325,10.0,0.0,0.0,0.0
328,0.2614237712543708,0.28909555569231454,0.21349476066257567,0.23637553502944153,0.9624860454126845,0.9624860518679804,325.0,324.0,3.616615384615382,3.738786008230454,0.0,0.0,3.620102564102564,3.740792181069959,3.6803543913713406,1.6,1.4,614.96064,514.8959199999999,236.88079999999988,322.10519999999997,-121.92015999999987,-307.20928000000004,-107341.50153999995,-129493.06782000003,-11.793173292244475,-12.611726856312572,3.6776065742167456,-0.040853292557225696,0.0,1.0,1.0,122.5562403697997,122.97226502311248,1.0,1.0,1.4992295839753467,1.7409191987673356,0.0,1.1140215716486903,0.8536209553158706,0.0,6927.574730354391,0.0,0.0,15.0,0.0,20.0,220.65639445300462,30.0,485.26040061633284,10.0,0.0,0.0,0.0
329,0.2615790987102131,0.28957053443066366,0.21384693674142607,0.2369906053417566,0.9626241924816014,0.9626213123450288,328.0,331.0,3.821392276422766,3.9481369587109754,0.0,0.0,3.828252032520326,3.9520644511581065,3.8904400606980265,1.6,1.4,601.5801600000001,555.2948800000001,266.72639999999984,325.1813000000001,-165.14623999999975,-269.88641999999993,-107506.64777999996,-129762.95424000002,-11.971474759736973,-12.589227761178252,3.8850531107739066,-0.021381924100213348,0.0,1.0,1.0,121.16084977238239,121.58118361153262,1.0,1.0,1.5022761760242793,1.7555008194233703,0.0,1.1987860394537178,0.8163884673748103,0.0,6995.954476479515,0.0,0.0,15.0,0.0,20.0,233.10318664643398,30.0,491.98482549317146,10.0,0.0,0.0,0.0
330,0.2618358034362776,0.29023296296808904,0.21537544662181185,0.23862508854119305,0.9627651433913147,0.9627590971092754,313.0,343.0,3.34174653887114,3.8771137026239093,0.0,0.0,3.344515441959532,3.8780369290573375,3.623475609756098,1.6,1.4,574.8384000000001,563.71056,302.4173999999999,380.22020000000003,-227.57899999999978,-316.50964000000005,-107734.22677999995,-130079.46388000002,-11.74747682926831,-12.576903856766599,3.6216717479674823,-0.03606963239946696,0.0,1.0,1.0,123.01371951219512,123.45579268292683,1.0,1.0,1.5228658536585367,1.7355929268292691,0.0,1.0121951219512195,0.7210365853658537,0.0,6920.852134146341,0.0,0.0,15.0,0.0,20.0,217.3003048780488,30.0,486.2530487804878,10.0,0.0,0.0,0.0
331,0.26171138672941097,0.2909134490592972,0.21638783336826745,0.23984730111270863,0.9628991115203254,0.9628937196431756,315.0,331.0,4.275449735449736,3.4168177240684816,0.0,0.0,4.276296296296296,3.4172708962739176,3.836145510835913,1.6,1.4,591.9772800000001,542.68172,248.00859999999997,432.37390000000005,-156.0313199999999,-389.69218,-107890.25809999995,-130469.15606000002,-11.956493808049531,-12.61338321287961,3.8355005159958724,-0.03312000711567159,0.0,1.0,1.0,123.79256965944272,124.19659442724458,1.0,1.0,1.5123839009287925,1.7564380804953577,0.0,1.1470588235294117,0.9009287925696594,0.0,7014.058823529412,0.0,0.0,15.0,0.0,20.0,230.13003095975233,30.0,492.03095975232196,10.0,0.0,0.0,0.0
332,0.26180682266775607,0.2913143099468657,0.2162373015282668,0.2400392395150132,0.9630347949494473,0.9630375924488237,339.0,310.0,3.876794493608657,4.038064516129033,0.0,0.0,3.8805309734513274,4.039623655913979,3.956522855675398,1.6,1.4,631.18848,511.5866000000001,100.31259999999988,510.4805999999999,30.87588000000015,-498.89399999999983,-107859.38221999994,-130968.05006000002,-12.024060708782734,-12.723274567075281,3.9538263995891105,-0.03312947260674335,0.0,1.0,1.0,127.11093990755008,127.54699537750385,1.0,1.0,1.4776579352850538,1.7608244684129453,0.0,1.0801232665639446,0.6348228043143297,0.0,6838.895223420647,0.0,0.0,15.0,0.0,20.0,237.22958397534669,30.0,491.52234206471496,10.0,0.0,0.0,0.0
333,0.26188028008270325,0.29178258862965956,0.21704569576217017,0.24110000525972683,0.9631696443999479,0.9631780644028836,357.0,319.0,4.0805322128851484,3.7196969696969693,0.0,0.0,4.088562091503268,3.722675026123302,3.9159023668639055,1.6,1.4,681.13184,535.4364400000001,142.15979999999985,318.13470000000007,38.97204000000016,-282.69826,-107820.41017999995,-131250.74832,-12.242038560157809,-12.810431245094234,3.9102564102564137,-0.005868268716641174,0.0,1.0,1.0,123.0266272189349,123.48224852071006,1.0,1.0,1.4718934911242603,1.7996572189349118,0.0,1.2455621301775148,0.8047337278106509,0.0,6995.2263313609465,0.0,0.0,15.0,0.0,20.0,234.6153846153846,30.0,503.89497041420117,10.0,0.0,0.0,0.0
334,0.2621839123607631,0.29221797351416223,0.2177318041012948,0.24206105175838344,0.9633095016392723,0.9633180528568395,317.0,326.0,3.314826498422713,3.74616564417178,0.0,0.0,3.317770767613039,3.7483128834355823,3.536054950751685,1.6,1.4,583.5184,539.14868,411.94909999999993,386.48730000000006,-328.4306999999999,-347.33862000000005,-108148.84087999995,-131598.08694,-11.772522654224973,-12.644068968309169,3.5335147744945554,-0.05121950034513451,0.0,1.0,1.0,128.6625194401244,129.09020217729395,1.0,1.0,1.5069984447900466,1.7459830171073099,0.0,1.0575427682737168,0.6982892690513219,0.0,7048.884914463452,0.0,0.0,15.0,0.0,20.0,212.0108864696734,30.0,488.76049766718506,10.0,0.0,0.0,0.0
335,0.26227960535443573,0.29270047386907516,0.21752073529245902,0.24175787941481727,0.9634364648225102,0.9634521929830108,335.0,334.0,3.711641791044775,3.833233532934133,0.0,0.0,3.7146766169154226,3.8362774451097796,3.775386148480319,1.6,1.4,626.7980800000001,547.94908,199.47059999999993,410.2370000000001,-72.67251999999979,-362.2879200000001,-108221.51339999994,-131960.37486,-11.925863178873941,-12.636136788166278,3.772346786248129,-0.04237382414145283,0.0,1.0,1.0,125.09865470852019,125.52914798206278,1.0,1.0,1.499252615844544,1.7559748281016438,0.0,1.234678624813154,0.8325859491778774,0.0,6932.159940209268,0.0,0.0,15.0,0.0,20.0,226.34080717488789,30.0,491.1150971599402,10.0,0.0,0.0,0.0
336,0.262473778166802,0.29292850323723846,0.2174175597420162,0.24198994354218809,0.9635666903461195,0.9635840113411365,330.0,346.0,3.3044949494949525,4.548940269749518,0.0,0.0,3.308686868686869,4.54990366088632,3.9439842209072977,1.6,1.4,620.6313600000001,571.8991599999999,208.44379999999992,355.08980000000014,-87.81243999999984,-283.1906400000002,-108309.32583999993,-132243.5655,-12.046049211045359,-12.637387995266632,3.941444773175542,0.008564887913328826,0.0,1.0,1.0,126.30325443786982,126.75147928994083,1.0,1.0,1.5118343195266273,1.7640984023668642,0.0,1.1494082840236686,0.6893491124260355,0.0,6927.28550295858,0.0,0.0,15.0,0.0,20.0,236.48668639053255,30.0,494.6937869822485,10.0,0.0,0.0,0.0
337,0.2626430406473342,0.2932901327392379,0.2180387272669493,0.24315550989130938,0.9636938745136272,0.9637156957595239,316.0,340.0,3.2044303797468365,4.1648529411764725,0.0,0.0,3.208280590717299,4.165490196078432,3.7043953252032518,1.6,1.4,579.96928,584.7965200000001,256.6456999999999,444.95050000000015,-176.6764199999999,-360.15398000000005,-108486.00225999994,-132603.71948,-12.026121443089435,-12.680361675856156,3.7022103658536585,-0.02363342516817225,0.0,1.0,1.0,126.625,127.05335365853658,1.0,1.0,1.5182926829268293,1.7755576219512204,0.0,1.0060975609756098,1.0091463414634145,0.0,6823.190548780488,0.0,0.0,15.0,0.0,20.0,222.1326219512195,30.0,500.234756097561,10.0,0.0,0.0,0.0
338,0.2624255354896909,0.29383560173012113,0.2190359231117191,0.24432609944786665,0.9638225221940041,0.9638420786780088,351.0,330.0,4.38129154795821,3.9463131313131297,0.0,0.0,4.383570750237417,3.949191919191919,4.173078805677924,1.6,1.4,674.7126400000001,549.1631600000001,110.30539999999998,440.8845000000001,64.4072400000001,-391.72134000000005,-108421.59501999994,-132995.44082,-12.3327983357807,-12.729661727746453,4.170509055310827,0.00013760821211333617,0.0,1.0,1.0,127.16299559471365,127.58002936857562,1.0,1.0,1.4845814977973568,1.7971744493392088,0.0,1.2466960352422907,0.8120411160058737,0.0,6832.111600587372,0.0,0.0,15.0,0.0,20.0,250.23054331864904,30.0,503.6167400881057,10.0,0.0,0.0,0.0
339,0.26270013945688164,0.2946696640535971,0.21955365023248744,0.24532308489738838,0.9639594343214861,0.9639681278138679,330.0,317.0,3.5735858585858544,3.482334384858042,0.0,0.0,3.575151515151515,3.487066246056782,3.531993817619784,1.6,1.4,615.11456,510.80708000000004,271.0999999999999,484.09520000000003,-155.98543999999993,-473.28812,-108577.58045999994,-133468.72894,-11.72928109222051,-12.556624622423445,3.5288768675940307,-0.02412697975795642,0.0,1.0,1.0,130.64760432766616,131.09582689335394,1.0,1.0,1.489953632148377,1.7402189180834615,0.0,1.1406491499227203,0.7063369397217929,0.0,6850.758887171561,0.0,0.0,15.0,0.0,20.0,211.73261205564143,30.0,484.9907264296754,10.0,0.0,0.0,0.0
340,0.26283816669271826,0.29495313320673605,0.22010963368485403,0.24625973142781554,0.9640899081665378,0.9640893232381463,324.0,350.0,3.7933641975308627,4.600333333333333,0.0,0.00014285714285714287,3.797325102880658,4.603761904761904,4.216097922848665,1.6,1.4,604.53152,577.2412800000001,202.32419999999993,290.8237,-97.79267999999993,-213.5824199999999,-108675.37313999994,-133682.31136,-12.090891196834821,-12.620133151566646,4.212413452027696,-0.024620910963483126,0.0,1.0,1.0,127.58011869436201,127.97774480712167,1.0,1.0,1.5192878338278932,1.753372106824927,7.418397626112761e-05,1.1439169139465875,0.8531157270029673,0.0,6929.342729970326,0.004451038575667656,0.0,14.995548961424332,0.0,20.0,252.74035608308606,30.0,491.71958456973294,10.0,0.0,0.0,0.0
341,0.2627345930763708,0.29551082941287,0.22032775039537442,0.24661803961840562,0.9642198655377558,0.9642104018516184,320.0,332.0,4.0817708333333345,3.669929718875504,0.0,0.0,4.085364583333333,3.6714357429718882,3.87459100204499,1.6,1.4,579.3568000000001,555.70732,256.2231999999999,486.7204000000001,-176.86639999999977,-431.0130800000001,-108852.23953999994,-134113.32444,-11.879177811860936,-12.590036959995643,3.872060327198362,-0.003276978646457975,0.0,1.0,1.0,133.67944785276075,134.10582822085888,1.0,1.0,1.50920245398773,1.740895889570551,0.0,1.0015337423312884,0.6825153374233128,0.0,6752.791411042945,0.0,0.0,15.0,0.0,20.0,232.32361963190183,30.0,487.7622699386503,10.0,0.0,0.0,0.0
342,0.2629123798754395,0.2958765919890191,0.22108615657151476,0.24752989936196285,0.964339645505712,0.9643352238619151,329.0,327.0,3.875329280648431,3.7325178389398572,0.0,0.0,3.8797872340425537,3.7330784913353723,3.8066565040650406,1.6,1.4,615.7187200000001,540.47784,186.77079999999995,420.06500000000005,-71.05207999999988,-379.58716000000004,-108923.29161999993,-134492.9116,-11.978728861788621,-12.586310350134678,3.8041412601626003,-0.013681117993073033,0.0,1.0,1.0,128.2454268292683,128.6798780487805,1.0,1.0,1.4984756097560976,1.7624947560975608,0.0,1.2225609756097562,0.9161585365853658,0.0,6984.1265243902435,0.0,0.0,15.0,0.0,20.0,228.2484756097561,30.0,493.3795731707317,10.0,0.0,0.0,0.0
343,0.26311392801600364,0.29626066164225623,0.22229443715279562,0.24912602800424433,0.9644655308460586,0.9644579243669437,332.0,319.0,3.4846887550200827,4.090282131661442,0.0,0.0,3.4893574297188747,4.091849529780564,3.7845878136200715,1.6,1.4,605.2729600000001,532.8677200000001,254.78629999999993,439.0897000000001,-149.5133399999998,-406.22198000000003,-109072.80495999994,-134899.13358,-11.8834,-12.721536685166559,3.7814388120839735,-0.0528891217363015,0.0,1.0,1.0,133.97695852534562,134.39938556067588,1.0,1.0,1.4900153609831028,1.7482959754224288,0.0,0.9523809523809523,0.6144393241167435,0.0,7029.3087557603685,0.0,0.0,15.0,0.0,20.0,226.8863287250384,30.0,488.80337941628267,10.0,0.0,0.0,0.0
344,0.26312032198178287,0.2967241681746294,0.2231973604697952,0.2502240217129353,0.9645890755606858,0.9645853301236669,351.0,318.0,4.017758784425447,3.546540880503144,0.0,0.0,4.019563152896486,3.547589098532494,3.7952167414050826,1.6,1.4,666.25088,539.21448,146.18069999999994,374.5157000000001,20.070180000000107,-335.3012200000001,-109052.73477999994,-135234.4348,-12.210921973094173,-12.748173457629454,3.7937717987045354,-0.005463082893271844,0.0,1.0,1.0,129.85500747384157,130.3034379671151,1.0,1.0,1.4753363228699552,1.8018914200298977,0.0,1.1808669656203288,0.8415545590433483,0.0,6821.4648729446935,0.0,0.0,15.0,0.0,20.0,227.62630792227205,30.0,505.18684603886396,10.0,0.0,0.0,0.0
345,0.26327295751533636,0.297155209698229,0.2235643232343848,0.25108048908586766,0.9647115972143276,0.9647127741791952,298.0,348.0,3.583557046979866,3.756321839080455,0.0,0.0,3.5860178970917223,3.758093869731801,3.6787151702786374,1.6,1.4,555.37216,569.2178799999999,483.3562999999999,305.6410000000001,-427.9841399999999,-236.42312000000015,-109480.71891999994,-135470.85791999998,-11.803798039215689,-12.658547551810257,3.6766253869969048,-0.050481228476998534,0.0,1.0,1.0,134.41950464396285,134.8297213622291,1.0,1.0,1.5386996904024768,1.740851455108359,0.0,1.0170278637770898,0.8095975232198143,0.0,6848.301857585139,0.0,0.0,15.0,0.0,20.0,220.59752321981424,30.0,488.6671826625387,10.0,0.0,0.0,0.0
346,0.26328861386725944,0.2974054335804675,0.22508241564536535,0.25321742715442935,0.9648357625040737,0.9648356616280633,321.0,339.0,3.844652128764281,4.495083579154374,0.0,0.0,3.847559709241952,4.496705998033431,4.180984848484849,1.6,1.4,589.14112,576.08096,187.83249999999992,455.65170000000006,-98.69137999999992,-379.57074000000006,-109579.41029999994,-135850.42865999998,-12.153303636363646,-12.740017232165892,4.178737373737375,-0.010273700456498083,0.0,1.0,1.0,133.36818181818182,133.79848484848486,1.0,1.0,1.5136363636363637,1.765488000000001,0.0,0.9939393939393939,0.8106060606060606,0.0,6831.728787878787,0.0,0.0,15.0,0.0,20.0,250.72424242424242,30.0,496.31060606060606,10.0,0.0,0.0,0.0
347,0.26319039427343094,0.29761818565230713,0.22621590137072936,0.2543866437928511,0.964959647216937,0.9649504842039068,300.0,377.0,4.103777777777779,4.476702033598582,0.0,0.0,4.107944444444444,4.479045092838196,4.314598719842443,1.6,1.4,562.44064,635.7246,339.03319999999997,292.007,-276.59255999999993,-156.2824,-109856.00285999995,-136006.71105999997,-12.240570457902514,-12.758497487199806,4.3114475627769595,-0.0055677645254468035,0.0,1.0,1.0,133.7887740029542,134.2082717872969,1.0,1.0,1.5568685376661744,1.7698157163958648,0.0,1.0221565731166913,0.8168389955686853,0.0,6844.49483013294,0.0,0.0,15.0,0.0,20.0,258.68685376661745,30.0,500.0738552437223,10.0,0.0,0.0,0.0
348,0.2632114731937705,0.2981250565386562,0.22681580039033047,0.25523762514485193,0.965083988015335,0.965077621208751,319.0,353.0,4.294096133751306,3.269310670443817,0.0,0.0,4.297805642633228,3.271718602455146,3.7588045634920633,1.6,1.4,591.95904,579.3267199999999,158.28469999999993,540.1338000000001,-66.32565999999997,-460.80708000000016,-109922.32851999995,-136467.51813999997,-11.846089484126978,-12.623949621641597,3.7557787698412697,-0.040295541338420726,0.0,1.0,1.0,135.60416666666666,136.01190476190476,1.0,1.0,1.525297619047619,1.7429847619047616,0.0,0.9836309523809523,0.7797619047619048,0.0,6806.872023809524,0.0,0.0,15.0,0.0,20.0,225.3467261904762,30.0,488.65625,10.0,0.0,0.0,0.0
349,0.2632154410867525,0.29856812511597364,0.2280868414967642,0.25629514216647875,0.9651984267532054,0.9651949314515068,326.0,311.0,3.947494887525566,3.74378349410504,0.0,0.0,3.948773006134969,3.7471061093247586,3.8503139717425428,1.6,1.4,601.0089600000001,514.22252,192.3982999999999,586.9659,-91.38933999999978,-572.74338,-110013.71785999995,-137040.26151999997,-11.923287388801668,-12.704212502944786,3.8480376766091036,-0.046996789441767155,0.0,1.0,1.0,137.87912087912088,138.32025117739403,1.0,1.0,1.488226059654631,1.7507558555729998,0.0,1.0047095761381475,0.7080062794348508,0.0,6991.210361067504,0.0,0.0,15.0,0.0,20.0,230.8822605965463,30.0,489.0879120879121,10.0,0.0,0.0,0.0
350,0.26318232933859526,0.2985525778607894,0.2292109151811498,0.2578210884462921,0.9653198159144389,0.9653136469179193,351.0,316.0,4.299240265906932,3.337974683544304,0.0,0.0,4.302991452991453,3.3414029535864977,3.847426286856572,1.6,1.6,659.8892800000001,574.8828800000001,120.2385999999999,178.76769999999993,39.65068000000019,-103.88481999999982,-109974.06717999994,-137144.14633999998,-12.42887676161919,-12.635179756807553,3.843828085957022,0.0016344870575924098,0.0,1.0,1.0,135.6536731634183,136.09895052473763,1.0,1.0,1.4737631184407796,1.851232623688155,0.0,1.2413793103448276,0.808095952023988,0.0,6893.271364317841,0.0,0.0,15.0,0.0,20.0,230.62968515742128,30.0,490.5547226386807,10.0,0.0,0.0,0.0
351,0.2632940570982271,0.29837234443705796,0.2298338007444445,0.25878573983633035,0.9654352907868468,0.9654338096940749,355.0,330.0,3.72075117370892,4.065101010101014,0.0,0.0,3.724741784037559,4.067171717171718,3.8897080291970805,1.6,1.6,661.7187200000001,616.1635200000001,204.71219999999983,266.81309999999996,-42.99347999999975,-150.6495799999999,-110017.06065999994,-137294.79591999998,-12.532337518248164,-12.671746192677581,3.8866423357664197,0.018070548860872393,0.0,1.0,1.0,135.01751824817518,135.43357664233577,1.0,1.0,1.4817518248175183,1.865521518248175,0.0,1.1708029197080292,1.0262773722627738,0.0,7062.4715328467155,0.0,0.0,15.0,0.0,20.0,233.1985401459854,30.0,495.021897810219,10.0,0.0,0.0,0.0
352,0.26344461599836033,0.2982726952814344,0.22976149055081996,0.2588503718083045,0.9655484119807749,0.9655492199341957,315.0,319.0,3.3635449735449736,4.367084639498431,0.0,0.0,3.3654497354497352,4.36833855799373,3.870057833859095,1.6,1.6,594.0851200000001,586.5222400000001,350.7744999999999,323.22829999999993,-256.6893799999998,-236.7060599999998,-110273.75003999994,-137531.50197999997,-12.504768874868565,-12.78315790285098,3.868480546792854,0.03051332572402325,0.0,1.0,1.0,140.67350157728706,141.0820189274448,1.0,1.0,1.503154574132492,1.8621567192429036,0.0,1.0094637223974763,0.7444794952681388,0.0,6885.689274447949,0.0,0.0,15.0,0.0,20.0,232.108832807571,30.0,493.97791798107255,10.0,0.0,0.0,0.0
353,0.26338607474838094,0.29827525439613317,0.23081535640688847,0.25998841409410134,0.9656683930899959,0.9656649614908573,350.0,330.0,4.696238095238091,4.017121212121211,0.002333333333333333,0.0,4.696761904761905,4.020656565656566,4.368651960784313,1.6,1.6,646.6262400000002,618.28448,122.79809999999993,170.9820999999999,23.828140000000232,-52.69761999999986,-110249.92189999994,-137584.19959999996,-12.691975882352942,-12.619121530978429,4.366666666666672,0.044404485201273776,0.0,1.0,1.0,136.22794117647058,136.6691176470588,1.0,1.0,1.4852941176470589,1.8601628235294123,0.0012009803921568627,1.1970588235294117,0.9647058823529412,0.0,6893.575,0.07205882352941176,0.0,14.955882352941176,0.0,20.0,261.9279411764706,30.0,493.34852941176473,10.0,0.0,0.0,0.0
354,0.263485842568307,0.2980329688275794,0.2318266055870477,0.2613458282652283,0.9657825290086826,0.9657811628849424,298.0,371.0,3.353467561521252,3.904267744833782,0.0,0.0,3.355872483221476,3.907187780772686,3.661609367214748,1.6,1.6,555.02016,678.9622400000001,427.01189999999986,161.03119999999996,-371.9917399999998,17.93104000000011,-110621.91363999994,-137566.26855999997,-12.314367713004492,-12.640067539496515,3.6589187842551123,0.006161598929594855,0.0,1.0,1.0,137.93273542600897,138.33781763826607,1.0,1.0,1.554559043348281,1.8445177877429004,0.0,1.0164424514200299,0.8923766816143498,0.0,7033.014947683109,0.0,0.0,15.0,0.0,20.0,219.53512705530642,30.0,488.46337817638266,10.0,0.0,0.0,0.0
355,0.263310712388286,0.2979342193400108,0.23156479943286143,0.2611316501800953,0.9658988467963311,0.9658950286660675,330.0,362.0,4.306464646464647,4.17697974217311,0.0,0.0,4.311464646464647,4.177302025782689,4.241281310211946,1.6,1.6,607.9737600000001,692.9772800000001,111.68479999999991,290.92929999999984,-3.7110399999998265,-97.95201999999978,-110625.62467999994,-137664.22057999996,-12.760580732177262,-12.765927048237016,4.238728323699423,0.03221357857198651,0.0,1.0,1.0,137.61994219653178,138.0722543352601,1.0,1.0,1.523121387283237,1.8799870520231197,0.0,0.9364161849710982,1.0057803468208093,0.0,6813.446531791908,0.0,0.0,15.0,0.0,20.0,254.32369942196533,30.0,499.54624277456645,10.0,0.0,0.0,0.0
356,0.2634148992808699,0.2979555257356244,0.2321109922782853,0.26166835552269324,0.9660158290785853,0.9660079942565053,310.0,346.0,3.9268279569892464,3.730298651252405,0.0,0.0,3.92983870967742,3.7315510597302506,3.8252540650406504,1.6,1.6,578.1392000000001,634.9296,299.65029999999996,275.32169999999974,-221.51109999999989,-140.3920999999997,-110847.13577999994,-137804.61267999996,-12.408278455284561,-12.549828362964124,3.8231707317073176,0.04551308256902408,0.0,1.0,1.0,141.0045731707317,141.45426829268294,1.0,1.0,1.5274390243902438,1.8491902439024401,0.0,1.0807926829268293,0.9375,0.0,6946.7515243902435,0.0,0.0,15.0,0.0,20.0,229.390243902439,30.0,489.9176829268293,10.0,0.0,0.0,0.0
357,0.2632547966453632,0.29792031036361344,0.23197738837486,0.2615468325063566,0.9661290106414709,0.9661195851987004,342.0,327.0,4.650974658869394,3.532415902140671,0.0017056530214424948,0.0,4.650925925925926,3.5359836901121304,4.105954160438466,1.6,1.6,643.97856,616.8550400000001,100.9702999999999,295.87919999999986,43.00826000000012,-179.0241599999997,-110804.12751999994,-137983.63683999996,-12.734994519182868,-12.756188235668454,4.104235176880917,0.046728108107413804,0.0,1.0,1.0,139.33183856502242,139.79073243647235,1.0,1.0,1.4887892376681615,1.8846541106128551,0.0008719481813652217,1.1808669656203288,1.0732436472346787,0.0,7057.511210762332,0.052316890881913304,0.0,14.958146487294469,0.0,20.0,246.2017937219731,30.0,501.00896860986546,10.0,0.0,0.0,0.0
358,0.2634155848061297,0.2977640651334948,0.232707572078174,0.26249918450664067,0.9662448798008582,0.9662372765307032,322.0,355.0,3.299430641821946,4.736056338028165,0.0,0.04633802816901407,3.304968944099379,4.694366197183099,4.033530280649927,1.6,1.6,595.64256,680.20704,328.08429999999987,126.63239999999993,-232.44173999999987,53.57464000000007,-111036.56925999993,-137930.06219999996,-12.713847365829649,-12.69907083347799,4.052757262432307,0.03482475642576065,0.0,1.0,1.0,139.04726735598229,139.49187592319055,1.0,1.0,1.5243722304283605,1.8845636632200873,0.024298375184638104,1.048744460856721,1.2422451994091581,0.0,6804.432791728213,1.4579025110782866,0.0,14.753323485967504,0.0,20.0,241.70753323485968,30.0,500.9778434268833,10.0,0.0,0.0,0.0
359,0.2632510041757731,0.297638864645638,0.23327546839159422,0.26320246923786234,0.9663549117409489,0.9663489469681026,352.0,331.0,4.440293560606064,3.7823262839879144,0.0,0.0,4.4430871212121215,3.7853977844914404,4.124353343094192,1.6,1.6,671.61184,608.3971200000001,96.97349999999993,296.25099999999986,74.6383400000001,-187.85387999999978,-110961.93091999993,-138117.91607999997,-12.678049975597858,-12.734589971456609,4.121425085407517,0.011317393549849016,0.0,1.0,1.0,139.71888726207905,140.13909224011712,1.0,1.0,1.4846266471449487,1.8740980380673498,0.0,1.2166910688140555,0.9077598828696926,0.0,6918.405563689605,0.0,0.0,15.0,0.0,20.0,247.28550512445096,30.0,497.696925329429,10.0,0.0,0.0,0.0
360,0.2633012887717194,0.29761284055486936,0.23454638999737282,0.26430818473946793,0.9664683598604682,0.9664642739825408,315.0,339.0,3.5745502645502647,3.6628318584070825,0.0,0.0,3.576772486772487,3.6628318584070794,3.6213812436289503,1.6,1.6,591.6227200000001,616.5404800000001,421.7544999999999,204.37119999999987,-330.1317799999998,-87.83071999999976,-111292.06269999992,-138205.74679999996,-12.315977573904188,-12.501249201312277,3.6203109072375073,0.05801004640277857,0.0,1.0,1.0,143.0137614678899,143.4525993883792,1.0,1.0,1.518348623853211,1.847344342507646,0.0,1.1131498470948011,0.8960244648318043,0.0,6766.993883792049,0.0,0.0,15.0,0.0,20.0,217.21865443425077,30.0,489.3394495412844,10.0,0.0,0.0,0.0
361,0.26337866936112925,0.2975232703684202,0.2340272701601609,0.26390556052339215,0.9665821037107063,0.9665733456111592,316.0,336.0,3.63006329113924,3.9089781746031753,0.0,0.0,3.6361814345991563,3.9097718253968257,3.777172801635991,1.6,1.6,570.8185600000002,638.9286400000001,192.72189999999992,199.23309999999998,-121.90333999999976,-60.30445999999989,-111413.96603999993,-138266.05125999998,-12.426317995910024,-12.715137479892135,3.773798568507153,0.0052780229662544,0.0,1.0,1.0,146.36656441717793,146.81441717791412,1.0,1.0,1.5153374233128833,1.855440490797547,0.0,1.0230061349693251,0.74079754601227,0.0,7095.366564417178,0.0,0.0,15.0,0.0,20.0,226.42791411042944,30.0,491.87883435582825,10.0,0.0,0.0,0.0
362,0.2632945884120644,0.2973683782688124,0.2339661494654222,0.26370979226972896,0.9666896719391925,0.9666797909431146,323.0,329.0,3.7594943240454053,3.4385511651469103,0.0,0.0,3.761609907120743,3.442147922998987,3.600408997955011,1.6,1.6,612.6828800000001,599.81248,242.5202999999999,279.34559999999993,-129.83741999999984,-179.53311999999988,-111543.80345999992,-138445.58438,-12.381273210633953,-12.78645583072755,3.5975460122699365,-0.02273479168312781,0.0,1.0,1.0,146.84509202453987,147.24693251533742,1.0,1.0,1.5046012269938651,1.8596554601227,0.0,1.021472392638037,0.7745398773006135,0.0,6756.4754601227,0.0,0.0,15.0,0.0,20.0,215.85276073619633,30.0,493.19325153374234,10.0,0.0,0.0,0.0
363,0.26335936115382264,0.29717958301140746,0.23436149662025993,0.2644189610108479,0.9668000979791186,0.966788462905458,317.0,342.0,3.8478969505783347,3.8544834307992204,0.0,0.0,3.8505257623554154,3.855896686159844,3.853313100657561,1.6,1.6,583.24352,639.4208000000001,243.35409999999996,179.67349999999988,-160.11057999999997,-40.25269999999978,-111703.91403999992,-138485.83708,-12.45666909458776,-12.723958042179534,3.85131512392514,0.030178040512576696,0.0,1.0,1.0,148.1896813353566,148.59635811836117,1.0,1.0,1.5189681335356602,1.855332807283764,0.0,1.007587253414264,0.8133535660091047,0.0,6866.907435508346,0.0,0.0,15.0,0.0,20.0,231.07890743550834,30.0,491.84370257966617,10.0,0.0,0.0,0.0
364,0.2634431253260404,0.29704547465201503,0.23480528196231526,0.2648014418810015,0.9669118372285324,0.966898463969405,338.0,345.0,4.366913214990134,3.643816425120772,0.0,0.0,4.3704635108481265,3.645700483091787,4.004367984382625,1.6,1.6,639.6620800000001,642.1238400000001,161.34919999999994,249.24519999999993,-21.68711999999988,-107.12135999999984,-111725.60115999992,-138592.95844,-12.645904734016588,-12.674112575245603,4.0016593460224525,0.03319945869216499,0.0,1.0,1.0,143.44948755490483,143.87115666178624,1.0,1.0,1.5051244509516837,1.8766997364568077,0.0,1.2576866764275256,0.7979502196193266,0.0,6762.554904831625,0.0,0.0,15.0,0.0,20.0,240.099560761347,30.0,498.52269399707177,10.0,0.0,0.0,0.0
365,0.2635319699704227,0.2970719542070163,0.23439994293053898,0.2643845528790361,0.9670253870568432,0.9670079159615104,322.0,315.0,3.8376811594202893,3.4264550264550246,0.0,0.0,3.840217391304348,3.42962962962963,3.6371794871794876,1.6,1.6,596.51872,577.2934400000001,327.2095,368.1925999999998,-230.69077999999996,-290.89915999999965,-111956.29193999992,-138883.8576,-12.293638095238093,-12.711380855470539,3.6343275771847194,-0.016157543641820028,0.0,1.0,1.0,148.99372056514915,149.4270015698587,1.0,1.0,1.4945054945054945,1.8427192464678177,0.0,1.0879120879120878,0.7755102040816326,0.0,6951.599686028258,0.0,0.0,15.0,0.0,20.0,218.0596546310832,30.0,487.8932496075353,10.0,0.0,0.0,0.0
366,0.26366428187663415,0.29654684904974365,0.23510103135278881,0.2648772031974667,0.967133615760226,0.9671162984199195,354.0,335.0,3.6855932203389834,5.0756716417910415,0.0,0.005422885572139304,3.690913370998117,5.071791044776119,4.362312530237059,1.6,1.6,655.31104,628.6758400000001,112.69599999999988,146.18319999999989,42.615040000000164,-17.507359999999778,-111913.67689999992,-138901.36495999998,-12.710393420416064,-12.572529357567687,4.361465892597967,0.06166125341952192,0.0,1.0,1.0,143.18867924528303,143.6153846153846,1.0,1.0,1.486211901306241,1.8635513497822926,0.002636671504596033,1.3004354136429608,0.9927431059506531,0.0,6968.021770682148,0.15820029027576196,0.0,14.894049346879536,0.0,20.0,261.5297532656023,30.0,494.41509433962267,10.0,0.0,0.0,0.0
367,0.2637523913623211,0.2965324639598185,0.23592729957790015,0.2662183711074362,0.9672407479127119,0.9672194690291641,327.0,344.0,3.566615698267081,3.890746124031006,0.0,0.0,3.569367991845056,3.893168604651163,3.735370094386488,1.6,1.6,615.70592,634.87392,323.3598,190.80009999999987,-207.65388000000002,-55.926179999999874,-112121.33077999992,-138957.29114,-12.460103129657211,-12.629490295978005,3.7327868852459027,0.019242392358762184,0.0,1.0,1.0,145.92548435171386,146.35171385991057,1.0,1.0,1.5126676602086437,1.863755350223546,0.0,1.1833084947839045,0.8256333830104322,0.0,7060.612518628912,0.0,0.0,15.0,0.0,20.0,223.9672131147541,30.0,494.4634873323398,10.0,0.0,0.0,0.0
368,0.2638000604112017,0.2962503049813228,0.23599341598584445,0.26663567510482655,0.9673455202175254,0.9673245175283245,347.0,334.0,4.062536023054755,3.755538922155691,0.0,0.0,4.065946205571567,3.7587824351297403,3.915296133137543,1.6,1.6,633.336,634.43136,168.8871999999999,225.5524999999999,-35.55119999999988,-91.12113999999985,-112156.88197999992,-139048.41228,-12.518928242780223,-12.694893110658882,3.9119676945668123,0.0007855546278666783,0.0,1.0,1.0,147.88839941262847,148.36123348017622,1.0,1.0,1.4904552129221733,1.861626079295156,0.0,1.1086637298091042,0.9397944199706314,0.0,6848.039647577092,0.0,0.0,15.0,0.0,20.0,234.71806167400882,30.0,493.80323054331865,10.0,0.0,0.0,0.0
369,0.2639388350998342,0.2963420758731714,0.23558328799925599,0.2661235401156731,0.9674447107822396,0.967430101490971,326.0,319.0,3.840184049079751,3.4156739811912202,0.0,0.0,3.8459100204498977,3.421995820271682,3.6362532299741606,1.6,1.6,597.1712000000001,576.97184,374.36949999999996,297.93849999999986,-277.19829999999985,-220.96665999999982,-112434.08027999992,-139269.37894,-12.15704682170542,-12.521936550041099,3.6302325581395354,0.011843255696275768,0.0,1.0,1.0,149.47131782945738,149.88837209302326,1.0,1.0,1.4945736434108527,1.82037680620155,0.0,1.0589147286821705,0.786046511627907,0.0,6801.7503875969,0.0,0.0,15.0,0.0,20.0,217.8139534883721,30.0,480.92093023255813,10.0,0.0,0.0,0.0
370,0.26383332266108245,0.29622000077348676,0.23651177365269266,0.26736947543171874,0.9675473814288138,0.9675387694102594,329.0,352.0,4.285258358662616,4.157054924242425,0.0,0.0,4.2856636271529895,4.157765151515152,4.219554576603036,1.6,1.6,605.4217600000001,659.9830400000001,339.6171999999999,152.36059999999998,-234.19543999999985,7.622440000000097,-112668.27571999992,-139261.7565,-12.620774351443963,-12.564136459240451,4.218991678903565,0.06634485953096107,0.0,1.0,1.0,149.5653450807636,149.98678414096915,1.0,1.0,1.5168869309838473,1.8581568281938323,0.0,1.1688693098384728,1.0425844346549193,0.0,6918.493392070484,0.0,0.0,15.0,0.0,20.0,253.13950073421438,30.0,492.7180616740088,10.0,0.0,0.0,0.0
371,0.2641136832952967,0.2960910888230565,0.23650190688573114,0.26746043491724325,0.967650983060758,0.9676457312814382,344.0,320.0,3.671560077519377,3.5533333333333355,0.0,0.0,3.676986434108527,3.5538541666666665,3.6176455823293177,1.6,1.6,645.76576,585.37024,176.76479999999992,398.9275999999999,-30.999039999999923,-313.55735999999996,-112699.27475999991,-139575.31386,-12.354628514056222,-12.7196121727589,3.614583333333336,-0.009326253589223328,0.0,1.0,1.0,150.79969879518072,151.2078313253012,1.0,1.0,1.4819277108433735,1.8541204819277122,0.0,1.0843373493975903,0.7274096385542169,0.0,6950.805722891566,0.0,0.0,15.0,0.0,20.0,216.875,30.0,491.4578313253012,10.0,0.0,0.0,0.0
372,0.26437129119316205,0.2957298873983,0.236645306893696,0.26751289281001234,0.9677525320545041,0.9677480914219786,323.0,351.0,3.580804953560372,4.5082146248812895,0.0,0.0,3.5831269349845205,4.509829059829059,4.065727002967359,1.6,1.6,596.6409600000002,641.00512,339.75109999999995,230.80299999999994,-243.11013999999977,-89.7978799999999,-112942.38489999992,-139665.11174,-12.426474381800201,-12.556672525596406,4.063773491592481,0.01301733956290139,0.0,1.0,1.0,149.96142433234422,150.40356083086053,1.0,1.0,1.5207715133531157,1.8362701483679515,0.0,1.1839762611275964,0.8679525222551929,0.0,6766.873887240356,0.0,0.0,15.0,0.0,20.0,243.82640949554897,30.0,485.88427299703267,10.0,0.0,0.0,0.0
373,0.2643071166483461,0.2957777788627338,0.23705615842457195,0.2682670866569736,0.9678576973053454,0.967847850981912,345.0,311.0,4.65937198067633,3.338049303322617,0.0,0.0,4.660966183574879,3.341371918542336,4.035365853658537,1.6,1.6,628.56096,580.8060800000001,176.1085999999999,381.5851,-47.54763999999989,-300.77901999999995,-112989.93253999992,-139965.89075999998,-12.458107520325193,-12.582068684741563,4.032952235772357,0.0049220167236477185,0.0,1.0,1.0,152.28506097560975,152.7012195121951,1.0,1.0,1.4740853658536586,1.843547317073172,0.0,1.1768292682926829,0.8170731707317073,0.0,6781.859756097561,0.0,0.0,15.0,0.0,20.0,241.97713414634146,30.0,488.157012195122,10.0,0.0,0.0,0.0
374,0.264544956619155,0.29575652650218637,0.23744108700650346,0.26883737989979906,0.9679542910603609,0.9679508142657858,329.0,327.0,3.1712765957446813,4.0031090723751275,0.0,0.0,3.175937183383992,4.004485219164118,3.5889481707317077,1.6,1.6,609.19776,615.2748799999999,319.7322,148.6940999999999,-210.53443999999996,-33.41921999999997,-113200.46697999992,-139999.30998,-12.418409349593494,-12.707810695128243,3.5859247967479684,-0.0012882187568905347,0.0,1.0,1.0,154.08993902439025,154.52286585365854,1.0,1.0,1.4984756097560976,1.8665741463414633,0.0,1.0594512195121952,0.8262195121951219,0.0,6897.170731707317,0.0,0.0,15.0,0.0,20.0,215.15548780487805,30.0,495.3506097560976,10.0,0.0,0.0,0.0
375,0.26427601315313454,0.29577566887158263,0.23704189948590842,0.2685993588483798,0.9680533619832651,0.9680543876356691,369.0,313.0,4.706549232158984,3.364270500532483,0.01025293586269196,0.0,4.698373983739837,3.3673588924387654,4.087512218963832,1.6,1.6,691.3731200000001,584.16896,140.49919999999992,246.00449999999984,50.87392000000017,-161.83553999999987,-113149.59305999993,-140161.14552,-12.642771847507321,-12.700744659001806,4.090518084066471,0.022057302416572905,0.0,1.0,1.0,153.89442815249268,154.33137829912025,1.0,1.0,1.4589442815249267,1.870296304985336,0.005547409579667644,1.2140762463343109,0.7756598240469208,0.0,6971.291788856305,0.33284457478005863,0.0,14.900293255131965,0.0,20.0,245.0982404692082,30.0,496.524926686217,10.0,0.0,0.0,0.0
376,0.2642742685083632,0.2958446761779975,0.23776366701753016,0.2695158179480853,0.9681519380474619,0.9681557935904777,335.0,335.0,3.7220398009950224,3.985572139303482,0.0,0.0,3.7242288557213934,3.9855721393034824,3.854900497512438,1.6,1.6,623.2726400000001,622.23168,432.6923999999999,109.86149999999994,-309.41975999999977,12.370180000000047,-113459.01281999993,-140148.77534,-12.479544676616909,-12.55093098318555,3.8538059701492555,0.03666881378181331,0.0,1.0,1.0,151.41492537313434,151.84477611940298,1.0,1.0,1.5,1.8589616716417896,0.0,1.162686567164179,1.0402985074626865,0.0,6869.1074626865675,0.0,0.0,15.0,0.0,20.0,231.22835820895523,30.0,492.96417910447764,10.0,0.0,0.0,0.0
377,0.26431496266797055,0.29584493546170637,0.23778592923176514,0.2693965604218767,0.968251884334247,0.9682527395352919,324.0,318.0,3.7960390946502054,3.4502620545073377,0.0,0.0,3.797325102880658,3.4544549266247375,3.627492211838006,1.6,1.6,610.8924800000001,578.07072,276.83719999999994,258.39419999999996,-165.94471999999985,-180.3234799999999,-113624.95753999993,-140329.09881999998,-12.345710280373837,-12.711735892374902,3.624766355140182,0.0014431514853586688,0.0,1.0,1.0,157.59657320872273,158.0264797507788,1.0,1.0,1.4953271028037383,1.8519676012461062,0.0,1.118380062305296,1.0124610591900312,0.0,7057.454828660436,0.0,0.0,15.0,0.0,20.0,217.48598130841123,30.0,490.7897196261682,10.0,0.0,0.0,0.0
378,0.2642735507692205,0.29582513783267894,0.2377221926929454,0.26911691041436536,0.9683521825636381,0.9683524541180414,355.0,306.0,3.999530516431926,3.463888888888887,0.0,0.0,4.00319248826291,3.4649237472766883,3.7540090771558243,1.6,1.6,661.69344,569.47936,106.1698999999999,259.6592999999999,55.52354000000011,-190.17993999999987,-113569.43399999994,-140519.27876,-12.460641452344941,-12.604605274350781,3.7515632879475547,0.04158285766170965,0.0,1.0,1.0,154.22995461422087,154.65052950075642,1.0,1.0,1.4629349470499244,1.8625912254160382,0.0,1.4856278366111952,0.9273827534039334,0.0,6808.205748865355,0.0,0.0,15.0,0.0,20.0,225.09379727685325,30.0,494.1180030257186,10.0,0.0,0.0,0.0
379,0.2643486291126271,0.29514825154468805,0.23796534494584326,0.2695633064789139,0.9684536562285471,0.9684549385209478,329.0,347.0,3.6466565349544053,4.988568683957734,0.0,0.015609990393852066,3.649442755825734,4.9751200768491834,4.329930966469427,1.6,1.6,604.0873600000001,646.856,316.69129999999984,155.1303999999999,-212.60393999999974,-8.2743999999999,-113782.03793999994,-140527.55315999998,-12.621154043392506,-12.663041433533861,4.335478303747536,0.015320709809583673,0.0,1.0,1.0,154.74556213017752,155.1967455621302,1.0,1.0,1.5133136094674555,1.8505079289940816,0.008012820512820514,1.1671597633136095,1.1538461538461537,0.0,6888.834319526627,0.4807692307692308,0.0,14.881656804733728,0.0,20.0,259.64792899408286,30.0,490.3269230769231,10.0,0.0,0.0,0.0
380,0.2643655698868926,0.2950441949362589,0.23738714766712593,0.268777660109284,0.9685518968601138,0.96854725286362,320.0,346.0,3.3419270833333314,4.199373795761078,0.0,0.0,3.3465104166666664,4.201156069364162,3.7905155155155152,1.6,1.6,589.97568,653.2009600000001,250.7900999999999,285.0183999999999,-160.8144199999999,-131.81743999999975,-113942.85235999993,-140659.3706,-12.499314114114112,-12.720882737632401,3.7873873873873882,0.023748976412741974,0.0,1.0,1.0,156.02252252252254,156.43993993993993,1.0,1.0,1.5195195195195195,1.8666315915915914,0.0,1.1276276276276276,0.984984984984985,0.0,6873.301801801802,0.0,0.0,15.0,0.0,20.0,227.24324324324326,30.0,495.36036036036035,10.0,0.0,0.0,0.0
381,0.2643796037734283,0.29521889782985294,0.2374114108956892,0.26883284322663564,0.968654892109827,0.9686449247885538,352.0,305.0,4.404734848484848,3.5011475409836033,0.0,0.0,4.406013257575758,3.505027322404372,3.9877473363774736,1.6,1.6,653.17344,565.67136,189.02319999999997,414.9620999999999,-35.84975999999995,-349.29073999999986,-113978.70211999993,-141008.66134,-12.50921968543887,-12.618292438930524,3.985261288685944,0.02133781795148275,0.0,1.0,1.0,156.48858447488584,156.91019786910198,1.0,1.0,1.4642313546423136,1.8551671232876716,0.0,1.2617960426179604,0.8112633181126332,0.0,7008.652968036529,0.0,0.0,15.0,0.0,20.0,239.11567732115677,30.0,491.7838660578387,10.0,0.0,0.0,0.0
382,0.26441797278249396,0.29515497717499395,0.2371667640697393,0.2686229216686859,0.9687522424241247,0.9687445712924373,316.0,356.0,3.7483649789029507,4.474719101123593,0.0,0.0,3.753111814345991,4.477574906367042,4.136904761904762,1.6,1.6,590.408,660.6348800000001,425.80629999999996,88.58509999999997,-335.39829999999995,72.0497800000001,-114314.10041999993,-140936.61156,-12.607700000000007,-12.672959160556408,4.133159722222224,0.022049800547993156,0.0,1.0,1.0,157.06845238095238,157.48214285714286,1.0,1.0,1.5297619047619047,1.8616709523809516,0.0,1.0580357142857142,0.9836309523809523,0.0,6814.360119047619,0.0,0.0,15.0,0.0,20.0,247.98958333333334,30.0,493.82440476190476,10.0,0.0,0.0,0.0
383,0.2642596198850883,0.295233255711284,0.23823953605177062,0.2696974448458459,0.9688426342184983,0.9688366428516838,345.0,315.0,4.379806763285023,3.2460317460317447,0.0,0.0,4.381256038647343,3.24989417989418,3.841287878787878,1.6,1.6,626.3993600000001,589.264,169.30229999999995,399.9295999999998,-42.90293999999983,-310.6655999999998,-114357.00335999993,-141247.27716,-12.370525454545454,-12.618439612548492,3.8386868686868714,0.0004487377704158355,0.0,1.0,1.0,157.56363636363636,158.01363636363635,1.0,1.0,1.4772727272727273,1.841914181818182,0.0,1.187878787878788,0.8212121212121212,0.0,6885.590909090909,0.0,0.0,15.0,0.0,20.0,230.3212121212121,30.0,487.6439393939394,10.0,0.0,0.0,0.0
384,0.2644677662146045,0.2949223770675256,0.2379246000212325,0.2693975994858374,0.9689369593186381,0.9689290364542508,330.0,350.0,3.5341919191919176,4.441190476190477,0.0,0.0,3.537121212121212,4.443238095238096,4.003504901960785,1.6,1.6,608.67776,660.80032,315.5257999999999,88.66989999999991,-206.84803999999986,72.13042000000014,-114563.85139999993,-141175.14674,-12.586280000000004,-12.719089636719556,4.001029411764704,0.0019243451453192747,0.0,1.0,1.0,159.16323529411764,159.57794117647057,1.0,1.0,1.5147058823529411,1.8668795294117646,0.0,1.1911764705882353,0.9911764705882353,0.0,6863.466176470588,0.0,0.0,15.0,0.0,20.0,240.06176470588235,30.0,495.44117647058823,10.0,0.0,0.0,0.0
385,0.26440802367307037,0.29448796401872934,0.2375627765169033,0.26904524068388,0.9690336367854151,0.9690198387256685,327.0,336.0,4.20932721712538,4.4356150793650775,0.0,0.10982142857142858,4.2118756371049955,4.326636904761904,4.270035193564604,1.6,1.6,608.0668800000001,641.64864,246.9134999999999,261.9708999999999,-138.84661999999983,-120.32225999999991,-114702.69801999992,-141295.46899999998,-12.824616792357967,-12.676053009353975,4.3240070387129235,0.042221829746494674,0.0,1.0,1.0,158.88838612368025,159.28657616892912,1.0,1.0,1.506787330316742,1.884940452488687,0.05565610859728508,1.2503770739064857,0.9879336349924586,0.0,6737.294117647059,3.339366515837104,0.0,14.544494720965309,0.0,20.0,256.1010558069382,30.0,501.09351432880845,10.0,0.0,0.0,0.0
386,0.2645277035472816,0.29452021954548474,0.23708689542354114,0.26853639881208996,0.9691308362344181,0.9691107203604351,315.0,325.0,3.8291534391534388,3.75953846153846,0.0,0.0,3.832539682539682,3.762564102564102,3.7970052083333337,1.6,1.6,583.57024,599.6704,264.83339999999987,322.4423999999999,-181.26315999999986,-222.77199999999993,-114883.96117999993,-141518.24099999998,-12.394244583333341,-12.612427686021816,3.793802083333337,0.007221946715936617,0.0,1.0,1.0,162.990625,163.425,1.0,1.0,1.5078125,1.848813500000001,0.0,1.178125,0.9484375,0.0,6657.190625,0.0,0.0,15.0,0.0,20.0,227.628125,30.0,489.796875,10.0,0.0,0.0,0.0
387,0.2644431213774368,0.2945522093255003,0.23750919445360166,0.2684545252566494,0.9692288099998372,0.9692095498979968,325.0,322.0,4.638923076923078,3.8996376811594207,0.0,0.0,4.639846153846154,3.901604554865424,4.272436888201958,1.6,1.6,599.77408,599.1094400000001,180.91009999999994,283.2322999999999,-81.13601999999992,-184.12285999999983,-114965.09719999993,-141702.36385999998,-12.610356929417817,-12.68372174609179,4.270994332818131,0.01989768004460314,0.0,1.0,1.0,162.16074188562595,162.6213292117465,1.0,1.0,1.4976816074188564,1.8529884389489955,0.0,1.1437403400309119,0.8500772797527048,0.0,6960.071097372488,0.0,0.0,15.0,0.0,20.0,256.2596599690881,30.0,491.1051004636785,10.0,0.0,0.0,0.0
388,0.2644109998057476,0.29432075757589615,0.23733041610799557,0.26857614600765284,0.9693255245408986,0.9693035924459685,348.0,318.0,3.810249042145597,4.214622641509433,0.0004310344827586207,0.0,3.812691570881227,4.218396226415094,4.006406406406406,1.6,1.6,630.8963200000001,593.0969600000001,148.91749999999988,244.00099999999995,-18.021179999999816,-150.90403999999987,-114983.11837999993,-141853.26789999998,-12.411686286286287,-12.631749059090911,4.003328328328329,0.00456070662083852,0.0,1.0,1.0,163.74174174174175,164.15915915915915,1.0,1.0,1.4774774774774775,1.8378277477477487,0.00022522522522522523,1.1696696696696696,0.8423423423423423,0.0,6825.42942942943,0.013513513513513514,0.0,14.986486486486486,0.0,20.0,240.18618618618618,30.0,486.36486486486484,10.0,0.0,0.0,0.0
389,0.2644508685977137,0.29419752121137477,0.2382967504081658,0.2698899222398395,0.9694146541813042,0.9694044082144786,326.0,329.0,3.747034764826175,3.997467071935155,0.0,0.0,3.751175869120654,3.9991388044579534,3.8757251908396944,1.6,1.6,606.0985600000001,601.01152,363.4618999999999,201.3373999999999,-257.36333999999977,-100.32587999999987,-115240.48171999992,-141953.59377999997,-12.390229618320618,-12.61203790131256,3.872824427480914,0.0005400035983737884,0.0,1.0,1.0,163.68091603053435,164.1022900763359,1.0,1.0,1.502290076335878,1.8429161526717575,0.0,1.082442748091603,0.934351145038168,0.0,6993.719083969466,0.0,0.0,15.0,0.0,20.0,232.36946564885497,30.0,487.9557251908397,10.0,0.0,0.0,0.0
390,0.2645519607807218,0.2941706530615586,0.23842811131461827,0.27055984077187895,0.9695030999270844,0.9695014426370442,324.0,322.0,3.922582304526752,3.9815217391304376,0.0,0.0,3.926183127572017,3.982815734989648,3.9544117647058825,1.6,1.6,605.6230400000002,600.7840000000001,239.49099999999987,231.47029999999995,-133.8679599999997,-130.68629999999985,-115374.34967999993,-142084.28007999997,-12.570389886480918,-12.714625000268333,3.9519607843137172,0.044804659776385605,0.0,1.0,1.0,165.23219814241486,165.68421052631578,1.0,1.0,1.498452012383901,1.8675031578947383,0.0,1.0928792569659442,0.9798761609907121,0.0,6891.47213622291,0.0,0.0,15.0,0.0,20.0,237.11764705882354,30.0,495.6269349845201,10.0,0.0,0.0,0.0
391,0.2646819145106727,0.2940038861047936,0.23889577411116603,0.27107446796111084,0.9695972424785286,0.9695920893524386,327.0,337.0,4.080275229357798,4.42482690405539,0.0,0.0,4.084199796126401,4.428090999010879,4.2587349397590355,1.6,1.6,601.3392000000001,625.60928,229.65229999999988,201.51199999999994,-128.31309999999976,-75.90271999999993,-115502.66277999993,-142160.18279999998,-12.572789759036155,-12.712817370051061,4.255145582329318,0.01847942015206174,0.0,1.0,1.0,168.59186746987953,169.0406626506024,1.0,1.0,1.5075301204819278,1.8478139759036145,0.0,1.1340361445783131,0.7198795180722891,0.0,6964.626506024097,0.0,0.0,15.0,0.0,20.0,255.30873493975903,30.0,489.4984939759036,10.0,0.0,0.0,0.0
392,0.2646249349026025,0.2941366863273941,0.24009315539017717,0.27254678748758215,0.9696863182665026,0.96968178506382,363.0,319.0,3.90426997245179,3.3062695924764878,0.0,0.0,3.905280073461892,3.3084117032392895,3.6260997067448684,1.6,1.6,669.5507200000001,588.984,188.10049999999995,281.5674999999999,-18.549779999999885,-192.58349999999984,-115521.21255999993,-142352.7663,-12.305709090909088,-12.599310107691942,3.624560117302053,0.017448751644399935,0.0,1.0,1.0,163.12316715542522,163.53225806451613,1.0,1.0,1.467741935483871,1.845358826979472,0.0,1.348973607038123,0.8401759530791789,0.0,6811.541055718475,0.0,0.0,15.0,0.0,20.0,217.47360703812316,30.0,488.72727272727275,10.0,0.0,0.0,0.0
393,0.2648767404942007,0.29407685483479906,0.2421476671780087,0.27444244717873795,0.9697782402605061,0.9697714941810403,351.0,321.0,3.2336182336182344,4.623364485981306,0.0,0.0,3.2377967711301046,4.624091381100727,3.9000000000000004,1.6,1.6,659.8384000000001,609.1888,216.62029999999984,242.05379999999994,-56.78189999999975,-132.86499999999992,-115577.99445999993,-142485.63129999998,-12.675093253968251,-12.734989961516439,3.8974702380952415,0.027898161796717072,0.0,1.0,1.0,163.9717261904762,164.41220238095238,1.0,1.0,1.4776785714285714,1.8884333333333334,0.0,1.3630952380952381,1.0446428571428572,0.0,6783.642857142857,0.0,0.0,15.0,0.0,20.0,233.84821428571428,30.0,502.1815476190476,10.0,0.0,0.0,0.0
394,0.2650999341788804,0.2939818552283339,0.24228326355287416,0.2743353146553936,0.969870265327179,0.9698630030240885,366.0,302.0,3.6699908925318767,3.991611479028698,0.0,0.0,3.673952641165756,3.9932671081677698,3.8183133732534924,1.6,1.6,675.81088,556.5033600000002,169.9727999999999,305.0228999999999,5.8380800000001045,-248.51953999999972,-115572.15637999993,-142734.15084,-12.378544710578849,-12.63434059457039,3.815394211576842,0.0006477022725620578,0.0,1.0,1.0,167.6556886227545,168.09131736526948,1.0,1.0,1.4520958083832336,1.8447817964071873,0.0,1.2619760479041917,0.875748502994012,0.0,6815.13622754491,0.0,0.0,15.0,0.0,20.0,228.92365269461078,30.0,488.5434131736527,10.0,0.0,0.0,0.0
395,0.2652815622499413,0.29360530339615776,0.24145351282449384,0.27340448985189836,0.9699568512476838,0.9699563577177039,323.0,328.0,3.0489164086687306,4.202489837398374,0.0,0.0036585365853658543,3.0545407636738906,4.200406504065041,3.6318740399385563,1.6,1.6,579.0016,600.08896,451.0860999999998,109.78659999999991,-372.08449999999976,-9.697639999999865,-115944.24087999992,-142743.84848,-12.101535279057865,-12.561987690753993,3.6301331285202254,-0.022435747393441986,0.0,1.0,1.0,170.13978494623655,170.56374807987712,1.0,1.0,1.5038402457757296,1.811199016897082,0.0018433179723502306,1.1290322580645162,0.869431643625192,0.0,6982.953917050691,0.11059907834101383,0.0,14.953917050691244,0.0,20.0,217.6973886328725,30.0,478.04608294930875,10.0,0.0,0.0,0.0
396,0.26527497987638055,0.2934104638526311,0.240864212514882,0.2725258186963659,0.9700446848044302,0.9700449617695202,343.0,332.0,4.108066083576286,4.6044678714859435,0.0,0.0,4.112050534499514,4.605923694779116,4.354962962962963,1.6,1.6,624.73152,636.6099200000001,161.51339999999988,270.0607999999999,-36.78187999999983,-133.4508799999998,-115981.02275999992,-142877.29935999998,-12.737497086419758,-12.687988241103563,4.352222222222224,0.03288113591432674,0.0,1.0,1.0,166.39703703703702,166.8325925925926,1.0,1.0,1.4918518518518518,1.868653985185185,0.0,1.0622222222222222,1.2266666666666666,0.0,6940.582222222222,0.0,0.0,15.0,0.0,20.0,261.1333333333333,30.0,496.0014814814815,10.0,0.0,0.0,0.0
397,0.26529163429407565,0.293212165040662,0.24078408804939314,0.2725577484305332,0.9701330121525363,0.9701333473468505,316.0,348.0,3.7794303797468296,4.668151340996168,0.0,0.02294061302681992,3.7801160337552746,4.646647509578544,4.234262048192771,1.6,1.6,577.7740800000001,650.3641600000001,338.9767999999998,160.0611999999999,-261.20271999999966,-9.697039999999816,-116242.22547999992,-142886.99639999997,-12.57960522088353,-12.632813890405952,4.2452058232931735,0.02689188379493664,0.0,1.0,1.0,169.1039156626506,169.53614457831324,1.0,1.0,1.5240963855421688,1.8496057831325308,0.012023092369477911,1.1114457831325302,1.0677710843373494,0.0,6874.701807228916,0.7213855421686747,0.0,14.802710843373495,0.0,20.0,253.99096385542168,30.0,490.04819277108436,10.0,0.0,0.0,0.0
398,0.26538912263924125,0.2932796247375914,0.2414274558860862,0.2732879370489206,0.970219966797724,0.9702204050995408,327.0,334.0,3.837206931702345,3.35194610778443,0.0,0.0,3.8391946992864425,3.3542415169660673,3.5941502773575387,1.6,1.6,594.8988800000001,614.13856,252.25089999999994,303.30699999999996,-157.35201999999987,-189.16843999999998,-116399.57749999993,-143076.16483999998,-12.194448613212307,-12.51771340537038,3.592007060010087,-0.00554257161795228,0.0,1.0,1.0,170.87594553706506,171.31770045385778,1.0,1.0,1.5052950075642966,1.829103540090772,0.0,1.1770045385779122,1.0968229954614221,0.0,6931.638426626324,0.0,0.0,15.0,0.0,20.0,215.52042360060514,30.0,483.63842662632374,10.0,0.0,0.0,0.0
399,0.26553382384484553,0.2930905710299719,0.24185579883516908,0.27373748074829424,0.9703043867926594,0.9703052747530041,313.0,334.0,3.4924920127795547,4.3367764471057875,0.0,0.0,3.4941427050053253,4.338073852295409,3.92980422462648,1.6,1.6,581.5296000000001,617.3744000000002,297.5590999999999,190.50919999999985,-216.0294999999998,-73.1347999999997,-116615.60699999993,-143149.29963999998,-12.473467284904693,-12.728965486948534,3.9283359093250905,0.02313468618363429,0.0,1.0,1.0,173.11591962905717,173.52704791344667,1.0,1.0,1.5162287480680061,1.853020092735704,0.0,1.0649149922720247,0.9598145285935085,0.0,6908.474497681607,0.0,0.0,15.0,0.0,20.0,235.70015455950542,30.0,491.1097372488408,10.0,0.0,0.0,0.0
400,0.265538067999099,0.2928091298042666,0.24113939997016307,0.2728354981719746,0.9703903554524531,0.9703939681985492,318.0,346.0,4.262368972746328,4.0402697495183055,0.0,0.0,4.263993710691824,4.042244701348748,4.148443775100401,1.6,1.6,599.0710400000002,633.0512000000001,200.2399999999999,210.92999999999995,-101.16895999999974,-77.87879999999984,-116716.77595999993,-143227.17844,-12.57643253012049,-12.715115746766267,4.14663654618474,0.014219220325034523,0.0,1.0,1.0,171.70030120481928,172.14457831325302,1.0,1.0,1.5210843373493976,1.8556057831325303,0.0,1.1701807228915662,0.9743975903614458,0.0,6748.8524096385545,0.0,0.0,15.0,0.0,20.0,248.79819277108433,30.0,491.92469879518075,10.0,0.0,0.0,0.0
401,0.2656274399221588,0.2927880762371105,0.24162426340330878,0.27328722994501203,0.9704746465727737,0.9704779953550168,297.0,352.0,3.8791245791245825,3.8556818181818144,0.0,0.0,3.8821548821548824,3.8576231060606054,3.8688495120698514,1.6,1.6,560.3088,650.9603200000001,281.27959999999985,287.5608999999999,-220.97079999999983,-136.60057999999975,-116937.74675999992,-143363.77902,-12.529310118130471,-12.711916010695676,3.8664098613251143,0.019002453641075126,0.0,1.0,1.0,173.03235747303543,173.50693374422187,1.0,1.0,1.5423728813559323,1.8663622804314333,0.0,1.0708782742681047,0.9522342064714946,0.0,7004.151001540832,0.0,0.0,15.0,0.0,20.0,231.98459167950693,30.0,495.2804314329738,10.0,0.0,0.0,0.0
402,0.2656044061238542,0.29277510242841065,0.2424090290458888,0.2738993810238214,0.9705661673679615,0.9705643093872074,335.0,335.0,4.261194029850748,3.9102985074626875,0.0005970149253731343,0.0,4.2637810945273635,3.91363184079602,4.088706467661692,1.6,1.6,646.4160000000002,624.0521600000001,74.75339999999996,327.0058999999999,71.66260000000021,-202.9537399999998,-116866.08415999993,-143566.73275999998,-12.797458905472643,-12.767729958360485,4.085746268656718,0.06069686786093256,0.0,1.0,1.0,172.24029850746268,172.6731343283582,1.0,1.0,1.5,1.8962211343283584,0.00029850746268656717,1.2626865671641792,1.0850746268656717,0.0,6965.859701492537,0.01791044776119403,0.0,14.982089552238806,0.0,20.0,245.12686567164178,30.0,504.61641791044775,10.0,0.0,0.0,0.0
403,0.265886536071262,0.29249007682951744,0.24349158355082215,0.27481877560630064,0.9706512096144908,0.9706486035605763,332.0,316.0,3.14754016064257,4.5084388185653985,0.0,0.0,3.153614457831325,4.5084388185654,3.814300411522634,1.6,1.6,610.0371200000001,591.0220800000001,192.28399999999988,282.55109999999985,-82.2468799999998,-191.52901999999978,-116948.33103999993,-143758.26177999997,-12.429453703703699,-12.696658972028015,3.8111882716049412,-0.006887997896340069,0.0,1.0,1.0,174.1280864197531,174.56327160493828,1.0,1.0,1.4876543209876543,1.8534864197530874,0.0,1.1141975308641976,1.0123456790123457,0.0,6926.444444444444,0.0,0.0,15.0,0.0,20.0,228.6712962962963,30.0,491.2638888888889,10.0,0.0,0.0,0.0
404,0.26576982581506,0.29253861997402913,0.24329186380405013,0.2746000163337565,0.9707355530202164,0.9707316124815806,327.0,342.0,4.156880733944953,3.980360623781673,0.010397553516819572,0.0,4.152497451580021,3.9834795321637433,4.066093672147484,1.6,1.6,604.25152,620.2009600000001,217.40609999999995,157.02419999999992,-113.15457999999992,-36.8232399999998,-117061.48561999993,-143795.08501999997,-12.391393721973088,-12.40254941995781,4.066641753861487,0.04269335470104755,0.0,1.0,1.0,170.8849028400598,171.29446935724962,1.0,1.0,1.5112107623318385,1.8302727653213755,0.005082212257100149,1.2257100149476832,1.1150971599402093,0.0,6794.5739910313905,0.30493273542600896,0.0,14.919282511210762,0.0,20.0,243.69357249626307,30.0,484.0119581464873,10.0,0.0,0.0,0.0
405,0.2658686643372176,0.2922605054876603,0.24362246538405577,0.274898742772818,0.9708216611220536,0.9708158506098149,326.0,333.0,3.1766359918200413,4.346696696696695,0.0,0.0,3.180061349693252,4.34984984984985,3.7711684370257963,1.6,1.6,587.8716800000001,634.4332800000001,255.4633999999999,236.85219999999993,-167.5917199999998,-102.41891999999984,-117229.07733999993,-143897.50393999997,-12.420002225594333,-12.736694003922917,3.767880627212947,-0.013397787210613925,0.0,1.0,1.0,172.597875569044,173.0318664643399,1.0,1.0,1.505311077389985,1.8547874962063748,0.0,1.103186646433991,1.0561456752655538,0.0,6819.855842185129,0.0,0.0,15.0,0.0,20.0,226.07283763277692,30.0,491.67374810318665,10.0,0.0,0.0,0.0
406,0.2659510855761962,0.29212494694710667,0.24301844046280457,0.2738341301405184,0.9709077767169169,0.9708973080187203,307.0,334.0,3.8216069489685105,3.530888223552896,0.0,0.0,3.8237785016286643,3.5328842315369258,3.672204888195528,1.6,1.6,566.9558400000001,615.9932799999999,312.4835999999999,182.28829999999982,-245.52775999999983,-66.29501999999991,-117474.60509999993,-143963.79895999996,-12.324621320852847,-12.656523237640423,3.6701248049921973,0.012417373167162902,0.0,1.0,1.0,176.46645865834634,176.9219968798752,1.0,1.0,1.5210608424336973,1.8454744461778478,0.0,1.0483619344773791,0.9266770670826833,0.0,6871.02496099844,0.0,0.0,15.0,0.0,20.0,220.20748829953197,30.0,488.7597503900156,10.0,0.0,0.0,0.0
407,0.26601027450229486,0.291982486244585,0.24296192338461048,0.2735316660243809,0.9709903832535198,0.9709771438356308,325.0,326.0,4.134307692307693,4.03502044989775,0.0,0.0,4.136871794871795,4.037065439672802,4.0868919610855095,1.6,1.6,596.1692800000001,596.9184,216.02459999999994,312.2733999999999,-119.85531999999986,-215.3549999999999,-117594.46041999993,-144179.15395999997,-12.413207987711218,-12.57390149337392,4.084587813620072,0.009710491738689457,0.0,1.0,1.0,175.97542242703534,176.39016897081413,1.0,1.0,1.5007680491551458,1.832699969278035,0.0,1.1582181259600615,0.9523809523809523,0.0,6938.8279569892475,0.0,0.0,15.0,0.0,20.0,245.0752688172043,30.0,484.76190476190476,10.0,0.0,0.0,0.0
408,0.26607513172076014,0.2917883961688478,0.24259661439346283,0.27342121375408157,0.9710746807800296,0.9710603945470447,298.0,358.0,3.8773489932885883,4.265921787709497,0.0,0.04394785847299814,3.8792505592841153,4.225093109869647,4.067987804878049,1.6,1.6,553.3536000000001,663.7139200000001,361.45299999999986,154.8807999999999,-308.0993999999997,8.833120000000235,-117902.55981999994,-144170.32083999997,-12.551596951219505,-12.736982358661852,4.089405487804884,-0.003427511233867224,0.0,1.0,1.0,177.3231707317073,177.7515243902439,1.0,1.0,1.545731707317073,1.8552858536585366,0.023983739837398377,1.1341463414634145,1.045731707317073,0.0,6735.893292682927,1.4390243902439024,0.0,14.757621951219512,0.0,20.0,243.9253048780488,30.0,491.8216463414634,10.0,0.0,0.0,0.0
409,0.26607588327907505,0.29187440824562905,0.24357437525171216,0.2742023860581278,0.9711550212679142,0.9711452666136027,325.0,341.0,4.133076923076924,3.451906158357775,0.0,0.0,4.1362564102564106,3.452883675464321,3.786361361361361,1.6,1.6,594.93952,634.38752,132.8642999999999,323.17429999999985,-37.924779999999885,-188.78677999999985,-117940.48459999994,-144359.10761999997,-12.37248028028028,-12.646108923529841,3.7843093093093114,0.02816824149771862,0.0,1.0,1.0,176.5165165165165,176.96696696696696,1.0,1.0,1.512012012012012,1.8458363963963966,0.0,1.2177177177177176,0.9564564564564565,0.0,6890.60960960961,0.0,0.0,15.0,0.0,20.0,227.05855855855856,30.0,488.87237237237235,10.0,0.0,0.0,0.0
410,0.2662857934500055,0.2918625420248571,0.24347642272450262,0.27419574942446345,0.9712366085719824,0.9712252671991013,316.0,323.0,3.513607594936708,3.8133642930856566,0.0,0.0,3.5156645569620246,3.815841073271414,3.6673969744392276,1.6,1.6,575.7574400000001,600.16544,303.5336999999999,293.1801999999999,-227.7762599999998,-193.0147599999999,-118168.26085999994,-144552.12237999996,-12.291081481481482,-12.637113068544119,3.6651278038601993,0.008930054838219818,0.0,1.0,1.0,181.7809076682316,182.22691705790297,1.0,1.0,1.5054773082942097,1.8402548982785605,0.0,1.0140845070422535,0.9076682316118936,0.0,6884.251956181533,0.0,0.0,15.0,0.0,20.0,219.9076682316119,30.0,487.1267605633803,10.0,0.0,0.0,0.0
411,0.266445199736803,0.29166089594020894,0.24382706054185688,0.2741500529469773,0.9713191122125208,0.9713077639250026,310.0,357.0,3.6945698924731203,4.491363211951445,0.0,0.0,3.6994623655913976,4.494351073762838,4.1249125437281355,1.6,1.6,568.2048,663.7472,258.45289999999983,116.77439999999996,-190.24809999999985,46.97280000000006,-118358.50895999993,-144505.14957999997,-12.514242878560722,-12.666085157177905,4.121039480259875,0.010346903792761786,0.0,1.0,1.0,179.89055472263868,180.30734632683658,1.0,1.0,1.535232383808096,1.8470044977511264,0.0,1.0209895052473763,0.9070464767616192,0.0,6880.8665667166415,0.0,0.0,15.0,0.0,20.0,247.2623688155922,30.0,489.2413793103448,10.0,0.0,0.0,0.0
412,0.2662204037981412,0.2917745085957664,0.24349132850803248,0.27376905710148147,0.9713986118507968,0.971390032969244,348.0,332.0,4.529118773946356,3.482831325301206,0.0,0.0,4.531704980842912,3.4847891566265057,4.020563725490197,1.6,1.6,652.48064,606.6323199999999,110.99589999999992,388.18239999999986,41.48474000000007,-281.5500799999999,-118317.02421999993,-144786.69965999995,-12.501100196078415,-12.594685583572714,4.01828431372549,0.02366559652371101,0.0,1.0,1.0,177.29705882352943,177.74264705882354,1.0,1.0,1.488235294117647,1.851636705882351,0.0,1.2352941176470589,0.9558823529411765,0.0,6837.180882352941,0.0,0.0,15.0,0.0,20.0,241.0970588235294,30.0,490.6808823529412,10.0,0.0,0.0,0.0
413,0.26631451153082375,0.2916188766393575,0.2426934709062137,0.2727957012558161,0.9714789939483575,0.9714698739578553,323.0,356.0,3.5062435500515976,4.138436329588012,0.0,0.0,3.508049535603716,4.139325842696629,3.8390279823269515,1.6,1.6,596.84256,663.27808,340.19369999999986,139.66969999999992,-243.35113999999982,23.608380000000125,-118560.37535999993,-144763.09127999996,-12.454344428080503,-12.666429806788491,3.8377025036818835,0.005822574054841187,0.0,1.0,1.0,177.87039764359352,178.28129602356407,1.0,1.0,1.524300441826215,1.8558477761413852,0.0,1.1634756995581739,1.101620029455081,0.0,6940.690721649485,0.0,0.0,15.0,0.0,20.0,230.2621502209131,30.0,492.0073637702504,10.0,0.0,0.0,0.0
414,0.2662373882817728,0.2916189620823933,0.24322958341612078,0.2732253686049602,0.9715622775546193,0.9715484691713868,330.0,344.0,4.245050505050509,3.6071705426356617,0.0,0.0,4.246666666666667,3.6096899224806203,3.921562809099901,1.6,1.6,619.1744000000001,618.15904,161.92659999999995,381.54919999999987,-42.752199999999846,-263.39015999999987,-118603.12755999994,-145026.48143999997,-12.365960237388745,-12.525421587667317,3.919485657764595,0.03077045383091317,0.0,1.0,1.0,180.32640949554897,180.75519287833828,1.0,1.0,1.510385756676558,1.8358062908011878,0.0,1.2166172106824926,0.9540059347181009,0.0,6862.593471810089,0.0,0.0,15.0,0.0,20.0,235.16913946587536,30.0,485.74035608308606,10.0,0.0,0.0,0.0
415,0.2662253320992691,0.29158335611983793,0.24318661764921182,0.27354554408415527,0.9716381808073424,0.9716306515068378,348.0,322.0,4.386159003831416,3.6816252587991682,0.0,0.0,4.390852490421457,3.683281573498965,4.050796019900497,1.6,1.6,636.29888,603.7488000000001,228.5244999999999,273.12689999999986,-92.22561999999985,-169.3780999999998,-118695.35317999993,-145195.85953999998,-12.507858308457706,-12.61783795677617,4.0475621890547275,0.04909580557141942,0.0,1.0,1.0,179.37462686567164,179.80746268656716,1.0,1.0,1.480597014925373,1.8508174328358218,0.0,1.2283582089552239,1.0656716417910448,0.0,6900.601492537314,0.0,0.0,15.0,0.0,20.0,242.85373134328358,30.0,490.42388059701494,10.0,0.0,0.0,0.0
416,0.26632169883986845,0.2914721306044201,0.243800144924682,0.27408576064096374,0.971717853149988,0.9717097015740389,330.0,339.0,3.645353535353535,4.4093903638151435,0.0,0.0,3.6515656565656567,4.410226155358899,4.035999003487793,1.6,1.6,607.6,648.7120000000001,349.43189999999987,160.9186999999999,-241.83189999999985,-12.206699999999785,-118937.18507999994,-145208.06624,-12.665435974090684,-12.776874522200012,4.032511210762332,0.011672892910039319,0.0,1.0,1.0,182.53363228699553,182.97010463378177,1.0,1.0,1.506726457399103,1.8778953662182356,0.0,1.0343796711509716,0.9985052316890882,0.0,6958.881913303438,0.0,0.0,15.0,0.0,20.0,241.9506726457399,30.0,498.8863976083707,10.0,0.0,0.0,0.0
417,0.26647813672642556,0.29153142031294194,0.2445672940804474,0.2750303058907596,0.9717945609985053,0.9717867701346378,314.0,323.0,3.2192675159235664,3.5672858617131062,0.0,0.0,3.222080679405521,3.5704850361197114,3.3987441130298275,1.6,1.6,580.45856,589.5676800000001,268.57299999999987,315.86729999999983,-188.11443999999983,-226.29961999999972,-119125.29951999994,-145434.36586,-12.162293877551019,-12.595116186670552,3.395735217163786,-0.013453644425808828,0.0,1.0,1.0,186.65934065934067,187.0973312401884,1.0,1.0,1.5070643642072215,1.8367758869701734,0.0,1.0800627943485086,0.9921507064364207,0.0,6944.662480376766,0.0,0.0,15.0,0.0,20.0,203.7441130298273,30.0,486.0361067503925,10.0,0.0,0.0,0.0
418,0.2664446297370205,0.2914018269801477,0.24461185348872344,0.2749765777014818,0.9718713252706578,0.9718656471560643,339.0,306.0,4.35427728613569,3.600816993464051,0.0,0.0,4.356637168141593,3.6015795206971677,3.998423772609819,1.6,1.6,632.2976000000001,557.1059200000001,116.59009999999995,252.90189999999987,15.707500000000152,-195.7959799999998,-119109.59201999994,-145630.16184,-12.446595762273889,-12.704356578017606,3.9968217054263544,0.045487370866625146,0.0,1.0,1.0,187.31627906976743,187.75348837209302,1.0,1.0,1.4744186046511627,1.8440364651162784,0.0,1.075968992248062,0.8868217054263566,0.0,6876.038759689923,0.0,0.0,15.0,0.0,20.0,239.8093023255814,30.0,488.3054263565891,10.0,0.0,0.0,0.0
419,0.2664670187755643,0.2912683650489536,0.24525633960175236,0.2754852061532256,0.9719482992294843,0.9719443977034778,314.0,355.0,3.865870488322718,4.208075117370892,0.0,0.0015023474178403756,3.8678343949044582,4.208122065727699,4.04840558046836,1.6,1.6,590.28224,669.3721599999999,353.5564999999999,79.79189999999994,-263.2742599999999,89.58025999999995,-119372.86627999994,-145540.58158,-12.701607374190317,-12.758764058071659,4.047458893871452,0.004688248814418998,0.0,1.0,1.0,183.19730941704037,183.6322869955157,1.0,1.0,1.5306427503736921,1.88289147982063,0.0007972097658196312,1.1629297458893872,1.092675635276532,0.0,6759.34379671151,0.04783258594917788,0.0,14.977578475336323,0.0,20.0,242.79970104633782,30.0,500.44992526158444,10.0,0.0,0.0,0.0
420,0.26598921279694115,0.2913711809782907,0.2458491762245918,0.2759612443379665,0.9720246412803604,0.9720237108226284,351.0,316.0,5.850094966761633,3.309915611814349,0.10341880341880341,0.0,5.748717948717949,3.3117088607594933,4.594152923538231,1.6,1.6,650.5523200000001,584.7225600000002,201.4283999999999,378.8629999999999,-50.876079999999774,-294.1404399999997,-119423.74235999995,-145834.72202,-12.754594302848563,-12.674382186795684,4.646651674162917,0.021674924343998377,0.0,1.0,1.0,185.49475262368816,185.92203898050974,1.0,1.0,1.4737631184407796,1.851986326836581,0.054422788605697145,1.2083958020989505,0.8335832083958021,0.0,6722.409295352324,3.265367316341829,0.0,14.524737631184408,0.0,20.0,275.53373313343326,30.0,490.8005997001499,10.0,0.0,0.0,0.0
421,0.26605089614905575,0.29111836731820034,0.24720636249925793,0.2771859440762117,0.9721042320806976,0.9720988206857721,301.0,324.0,3.539977851605756,4.236676954732511,0.0,0.0,3.5426910299003325,4.239609053497942,3.903973333333333,1.6,1.6,553.46496,601.4252800000002,435.8165999999999,220.08409999999986,-382.35163999999986,-118.65881999999971,-119806.09399999994,-145953.38084,-12.431228586666668,-12.730759521681561,3.9011466666666683,-0.0043515132022146795,0.0,1.0,1.0,190.5952,191.0368,1.0,1.0,1.5184,1.8478243840000006,0.0,1.0688,0.8176,0.0,6917.6672,0.0,0.0,15.0,0.0,20.0,234.0688,30.0,489.4944,10.0,0.0,0.0,0.0
422,0.26618250292205653,0.29089586153998015,0.24679978925108087,0.2769016355476919,0.9721791206928971,0.972176587421351,321.0,341.0,3.7370716510903397,4.355474095796677,0.0,0.0,3.7396677050882654,4.3584066471163245,4.058383685800604,1.6,1.6,590.2118400000002,636.4070399999999,143.6011,178.95649999999995,-53.38925999999984,-42.54946000000001,-119859.48325999994,-145995.9303,-12.52367734138973,-12.635307659199105,4.055614300100701,0.0108756972527038,0.0,1.0,1.0,186.5619335347432,186.99244712990938,1.0,1.0,1.5151057401812689,1.852898610271904,0.0,1.0725075528700907,0.9803625377643505,0.0,6765.916918429003,0.0,0.0,15.0,0.0,20.0,243.3368580060423,30.0,491.0815709969788,10.0,0.0,0.0,0.0
423,0.26616885036104365,0.2909228022439409,0.2475588384110667,0.27762040053844317,0.9722540469630587,0.9722568628017165,336.0,338.0,3.9310515873015857,3.7704142011834323,0.0015873015873015873,0.0,3.9317956349206353,3.7741617357001966,3.8527448071216615,1.6,1.6,618.3254400000001,648.6848000000001,199.57929999999996,182.8898999999999,-81.25385999999989,-34.20509999999979,-119940.73711999993,-146030.1354,-12.604388526211665,-12.705757824773396,3.8504945598417444,0.013170709079968106,0.0,1.0,1.0,183.81157270029672,184.22106824925817,1.0,1.0,1.5014836795252227,1.8798371513353134,0.000791295746785361,1.2195845697329377,1.072700296735905,0.0,6812.504451038576,0.04747774480712166,0.0,14.970326409495549,0.0,20.0,230.98219584569733,30.0,499.5014836795252,10.0,0.0,0.0,0.0
424,0.26627534385770796,0.29085149319944725,0.24738139725154826,0.27724086461340547,0.972329293189083,0.9723317754785792,317.0,323.0,3.611724500525761,3.633436532507739,0.0,0.0,3.6150893796004206,3.6360681114551086,3.625677083333333,1.6,1.6,585.3996800000001,605.8928000000001,332.33259999999984,255.56939999999986,-246.93291999999974,-149.67659999999978,-120187.67003999994,-146179.812,-12.401811041666674,-12.594806958813248,3.6226822916666634,0.027677103410867387,0.0,1.0,1.0,186.9890625,187.425,1.0,1.0,1.5046875,1.8613945000000007,0.0,1.1390625,1.0421875,0.0,6737.1765625,0.0,0.0,15.0,0.0,20.0,217.3609375,30.0,493.7296875,10.0,0.0,0.0,0.0
425,0.2661331405806065,0.2904340152851216,0.24737093271472077,0.27698865300888315,0.9724050308462492,0.9724070062560292,329.0,353.0,4.071529888551163,4.629886685552406,0.0,0.0,4.073049645390071,4.6307837582625115,4.361730205278593,1.6,1.6,598.1772800000001,672.66528,224.9811999999999,140.1222,-126.80391999999978,32.54308000000006,-120314.47395999994,-146147.26892,-12.709109677419367,-12.713525665832043,4.360532746823073,0.017136534252162532,0.0,1.0,1.0,188.03958944281524,188.4868035190616,1.0,1.0,1.5175953079178885,1.86340551319648,0.0,1.249266862170088,0.9560117302052786,0.0,7056.91788856305,0.0,0.0,15.0,0.0,20.0,261.63196480938416,30.0,494.36070381231673,10.0,0.0,0.0,0.0
426,0.2661300523385638,0.2904241583544443,0.24763960555008546,0.277053039711367,0.9724821712738756,0.9724794863486391,349.0,316.0,4.453533906399233,3.9469409282700423,9.551098376313276e-05,0.0,4.4596466093600755,3.9505274261603374,4.217719298245614,1.6,1.6,655.79296,597.6403200000001,175.9272999999999,376.24129999999997,-20.134339999999895,-278.6009799999999,-120334.60829999995,-146425.8699,-12.779668771929824,-12.627654959272254,4.212807017543865,0.044827001625511995,0.0,1.0,1.0,186.1563909774436,186.57894736842104,1.0,1.0,1.475187969924812,1.8848620751879692,5.012531328320802e-05,1.4601503759398495,0.9789473684210527,0.0,6836.239097744361,0.0030075187969924814,0.0,14.996992481203007,0.0,20.0,252.7654135338346,30.0,501.0706766917293,10.0,0.0,0.0,0.0
427,0.2663978104299196,0.2902765759196861,0.2485783534176099,0.27756469766034503,0.9725632692540246,0.9725526621540272,334.0,320.0,3.371157684630737,4.034010416666666,0.0,0.0,3.3776946107784425,4.035729166666666,3.699668705402651,1.6,1.6,616.07488,592.3014400000001,305.3668999999999,229.60209999999998,-189.29201999999987,-137.3006599999999,-120523.90031999994,-146563.17056,-12.348065647298661,-12.632379307030197,3.695489296636086,0.014136111196854229,0.0,1.0,1.0,192.8730886850153,193.3119266055046,1.0,1.0,1.489296636085627,1.8476702140672792,0.0,1.0764525993883791,0.8883792048929664,0.0,6927.582568807339,0.0,0.0,15.0,0.0,20.0,221.72935779816513,30.0,489.45565749235476,10.0,0.0,0.0,0.0
428,0.26651098955337005,0.2901745786262405,0.24859659577555882,0.2771574489330105,0.9726373795360546,0.9726299908280538,327.0,332.0,3.610703363914372,3.8708333333333322,0.0,0.0,3.6163098878695217,3.8758032128514057,3.7470409711684365,1.6,1.6,610.6883200000001,614.6163200000001,246.83089999999993,176.96829999999989,-136.14257999999984,-62.3519799999998,-120660.04289999994,-146625.52254,-12.437025594334859,-12.714472715749972,3.741755184623167,-0.01127460257741712,0.0,1.0,1.0,191.47799696509864,191.89226100151745,1.0,1.0,1.5037936267071321,1.859339362670714,0.0,1.1623672230652504,0.992412746585736,0.0,6929.528072837633,0.0,0.0,15.0,0.0,20.0,224.50531107739,30.0,493.08801213960544,10.0,0.0,0.0,0.0
429,0.26664687452921404,0.29007777598756795,0.24777863215986706,0.27626046943344773,0.972713090642192,0.9727037730680499,321.0,337.0,3.275960539979232,3.750049455984174,0.0,0.0008902077151335311,3.2808930425752854,3.7515331355093964,3.5219351570415403,1.6,1.6,583.66528,635.70432,288.4778999999999,164.9938999999999,-204.81261999999987,-29.28957999999986,-120864.85551999994,-146654.81212000002,-12.310432624113465,-12.636547454890763,3.5187689969604836,0.02564601513899235,0.0,1.0,1.0,191.1306990881459,191.580547112462,1.0,1.0,1.512158054711246,1.8531452887537991,0.0004559270516717325,1.1854103343465046,1.1398176291793314,0.0,6894.553191489362,0.02735562310030395,0.0,14.977203647416413,0.0,20.0,211.0987841945289,30.0,491.1595744680851,10.0,0.0,0.0,0.0
430,0.26675164811484386,0.2900487479878519,0.247494583111204,0.27606036704319925,0.9727873921102804,0.9727758849871463,328.0,331.0,3.559705284552846,3.712688821752265,0.0,0.0,3.5616869918699186,3.7137462235649545,3.6380627212948906,1.6,1.6,589.4374400000002,605.88256,206.5508999999999,260.2066999999999,-117.11345999999975,-154.3241399999999,-120981.96897999993,-146809.13626000003,-12.12007587253414,-12.505843119567528,3.6365452706120367,-0.01263526599970767,0.0,1.0,1.0,191.56752655538696,191.9742033383915,1.0,1.0,1.5022761760242793,1.813839150227619,0.0,1.2154779969650986,0.9787556904400607,0.0,6817.550834597876,0.0,0.0,15.0,0.0,20.0,218.1927162367223,30.0,478.87860394537176,10.0,0.0,0.0,0.0
431,0.2668502688313049,0.2898744807474289,0.24749917481299227,0.2761739903434163,0.9728612802540738,0.9728483783567957,333.0,324.0,3.1978978978978967,4.357510288065841,0.0,0.0,3.2015515515515514,4.360082304526749,3.7728817858954846,1.6,1.6,618.2867200000001,610.67456,213.74299999999994,239.55209999999988,-95.45627999999988,-128.87753999999984,-121077.42525999993,-146938.01380000002,-12.516077727042111,-12.76767753173704,3.769761542364283,0.028484456049795423,0.0,1.0,1.0,194.77321156773212,195.21004566210047,1.0,1.0,1.4931506849315068,1.8705651141552497,0.0,1.126331811263318,0.9041095890410958,0.0,7005.176560121766,0.0,0.0,15.0,0.0,20.0,226.18569254185692,30.0,496.60426179604264,10.0,0.0,0.0,0.0
432,0.2668588844669139,0.2897102257323336,0.24714933164944275,0.27535713286748426,0.97293287750063,0.9729199858640363,332.0,324.0,4.118574297188755,4.059722222222227,0.0,0.0,4.123242971887549,4.062088477366255,4.093038617886179,1.6,1.6,611.30816,596.0720000000001,241.43119999999993,215.3489999999999,-130.1230399999999,-119.27699999999979,-121207.54829999994,-147057.29080000002,-12.462364024390254,-12.60530178890692,4.089507113821137,0.0035965309196286546,0.0,1.0,1.0,193.672256097561,194.09756097560975,1.0,1.0,1.4939024390243902,1.8405185365853682,0.0,1.1341463414634145,0.9390243902439024,0.0,6831.454268292683,0.0,0.0,15.0,0.0,20.0,245.3704268292683,30.0,487.1905487804878,10.0,0.0,0.0,0.0
433,0.2669352404307488,0.28958052580637683,0.2470555254734883,0.2751863291502043,0.9730050198988763,0.9729916912909956,335.0,330.0,3.566616915422886,3.953888888888889,0.0,0.0,3.5700497512437805,3.954444444444444,3.7608020050125317,1.6,1.6,607.83648,618.3548800000001,190.70999999999984,155.29099999999988,-82.87351999999979,-36.93611999999979,-121290.42181999993,-147094.22692000002,-12.35055659147871,-12.541716848206029,3.7587969924812015,0.005594486213104089,0.0,1.0,1.0,193.97142857142856,194.39398496240602,1.0,1.0,1.4962406015037595,1.8438967819548873,0.0,1.1804511278195489,1.0481203007518798,0.0,6710.523308270676,0.0,0.0,15.0,0.0,20.0,225.52781954887217,30.0,488.2661654135338,10.0,0.0,0.0,0.0
434,0.26709685930519567,0.2895841658519748,0.24613982810308044,0.2742036062603881,0.9730776461371153,0.9730647048625564,331.0,330.0,3.6844410876132927,3.6633838383838406,0.0,0.0,3.688922457200404,3.6658585858585866,3.6774079677256686,1.6,1.6,608.50208,603.9936,213.69579999999985,276.22089999999986,-105.19371999999987,-172.22729999999984,-121395.61553999993,-147266.45422,-12.25883267776097,-12.623010591350345,3.6739283913262706,-0.00996295998083157,0.0,1.0,1.0,195.04387291981845,195.48260211800303,1.0,1.0,1.4992435703479576,1.8343353706505299,0.0,1.1573373676248109,1.0347957639939485,0.0,6910.28895612708,0.0,0.0,15.0,0.0,20.0,220.4357034795764,30.0,485.2753403933434,10.0,0.0,0.0,0.0
435,0.26706587392879405,0.2894611085908792,0.24542286733577878,0.2733066405698626,0.9731490689071631,0.9731361575777019,304.0,339.0,3.8677083333333346,3.9846607669616545,0.0,0.0,3.8677083333333333,3.987463126843658,3.9308449974079838,1.6,1.6,559.6851200000001,635.25056,368.7505999999999,186.80529999999987,-309.0654799999998,-51.554739999999924,-121704.68101999993,-147318.00896,-12.50623390357698,-12.753013866973093,3.929367547952306,0.008511146088899732,0.0,1.0,1.0,198.11508553654744,198.5629860031104,1.0,1.0,1.5272161741835149,1.8583758631415257,0.0,0.9051321928460342,1.0948678071539657,0.0,6873.52099533437,0.0,0.0,15.0,0.0,20.0,235.76205287713842,30.0,492.7822706065319,10.0,0.0,0.0,0.0
436,0.2671197361562472,0.2894558360938111,0.2451747731141818,0.2727420366691097,0.9732204872858544,0.9732088020038787,328.0,326.0,4.145477642276425,3.5514314928425335,0.0,0.0,4.146341463414635,3.55521472392638,3.851681957186545,1.6,1.6,595.416,603.1363200000001,171.92709999999994,296.23379999999986,-76.51109999999989,-193.0974799999998,-121781.19211999993,-147511.10644,-12.318819979612627,-12.590938329713863,3.8493628950050964,0.006362652658858418,0.0,1.0,1.0,196.97706422018348,197.39449541284404,1.0,1.0,1.4984709480122325,1.832648807339451,0.0,1.172782874617737,0.8853211009174312,0.0,6932.590214067278,0.0,0.0,15.0,0.0,20.0,230.9617737003058,30.0,484.7492354740061,10.0,0.0,0.0,0.0
437,0.26727095966813524,0.2892867861958914,0.24502021307295,0.2723828345255411,0.9732895936974665,0.9732809066210774,323.0,331.0,4.120123839009287,3.9195871097683774,0.0,0.0,4.124561403508772,3.9236153071500515,4.022859327217126,1.6,1.6,606.5360000000001,599.08864,226.85109999999992,266.93689999999987,-120.31509999999986,-167.8482599999998,-121901.50721999994,-147678.9547,-12.451824464831812,-12.649135847207239,4.018628950050964,0.013333293780243383,0.0,1.0,1.0,199.4051987767584,199.84556574923548,1.0,1.0,1.5061162079510704,1.843462752293578,0.0,1.0764525993883791,0.9296636085626911,0.0,6840.246177370031,0.0,0.0,15.0,0.0,20.0,241.1177370030581,30.0,488.1177370030581,10.0,0.0,0.0,0.0
438,0.26723479518488935,0.28919288725993453,0.24532079192821948,0.2724464472212501,0.9733602948692672,0.973347614469041,354.0,305.0,4.157109227871936,3.608579234972677,0.0,0.0,4.158239171374765,3.611366120218579,3.9051340414769844,1.6,1.6,650.344,564.77664,136.04749999999996,346.1021999999999,14.296500000000094,-281.3255599999999,-121887.21071999994,-147960.28026,-12.408264845725844,-12.524184166355296,3.903237228123421,0.0496243659414922,0.0,1.0,1.0,195.44461305007587,195.89833080424887,1.0,1.0,1.4628224582701062,1.8438856449165404,0.0,1.330804248861912,0.9772382397572079,0.0,6921.804248861912,0.0,0.0,15.0,0.0,20.0,234.19423368740516,30.0,488.2625189681335,10.0,0.0,0.0,0.0
439,0.2673118258256136,0.2889067640109364,0.2457189146954652,0.2727889610692929,0.9734317428433404,0.9734171851965381,338.0,321.0,3.60971400394477,4.154932502596055,0.0,0.027206645898234686,3.611883629191321,4.129802699896158,3.8641628730399593,1.6,1.6,628.51808,601.3219200000001,306.4800999999999,179.20039999999995,-177.96201999999982,-77.87847999999985,-122065.17273999995,-148038.15874,-12.532073849266558,-12.683360212818132,3.8752908447142147,0.021513185246230127,0.0,1.0,1.0,197.20940819423367,197.62215477996966,1.0,1.0,1.487101669195751,1.8662215477996988,0.013252402630247852,1.3095599393019728,0.9742033383915023,0.0,6875.743550834598,0.795144157814871,0.0,14.872534142640363,0.0,20.0,231.72230652503794,30.0,495.25493171471925,10.0,0.0,0.0,0.0
440,0.2673893579792032,0.288809824685995,0.24571783081548318,0.27260015561935136,0.9735015498302168,0.9734863914168729,338.0,319.0,3.672633136094675,3.974660397074189,0.0,0.0,3.6759861932938853,3.9767502612330197,3.8220192795535257,1.6,1.6,620.9545600000001,586.38688,266.3234999999999,229.72509999999994,-145.36893999999978,-143.33821999999992,-122210.54167999995,-148181.49696000002,-12.33706829020802,-12.622436095447439,3.8192795535261257,0.00340546427013853,0.0,1.0,1.0,198.99086757990867,199.40639269406392,1.0,1.0,1.4855403348554033,1.8376582039573839,0.0,1.1461187214611872,0.8858447488584474,0.0,6822.6240487062405,0.0,0.0,15.0,0.0,20.0,229.15677321156772,30.0,486.31963470319636,10.0,0.0,0.0,0.0
441,0.26751348383400797,0.2887146443778763,0.24595800497700426,0.2728010333311619,0.9735693186184303,0.9735550230893897,325.0,328.0,3.738666666666663,4.139481707317074,0.0,0.0,3.744923076923077,4.141666666666667,3.9442062276671765,1.6,1.6,603.81568,605.6518400000001,254.8785999999999,195.36519999999996,-151.06291999999985,-89.71335999999985,-122361.60459999995,-148271.21032,-12.4730540071465,-12.672658782556333,3.9399948953547725,0.0089552486784618,0.0,1.0,1.0,199.91577335375192,200.33843797856048,1.0,1.0,1.5022970903522206,1.8521707810107206,0.0,1.125574272588055,1.0245022970903521,0.0,6774.343032159265,0.0,0.0,15.0,0.0,20.0,236.39969372128638,30.0,490.8606431852986,10.0,0.0,0.0,0.0
442,0.2676010304923692,0.28874980433675435,0.24632929081876972,0.27289640280093563,0.9736367771772138,0.9736212243327859,343.0,333.0,3.7628279883381968,3.6945945945945926,0.0032555879494655005,0.0,3.761613216715258,3.6962462462462455,3.7294132149901373,1.6,1.6,633.7168,626.36,150.10649999999993,206.19139999999993,-16.38969999999989,-79.83139999999992,-122377.99429999995,-148351.04172,-12.460321499013785,-12.716938913920451,3.72921597633136,0.006824597501692465,0.0,1.0,1.0,199.75295857988166,200.1671597633136,1.0,1.0,1.492603550295858,1.8640189349112437,0.0016518737672583826,1.198224852071006,1.0961538461538463,0.0,7024.057692307692,0.09911242603550297,0.0,14.93639053254438,0.0,20.0,223.65384615384616,30.0,494.5621301775148,10.0,0.0,0.0,0.0
443,0.26747557916511655,0.288406449668746,0.24613879696177277,0.27233284436817917,0.9737044710962754,0.9736861396548024,344.0,334.0,4.047722868217051,4.178692614770458,0.0,0.0,4.0505813953488365,4.181986027944111,4.1153146509341205,1.6,1.6,655.93568,634.7638400000001,233.9022999999999,212.8201999999999,-77.96661999999986,-78.05635999999981,-122455.96091999995,-148429.09808,-12.853128220255648,-12.718534801119695,4.112241887905607,0.04042779531914444,0.0,1.0,1.0,196.3598820058997,196.79498525073745,1.0,1.0,1.4926253687315634,1.9036866076696164,0.0,1.4292035398230087,1.1371681415929205,0.0,6929.150442477876,0.0,0.0,15.0,0.0,20.0,246.73451327433628,30.0,506.9395280235988,10.0,0.0,0.0,0.0
444,0.2675970601771653,0.28831894782155804,0.24733283573068818,0.2730994472006317,0.9737714404804132,0.9737547913873859,302.0,344.0,3.1593818984547477,4.036046511627907,0.0,0.0,3.161203090507726,4.037742248062016,3.6279669762641897,1.6,1.6,551.5270399999999,625.1638399999999,371.4252999999998,176.6846999999999,-319.8982599999999,-51.52085999999997,-122775.85917999996,-148480.61894,-12.162215273477802,-12.596643772172062,3.626212590299278,0.002535411156079836,0.0,1.0,1.0,208.28018575851394,208.70278637770897,1.0,1.0,1.5325077399380804,1.821502910216719,0.0,0.8993808049535603,1.0820433436532508,0.0,6831.939628482972,0.0,0.0,15.0,0.0,20.0,217.57275541795664,30.0,481.2647058823529,10.0,0.0,0.0,0.0
445,0.26748862265109075,0.2883950361806793,0.2474513773893733,0.2730954414200475,0.9738364673190796,0.9738229837354851,317.0,317.0,4.036540483701362,3.7665615141955824,0.0,0.0,4.0388012618296525,3.768401682439537,3.903601472134595,1.6,1.6,585.6560000000001,576.05632,161.5388999999999,354.6354999999999,-75.88289999999984,-278.5791799999999,-122851.74207999995,-148759.19812,-12.337946792849646,-12.658926934328946,3.9015509989484753,-0.005847909641753379,0.0,1.0,1.0,205.13249211356467,205.5788643533123,1.0,1.0,1.5,1.8323538170347011,0.0,0.9589905362776026,1.1482649842271293,0.0,6806.13880126183,0.0,0.0,15.0,0.0,20.0,234.09305993690853,30.0,484.66719242902207,10.0,0.0,0.0,0.0
446,0.267427557024935,0.28811999152795065,0.24759374928487435,0.2730704645172267,0.9739032405451111,0.973891742553516,337.0,324.0,3.8833827893175097,4.521862139917689,0.0,0.0,3.8857566765578637,4.52253086419753,4.197881996974281,1.6,1.6,625.5110400000001,602.33952,161.80129999999994,221.51949999999994,-36.29025999999985,-119.17997999999994,-122888.03233999995,-148878.37809999997,-12.608153504790723,-12.703165375436454,4.196343923348462,0.056292574328149894,0.0,1.0,1.0,204.94704992435703,205.35400907715584,1.0,1.0,1.4901664145234492,1.8575651437216323,0.0,0.9697428139183056,1.0937972768532527,0.0,6889.963691376702,0.0,0.0,15.0,0.0,20.0,251.78063540090773,30.0,492.5370650529501,10.0,0.0,0.0,0.0
447,0.26742181494767325,0.28798458911951197,0.24818710432684604,0.27321169123221134,0.9739733502080995,0.973956053194736,321.0,325.0,3.724350986500523,4.284410256410254,0.0,0.0,3.725649013499481,4.285897435897436,4.00750773993808,1.6,1.6,584.96992,614.8899200000001,325.9597999999999,197.45899999999986,-240.9898799999999,-82.56907999999979,-123129.02221999994,-148960.94717999996,-12.53086047471619,-12.760589905306217,4.006114551083593,0.01485934513520946,0.0,1.0,1.0,206.0247678018576,206.45510835913313,1.0,1.0,1.5030959752321982,1.857368173374613,0.0,1.0603715170278638,1.0588235294117647,0.0,6767.156346749226,0.0,0.0,15.0,0.0,20.0,240.36687306501548,30.0,492.4721362229102,10.0,0.0,0.0,0.0
448,0.26752247322479555,0.2877963253547601,0.24803462524061345,0.27289684963233973,0.9740384029360785,0.9740234971766191,351.0,305.0,3.8112060778727432,3.945901639344265,0.0,0.0,3.8173789173789165,3.9474316939890706,3.8778455284552846,1.6,1.6,635.16768,566.4153600000001,184.03509999999994,344.4619999999999,-48.867419999999925,-278.0466399999998,-123177.88963999994,-149238.99381999995,-12.32279247967481,-12.497001637359507,3.8738313008130065,0.014291435493589915,0.0,1.0,1.0,202.8841463414634,203.2987804878049,1.0,1.0,1.4649390243902438,1.8316814634146352,0.0,1.3429878048780488,0.9542682926829268,0.0,6965.713414634146,0.0,0.0,15.0,0.0,20.0,232.4298780487805,30.0,484.4557926829268,10.0,0.0,0.0,0.0
449,0.26768028526594506,0.28757646780243856,0.2482656501416389,0.2729568664054025,0.9741054045430041,0.9740887322744853,340.0,326.0,3.6536274509803937,4.674182004089979,0.0,0.0,3.656617647058824,4.676635991820041,4.155905905905905,1.6,1.6,635.4387200000001,600.75296,300.0750999999999,203.09159999999986,-164.6363799999998,-102.33863999999983,-123342.52601999993,-149341.33245999995,-12.582324924924928,-12.593954042144913,4.15317817817818,0.0410504745218244,0.0,1.0,1.0,204.46846846846847,204.8903903903904,1.0,1.0,1.4894894894894894,1.8561436636636646,0.0,1.1846846846846846,1.0465465465465464,0.0,6827.058558558559,0.0,0.0,15.0,0.0,20.0,249.1906906906907,30.0,492.1006006006006,10.0,0.0,0.0,0.0
450,0.26771553892260563,0.28756952743914277,0.24840701035979995,0.2727687879024863,0.9741707403731212,0.9741540721002823,343.0,321.0,3.929348882410107,3.688940809968845,0.0,0.0,3.932944606413994,3.6918483904465216,3.8163905622489955,1.6,1.6,645.0342400000001,575.4473600000001,176.3756999999999,317.08059999999995,-31.34145999999984,-241.63323999999983,-123373.86747999993,-149582.96569999994,-12.337090361445789,-12.48405964164367,3.813127510040158,0.03514677681392742,0.0,1.0,1.0,201.39457831325302,201.81626506024097,1.0,1.0,1.483433734939759,1.8380746987951815,0.0,1.4096385542168675,0.9879518072289156,0.0,6835.112951807229,0.0,0.0,15.0,0.0,20.0,228.78765060240963,30.0,486.43975903614455,10.0,0.0,0.0,0.0
451,0.26775059545990937,0.2874942533774507,0.24933315508248932,0.2736832767078418,0.9742366665589323,0.9742195637927606,335.0,314.0,3.768358208955227,3.777919320594479,0.0,0.000583864118895966,3.771741293532339,3.782059447983014,3.776733436055469,1.6,1.6,624.98496,583.7411200000001,306.90749999999997,219.50119999999998,-181.92253999999997,-135.76007999999985,-123555.79001999993,-149718.72577999995,-12.468315973292235,-12.579271162764456,3.7729840780688213,0.04340200840908344,0.0,1.0,1.0,203.1386748844376,203.5808936825886,1.0,1.0,1.4838212634822805,1.8624438828967638,0.00028248587570621464,1.3543913713405238,0.9892141756548536,0.0,6892.130970724191,0.01694915254237288,0.0,14.983050847457626,0.0,20.0,226.36209553158704,30.0,494.0708782742681,10.0,0.0,0.0,0.0
452,0.267861660113345,0.2872142103704217,0.24963890284249302,0.2737867676791907,0.9743017782852245,0.974286220549056,319.0,342.0,3.5703761755485903,4.14025341130604,0.0,0.0,3.572361546499477,4.1421539961013645,3.867170953101361,1.6,1.6,590.0246400000001,642.34464,287.4180999999999,118.72519999999997,-197.39345999999983,23.619440000000054,-123753.18347999993,-149695.10633999994,-12.516994049420072,-12.679275205102801,3.865229450327782,0.004544187837251319,0.0,1.0,1.0,206.60968229954614,207.05295007564297,1.0,1.0,1.5173978819969742,1.864401331316188,0.0,1.172465960665658,1.1149773071104387,0.0,6804.676248108926,0.0,0.0,15.0,0.0,20.0,231.91376701966718,30.0,494.66868381240545,10.0,0.0,0.0,0.0
453,0.2677790993662438,0.287221582851305,0.24985844190198994,0.27393547537804147,0.974368145599458,0.9743512124845071,345.0,329.0,4.652753623188408,3.3024316109422505,0.016908212560386476,0.0,4.637584541062802,3.305065856129686,3.9871414441147373,1.6,1.6,635.35424,608.4457600000001,154.89769999999987,236.57649999999987,-19.543459999999868,-128.1307399999998,-123772.72693999993,-149823.23707999993,-12.453585558852616,-12.564396110027202,3.9936201780415392,0.014465752763571278,0.0,1.0,1.0,203.5979228486647,204.040059347181,1.0,1.0,1.4881305637982196,1.84540059347181,0.008654797230464887,1.2121661721068249,1.21513353115727,0.0,6957.888724035608,0.5192878338278932,0.0,14.876854599406528,0.0,20.0,239.0979228486647,30.0,488.74035608308606,10.0,0.0,0.0,0.0
454,0.26777660667222275,0.2869338535120812,0.24963067524132743,0.27355010479413117,0.9744322757522599,0.9744155415559391,338.0,360.0,3.483777120315583,4.263333333333334,0.0,0.0,3.484861932938856,4.2666203703703705,3.8880611270296077,1.6,1.6,614.24608,687.3491200000001,322.5884999999999,102.3669999999999,-208.3424199999999,84.98212000000018,-123981.06935999994,-149738.25495999993,-12.527358166189114,-12.628909711963704,3.885840496657115,0.017031913562166476,0.0,1.0,1.0,203.31661891117477,203.74212034383953,1.0,1.0,1.515759312320917,1.864749570200573,0.0,1.0902578796561604,1.2521489971346704,0.0,6962.190544412608,0.0,0.0,15.0,0.0,20.0,233.15042979942695,30.0,494.7822349570201,10.0,0.0,0.0,0.0
455,0.26767644081798264,0.28695913290195124,0.25012795369150004,0.27337662578473404,0.9744977584273827,0.9744786946998826,353.0,302.0,4.042634560906516,2.991390728476821,0.0,0.0,4.044711992445704,2.994867549668874,3.560661577608143,1.6,1.6,651.11072,566.70688,210.94829999999993,439.73679999999985,-59.83757999999992,-373.0299199999999,-124040.90693999994,-150111.28487999993,-12.363055470737919,-12.731290963931734,3.557938931297706,0.018386051294363406,0.0,1.0,1.0,213.52519083969466,213.94961832061068,1.0,1.0,1.4610687022900763,1.8592635114503826,0.0,1.1725190839694657,0.9984732824427481,0.0,6820.193893129771,0.0,0.0,15.0,0.0,20.0,213.4763358778626,30.0,493.0687022900763,10.0,0.0,0.0,0.0
456,0.2679247146649344,0.2868936383855837,0.2505715159158936,0.27341389993259585,0.9745605787276842,0.974543970019769,318.0,336.0,3.0955974842767326,4.489037698412702,0.0,0.000496031746031746,3.0996331236897277,4.489335317460318,3.8136085626911314,1.6,1.6,585.5424,620.7510400000001,337.8620999999998,110.03489999999994,-252.31969999999978,10.716140000000166,-124293.22663999994,-150100.56873999993,-12.375219979612657,-12.609880625948161,3.811493374108053,0.030775216080510398,0.0,1.0,1.0,212.16819571865443,212.57798165137615,1.0,1.0,1.5137614678899083,1.8444853822629974,0.000254841997961264,0.9525993883792049,1.2798165137614679,0.0,7039.857798165138,0.01529051987767584,0.0,14.984709480122325,0.0,20.0,228.6743119266055,30.0,488.45871559633025,10.0,0.0,0.0,0.0
457,0.26805956752164783,0.2869307027119946,0.2497373428292676,0.2725630301517277,0.9746258780154731,0.9746061714932699,330.0,320.0,3.8036363636363637,3.099322916666666,0.0,0.0,3.8062626262626265,3.100364583333333,3.45874358974359,1.6,1.6,599.90272,595.4060800000001,206.82329999999993,252.0161999999999,-106.92057999999989,-156.61011999999982,-124400.14721999994,-150257.17885999993,-12.199806153846161,-12.67586350139064,3.4568974358974383,-0.016488244618046412,0.0,1.0,1.0,213.56153846153848,214.01076923076923,1.0,1.0,1.4923076923076923,1.8389366153846172,0.0,1.1384615384615384,0.943076923076923,0.0,6840.784615384616,0.0,0.0,15.0,0.0,20.0,207.41384615384615,30.0,486.70923076923077,10.0,0.0,0.0,0.0
458,0.26818912167077974,0.286914987490164,0.24903041169759166,0.2715665202353142,0.9746870049033041,0.9746692519076238,310.0,333.0,3.168010752688174,4.088238238238237,0.0,0.0,3.171935483870968,4.089789789789789,3.6472783825816486,1.6,1.6,564.38656,618.99936,321.4293999999999,212.60189999999994,-257.04283999999984,-93.60253999999992,-124657.19005999994,-150350.78139999992,-12.283783722135814,-12.651103780521117,3.6445826853291825,-0.011305903816939501,0.0,1.0,1.0,212.6796267496112,213.10886469673406,1.0,1.0,1.5178849144634525,1.840413561430793,0.0,1.1337480559875583,1.0233281493001556,0.0,6904.412130637636,0.0,0.0,15.0,0.0,20.0,218.67496111975117,30.0,487.1648522550544,10.0,0.0,0.0,0.0
459,0.2681746377454962,0.28677676991578527,0.2502894110290699,0.2726009258791484,0.9747516328242003,0.9747323790784581,335.0,338.0,4.189502487562191,3.9535996055226796,0.0,0.004437869822485207,4.194577114427861,3.9515285996055227,4.0725111441307575,1.6,1.6,597.55808,626.58752,183.54649999999992,212.03359999999995,-85.9884199999999,-85.44607999999991,-124743.17847999993,-150436.2274799999,-12.324677563150084,-12.451512661551908,4.071025260029721,0.008355203395467633,0.0,1.0,1.0,210.68053491827638,211.09212481426448,1.0,1.0,1.5022288261515602,1.8189384843982173,0.002228826151560178,1.1827637444279346,1.1530460624071321,0.0,6845.45765230312,0.1337295690936107,0.0,14.921248142644874,0.0,20.0,244.12778603268944,30.0,480.47251114413075,10.0,0.0,0.0,0.0
460,0.2682263518296962,0.28676007072794085,0.2500680458022308,0.2725894325187493,0.9748119767952305,0.9747929384166931,337.0,330.0,3.949901088031654,4.061868686868686,0.0,0.0,3.9505440158259146,4.0634848484848485,4.006421789105447,1.6,1.6,613.5600000000002,609.04576,260.89199999999994,313.1459999999999,-147.33199999999977,-204.10023999999993,-124890.51047999992,-150640.3277199999,-12.383236581709154,-12.53949907446748,4.005297351324335,0.005636766179629001,0.0,1.0,1.0,210.41979010494754,210.86506746626688,1.0,1.0,1.4947526236881559,1.8329921439280359,0.0,1.2578710644677662,1.1124437781109446,0.0,6935.937031484258,0.0,0.0,15.0,0.0,20.0,240.31784107946027,30.0,484.8470764617691,10.0,0.0,0.0,0.0
461,0.2683537056410313,0.28676275517517325,0.2496321473257813,0.27166601695977965,0.9748738012052534,0.9748567985130204,333.0,335.0,3.5687187187187197,3.577164179104478,0.0,0.0,3.5728728728728725,3.577910447761193,3.575399201596806,1.6,1.6,608.64832,617.416,285.0062999999999,248.12509999999986,-176.35797999999988,-130.7090999999998,-125066.86845999993,-150771.03681999992,-12.225012375249502,-12.53947085241246,3.5729540918163663,0.023059999934084786,0.0,1.0,1.0,212.9251497005988,213.34281437125748,1.0,1.0,1.501497005988024,1.8354256287425152,0.0,1.2005988023952097,0.9865269461077845,0.0,6803.87125748503,0.0,0.0,15.0,0.0,20.0,214.37724550898204,30.0,485.61077844311376,10.0,0.0,0.0,0.0
462,0.26842499289378347,0.286756941150047,0.24907645246682408,0.271002186452386,0.9749381472726066,0.9749198862231389,334.0,323.0,3.796007984031938,3.607017543859647,0.0,0.0,3.7988023952095804,3.6079463364293085,3.7049720953830545,1.6,1.6,629.11904,599.20992,289.95329999999996,248.52089999999993,-160.83425999999992,-149.31097999999992,-125227.70271999993,-150920.34779999993,-12.483548655504817,-12.75392691712292,3.7030948756976154,-0.003963928240014306,0.0,1.0,1.0,215.86605783866057,216.30289193302892,1.0,1.0,1.491628614916286,1.869602678843227,0.0,1.2465753424657535,0.9878234398782344,0.0,6632.004566210046,0.0,0.0,15.0,0.0,20.0,222.18569254185692,30.0,496.28919330289193,10.0,0.0,0.0,0.0
463,0.26846528771851724,0.2867787202775052,0.24894219304999524,0.27050930791265104,0.9749997208847918,0.9749798916187293,325.0,314.0,3.764974358974361,3.33720806794055,0.0,0.0,3.7682564102564102,3.3405520169851375,3.5580855503390714,1.6,1.6,603.4457600000001,578.47328,245.87669999999986,238.26389999999992,-142.4309399999998,-159.79061999999988,-125370.13365999993,-151080.13841999994,-12.303623161189366,-12.651521206129646,3.5547730829421,0.00789554012963607,0.0,1.0,1.0,217.99217527386543,218.414710485133,1.0,1.0,1.4913928012519562,1.8496385602503926,0.0,1.165884194053208,0.9937402190923318,0.0,6749.572769953052,0.0,0.0,15.0,0.0,20.0,213.28638497652582,30.0,490.056338028169,10.0,0.0,0.0,0.0
464,0.26836474502967866,0.2867213316786215,0.24848239334790972,0.26984093671559267,0.9750614778334347,0.9750416637972735,347.0,332.0,3.9440441882804973,4.321234939759038,0.0,0.0,3.944620557156581,4.32289156626506,4.129577810505646,1.6,1.6,667.1635200000001,626.38176,161.40999999999994,93.76039999999996,5.7535200000001225,32.621360000000024,-125364.38013999994,-151047.51705999995,-12.868060481099663,-12.807829811279769,4.128473244968092,0.03985276224710502,0.0,1.0,1.0,213.14138438880707,213.57290132547865,1.0,1.0,1.4889543446244478,1.9050740500736365,0.0,1.2871870397643594,1.2665684830633284,0.0,6933.525773195876,0.0,0.0,15.0,0.0,20.0,247.7083946980854,30.0,507.3902798232695,10.0,0.0,0.0,0.0
465,0.26850769054595447,0.2867499029220211,0.24937369038307194,0.2709253943188611,0.9751204151252509,0.9751022105937213,342.0,303.0,3.695906432748542,3.8927392739273965,0.0,0.0,3.698099415204678,3.8948294829482943,3.790516795865634,1.6,1.6,629.58176,558.4780800000001,303.8826999999999,369.8578999999999,-174.30093999999985,-311.3798199999998,-125538.68107999994,-151358.89687999996,-12.350655090439266,-12.638153891521057,3.7883720930232525,0.025565997736675,0.0,1.0,1.0,219.90232558139536,220.33023255813953,1.0,1.0,1.4697674418604652,1.8419532403100767,0.0,1.178294573643411,0.9302325581395349,0.0,6956.686821705426,0.0,0.0,15.0,0.0,20.0,227.30232558139534,30.0,487.662015503876,10.0,0.0,0.0,0.0
466,0.2685862610984601,0.2865917582574131,0.2508423131024122,0.2724526767032369,0.9751818925507932,0.9751623931267803,317.0,327.0,3.3722923238696123,4.390723751274208,0.0,0.016972477064220184,3.375552050473186,4.377420998980632,3.8842650103519665,1.6,1.6,568.2803200000001,620.6364800000001,368.1720999999999,131.84089999999995,-299.8917799999998,-11.204419999999828,-125838.57285999994,-151370.10129999995,-12.416377846790889,-12.576064510470209,3.889415113871634,0.04412968630245158,0.0,1.0,1.0,220.29192546583852,220.73291925465838,1.0,1.0,1.5077639751552796,1.846144099378882,0.008618012422360249,1.0838509316770186,0.9953416149068323,0.0,7215.361801242236,0.5170807453416149,0.0,14.883540372670808,0.0,20.0,232.84782608695653,30.0,488.9673913043478,10.0,0.0,0.0,0.0
467,0.2684663985620093,0.28643833350121367,0.2511678456837157,0.2731797337585468,0.9752427982895192,0.975223855716772,358.0,310.0,4.517504655493481,3.9216129032258094,0.0,0.0,4.519040968342645,3.9233870967741944,4.242614770459082,1.6,1.6,659.7097600000001,573.88256,93.80189999999989,348.6875999999999,65.90786000000018,-274.8050399999999,-125772.66499999994,-151644.90633999996,-12.560356686626726,-12.62146433724821,4.240968063872254,0.012801665101249473,0.0,1.0,1.0,219.60928143712576,220.02694610778443,1.0,1.0,1.464071856287425,1.84669508982036,0.0,1.2305389221556886,1.0089820359281436,0.0,6650.426646706587,0.0,0.0,15.0,0.0,20.0,254.45808383233532,30.0,489.14820359281435,10.0,0.0,0.0,0.0
468,0.2686021899941673,0.28637544821804295,0.25203853884517163,0.2737072357567976,0.9753035353673005,0.97528485662556,329.0,317.0,3.318287740628166,3.6695057833859095,0.0,0.0,3.3254305977710237,3.670031545741325,3.49453044375645,1.6,1.6,622.5152,577.75872,299.8278999999999,268.84239999999994,-177.31269999999984,-191.0836799999999,-125949.97769999993,-151835.99001999997,-12.328559752321988,-12.753451154534075,3.4906346749226005,-0.02198448509783202,0.0,1.0,1.0,221.6455108359133,222.08513931888544,1.0,1.0,1.4907120743034055,1.8580091640866885,0.0,1.0727554179566563,1.0402476780185759,0.0,6900.80959752322,0.0,0.0,15.0,0.0,20.0,209.43808049535605,30.0,492.6780185758514,10.0,0.0,0.0,0.0
469,0.26860798313415607,0.2862780168559518,0.25228944355835786,0.2736343558081206,0.9753629908964943,0.9753442120800437,347.0,307.0,3.929346781940438,3.7047774158523334,0.0,0.0,3.9321805955811726,3.7084690553745934,3.8271661569826714,1.6,1.6,638.5648000000001,571.4316800000001,178.8273999999999,241.6268999999999,-40.26259999999979,-170.19521999999975,-125990.24029999993,-152006.18523999996,-12.41437166156983,-12.591895760115762,3.8239296636085682,0.01563870258135603,0.0,1.0,1.0,217.15443425076452,217.59633027522935,1.0,1.0,1.4694189602446484,1.8501475229357804,0.0,1.2920489296636086,1.154434250764526,0.0,6851.244648318043,0.0,0.0,15.0,0.0,20.0,229.43577981651376,30.0,490.21865443425077,10.0,0.0,0.0,0.0
470,0.26862408962515927,0.28620003261010457,0.25151320784537856,0.2726760750771706,0.9754207715478904,0.9754029022888048,336.0,321.0,4.041914682539681,4.220145379023886,0.0,0.02928348909657321,4.045188492063493,4.192263759086189,4.117047184170471,1.6,1.6,618.3190400000001,592.3958400000001,340.05519999999984,191.63429999999997,-221.73615999999976,-99.23845999999983,-126211.97645999993,-152105.42369999996,-12.491990461694568,-12.55057864080131,4.128995433789953,0.04670630552143506,0.0,1.0,1.0,220.10045662100455,220.5129375951294,1.0,1.0,1.4885844748858448,1.8427928158295301,0.014307458143074582,1.2283105022831051,0.9817351598173516,0.0,6792.1202435312025,0.8584474885844748,0.0,14.873668188736682,0.0,20.0,246.88127853881278,30.0,487.92846270928464,10.0,0.0,0.0,0.0
471,0.2686653253469121,0.2860185781938364,0.2512900083901421,0.27235737766990376,0.9754813146180457,0.9754618212749485,347.0,319.0,4.042315081652253,3.9292580982236114,0.0,0.0,4.042699327569645,3.93030303030303,3.9888638638638634,1.6,1.6,625.56032,589.46496,240.4019999999999,242.2469999999999,-114.84167999999985,-152.78203999999988,-126326.81813999993,-152258.20573999995,-12.324283883883894,-12.543868607712387,3.9881631631631635,0.014896043633904687,0.0,1.0,1.0,222.66666666666666,223.10060060060061,1.0,1.0,1.478978978978979,1.8243622822822831,0.0,1.1711711711711712,1.0510510510510511,0.0,6828.045045045045,0.0,0.0,15.0,0.0,20.0,239.28978978978978,30.0,482.1621621621622,10.0,0.0,0.0,0.0
472,0.2687356545682707,0.2860553639721216,0.25068252471540425,0.27173992305155203,0.9755403565349555,0.9755253002342127,345.0,307.0,3.695990338164251,3.5547774158523326,0.0,0.0,3.6983091787439615,3.556840390879479,3.6316973415132923,1.6,1.6,637.9737600000001,584.5980800000001,290.00579999999985,219.71189999999996,-152.03203999999977,-135.11381999999986,-126478.85017999994,-152393.31955999995,-12.487386298568516,-12.791024670259558,3.629498977505109,0.018260479127145336,0.0,1.0,1.0,225.22852760736197,225.6840490797546,1.0,1.0,1.4708588957055215,1.8751101840490798,0.0,1.1319018404907975,1.0245398773006136,0.0,6962.041411042945,0.0,0.0,15.0,0.0,20.0,217.76993865030676,30.0,498.01073619631904,10.0,0.0,0.0,0.0
473,0.268848762686133,0.2856679841954788,0.25020780338089504,0.27138906125030515,0.9755989461550217,0.9755842023854768,317.0,319.0,3.255257623554153,4.179571577847438,0.0,0.007836990595611285,3.256782334384858,4.17324973876698,3.716457023060796,1.6,1.6,590.8016,591.4275200000002,335.2692999999999,189.3850999999999,-244.46769999999987,-97.95757999999972,-126723.31787999993,-152491.27713999993,-12.424966876310263,-12.789736741299627,3.718867924528301,-0.012966068940210448,0.0,1.0,1.0,229.29245283018867,229.71698113207546,1.0,1.0,1.501572327044025,1.8588508176100635,0.003930817610062893,1.050314465408805,0.9764150943396226,0.0,6898.488993710692,0.2358490566037736,0.0,14.937106918238994,0.0,20.0,222.89622641509433,30.0,492.9496855345912,10.0,0.0,0.0,0.0
474,0.26891166097583563,0.2856223812263212,0.25053290171910925,0.2717976612455447,0.9756545491377755,0.9756425908601262,314.0,332.0,3.4109341825902377,4.19653614457831,0.0,0.0,3.4126326963906575,4.198443775100402,3.8164860681114554,1.6,1.6,576.62816,622.92544,230.81449999999987,209.91069999999993,-154.1863399999999,-86.98525999999995,-126877.50421999993,-152578.26239999992,-12.45139525283798,-12.658697183823266,3.814680082559333,0.013233944499692693,0.0,1.0,1.0,226.59442724458205,227.02941176470588,1.0,1.0,1.5139318885448916,1.8568941176470595,0.0,1.1037151702786379,1.1609907120743035,0.0,6713.797213622291,0.0,0.0,15.0,0.0,20.0,228.88080495356039,30.0,492.3157894736842,10.0,0.0,0.0,0.0
475,0.2688244338325094,0.28545955065054207,0.2511238590566581,0.2722151701232208,0.9757143689146671,0.9757012566569949,329.0,324.0,3.8571428571428577,3.843621399176954,0.0,0.0,3.858156028368794,3.8452674897119343,3.851761102603369,1.6,1.6,600.3129600000001,604.9932800000001,154.96129999999994,239.02359999999993,-54.64833999999985,-134.0303199999998,-126932.15255999993,-152712.2927199999,-12.398705257784588,-12.646499842263157,3.85043389484431,0.006493531556020947,0.0,1.0,1.0,226.12557427258807,226.53598774885145,1.0,1.0,1.4961715160796325,1.845798223583463,0.0,1.111791730474732,0.8591117917304747,0.0,6909.777947932619,0.0,0.0,15.0,0.0,20.0,231.0260336906585,30.0,488.86217457886676,10.0,0.0,0.0,0.0
476,0.26885295922831626,0.28545897713453416,0.2513374897255655,0.27243235750705636,0.9757710494650965,0.9757612264932907,344.0,312.0,3.549612403100777,3.5068910256410253,0.0,0.0,3.5539728682170546,3.51025641025641,3.533180894308943,1.6,1.6,640.8496,569.7180800000001,153.26579999999984,266.9568,-12.416199999999833,-197.2387199999999,-126944.56875999994,-152909.5314399999,-12.267675406504047,-12.647971393048499,3.5292936991869954,-0.012981051486384707,0.0,1.0,1.0,222.14634146341464,222.60060975609755,1.0,1.0,1.475609756097561,1.8453775609756096,0.0,1.3140243902439024,0.8719512195121951,0.0,6873.789634146341,0.0,0.0,15.0,0.0,20.0,211.7576219512195,30.0,488.7210365853659,10.0,0.0,0.0,0.0
477,0.2689685456853293,0.28536818672702985,0.2512174301582451,0.2722322828798492,0.9758306573064883,0.9758180111162387,333.0,335.0,3.7063563563563537,4.006517412935321,0.0,0.0,3.7103603603603603,4.009452736318408,3.860354291417166,1.6,1.6,613.2182400000002,604.90624,317.30389999999994,169.75459999999987,-204.0856599999998,-64.84835999999984,-127148.65441999993,-152974.3797999999,-12.26681996007984,-12.583137393766105,3.856886227544915,-0.010150831579313437,0.0,1.0,1.0,225.36377245508982,225.79191616766468,1.0,1.0,1.501497005988024,1.8235396407185644,0.0,1.2380239520958083,0.9266467065868264,0.0,7061.779940119761,0.0,0.0,15.0,0.0,20.0,231.4131736526946,30.0,481.9101796407186,10.0,0.0,0.0,0.0
478,0.26897651599193306,0.2852278623455495,0.2505607279671838,0.27174558374054053,0.9758890174391165,0.9758752266830878,323.0,344.0,4.174148606811147,4.016715116279071,0.0,0.0,4.176625386996903,4.019670542635659,4.095677161419291,1.6,1.6,623.14304,627.2406400000001,244.7050999999999,202.62219999999985,-121.56205999999986,-75.38155999999975,-127270.21647999993,-153049.76135999992,-12.669937631184395,-12.706606350278532,4.092953523238381,0.06260960465632433,0.0,1.0,1.0,222.42128935532233,222.86506746626688,1.0,1.0,1.5157421289355322,1.8746382008995484,0.0,1.3523238380809595,1.0194902548725637,0.0,6977.833583208396,0.0,0.0,15.0,0.0,20.0,245.57721139430285,30.0,497.8695652173913,10.0,0.0,0.0,0.0
479,0.2689908600640999,0.28514548583258736,0.2500658398674329,0.270835226587909,0.9759452054061163,0.9759317795201173,334.0,305.0,4.008682634730538,3.4687431693989064,0.0,0.0,4.010828343313373,3.471038251366121,3.753182055294732,1.6,1.6,613.31456,554.41696,196.35209999999987,337.0424999999999,-83.03753999999984,-282.6255399999999,-127353.25401999993,-153332.38689999992,-12.248008763693274,-12.667595501544398,3.7509650495566005,-0.0201599732127742,0.0,1.0,1.0,229.08920187793427,229.50234741784038,1.0,1.0,1.4773082942097027,1.8274358685446013,0.0,1.057902973395931,0.9217527386541471,0.0,6899.953051643192,0.0,0.0,15.0,0.0,20.0,225.05790297339593,30.0,483.13302034428796,10.0,0.0,0.0,0.0
480,0.2690657945327219,0.2850479265005737,0.24883844486643386,0.26955501254424613,0.976002428172135,0.9759887781363916,330.0,321.0,3.7398484848484865,4.2277258566978215,0.0,0.0,3.7457575757575765,4.228193146417445,3.983640552995392,1.6,1.6,603.0044800000001,597.5126400000001,262.19489999999985,188.72149999999988,-159.1904199999998,-91.20885999999973,-127512.44443999993,-153423.59575999994,-12.440525755248336,-12.559721453925013,3.980414746543778,0.02350229140620973,0.0,1.0,1.0,226.21198156682027,226.65284178187403,1.0,1.0,1.4930875576036866,1.8441123195084503,0.0,1.0952380952380953,0.9984639016897081,0.0,6883.509984639017,0.0,0.0,15.0,0.0,20.0,238.82488479262673,30.0,488.3394777265745,10.0,0.0,0.0,0.0
481,0.2689444144923016,0.284897359284908,0.24887159623665053,0.26940260232852054,0.976058978358682,0.9760445288624006,335.0,316.0,4.176716417910451,3.8537447257383945,0.0001990049751243781,0.0,4.1796019900497505,3.8552215189873413,4.0221454173067075,1.6,1.6,635.21824,574.72256,230.9535999999999,249.5207999999999,-95.73535999999987,-174.79823999999985,-127608.17979999994,-153598.39399999994,-12.543769585253449,-12.730600476108496,4.019943676395289,0.0052515459419330964,0.0,1.0,1.0,228.01689708141322,228.4915514592934,1.0,1.0,1.4854070660522274,1.8585880184331798,0.00010240655401945725,1.1336405529953917,1.0030721966205838,0.0,6829.952380952381,0.006144393241167435,0.0,14.993855606758833,0.0,20.0,241.1904761904762,30.0,492.85560675883255,10.0,0.0,0.0,0.0
482,0.26876133835149185,0.28475780753612573,0.2500852788918988,0.2705474546738325,0.9761152623353411,0.9761002296581577,329.0,323.0,3.713627152988858,3.9758513931888504,0.0,0.0,3.714893617021277,3.979669762641899,3.8460633946830263,1.6,1.6,598.60064,597.0944000000001,267.6856999999999,212.52749999999992,-169.08505999999988,-115.43309999999985,-127777.26485999994,-153713.82709999994,-12.3239445807771,-12.62729032128826,3.8435327198364013,-0.00533161891333348,0.0,1.0,1.0,230.56288343558282,230.94631901840492,1.0,1.0,1.4953987730061349,1.8338880981595096,0.0,1.2300613496932515,0.9325153374233128,0.0,6883.3466257668715,0.0,0.0,15.0,0.0,20.0,230.61196319018404,30.0,485.1273006134969,10.0,0.0,0.0,0.0
483,0.26880858554724163,0.2845793624570926,0.2497151224191405,0.2700188117807399,0.976172517764722,0.9761563930055132,330.0,347.0,3.7534343434343422,4.227953890489915,0.0,0.0014889529298751202,3.756919191919193,4.228626320845341,3.998695224027572,1.6,1.6,612.9942400000001,646.9488000000001,225.78979999999993,190.72209999999995,-112.79555999999982,-43.773299999999836,-127890.06041999994,-153757.60039999994,-12.549426686361398,-12.602206014673612,3.996651895617921,0.015465180835039444,0.0,1.0,1.0,222.87740029542098,223.32496307237813,1.0,1.0,1.5125553914327918,1.8610680059084206,0.0007631708517971443,1.3190546528803544,1.310192023633678,0.0,6777.782865583456,0.04579025110782865,0.0,14.97784342688331,0.0,20.0,239.7533234859675,30.0,493.6277695716396,10.0,0.0,0.0,0.0
484,0.26894169692151026,0.28452954053303875,0.25063767216717503,0.2705863441430478,0.9762312817295333,0.9762129735582147,323.0,310.0,3.3238906088751317,3.316720430107526,0.0,0.0,3.3270381836945306,3.320967741935484,3.3240652975250136,1.6,1.6,594.0643200000001,567.43168,220.6320999999999,402.7388999999999,-126.56777999999983,-335.30721999999986,-128016.62819999993,-154092.90761999993,-12.120905739863087,-12.67094450391103,3.320379146919431,-0.029192766097660677,0.0,1.0,1.0,232.8357030015798,233.25118483412322,1.0,1.0,1.4897314375987363,1.8349067930489737,0.0,1.1579778830963665,1.0236966824644549,0.0,6951.034755134281,0.0,0.0,15.0,0.0,20.0,199.2227488151659,30.0,485.4660347551343,10.0,0.0,0.0,0.0
485,0.269019022904245,0.28450229910229985,0.2506892062046666,0.27028305581911105,0.9762873992998421,0.9762686662762504,335.0,332.0,4.005621890547265,4.042670682730923,0.0,0.0,4.00726368159204,4.044477911646586,4.025787106446777,1.6,1.6,622.32,598.7251200000001,157.77539999999993,163.60939999999994,-35.455399999999884,-64.88427999999988,-128052.08359999994,-154157.79189999992,-12.376590104947526,-12.4659087292893,4.024062968515746,0.018526819116369404,0.0,1.0,1.0,228.87556221889056,229.33883058470764,1.0,1.0,1.497751124437781,1.8306523538230894,0.0,1.262368815592204,1.221889055472264,0.0,6851.640179910045,0.0,0.0,15.0,0.0,20.0,241.44377811094452,30.0,484.11094452773614,10.0,0.0,0.0,0.0
486,0.2690813106930334,0.2844126088006742,0.2496851796352281,0.2691112433043275,0.9763439125795744,0.9763252268018838,326.0,328.0,4.0130879345603265,3.8621951219512214,0.0,0.0,4.01497955010225,3.8668699186991873,3.9406982670744144,1.6,1.6,607.92128,605.1395200000001,224.8560999999999,249.48069999999993,-116.93481999999989,-144.34117999999987,-128169.01841999993,-154302.1330799999,-12.488110091743133,-12.6040978519271,3.937410805300716,0.022758369020694235,0.0,1.0,1.0,234.4296636085627,234.85168195718654,1.0,1.0,1.5015290519877675,1.8548330275229357,0.0,1.143730886850153,0.963302752293578,0.0,6967.6100917431195,0.0,0.0,15.0,0.0,20.0,236.2446483180428,30.0,491.6941896024465,10.0,0.0,0.0,0.0
487,0.2691426694445012,0.2843121859060579,0.249342473937696,0.26856347964749516,0.9763993398143573,0.976382935083882,340.0,342.0,3.604656862745098,4.1196881091617925,0.0,0.0,3.610098039215686,4.120224171539961,3.8659090909090907,1.6,1.6,622.58144,631.9264000000001,221.2526999999999,193.2057999999999,-98.67125999999985,-61.27939999999984,-128267.68967999994,-154363.4124799999,-12.365375171065494,-12.588020166747613,3.862927663734108,0.00518380484500047,0.0,1.0,1.0,227.95454545454547,228.36803519061584,1.0,1.0,1.501466275659824,1.839454310850439,0.0,1.2976539589442815,1.218475073313783,0.0,7058.809384164223,0.0,0.0,15.0,0.0,20.0,231.77565982404693,30.0,486.8797653958944,10.0,0.0,0.0,0.0
488,0.2692299644646054,0.28422915385802355,0.24930752406456055,0.2685413928070161,0.9764547549860729,0.9764382070643837,314.0,325.0,3.39596602972399,3.6202564102564105,0.0,0.0,3.3985668789808914,3.621948717948717,3.512180490349505,1.6,1.6,575.3222400000001,621.00864,342.66709999999995,271.28979999999996,-267.34485999999987,-150.28115999999994,-128535.03453999994,-154513.69363999992,-12.421999582681261,-12.802589828322272,3.5100417318727195,-0.01233012306252737,0.0,1.0,1.0,240.6150234741784,241.03599374021908,1.0,1.0,1.5086071987480438,1.8721923004694854,0.0,1.0641627543035994,1.054773082942097,0.0,6821.276995305165,0.0,0.0,15.0,0.0,20.0,210.60250391236306,30.0,497.1064162754304,10.0,0.0,0.0,0.0
489,0.2692179500343994,0.2842514074156667,0.24835995271724998,0.26755798994264335,0.9765101035151359,0.9764934074098787,328.0,307.0,3.898882113821141,3.4112377850162905,0.0,0.0,3.901626016260163,3.4137893593919655,3.665774278215223,1.6,1.6,610.1292800000001,571.7884800000002,166.23189999999994,340.49399999999986,-56.10261999999983,-268.7055199999997,-128591.13715999994,-154782.3991599999,-12.41732619422573,-12.66419870050198,3.6631233595800556,0.025355294017023553,0.0,1.0,1.0,235.08503937007873,235.53070866141732,1.0,1.0,1.4834645669291338,1.8612878110236224,0.0,1.2299212598425198,1.1118110236220473,0.0,6881.911811023622,0.0,0.0,15.0,0.0,20.0,219.78740157480314,30.0,493.6913385826772,10.0,0.0,0.0,0.0
490,0.2692921904359447,0.28409062584543,0.24789875086848723,0.26683682357881044,0.9765646637707706,0.9765479804553217,330.0,305.0,3.4746464646464656,4.234590163934423,0.0,0.0,3.479545454545455,4.23672131147541,3.843228346456693,1.6,1.6,608.7574400000001,557.75904,242.90439999999995,270.2613999999999,-134.14695999999986,-212.5023599999999,-128725.28411999994,-154994.90151999993,-12.341463097112861,-12.65619708399307,3.8396587926509165,0.024822625951884707,0.0,1.0,1.0,236.56220472440944,237.00629921259844,1.0,1.0,1.4803149606299213,1.8370338267716542,0.0,0.9574803149606299,1.089763779527559,0.0,7007.711811023622,0.0,0.0,15.0,0.0,20.0,230.3795275590551,30.0,486.1291338582677,10.0,0.0,0.0,0.0
491,0.26924889247924755,0.28402244014642775,0.24876827095778334,0.2671285364602242,0.976620153795994,0.9766033544067052,309.0,335.0,4.143365695792883,3.9174129353233864,0.0,0.0,4.145091693635384,3.9193034825870647,4.027639751552795,1.6,1.6,568.6966400000001,611.35968,329.91999999999996,201.06719999999996,-261.22335999999984,-89.70751999999993,-128986.50747999994,-155084.60903999992,-12.387807867494825,-12.430455115347241,4.0258281573498955,0.06979214848803067,0.0,1.0,1.0,232.76708074534162,233.194099378882,1.0,1.0,1.5201863354037266,1.8323855900621127,0.0,1.0978260869565217,1.2826086956521738,0.0,6841.60248447205,0.0,0.0,15.0,0.0,20.0,241.5496894409938,30.0,484.6645962732919,10.0,0.0,0.0,0.0
492,0.2690520409354955,0.2840033115473536,0.248527208992446,0.2665982989558189,0.9766731917402699,0.9766588077829068,352.0,297.0,4.573768939393939,3.6207631874298545,0.09573863636363637,0.0,4.478929924242424,3.621773288439956,4.086671802773497,1.6,1.6,638.9196800000001,551.3068800000001,109.97049999999993,333.91069999999985,28.949180000000155,-282.60381999999976,-128957.55829999995,-155367.2128599999,-12.441950898818696,-12.69009782720423,4.137647663071389,0.00466768323545747,0.0,1.0,1.0,237.42989214175654,237.87211093990754,1.0,1.0,1.4576271186440677,1.8339392295839758,0.05192604006163329,1.221879815100154,0.9707241910631741,0.0,6798.457627118644,3.115562403697997,0.0,14.640986132511557,0.0,20.0,245.14329738058552,30.0,485.1587057010786,10.0,0.0,0.0,0.0
493,0.26912803113435063,0.28368961248798563,0.248972023617682,0.2672804068369421,0.9767270415831827,0.9767113096154878,319.0,340.0,3.3283176593521406,5.3307352941176465,0.0,0.024656862745098044,3.330041797283177,5.306372549019608,4.349696509863429,1.6,1.6,590.1759999999999,640.15552,353.3730999999999,112.66329999999988,-263.1971,27.492220000000145,-129220.75539999995,-155339.7206399999,-12.730987759231162,-12.644981936640857,4.361431461810828,0.044240766856360296,0.0,1.0,1.0,231.6267071320182,232.051593323217,1.0,1.0,1.5159332321699546,1.866967405159333,0.01272129489124937,1.204855842185129,1.1836115326251897,0.0,6945.714719271624,0.7632776934749621,0.0,14.839150227617603,0.0,20.0,260.9226100151745,30.0,495.47344461305005,10.0,0.0,0.0,0.0
494,0.26893713571434086,0.2836445656694088,0.24975509297317114,0.26776144749217473,0.9767809818146593,0.9767651748886064,343.0,316.0,4.633430515063167,4.255801687763714,0.0,0.0,4.636929057337221,4.256803797468355,4.454653515427415,1.6,1.6,639.6793600000001,590.3612800000001,165.39589999999995,343.4692999999999,-25.716539999999867,-253.10801999999984,-129246.47193999994,-155592.8286599999,-12.764673545776446,-12.660120112885155,4.452352048558421,0.04218070971091966,0.0,1.0,1.0,235.77086494688922,236.22458270106222,1.0,1.0,1.479514415781487,1.8665260091047047,0.0,1.330804248861912,1.1684370257966616,0.0,6801.734446130501,0.0,0.0,15.0,0.0,20.0,267.1411229135053,30.0,495.3308042488619,10.0,0.0,0.0,0.0
495,0.2690423082723335,0.28352735112965843,0.24888529390368364,0.2666604113050546,0.9768336307954159,0.9768172379306711,314.0,330.0,3.495594479830149,4.807020202020205,0.0,0.005909090909090909,3.4991507430997877,4.802424242424243,4.166977225672878,1.6,1.6,581.42624,599.90624,309.07279999999986,253.70259999999996,-227.64655999999985,-153.79635999999994,-129474.11849999994,-155746.62501999992,-12.456473706004143,-12.578065473799757,4.167598343685296,0.01802788374519157,0.0,1.0,1.0,237.12111801242236,237.57453416149067,1.0,1.0,1.5124223602484472,1.834367204968943,0.003027950310559006,1.1335403726708075,1.0729813664596273,0.0,6798.625776397515,0.18167701863354038,0.0,14.923913043478262,0.0,20.0,249.87422360248448,30.0,485.27950310559004,10.0,0.0,0.0,0.0
496,0.268740828589363,0.2835033125225974,0.24826578044126363,0.26582822924657895,0.976886229593057,0.976867606515409,359.0,320.0,5.027762302692667,3.810729166666666,0.027112349117920157,0.0,5.001207056638812,3.811770833333333,4.440648011782033,1.6,1.6,652.66272,602.3129600000002,87.3191999999999,243.8468999999999,65.34352000000014,-141.5339399999997,-129408.77497999994,-155888.1589599999,-12.655127736867936,-12.644763334274435,4.454197349042707,0.028061563201749493,0.0,1.0,1.0,237.7820324005891,238.23122238586157,1.0,1.0,1.4712812960235642,1.8482705154639176,0.014334806087383412,1.2135493372606774,1.21060382916053,0.0,6943.658321060383,0.8600883652430045,0.0,14.835051546391753,0.0,20.0,266.3917525773196,30.0,489.62886597938143,10.0,0.0,0.0,0.0
497,0.26893515565211407,0.28355198668098575,0.24951606627102035,0.26703340139717413,0.976940168861278,0.9769219515672414,307.0,315.0,3.231921824104233,3.366137566137567,0.0,0.0,3.2353963083604778,3.3684126984126985,3.302759914255091,1.6,1.6,548.8220800000001,583.9824,517.0971999999999,199.2745999999999,-468.2751199999998,-115.29219999999992,-129877.05009999995,-156003.4511599999,-12.03004673097535,-12.609292311780209,3.29989281886388,-0.023466832596888833,0.0,1.0,1.0,245.82636655948554,246.2572347266881,1.0,1.0,1.5064308681672025,1.8212290675241154,0.0,1.0819935691318328,0.9180064308681672,0.0,6934.869774919614,0.0,0.0,15.0,0.0,20.0,197.9935691318328,30.0,481.18327974276525,10.0,0.0,0.0,0.0
498,0.2686848954729282,0.28354137526552736,0.24921625625762506,0.2668428683841175,0.976992133387986,0.9769738010695386,335.0,314.0,4.351393034825872,3.947080679405519,0.0,0.0,4.354029850746269,3.9493099787685777,4.158217770929635,1.6,1.6,608.6816000000001,583.1238400000001,167.0235999999999,205.06289999999996,-58.341999999999786,-121.93905999999987,-129935.39209999995,-156125.3902199999,-12.463909399075499,-12.614236872172098,4.155778120184903,0.0026700186787107514,0.0,1.0,1.0,240.98921417565487,241.43143297380587,1.0,1.0,1.4838212634822805,1.836372018489985,0.0,1.1494607087827426,1.0631741140215716,0.0,6936.771956856703,0.0,0.0,15.0,0.0,20.0,249.34668721109398,30.0,485.92141756548534,10.0,0.0,0.0,0.0
499,0.2688302972336413,0.28355276676852087,0.2502016044370965,0.26767478580859533,0.977044825735471,0.9770278182767183,325.0,314.0,3.6751794871794887,3.776698513800424,0.0,0.0,3.681538461538462,3.7776539278131636,3.7287689097548253,1.6,1.6,596.70784,575.9910400000001,252.81359999999995,204.05389999999989,-156.10575999999992,-128.06285999999977,-130091.49785999996,-156253.45307999992,-12.284586958789767,-12.59394009516073,3.7250652060511213,0.00043254588656665884,0.0,1.0,1.0,246.71048513302034,247.13928012519563,1.0,1.0,1.4913928012519562,1.8352095148669798,0.0,1.2128325508607198,1.0391236306729263,0.0,6993.453834115806,0.0,0.0,15.0,0.0,20.0,223.5039123630673,30.0,485.55399061032864,10.0,0.0,0.0,0.0
500,0.2689422778496432,0.28329969315100983,0.25127877366460327,0.26860573641490304,0.9770973044822422,0.9770807833372486,318.0,319.0,3.759224318658279,5.291536050156742,0.0,0.014733542319749214,3.762368972746331,5.279205851619644,4.521978021978022,1.6,1.6,580.21504,593.76256,327.37389999999994,242.29659999999987,-247.1588599999999,-148.53403999999986,-130338.65671999996,-156401.98711999992,-12.652100470957604,-12.609035473046516,4.526582940868658,0.036507964233992274,0.0,1.0,1.0,243.3956043956044,243.82574568288854,1.0,1.0,1.500784929356358,1.8429789638932494,0.00737833594976452,1.1444270015698588,1.0266875981161696,0.0,6831.871271585557,0.4427001569858713,0.0,14.882260596546312,0.0,20.0,271.15227629513345,30.0,487.9717425431711,10.0,0.0,0.0,0.0
501,0.26874616619413855,0.28324705427452146,0.2507467685633855,0.2681627360376814,0.97714996175649,0.9771335715372874,334.0,319.0,4.199550898203591,3.7890804597701178,0.0035928143712574854,0.0,4.200848303393213,3.7896551724137932,3.9999744767738643,1.6,1.6,619.5859200000001,585.9500800000001,162.08899999999988,194.15229999999988,-42.503079999999784,-108.20221999999981,-130381.15979999995,-156510.18933999992,-12.460255232261343,-12.63611109730212,3.9990301174068406,0.0732035114900475,0.0,1.0,1.0,244.98009188361408,245.41807044410413,1.0,1.0,1.4885145482388975,1.8461500765696794,0.001837672281776417,1.2388973966309342,1.0673813169984685,0.0,6980.491577335375,0.11026033690658499,0.0,14.952526799387442,0.0,20.0,239.83154670750383,30.0,488.96784073506893,10.0,0.0,0.0,0.0
502,0.2687516999442911,0.28312472729090143,0.25033530089303646,0.26799458262552506,0.9772025873588139,0.9771845011366379,304.0,333.0,3.760471491228072,3.8941941941941907,0.0,0.0,3.7645285087719293,3.8952952952952953,3.832888540031397,1.6,1.6,554.0336,637.9232,341.13039999999984,160.99879999999987,-287.09679999999986,-23.075599999999923,-130668.25659999995,-156533.26493999994,-12.544208267922553,-12.740986976806532,3.830376766091051,0.016085437423091813,0.0,1.0,1.0,246.34065934065933,246.76923076923077,1.0,1.0,1.5227629513343799,1.8712037676609103,0.0,1.0894819466248038,1.1381475667189953,0.0,6929.731554160126,0.0,0.0,15.0,0.0,20.0,229.8226059654631,30.0,496.8116169544741,10.0,0.0,0.0,0.0
503,0.2685637627353875,0.28312804930845636,0.2511445639754146,0.26886701022674714,0.9772549751385277,0.977237284467491,332.0,328.0,4.773945783132529,3.5898373983739824,0.012600401606425704,0.0,4.762851405622491,3.595223577235773,4.182575757575758,1.6,1.6,614.6220800000001,612.5056,154.24839999999998,218.85609999999986,-39.62631999999988,-106.3504999999999,-130707.88291999995,-156639.61543999994,-12.614169292929276,-12.60303731469676,4.185479797979795,0.05324149992483133,0.0,1.0,1.0,242.41666666666666,242.86363636363637,1.0,1.0,1.496969696969697,1.8592843636363627,0.006338383838383838,1.3075757575757576,1.1409090909090909,0.0,6892.70606060606,0.3803030303030303,0.0,14.88030303030303,0.0,20.0,250.74848484848485,30.0,493.06666666666666,10.0,0.0,0.0,0.0
504,0.2685681523822799,0.28320330302946967,0.25052867021516895,0.26787266990275854,0.9773070793793381,0.9772881015086818,333.0,309.0,4.089689689689691,3.226968716289106,0.0,0.0,4.093943943943944,3.2305825242718447,3.678400830737279,1.6,1.6,620.8284800000001,569.5059200000001,227.4607999999999,278.5967999999998,-106.63231999999977,-209.09087999999974,-130814.51523999995,-156848.70631999994,-12.378476635514009,-12.70383120991436,3.6744548286604313,-0.004208972598448684,0.0,1.0,1.0,247.68691588785046,248.10124610591902,1.0,1.0,1.4813084112149533,1.8541034267912768,0.0,1.381619937694704,0.8208722741433022,0.0,6936.244548286604,0.0,0.0,15.0,0.0,20.0,220.46728971962617,30.0,491.45327102803736,10.0,0.0,0.0,0.0
505,0.26848407821332554,0.2831365649406942,0.25048155045184534,0.2679031529073744,0.9773582503935285,0.9773371458625553,354.0,301.0,4.347410546139354,3.9633444075304527,0.0,0.0,4.351365348399247,3.964673311184939,4.173664122137405,1.6,1.6,644.82944,552.6384,200.36799999999994,294.8472999999999,-55.53855999999996,-242.20889999999986,-130870.05379999995,-157090.91521999994,-12.420538218829522,-12.49169686041678,4.170916030534353,0.02310516611393221,0.0,1.0,1.0,244.34198473282441,244.76335877862596,1.0,1.0,1.4595419847328244,1.8281951755725216,0.0,1.3389312977099237,1.0427480916030534,0.0,6849.224427480916,0.0,0.0,15.0,0.0,20.0,250.25496183206107,30.0,483.3587786259542,10.0,0.0,0.0,0.0
506,0.2685891107225574,0.28307693677256557,0.2508654099122334,0.26773156741708354,0.9774069801039317,0.9773890935542394,327.0,329.0,3.5922018348623856,4.144832826747721,0.0,0.0,3.5962793068297656,4.146808510638298,3.8723831300813014,1.6,1.6,597.83008,597.96992,374.7655,174.75539999999992,-276.93542,-76.78547999999992,-131146.98921999996,-157167.70069999993,-12.267748983739835,-12.474295117883987,3.86935975609756,0.008833424677521072,0.0,1.0,1.0,241.01676829268294,241.4253048780488,1.0,1.0,1.5015243902439024,1.822865853658537,0.0,1.2515243902439024,1.2530487804878048,0.0,6960.003048780488,0.0,0.0,15.0,0.0,20.0,232.16158536585365,30.0,481.702743902439,10.0,0.0,0.0,0.0
507,0.26845530121791594,0.2830308478851604,0.2510535939621943,0.26805604580780673,0.9774572864608951,0.9774388543811708,345.0,334.0,4.393333333333332,3.829441117764473,0.0,0.0,4.39536231884058,3.832085828343313,4.118286696121748,1.6,1.6,654.37504,618.99584,151.4243999999999,210.18809999999985,2.9506400000001065,-91.1922599999998,-131144.03857999996,-157258.89295999994,-12.68353618065784,-12.68959841479591,4.115954835542468,0.04623137405964793,0.0,1.0,1.0,242.94698085419734,243.3902798232695,1.0,1.0,1.491899852724595,1.8753621207658333,0.0,1.3784977908689249,1.053019145802651,0.0,6777.3372606774665,0.0,0.0,15.0,0.0,20.0,246.95729013254785,30.0,498.10309278350513,10.0,0.0,0.0,0.0
508,0.2685661630709369,0.2830103187873438,0.25030046062520755,0.2671829820629959,0.9775075005461018,0.9774910041119097,299.0,354.0,3.070958751393534,3.954190207156311,0.0,0.0,3.0734113712374582,3.958286252354049,3.5531138335885655,1.6,1.6,552.2128,640.54848,421.7217,207.29169999999993,-369.5089,-66.7432199999999,-131513.54747999995,-157325.63617999994,-12.162368147013778,-12.572424754787509,3.5497702909647764,-0.012077463865344433,0.0,1.0,1.0,247.218989280245,247.64931087289435,1.0,1.0,1.542113323124043,1.826586952526799,0.0,1.2419601837672283,1.1026033690658499,0.0,6827.52067381317,0.0,0.0,15.0,0.0,20.0,212.98621745788668,30.0,482.8575803981623,10.0,0.0,0.0,0.0
509,0.2684570154201246,0.28310169207277963,0.2500251911038898,0.2667624027094519,0.9775579838487078,0.9775404006048474,324.0,348.0,4.424897119341561,3.7125957854406137,0.0,0.0,4.426491769547325,3.716714559386973,4.058928571428572,1.6,1.6,577.1584,645.41344,187.13819999999987,245.18399999999986,-109.97979999999984,-99.77055999999982,-131623.52727999995,-157425.40673999995,-12.32084206349205,-12.448436334706297,4.0560267857142875,0.03265178894709979,0.0,1.0,1.0,245.71428571428572,246.1235119047619,1.0,1.0,1.5178571428571428,1.8193033333333344,0.0,1.2053571428571428,1.1398809523809523,0.0,6778.395833333333,0.0,0.0,15.0,0.0,20.0,243.36160714285714,30.0,480.57440476190476,10.0,0.0,0.0,0.0
510,0.2684056654812858,0.283038531997001,0.2498380310050527,0.2667180011570634,0.9776083456556118,0.9775907312048882,322.0,315.0,3.8102484472049714,3.9605820105820118,0.0,0.0,3.8133540372670804,3.961269841269841,3.886499215070643,1.6,1.6,596.65344,585.01376,262.6688,386.7612,-166.01535999999993,-301.7474399999999,-131789.54263999994,-157727.15417999995,-12.468230245944538,-12.702293719723519,3.884589220303502,0.005999861792525606,0.0,1.0,1.0,254.85243328100472,255.30298273155415,1.0,1.0,1.4945054945054945,1.8550505494505496,0.0,1.1318681318681318,0.9058084772370487,0.0,6747.893249607535,0.0,0.0,15.0,0.0,20.0,233.07535321821035,30.0,491.7425431711146,10.0,0.0,0.0,0.0
511,0.2681520936606186,0.28304902645561475,0.24983008212212093,0.266677045499176,0.9776567556676816,0.9776404220201393,335.0,302.0,4.303582089552238,4.225110375275938,0.0,0.0,4.306069651741294,4.2275938189845474,4.268864468864469,1.6,1.6,627.00704,558.6313600000001,173.3874999999999,252.68759999999995,-46.38045999999994,-194.05623999999986,-131835.92309999993,-157921.21041999996,-12.658632129774984,-12.673040616530496,4.266378859236,0.019673869005585175,0.0,1.0,1.0,247.62794348508635,248.04552590266877,1.0,1.0,1.4740973312401884,1.8612847723704875,0.0,1.414442700156986,0.989010989010989,0.0,6962.0596546310835,0.0,0.0,15.0,0.0,20.0,255.98273155416013,30.0,493.69701726844585,10.0,0.0,0.0,0.0
512,0.26812237500936736,0.2830372031855795,0.24841118060182474,0.26524790475932586,0.97770702566851,0.9776900795916349,345.0,300.0,4.147632850241548,3.758944444444446,0.0,0.0,4.1492270531400965,3.761388888888889,3.9688372093023263,1.6,1.6,622.4156800000001,559.98912,267.03629999999987,196.2727999999999,-144.6206199999998,-136.28367999999995,-131980.54371999993,-158057.49409999995,-12.369029457364338,-12.562527682717233,3.966847545219635,0.03465314282242873,0.0,1.0,1.0,250.6062015503876,251.03255813953487,1.0,1.0,1.4651162790697674,1.83318573643411,0.0,1.3271317829457365,1.0914728682170542,0.0,6734.951937984496,0.0,0.0,15.0,0.0,20.0,238.01085271317828,30.0,484.90852713178293,10.0,0.0,0.0,0.0
513,0.2680827906445718,0.282809297308443,0.2486643310541232,0.26543826757362343,0.9777567096402365,0.9777391274207732,339.0,329.0,3.4416912487708933,4.623049645390066,0.0,0.0,3.446361848574238,4.624873353596758,4.026796407185628,1.6,1.6,621.7504000000001,605.29024,267.2186999999999,158.4918999999999,-145.46829999999977,-53.20165999999986,-132126.01201999994,-158110.69575999994,-12.41409161676646,-12.583838264079935,4.023527944111779,0.0268589852205124,0.0,1.0,1.0,250.35778443113773,250.7874251497006,1.0,1.0,1.4925149700598803,1.8368871856287432,0.0,1.1062874251497006,1.1437125748502994,0.0,6896.085329341317,0.0,0.0,15.0,0.0,20.0,241.41167664670658,30.0,486.07335329341316,10.0,0.0,0.0,0.0
514,0.2680894546811769,0.2827345031583068,0.24795948607214752,0.26476660643342875,0.9778069268885837,0.9777889051785497,333.0,309.0,3.4375375375375383,3.9932038834951453,0.0,0.0,3.439189189189189,3.9962783171521035,3.7073208722741433,1.6,1.6,620.98208,569.78016,259.40179999999987,360.61789999999985,-138.41971999999987,-290.8377399999998,-132264.43173999994,-158401.53349999993,-12.394700726895119,-12.745059069541606,3.7049844236760117,-0.0030986191214512665,0.0,1.0,1.0,252.98130841121494,253.41277258566979,1.0,1.0,1.4813084112149533,1.8547698442367597,0.0,1.1744548286604362,1.0342679127725856,0.0,7041.514018691589,0.0,0.0,15.0,0.0,20.0,222.29906542056074,30.0,491.65732087227417,10.0,0.0,0.0,0.0
515,0.26808471208685153,0.28267090241999454,0.24778713053817703,0.2643354457826706,0.9778552577766223,0.9778370464091604,316.0,342.0,3.890295358649788,4.771003898635472,0.0,0.1970272904483431,3.893143459915611,4.590713587487781,4.255200405885337,1.6,1.6,591.9142400000001,622.2870400000002,248.8689999999999,146.7360999999999,-156.95475999999982,-24.449059999999747,-132421.38649999994,-158425.98255999995,-12.801055927051676,-12.61675901640771,4.348049645390071,0.03715262232351761,0.0,0.9984802431610942,1.0,250.27507598784194,250.7127659574468,1.0,1.0,1.5197568389057752,1.8452906990881466,0.10240628166160082,1.1504559270516717,1.1717325227963526,0.0,6676.761398176292,5.2097264437689965,0.0,14.2629179331307,0.0,19.969604863221885,254.7386018237082,29.954407294832826,488.8434650455927,9.984802431610943,0.0,0.0,0.9346504559270516
516,0.26827236531124704,0.28265246407380923,0.24751762991612433,0.2636934239995999,0.9779019421884018,0.9778848272011222,328.0,322.0,3.818800813008127,3.480124223602484,0.0,0.0,3.825762195121951,3.481262939958592,3.655102564102564,1.6,1.6,612.9491200000001,579.1350400000001,181.45469999999992,316.19339999999994,-68.50557999999981,-237.05835999999982,-132489.89207999993,-158663.04091999994,-12.24751405128206,-12.650646690453193,3.6510256410256394,-0.009421449326310208,0.0,1.0,1.0,252.8876923076923,253.32615384615386,1.0,1.0,1.4953846153846153,1.8339756307692316,0.0,1.2476923076923077,1.0292307692307692,0.0,6888.513846153846,0.0,0.0,15.0,0.0,20.0,219.06153846153848,30.0,485.16769230769233,10.0,0.0,0.0,0.0
517,0.2683597587788507,0.28262076810541703,0.24867803414952888,0.2645006346071735,0.9779503016853273,0.9779346248867549,322.0,317.0,3.452225672877845,3.922975814931651,0.0,0.0,3.4556418219461693,3.9250262881177704,3.688497652582159,1.6,1.6,590.50368,587.34112,293.0291999999999,278.4765999999999,-202.52551999999986,-191.13547999999986,-132692.41759999993,-158854.17639999994,-12.317471048513303,-12.623317648330639,3.685758998435053,0.026252042549401014,0.0,1.0,1.0,251.74021909233176,252.17683881064164,1.0,1.0,1.4960876369327074,1.8432625978090764,0.0,1.1408450704225352,1.2206572769953052,0.0,6896.544600938967,0.0,0.0,15.0,0.0,20.0,221.1455399061033,30.0,488.056338028169,10.0,0.0,0.0,0.0
518,0.26840378224043726,0.282608940100921,0.24840131268471344,0.26425304812708283,0.9779982627750058,0.9779851434470906,329.0,315.0,3.9169199594731503,3.855714285714287,0.0,0.0,3.91919959473151,3.857883597883598,3.8892080745341615,1.6,1.6,591.7910400000001,591.1616,230.64799999999985,176.90469999999985,-138.8569599999998,-85.74309999999983,-132831.27455999993,-158939.91949999993,-12.359466666666659,-12.603007987694848,3.8869824016563146,0.016099153124109627,0.0,1.0,1.0,254.83229813664596,255.27639751552795,1.0,1.0,1.4891304347826086,1.8368829813664607,0.0,1.1024844720496894,1.076086956521739,0.0,6878.447204968944,0.0,0.0,15.0,0.0,20.0,233.2189440993789,30.0,486.0776397515528,10.0,0.0,0.0,0.0
519,0.2685304691995368,0.28240739731258063,0.24818090540992133,0.26387671859284584,0.9780456497347654,0.9780344117037028,299.0,337.0,3.3074693422519514,4.077596439169134,0.0,0.0,3.3105908584169446,4.080118694362018,3.718343815513627,1.6,1.6,547.35232,621.58304,337.58569999999986,127.57089999999985,-290.2333799999999,-5.98785999999987,-133121.50793999992,-158945.90735999992,-12.297327253668765,-12.768085311690845,3.7155398322851148,-0.02733695261781627,0.0,1.0,1.0,264.01100628930817,264.4654088050315,1.0,1.0,1.529874213836478,1.8379486792452844,0.0,0.940251572327044,1.0361635220125787,0.0,6751.0157232704405,0.0,0.0,15.0,0.0,20.0,222.9323899371069,30.0,486.41037735849056,10.0,0.0,0.0,0.0
520,0.26835730679487163,0.2825661620370784,0.24728168993247207,0.2630807428655576,0.9780924691238352,0.9780812349046156,330.0,317.0,4.584898989898987,3.2770767613038934,0.04186868686868688,0.0,4.5449494949494955,3.278969505783386,3.924678001030397,1.6,1.6,612.0406400000002,573.17408,111.3309999999999,336.0493999999999,0.7096400000002632,-262.8753199999999,-133120.79829999994,-159208.78267999992,-12.35198392581144,-12.643323901016116,3.944126738794438,0.018947086760744324,0.0,1.0,1.0,258.94590417310667,259.3817619783617,1.0,1.0,1.489953632148377,1.8318620092735707,0.021354971664090682,1.241112828438949,0.8871715610510046,0.0,6789.814528593509,1.2812982998454405,0.0,14.712519319938176,0.0,20.0,235.3663060278207,30.0,484.5069551777434,10.0,0.0,0.0,0.0
521,0.2684096614801439,0.2825744424410086,0.24770125076421048,0.263505757765839,0.9781394931895552,0.9781305949105694,314.0,331.0,3.488588110403398,3.6966767371601197,0.0,0.0,3.4918259023354574,3.7010070493454177,3.5991731266149865,1.6,1.6,585.25088,614.73856,293.4313999999999,185.90609999999992,-208.18051999999983,-71.16753999999992,-133328.97881999993,-159279.9502199999,-12.385158449612394,-12.830756704949321,3.5953746770025843,-0.01679714531337822,0.0,1.0,1.0,261.48682170542634,261.90697674418607,1.0,1.0,1.5131782945736434,1.8604487441860476,0.0,0.9720930232558139,1.0170542635658915,0.0,6863.31472868217,0.0,0.0,15.0,0.0,20.0,215.72248062015504,30.0,493.4294573643411,10.0,0.0,0.0,0.0
522,0.2683601790034043,0.2825158186748815,0.2488282024813718,0.26462956648442826,0.9781888450674261,0.9781771242364163,336.0,334.0,4.45793650793651,4.276497005988026,0.0,0.0,4.459275793650794,4.278193612774451,4.369004975124378,1.6,1.6,643.9801600000001,624.1948800000002,118.04919999999987,223.90839999999997,25.930960000000198,-99.71351999999973,-133303.04785999993,-159379.6637399999,-12.889490348258713,-12.774987828719707,4.367487562189051,0.06448828992128434,0.0,1.0,1.0,257.6955223880597,258.1313432835821,1.0,1.0,1.498507462686567,1.8927985671641792,0.0,1.2955223880597015,1.0761194029850747,0.0,6822.053731343283,0.0,0.0,15.0,0.0,20.0,262.0492537313433,30.0,503.5507462686567,10.0,0.0,0.0,0.0
523,0.2683791828145903,0.2823092869185951,0.24868920225785074,0.26460806186169455,0.9782367004114935,0.9782250954179188,310.0,335.0,3.325860215053765,4.219303482587064,0.0,0.0,3.329784946236559,4.222189054726368,3.7932816537467704,1.6,1.6,553.2003200000001,605.96064,408.97929999999985,294.83569999999986,-355.7789799999997,-188.87505999999985,-133658.82683999994,-159568.5387999999,-12.080565581395355,-12.469422304154712,3.7898966408268717,-0.009160773588780133,0.0,1.0,1.0,260.9829457364341,261.4263565891473,1.0,1.0,1.5193798449612403,1.7971487751938005,0.0,0.9100775193798449,1.1023255813953488,0.0,6769.493023255814,0.0,0.0,15.0,0.0,20.0,227.3937984496124,30.0,473.6589147286822,10.0,0.0,0.0,0.0
524,0.2683853792889155,0.28235437049399714,0.248091424376451,0.2636745196061408,0.9782841964659018,0.9782734158228515,308.0,344.0,3.6655303030303017,3.8388081395348843,0.0,0.0,3.666720779220779,3.8403100775193804,3.758307770961145,1.6,1.6,572.90048,638.2848000000001,217.72559999999993,191.07459999999992,-144.8251199999999,-52.78979999999979,-133803.65195999993,-159621.3285999999,-12.432883026584863,-12.646001212523934,3.756952965235175,0.0014056197782356184,0.0,1.0,1.0,258.32055214723925,258.74693251533745,1.0,1.0,1.5276073619631902,1.857646134969326,0.0,1.0613496932515338,1.2822085889570551,0.0,7071.895705521472,0.0,0.0,15.0,0.0,20.0,225.41717791411043,30.0,492.56134969325154,10.0,0.0,0.0,0.0
525,0.26804972028835683,0.28232506781527333,0.24796955247161476,0.2638983087644837,0.9783310550484076,0.9783221178059964,333.0,312.0,4.579229229229228,3.532264957264956,0.0,0.0,4.58013013013013,3.5343482905982904,4.0742635658914725,1.6,1.6,620.61792,561.1932800000002,181.80869999999993,396.9380999999999,-61.190779999999904,-335.7448199999997,-133864.84273999993,-159957.07341999988,-12.405900775193793,-12.608060692372892,4.072790697674417,-0.0015366826685935327,0.0,1.0,1.0,258.64806201550385,259.0837209302326,1.0,1.0,1.4837209302325582,1.83226542635659,0.0,1.1410852713178294,1.012403100775194,0.0,6809.804651162791,0.0,0.0,15.0,0.0,20.0,244.3674418604651,30.0,484.6372093023256,10.0,0.0,0.0,0.0
526,0.2681078472806357,0.2824075493588572,0.24670951441397734,0.2626102158072483,0.9783768255080835,0.9783672109691189,341.0,317.0,3.6578690127077222,3.969032597266035,0.0,0.0,3.661681329423265,3.9709779179810725,3.8106889564336375,1.6,1.6,624.4985600000001,584.7312,250.95609999999988,219.0516999999999,-126.45753999999977,-134.32049999999995,-133991.30027999994,-160091.3939199999,-12.332946504559276,-12.598765323650717,3.807776089159069,-0.0015056152468673081,0.0,1.0,1.0,261.79939209726444,262.20668693009117,1.0,1.0,1.4817629179331306,1.8377351975683907,0.0,1.1945288753799392,1.0319148936170213,0.0,6904.574468085107,0.0,0.0,15.0,0.0,20.0,228.46656534954408,30.0,486.34802431610944,10.0,0.0,0.0,0.0
527,0.2683360870151093,0.28226596581556646,0.24756877407025646,0.263322633221267,0.9784231511286542,0.978413046556207,327.0,325.0,3.2487257900101985,4.241282051282054,0.0,0.0,3.2523445463812437,4.243538461538462,3.7464212678936613,1.6,1.6,609.64192,600.18848,264.68789999999984,247.59279999999987,-155.04597999999982,-147.40431999999984,-134146.34625999993,-160238.7982399999,-12.414951942740284,-12.627310557331873,3.743481595092019,0.025509535703406205,0.0,1.0,1.0,260.22546012269936,260.6334355828221,1.0,1.0,1.4984662576687116,1.8555680981595097,0.0,1.0122699386503067,1.1319018404907975,0.0,6934.444785276074,0.0,0.0,15.0,0.0,20.0,224.60889570552146,30.0,491.91564417177915,10.0,0.0,0.0,0.0
528,0.2684855893072847,0.2821526382862755,0.24809669341848778,0.26382816631809186,0.9784685513760873,0.9784592192912319,312.0,359.0,3.5476495726495725,4.542711234911792,0.0,0.0,3.5511217948717952,4.545403899721449,4.083084947839047,1.6,1.6,576.35392,664.8764800000001,242.69449999999986,172.92180000000002,-166.34057999999985,-8.04531999999989,-134312.68683999992,-160246.8435599999,-12.514841530054643,-12.55926651372124,4.080029806259316,0.06260733105888971,0.0,1.0,1.0,261.19225037257826,261.6214605067064,1.0,1.0,1.535022354694486,1.8498217585693009,0.0,1.0655737704918034,1.23397913561848,0.0,6900.3695976154995,0.0,0.0,15.0,0.0,20.0,244.80178837555886,30.0,490.11624441132636,10.0,0.0,0.0,0.0
529,0.2684978883653366,0.2820665295975236,0.24705317963672407,0.2625071917112194,0.9785127379978749,0.9785038595163617,324.0,336.0,4.234567901234569,3.995238095238096,0.0,0.0,4.236882716049383,3.996329365079366,4.1144191919191915,1.6,1.6,584.57536,617.1744000000001,232.3366999999999,346.11699999999985,-147.76133999999985,-228.94259999999974,-134460.44817999992,-160475.7861599999,-12.352796161616158,-12.47617282468436,4.112727272727276,0.05223447260195642,0.0,1.0,1.0,260.32575757575756,260.76363636363635,1.0,1.0,1.509090909090909,1.8208329696969714,0.0,1.0469696969696969,1.353030303030303,0.0,6918.816666666667,0.0,0.0,15.0,0.0,20.0,246.76363636363635,30.0,481.0621212121212,10.0,0.0,0.0,0.0
530,0.26852829527557553,0.2819329516184141,0.24659671570975378,0.26183692710077777,0.9785591239192563,0.978550230518829,327.0,337.0,4.2144750254842025,3.9718100890207744,0.0,0.0,4.21697247706422,3.975321463897132,4.094327309236947,1.6,1.6,607.9139200000001,621.68832,168.0427999999999,232.95519999999993,-60.12887999999981,-111.26687999999996,-134520.57705999992,-160587.0530399999,-12.531362248995988,-12.595090926998484,4.091315261044173,0.03376379539233207,0.0,1.0,1.0,263.6114457831325,264.0798192771084,1.0,1.0,1.5075301204819278,1.8518106024096381,0.0,1.3659638554216869,0.9894578313253012,0.0,6851.4277108433735,0.0,0.0,15.0,0.0,20.0,245.4789156626506,30.0,490.73493975903614,10.0,0.0,0.0,0.0
531,0.2685956440899874,0.2819500167579367,0.24601517694173558,0.2610337412778912,0.978605023735219,0.9785959849796569,321.0,333.0,3.9446002076843247,3.558108108108107,0.0,0.0,3.9499999999999997,3.558808808808809,3.7508154943934766,1.6,1.6,596.15936,617.1952000000001,277.5421999999999,252.63549999999987,-181.38283999999993,-135.44029999999975,-134701.95989999993,-160722.4933399999,-12.414902344546363,-12.610868631194494,3.747808358817528,0.019737512777495993,0.0,1.0,1.0,257.065749235474,257.4831804281346,1.0,1.0,1.5091743119266054,1.8552822018348631,0.0,1.353211009174312,1.2324159021406729,0.0,6891.94495412844,0.0,0.0,15.0,0.0,20.0,224.868501529052,30.0,491.8103975535168,10.0,0.0,0.0,0.0
532,0.2684925981584836,0.2818648293220861,0.24661744944956626,0.26147237129820067,0.9786511809220084,0.9786406203138934,342.0,306.0,4.1864522417154015,3.5608387799564265,0.0011208576998050681,0.0,4.186939571150098,3.562636165577342,3.89212962962963,1.6,1.6,629.0697600000001,565.2796800000001,159.09979999999993,322.38709999999986,-30.030039999999843,-257.10741999999976,-134731.98993999994,-160979.60075999988,-12.398797119341562,-12.75141349851788,3.891023662551443,-0.008810342725487908,0.0,1.0,1.0,268.5848765432099,269.0246913580247,1.0,1.0,1.4722222222222223,1.8431318518518518,0.0005915637860082304,1.1219135802469136,0.9506172839506173,0.0,6841.25,0.035493827160493825,0.0,14.970679012345679,0.0,20.0,233.42592592592592,30.0,488.01851851851853,10.0,0.0,0.0,0.0
533,0.2685306766466812,0.2817044593365774,0.2464761378757373,0.26112025236982855,0.9786969695409491,0.9786850975672735,296.0,353.0,3.7086711711711717,4.4222851746931084,0.0,0.0,3.7142454954954953,4.423748819641171,4.100154083204931,1.6,1.6,560.77376,650.8192000000001,382.63449999999995,90.32229999999993,-321.8607399999999,60.49690000000021,-135053.85067999994,-160919.1038599999,-12.624532306111966,-12.725365065793822,4.096815613764768,0.012622694128071188,0.0,1.0,1.0,260.6425269645609,261.11093990755006,1.0,1.0,1.5439137134052388,1.8668612634822817,0.0,1.2326656394453004,1.2187981510015409,0.0,6977.775038520801,0.0,0.0,15.0,0.0,20.0,245.80893682588598,30.0,495.4499229583975,10.0,0.0,0.0,0.0
534,0.26856325363231137,0.28176475685841995,0.24607129271809436,0.260872884735601,0.9787410592902224,0.9787325467984869,323.0,330.0,4.124251805985555,3.265,0.0,0.0,4.127450980392156,3.267929292929293,3.6930832057172025,1.6,1.6,586.92416,620.6112,201.37699999999995,277.70849999999984,-114.45283999999992,-157.0972999999998,-135168.30351999996,-161076.20115999988,-12.355166105155687,-12.550743970578495,3.690020418580902,0.01849824452868375,0.0,1.0,1.0,262.66921898928024,263.0903522205207,1.0,1.0,1.5053598774885146,1.8492118836140894,0.0,1.2465543644716692,1.2006125574272588,0.0,6990.073506891271,0.0,0.0,15.0,0.0,20.0,221.40122511485453,30.0,489.92955589586524,10.0,0.0,0.0,0.0
535,0.26852066293827503,0.28181948472497514,0.24567409484126096,0.26061280584681695,0.978785648826534,0.9787757746859556,363.0,302.0,4.702892561983471,3.4871412803531996,0.013590449954086318,0.0,4.692102846648302,3.489403973509934,4.145914786967419,1.6,1.6,682.57216,567.49792,83.80419999999994,313.23319999999995,98.76796000000012,-245.73527999999993,-135069.53555999996,-161321.93643999987,-12.724286315789483,-12.701904532894169,4.150776942355893,0.020295158274501502,0.0,1.0,1.0,262.2390977443609,262.6736842105263,1.0,1.0,1.4541353383458646,1.8798046315789476,0.007418546365914787,1.5082706766917293,0.9729323308270676,0.0,6720.36992481203,0.44511278195488724,0.0,14.93233082706767,0.0,20.0,248.6015037593985,30.0,499.48571428571427,10.0,0.0,0.0,0.0
536,0.26869712623069125,0.2816348557309436,0.24587232670171782,0.26101820254322977,0.9788308998574512,0.9788203381307617,325.0,329.0,3.1255384615384605,4.670415400202636,0.0,0.1731003039513678,3.128205128205128,4.514634146341464,3.8246043899948945,1.6,1.6,592.8649600000001,603.8163200000001,392.4450999999999,166.27509999999998,-299.5801399999998,-62.45877999999985,-135369.11569999997,-161384.39521999986,-12.386447502548434,-12.583943378140852,3.902701325178393,0.01975645529554673,0.0,0.9984709480122325,1.0,264.88532110091745,265.29816513761466,1.0,1.0,1.503058103975535,1.8297878899082576,0.08707951070336394,1.1559633027522935,1.143730886850153,0.0,6922.599388379205,4.284403669724771,0.0,14.431192660550458,0.0,19.96941896024465,228.93730886850153,29.954128440366972,483.99235474006116,9.984709480122325,0.0,0.0,0.9403669724770642
537,0.2687655544057458,0.2815894587757617,0.24624275679112187,0.2616458027991818,0.9788741516573614,0.9788630526160669,321.0,311.0,3.496053997923157,3.456698821007502,0.0,0.0,3.4991692627206645,3.458199356913184,3.479008438818565,1.6,1.6,582.20672,560.3878400000001,286.5507999999998,323.8799999999999,-204.3440799999998,-263.4921599999998,-135573.45977999998,-161647.88737999985,-12.020236497890297,-12.522692426487838,3.476687763713079,-0.02725052734697878,0.0,1.0,1.0,273.1123417721519,273.51582278481015,1.0,1.0,1.4920886075949367,1.8079027848101272,0.0,1.2294303797468353,0.8243670886075949,0.0,6782.189873417721,0.0,0.0,15.0,0.0,20.0,208.6012658227848,30.0,477.0142405063291,10.0,0.0,0.0,0.0
538,0.26893529496027585,0.2815259638440889,0.24717703925981477,0.26249930437892965,0.97891845277673,0.9789070337562902,327.0,344.0,3.619011213047909,3.7735465116279086,0.0,0.0,3.623649337410806,3.7735465116279068,3.7004967709885737,1.6,1.6,584.9545600000001,645.6630400000001,238.6233999999999,121.7761999999999,-153.66883999999976,23.886840000000234,-135727.12861999997,-161624.00053999986,-12.266524590163929,-12.52548076314195,3.6982364629905597,-0.009793039701664103,0.0,1.0,1.0,263.9910581222057,264.424739195231,1.0,1.0,1.5126676602086437,1.8340053651266766,0.0,1.2608047690014903,1.1982116244411327,0.0,6832.126676602086,0.0,0.0,15.0,0.0,20.0,221.89418777943368,30.0,485.16095380029805,10.0,0.0,0.0,0.0
539,0.2690184131555621,0.2815655077865594,0.24768525989101525,0.262852253357351,0.9789619132042819,0.9789517793863312,341.0,319.0,3.6434017595307915,3.708202716823408,0.0,0.0,3.647067448680352,3.712957157784744,3.6789141414141415,1.6,1.6,627.81696,610.1033600000001,168.55199999999994,277.4906999999999,-40.73503999999994,-167.38733999999982,-135767.86365999997,-161791.38787999985,-12.508684242424238,-12.873905133105817,3.6747222222222247,-0.015675305326287088,0.0,1.0,1.0,271.3560606060606,271.80151515151516,1.0,1.0,1.4833333333333334,1.8756368484848487,0.0,1.0757575757575757,1.1045454545454545,0.0,6976.225757575758,0.0,0.0,15.0,0.0,20.0,220.48333333333332,30.0,498.18333333333334,10.0,0.0,0.0,0.0
540,0.26899134534921226,0.28141651597714856,0.24757766580100457,0.2624216778106112,0.9790045987767149,0.9789960311484792,339.0,318.0,4.031858407079643,4.16519916142558,0.0,0.0,4.034955752212389,4.165566037735848,4.098173515981735,1.6,1.6,647.16672,566.73888,171.50669999999994,294.5623999999999,-24.339979999999883,-227.82351999999992,-135792.20363999996,-162019.21139999985,-12.508287163876213,-12.58690841539032,4.096397767630649,0.052456385746502694,0.0,1.0,1.0,270.89497716894977,271.3257229832572,1.0,1.0,1.4840182648401827,1.8476493150684936,0.0,1.273972602739726,1.0197869101978692,0.0,6801.7945205479455,0.0,0.0,15.0,0.0,20.0,245.78386605783865,30.0,489.44444444444446,10.0,0.0,0.0,0.0
541,0.26902086712865964,0.28140660641407894,0.24778835201403807,0.26289553859762155,0.979049921602695,0.9790393886323564,312.0,321.0,3.6772435897435933,3.969781931464175,0.0,0.0,3.679861111111111,3.971079958463136,3.827540810953134,1.6,1.6,572.5024000000001,575.55808,348.9931999999999,283.40729999999985,-276.4907999999998,-207.84921999999983,-136068.69443999996,-162227.06061999986,-12.194732596103208,-12.632894265822154,3.8255924170616034,-0.012894423962210765,0.0,1.0,1.0,278.695102685624,279.1500789889416,1.0,1.0,1.5071090047393365,1.8136816429699847,0.0,1.0363349131121642,0.9873617693522907,0.0,6944.946287519747,0.0,0.0,15.0,0.0,20.0,229.53554502369667,30.0,478.826224328594,10.0,0.0,0.0,0.0
542,0.2690249276821178,0.2813655103353125,0.2467850252601695,0.26186991669985715,0.9790926357301787,0.9790833010595844,322.0,325.0,3.905693581780539,4.080974358974356,0.0,0.0,3.909989648033126,4.082512820512821,3.996651210716126,1.6,1.6,581.3427200000001,608.26656,184.36509999999993,226.57659999999993,-103.02237999999983,-118.3100399999999,-136171.71681999997,-162345.37065999987,-12.412843482740861,-12.658342952250996,3.993740340030913,0.003934514284186368,0.0,1.0,1.0,271.451313755796,271.90108191653786,1.0,1.0,1.5023183925811436,1.8386542194744975,0.0,1.2256568778979908,0.9428129829984544,0.0,7040.783616692426,0.0,0.0,15.0,0.0,20.0,239.6244204018547,30.0,486.6228748068006,10.0,0.0,0.0,0.0
543,0.26891093344571476,0.2813589387539748,0.24708760005600452,0.26221409067529483,0.9791354999379717,0.9791258767343951,320.0,310.0,3.855312499999998,4.129892473118277,0.0,0.0,3.86203125,4.131666666666668,3.9947089947089944,1.6,1.6,586.4035200000001,567.8176000000001,249.85969999999986,385.12139999999994,-163.4561799999998,-317.30379999999985,-136335.17299999998,-162662.67445999986,-12.371897777777782,-12.597667588758158,3.9904232804232835,-0.0017103627115378649,0.0,1.0,1.0,277.9507936507936,278.3698412698413,1.0,1.0,1.492063492063492,1.8320970158730168,0.0,1.1492063492063491,1.1476190476190475,0.0,6847.6238095238095,0.0,0.0,15.0,0.0,20.0,239.42539682539683,30.0,484.5730158730159,10.0,0.0,0.0,0.0
544,0.268955773892371,0.281309107301358,0.2477656037098332,0.2625838774651604,0.9791789529633361,0.979170175887727,325.0,313.0,4.233846153846153,3.8894036208732685,0.0,0.0,4.235435897435898,3.89185303514377,4.066875653082549,1.6,1.6,592.74784,580.57824,210.08849999999987,214.32499999999993,-117.34065999999987,-133.74675999999988,-136452.51365999997,-162796.42121999987,-12.443788505747113,-12.614778627286686,4.064864158829675,0.03150866160020157,0.0,1.0,1.0,275.04545454545456,275.49059561128524,1.0,1.0,1.4905956112852665,1.839069090909092,0.0,1.1144200626959249,1.2319749216300941,0.0,6992.05329153605,0.0,0.0,15.0,0.0,20.0,243.89184952978056,30.0,486.7492163009404,10.0,0.0,0.0,0.0
545,0.2690868102642295,0.281289698430002,0.24868254251260064,0.2635135612067337,0.9792215964808885,0.9792124340405994,297.0,316.0,3.6419753086419764,3.603586497890296,0.0,0.0,3.6431537598204273,3.604535864978903,3.6232463295269173,1.6,1.6,561.7376000000002,563.0124800000001,300.0908999999999,230.98689999999988,-238.35329999999976,-167.97441999999978,-136690.86695999996,-162964.3956399999,-12.241137139749856,-12.682856752484089,3.6221859706362127,-0.0030594207415200834,0.0,1.0,1.0,284.6215334420881,285.0489396411093,1.0,1.0,1.5154975530179446,1.834828841761827,0.0,1.0880913539967374,0.8499184339314845,0.0,6847.0505709624795,0.0,0.0,15.0,0.0,20.0,217.33115823817292,30.0,485.43556280587273,10.0,0.0,0.0,0.0
546,0.2689161291015396,0.2812335026054155,0.24790129311386477,0.2626501875890319,0.9792656774930065,0.979255458329246,324.0,317.0,4.311676954732509,4.297949526813875,0.0,0.004311251314405889,4.315380658436213,4.296477392218717,4.3060322412896515,1.6,1.6,597.1484800000001,595.4278400000001,190.34779999999995,218.78559999999982,-93.19931999999989,-123.35775999999976,-136784.06627999997,-163087.7533999999,-12.669269266770677,-12.651694373358366,4.304888195527832,0.03803099528163388,0.0,1.0,1.0,267.2839313572543,267.7160686427457,1.0,1.0,1.4945397815912635,1.860493478939158,0.0021320852834113366,1.1341653666146645,1.388455538221529,0.0,7029.691107644306,0.12792511700468018,0.0,14.953198127925116,0.0,20.0,258.1653666146646,30.0,493.4539781591264,10.0,0.0,0.0,0.0
547,0.2689279539101109,0.2810435758372015,0.24876968194511076,0.2636337030415694,0.9793070159035027,0.9792971793226316,322.0,328.0,3.7605590062111798,4.340497967479673,0.0,0.0,3.761231884057971,4.343394308943089,4.055,1.6,1.6,580.5891200000001,599.97504,269.78009999999995,235.82529999999994,-189.19097999999985,-135.8502599999999,-136973.25725999998,-163223.6036599999,-12.301288410256417,-12.515227090941364,4.053205128205131,0.036092506941322905,0.0,1.0,1.0,277.0861538461538,277.50307692307695,1.0,1.0,1.5046153846153847,1.816252553846154,0.0,1.0153846153846153,1.1353846153846154,0.0,6992.930769230769,0.0,0.0,15.0,0.0,20.0,243.19230769230768,30.0,479.62307692307695,10.0,0.0,0.0,0.0
548,0.268967437917802,0.2810747298613391,0.24931969895615153,0.26375583071648945,0.9793475665684985,0.9793400117309331,322.0,342.0,3.938819875776398,3.719639376218319,0.0,0.0,3.941407867494824,3.721929824561404,3.828363453815261,1.6,1.6,617.11264,623.9990400000002,196.22779999999997,217.90469999999988,-79.11515999999992,-93.90565999999973,-137052.37241999997,-163317.5093199999,-12.529977510040169,-12.733639341332669,3.825928714859439,0.0019232902650258307,0.0,1.0,1.0,272.28915662650604,272.71234939759034,1.0,1.0,1.5150602409638554,1.8691440963855426,0.0,1.3072289156626506,1.0843373493975903,0.0,6715.140060240964,0.0,0.0,15.0,0.0,20.0,229.55572289156626,30.0,496.1656626506024,10.0,0.0,0.0,0.0
549,0.26893261865755863,0.2810192036126689,0.24834228131889605,0.2624579154276362,0.9793900266074712,0.979383125936055,328.0,339.0,3.752388211382113,4.006047197640119,0.0017784552845528457,0.0,3.752591463414634,4.008062930186824,3.882433783108446,1.6,1.6,607.24608,623.1024000000001,171.3089999999999,287.0667999999999,-64.0629199999999,-163.96439999999978,-137116.43533999997,-163481.4737199999,-12.403836681659167,-12.516987721184089,3.8813093453273324,0.025743951597857584,0.0,1.0,1.0,271.6551724137931,272.0794602698651,1.0,1.0,1.5082458770614693,1.8446004197901038,0.0008745627186406797,1.2788605697151425,1.1859070464767616,0.0,6883.7796101949025,0.05247376311844078,0.0,14.961019490254873,0.0,20.0,232.82608695652175,30.0,488.49325337331334,10.0,0.0,0.0,0.0
550,0.26890559461380764,0.28120224756839973,0.24673641306801686,0.2605568693021455,0.9794329456252476,0.9794250179159593,351.0,315.0,4.091595441595439,3.1350793650793642,0.0,0.0,4.096011396011395,3.1384126984126985,3.6430930930930923,1.6,1.6,664.4867200000001,586.38848,133.96779999999995,277.5115999999999,30.51892000000015,-191.12311999999991,-137085.91641999997,-163672.5968399999,-12.509883883883884,-12.669910094187285,3.6391891891891883,0.001911048851137206,0.0,1.0,1.0,273.16066066066065,273.56756756756755,1.0,1.0,1.472972972972973,1.8781909909909913,0.0,1.2957957957957957,1.1756756756756757,0.0,6682.816816816817,0.0,0.0,15.0,0.0,20.0,218.35135135135135,30.0,498.975975975976,10.0,0.0,0.0,0.0
551,0.2689385071283876,0.2810292588043704,0.24624959122860773,0.2599577895466825,0.9794743014940152,0.9794670382715621,341.0,325.0,3.616324535679374,4.410923076923074,0.0,0.0,3.617839687194526,4.411897435897436,4.00533033033033,1.6,1.6,640.57376,600.11936,237.10059999999993,202.22019999999995,-96.52683999999994,-102.10083999999992,-137182.44325999997,-163774.6976799999,-12.56348188188189,-12.675921306903904,4.00407907907908,0.02762247472084294,0.0,1.0,1.0,274.25375375375376,274.6981981981982,1.0,1.0,1.487987987987988,1.862902582582582,0.0,1.2912912912912913,0.9984984984984985,0.0,6799.801801801802,0.0,0.0,15.0,0.0,20.0,240.24474474474474,30.0,494.20120120120123,10.0,0.0,0.0,0.0
552,0.2689883787847808,0.28100713720739273,0.24802450170453866,0.2615386776332428,0.9795143674567367,0.9795096218815271,326.0,331.0,3.566462167689163,3.572960725075528,0.0,0.0,3.5697852760736195,3.575025176233636,3.572425164890918,1.6,1.6,593.50368,613.35296,296.3502999999999,246.46649999999988,-202.84661999999986,-133.11353999999983,-137385.28987999997,-163907.8112199999,-12.232795332318618,-12.612231615640793,3.569736174530695,-0.013103052949961714,0.0,1.0,1.0,281.57686453576866,282.0319634703196,1.0,1.0,1.5038051750380517,1.8369203044140023,0.0,1.0547945205479452,1.08675799086758,0.0,6923.698630136986,0.0,0.0,15.0,0.0,20.0,214.1841704718417,30.0,486.089802130898,10.0,0.0,0.0,0.0
553,0.2690247327388328,0.2810565000946531,0.2470232458359688,0.2608911111625773,0.9795557744200414,0.9795506727441231,326.0,309.0,3.586860940695298,3.56073354908306,0.0,0.0,3.589212678936606,3.562998921251349,3.576456692913386,1.6,1.6,610.31744,561.05376,215.62869999999992,336.26199999999983,-105.31125999999989,-275.2082399999998,-137490.60113999996,-164183.0194599999,-12.281421522309708,-12.552241996340005,3.574146981627296,0.006871066568513109,0.0,1.0,1.0,275.2740157480315,275.7228346456693,1.0,1.0,1.4866141732283464,1.8446790551181107,0.0,1.3905511811023623,1.0929133858267717,0.0,6874.707086614173,0.0,0.0,15.0,0.0,20.0,214.4488188976378,30.0,488.51023622047245,10.0,0.0,0.0,0.0
554,0.2690926564795221,0.2807650126155459,0.24751303904211336,0.26143048636789223,0.9795974318671463,0.9795930727788986,308.0,339.0,3.601352813852814,4.729006882989183,0.0,0.0,3.602435064935065,4.730088495575221,4.193276661514684,1.6,1.6,576.69696,620.3798400000001,247.38329999999993,125.2236999999999,-170.68633999999994,-4.843859999999836,-137661.28747999994,-164187.8633199999,-12.561948480164865,-12.677549546788551,4.192194744976818,0.004296080345677686,0.0,1.0,1.0,279.75888717156107,280.1854714064915,1.0,1.0,1.5239567233384854,1.8501959814528608,0.0,1.2102009273570324,1.1576506955177743,0.0,6786.820710973725,0.0,0.0,15.0,0.0,20.0,251.53168469860896,30.0,490.2272024729521,10.0,0.0,0.0,0.0
555,0.26910987195853353,0.2808431010179851,0.24786426414113902,0.261304490557394,0.9796383480862527,0.9796346045211275,323.0,318.0,4.278844169246645,3.4940251572327057,0.0,0.0,4.283642930856553,3.4969077568134175,3.8933437337493504,1.6,1.6,600.18624,569.9539199999999,182.4819999999999,331.1670999999999,-82.29575999999992,-261.21317999999997,-137743.58323999995,-164449.07649999988,-12.291649713988575,-12.450179694175722,3.88949557982319,0.02785734088270039,0.0,1.0,1.0,276.28705148205927,276.73634945397816,1.0,1.0,1.4960998439937598,1.825491669266772,0.0,1.3978159126365055,1.1622464898595943,0.0,6962.413416536661,0.0,0.0,15.0,0.0,20.0,233.36973478939157,30.0,482.51794071762873,10.0,0.0,0.0,0.0
556,0.26915780333039174,0.2808044628316345,0.2484332439326314,0.26176048811542196,0.9796802037132637,0.9796766659955275,317.0,320.0,3.9326498422712945,3.3499479166666672,0.0,0.0,3.9356992639327024,3.353489583333333,3.6432234432234436,1.6,1.6,590.3894400000001,575.7446400000001,198.35149999999987,215.69159999999988,-107.96205999999972,-139.94695999999976,-137851.54529999994,-164589.02345999988,-12.223067085295648,-12.675466635987013,3.6399267399267377,-0.02699233738007297,0.0,1.0,1.0,285.4725274725275,285.93563579277867,1.0,1.0,1.5023547880690737,1.8306657456828885,0.0,1.2590266875981162,0.9324960753532182,0.0,6866.5855572998435,0.0,0.0,15.0,0.0,20.0,218.3956043956044,30.0,484.1302982731554,10.0,0.0,0.0,0.0
557,0.26904742786830704,0.280903913776188,0.24845607784265292,0.2620177961293464,0.9797203051307931,0.9797167900762729,340.0,300.0,3.9290196078431334,3.641944444444444,0.0,0.0,3.9314705882352947,3.6431666666666667,3.796328125,1.6,1.6,621.66464,544.9990400000002,144.1627999999999,384.55889999999994,-22.498159999999928,-339.5598599999998,-137874.04345999993,-164928.5833199999,-12.238013125,-12.57842007323987,3.794453124999998,0.0023383960218983173,0.0,1.0,1.0,282.1390625,282.5328125,1.0,1.0,1.46875,1.8229119999999999,0.0,1.1734375,1.1375,0.0,6885.5109375,0.0,0.0,15.0,0.0,20.0,227.6671875,30.0,481.7015625,10.0,0.0,0.0,0.0
558,0.26913145573938524,0.2809348003666213,0.24813508251117142,0.2617460060087921,0.9797603405837001,0.9797579442656635,323.0,299.0,3.63875128998968,3.71783723522854,0.0,0.0,3.63937048503612,3.7209030100334455,3.6785637727759917,1.6,1.6,594.9830400000001,549.5151999999999,315.80419999999987,185.36989999999977,-220.8211599999998,-135.85469999999984,-138094.86461999992,-165064.43801999989,-12.294380278670953,-12.53264184894176,3.676768488745981,0.038953819716018336,0.0,1.0,1.0,286.2475884244373,286.64308681672026,1.0,1.0,1.4807073954983923,1.8400293247588433,0.0,1.1382636655948553,1.0160771704180065,0.0,6808.823151125402,0.0,0.0,15.0,0.0,20.0,220.60610932475885,30.0,487.05787781350483,10.0,0.0,0.0,0.0
559,0.26923301082122447,0.2809961242341337,0.24794521784720047,0.2615845498685808,0.9798010239787736,0.9797974253533623,329.0,297.0,4.128875379939215,3.8685746352413006,0.0,0.0,4.129584599797366,3.87003367003367,4.006443024494143,1.6,1.6,609.3011200000001,551.00224,160.61289999999997,236.95449999999994,-51.311779999999885,-185.9522599999999,-138146.1763999999,-165250.39027999988,-12.507295207667728,-12.825169599930332,4.005378061767836,-0.0138216065408707,0.0,1.0,1.0,287.3674121405751,287.8019169329074,1.0,1.0,1.47444089456869,1.8535197444089473,0.0,1.1773162939297124,0.9696485623003195,0.0,6918.35303514377,0.0,0.0,15.0,0.0,20.0,240.32268370607028,30.0,491.2635782747604,10.0,0.0,0.0,0.0
560,0.2692068503121858,0.28086311459732377,0.24740827680904945,0.2606664419674047,0.9798407085240861,0.9798379737311161,324.0,338.0,3.9651234567901215,4.085848126232746,0.0,0.0,3.967181069958848,4.086637080867851,4.028172205438066,1.6,1.6,587.17344,627.4953600000001,294.8129999999999,100.95499999999993,-207.63955999999985,26.54036000000019,-138353.81595999992,-165223.84991999986,-12.403067472306136,-12.447252884673668,4.02676233635448,0.05208860754734469,0.0,1.0,1.0,284.1465256797583,284.55438066465257,1.0,1.0,1.5105740181268883,1.8348471299093652,0.0,1.1525679758308156,1.2054380664652569,0.0,6790.549848942598,0.0,0.0,15.0,0.0,20.0,241.60574018126889,30.0,485.4380664652568,10.0,0.0,0.0,0.0
561,0.2691945706010891,0.28089003885955566,0.24723341259997902,0.2601399160697519,0.9798813264810465,0.9798771915702907,314.0,356.0,3.7173566878980906,3.620084269662922,0.0,0.0,3.717569002123142,3.623970037453184,3.667835820895522,1.6,1.6,584.3491200000001,657.30848,244.13489999999993,192.93299999999996,-159.78577999999985,-35.62451999999993,-138513.60173999993,-165259.47443999987,-12.369643781094528,-12.690351947224633,3.6656716417910427,-0.010564407856454695,0.0,1.0,1.0,277.80149253731344,278.2283582089552,1.0,1.0,1.5313432835820895,1.853220298507461,0.0,1.144776119402985,1.2761194029850746,0.0,7006.562686567164,0.0,0.0,15.0,0.0,20.0,219.9402985074627,30.0,491.1820895522388,10.0,0.0,0.0,0.0
562,0.2689697333256247,0.2807930783602933,0.24718003285180193,0.26006815070833744,0.9799223390281276,0.9799168696378547,338.0,307.0,4.887376725838264,3.6894136807817617,0.0,0.0,4.887376725838264,3.6914766558089034,4.318165374677003,1.6,1.6,628.5497600000001,575.1664000000001,171.88519999999986,457.6630999999999,-43.33543999999975,-382.4966999999998,-138556.93717999992,-165641.97113999986,-12.708833281653746,-12.649994549303583,4.317183462532302,0.06427171988522891,0.0,1.0,1.0,287.73798449612406,288.1968992248062,1.0,1.0,1.475968992248062,1.866226604651163,0.0,1.2775193798449613,1.0372093023255815,0.0,6956.711627906977,0.0,0.0,15.0,0.0,20.0,259.031007751938,30.0,495.2480620155039,10.0,0.0,0.0,0.0
563,0.2689786651450399,0.2807821985409357,0.24701511612856805,0.2599181861633133,0.9799616240254203,0.9799566884431674,335.0,297.0,4.222338308457712,3.6597643097643093,0.0,0.0,4.226119402985075,3.6597643097643098,3.9599683544303796,1.6,1.6,627.29632,556.13792,297.7528,256.3974999999999,-170.45647999999994,-200.25957999999991,-138727.3936599999,-165842.23071999988,-12.603166455696197,-12.765640051682729,3.957964135021098,0.031288720431835344,0.0,1.0,1.0,290.8544303797468,291.26740506329116,1.0,1.0,1.4699367088607596,1.872522531645569,0.0,1.2215189873417722,0.9873417721518988,0.0,6912.7927215189875,0.0,0.0,15.0,0.0,20.0,237.47784810126583,30.0,497.2104430379747,10.0,0.0,0.0,0.0
564,0.26893539943398365,0.2805915935693207,0.2469763818774596,0.25953105114222375,0.9800002745356392,0.9799958895313665,337.0,319.0,3.7503956478733924,4.661389759665621,0.0,0.0,3.7541543026706226,4.663009404388714,4.196112804878049,1.6,1.6,632.78624,582.0928000000001,147.07209999999992,199.67949999999988,-14.2858599999999,-117.58669999999975,-138741.67951999992,-165959.81741999986,-12.573041463414631,-12.49882251997835,4.193394308943086,0.051044160406123446,0.0,1.0,1.0,286.7042682926829,287.1204268292683,1.0,1.0,1.486280487804878,1.8519497560975628,0.0,1.423780487804878,1.1814024390243902,0.0,6720.057926829269,0.0,0.0,15.0,0.0,20.0,251.60365853658536,30.0,490.780487804878,10.0,0.0,0.0,0.0
565,0.2689714764092076,0.28062683256048515,0.2461103047377829,0.25854681025431575,0.9800394923784018,0.9800349047932652,340.0,323.0,4.016813725490194,3.756295149638803,0.0,0.0,4.018578431372549,3.759081527347781,3.892156862745098,1.6,1.6,625.29792,587.9894400000001,288.77109999999993,204.44769999999986,-163.47317999999996,-116.4582599999998,-138905.15269999992,-166076.27567999988,-12.318999698340878,-12.554709953562,3.8898944193061826,0.03191481711253692,0.0,1.0,1.0,287.9457013574661,288.3996983408748,1.0,1.0,1.4871794871794872,1.8299960180995478,0.0,1.1568627450980393,1.0467571644042233,0.0,6841.773755656109,0.0,0.0,15.0,0.0,20.0,233.39366515837105,30.0,483.9185520361991,10.0,0.0,0.0,0.0
566,0.26897120708075395,0.28052241571976977,0.24602087316829216,0.25881185733167933,0.9800793737211384,0.980075256495464,328.0,344.0,3.9223577235772358,3.920155038759689,0.0,0.0,3.92510162601626,3.924418604651163,3.9247519841269836,1.6,1.6,614.27552,631.4387200000001,246.49449999999996,185.92079999999993,-132.21897999999993,-54.482079999999826,-139037.37167999992,-166130.75775999986,-12.475006746031744,-12.496454115703992,3.92123015873016,0.0401176315961404,0.0,1.0,1.0,280.40625,280.8482142857143,1.0,1.0,1.5119047619047619,1.8537414285714295,0.0,1.2901785714285714,1.2425595238095237,0.0,6948.34375,0.0,0.0,15.0,0.0,20.0,235.27380952380952,30.0,491.3422619047619,10.0,0.0,0.0,0.0
567,0.2688353133808655,0.2805768270486473,0.24600565310898892,0.25886632622086403,0.980119442450587,0.9801139610618543,363.0,285.0,4.601561065197426,3.248362573099415,0.026308539944903585,0.0,4.576813590449955,3.2516374269005848,3.9939814814814816,1.6,1.6,672.98784,526.87616,125.35789999999987,444.76269999999994,47.62994000000013,-417.8865399999999,-138989.7417399999,-166548.64429999987,-12.496409465020584,-12.68464164714508,4.006404320987654,0.005534851305643146,0.0,1.0,1.0,289.2253086419753,289.6712962962963,1.0,1.0,1.4398148148148149,1.8516419753086437,0.014737654320987656,1.3564814814814814,0.9799382716049383,0.0,6837.967592592592,0.8842592592592593,0.0,14.748456790123457,0.0,20.0,239.5,30.0,490.69135802469134,10.0,0.0,0.0,0.0
568,0.26898436394681685,0.28038568015604837,0.2463415202816874,0.2589586736078551,0.9801587403256763,0.9801536834235098,346.0,300.0,3.1107418111753375,4.473944444444444,0.0,0.0,3.1163776493256266,4.475111111111111,3.7473684210526312,1.6,1.6,629.6528000000001,561.8329600000001,280.7152999999999,204.88509999999997,-151.06249999999983,-143.0521399999999,-139140.8042399999,-166691.69643999988,-12.347603921568629,-12.644359518580508,3.7438080495356045,0.00244784559210743,0.0,1.0,1.0,290.5990712074303,291.00619195046437,1.0,1.0,1.4643962848297214,1.8444052012383905,0.0,1.2445820433436532,1.130030959752322,0.0,6892.111455108359,0.0,0.0,15.0,0.0,20.0,224.62848297213623,30.0,488.41640866873064,10.0,0.0,0.0,0.0
569,0.2690980747804158,0.2803288978086557,0.24630493383780624,0.25886967329771793,0.9801981857965567,0.9801935963566558,307.0,321.0,3.3711726384364837,3.9919003115264773,0.0,0.0,3.375135722041259,3.9927310488058145,3.6908174097664546,1.6,1.6,563.19264,595.24256,389.6826999999999,161.88289999999995,-326.4900599999999,-66.64033999999992,-139467.29429999992,-166758.3367799999,-12.326893842887467,-12.710322234138983,3.6884554140127337,-0.007840600616550245,0.0,1.0,1.0,299.96815286624206,300.390127388535,1.0,1.0,1.5111464968152866,1.8446420382165618,0.0,0.9888535031847133,1.0207006369426752,0.0,6938.089171974522,0.0,0.0,15.0,0.0,20.0,221.30732484076432,30.0,488.49044585987264,10.0,0.0,0.0,0.0
570,0.2690106699333052,0.2802317392272262,0.24649828722040049,0.25903572354400134,0.9802360645818231,0.9802324291482379,318.0,327.0,4.5316037735849095,3.5565749235474,0.0,0.0,4.535272536687631,3.5599898063200817,4.040826873385013,1.6,1.6,592.48224,600.38944,178.22199999999992,185.87839999999989,-85.73975999999988,-85.48895999999985,-139553.03405999992,-166843.82573999988,-12.495268837209302,-12.660226427059033,4.037286821705428,0.026298802326241405,0.0,1.0,1.0,291.0062015503876,291.4248062015504,1.0,1.0,1.5069767441860464,1.8494134573643424,0.0,1.2635658914728682,1.062015503875969,0.0,6823.869767441861,0.0,0.0,15.0,0.0,20.0,242.23720930232557,30.0,489.98604651162793,10.0,0.0,0.0,0.0
571,0.26909621402832395,0.28002722407858244,0.24640973722903825,0.25842141615649544,0.9802753660367514,0.9802717745459038,315.0,338.0,4.100687830687828,4.402366863905326,0.0,0.0004437869822485207,4.103703703703704,4.402416173570019,4.258320571720265,1.6,1.6,577.71936,624.51872,250.13409999999988,231.79019999999997,-172.41473999999982,-107.27147999999994,-139725.44879999993,-166951.09721999988,-12.53284389994895,-12.601551841326582,4.256840224604386,0.013159950931383368,0.0,1.0,1.0,291.1179173047473,291.56508422664626,1.0,1.0,1.5176110260336906,1.8410996630934156,0.00022970903522205206,1.114854517611026,1.2557427258805514,0.0,6820.108728943338,0.013782542113323124,0.0,14.986217457886676,0.0,20.0,255.39663093415007,30.0,487.38284839203675,10.0,0.0,0.0,0.0
572,0.26909351469229076,0.27988701512678676,0.24706893618017856,0.2590688736783079,0.9803146723968983,0.9803101136061747,336.0,319.0,4.137896825396824,3.9645768025078407,0.0,0.0,4.139434523809523,3.9665099268547546,4.055216284987278,1.6,1.6,619.2675200000001,589.38944,188.03219999999996,293.7912999999999,-68.76467999999986,-204.40185999999989,-139794.21347999992,-167155.4990799999,-12.476775776081423,-12.574991845461778,4.053486005089059,0.036662353627577145,0.0,1.0,1.0,289.74503816793896,290.1847328244275,1.0,1.0,1.4870229007633589,1.8452778015267168,0.0,1.2916030534351146,1.151145038167939,0.0,6944.557251908397,0.0,0.0,15.0,0.0,20.0,243.20916030534352,30.0,488.69770992366415,10.0,0.0,0.0,0.0
573,0.2691973621107418,0.2797488157168544,0.24822264471018443,0.2602784486588615,0.9803523022708364,0.9803487255893891,318.0,351.0,3.298270440251571,4.551282051282049,0.0,0.008689458689458692,3.301205450733753,4.545156695156694,3.953861484803189,1.6,1.6,574.94784,657.25696,324.21539999999993,123.32359999999991,-249.2675599999999,33.933360000000135,-140043.48103999993,-167121.5657199999,-12.41699152964624,-12.574578855779288,3.955680119581462,0.012135777658262521,0.0,1.0,1.0,288.2585949177877,288.6741405082212,1.0,1.0,1.5246636771300448,1.8418606875934236,0.004559043348281017,1.1195814648729447,1.210762331838565,0.0,6688.239162929746,0.273542600896861,0.0,14.896860986547086,0.0,20.0,237.06726457399103,30.0,487.62481315396116,10.0,0.0,0.0,0.0
574,0.26915322259943647,0.2797334996564577,0.24731423233581176,0.25957149749395886,0.9803908768258677,0.9803863975380533,322.0,309.0,4.048033126293997,3.5495685005393725,0.0,0.0,4.051138716356108,3.549892125134843,3.8056788166930793,1.6,1.6,583.18112,578.61216,261.23379999999986,400.31699999999995,-178.0526799999999,-321.70483999999993,-140221.53371999992,-167443.2705599999,-12.352292234548342,-12.679447099137143,3.803935552033807,-0.015350562849923734,0.0,1.0,1.0,296.3835182250396,296.81774960380346,1.0,1.0,1.4896988906497624,1.8411937876386686,0.0,1.080824088748019,1.0316957210776545,0.0,6944.185419968304,0.0,0.0,15.0,0.0,20.0,228.23613312202852,30.0,487.42472266244056,10.0,0.0,0.0,0.0
575,0.26916950336137335,0.279674132066271,0.2466181947177196,0.25909567406343537,0.9804294361459701,0.9804241107842531,323.0,308.0,4.0395768833849335,4.029004329004324,0.0028379772961816306,0.0,4.041382868937049,4.031222943722944,4.036423666138405,1.6,1.6,589.9104000000001,569.93632,213.62309999999985,233.08999999999986,-123.71269999999976,-163.15367999999984,-140345.24641999992,-167606.42423999988,-12.425790174326458,-12.648928578324156,4.034416270470152,-0.004066794414095276,0.0,1.0,1.0,296.29001584786056,296.72900158478603,1.0,1.0,1.4881141045958794,1.8381089064976244,0.0014527205493924985,1.1949286846275753,1.0681458003169573,0.0,6849.965134706815,0.08716323296354993,0.0,14.952456418383518,0.0,20.0,241.97781299524564,30.0,486.44374009508715,10.0,0.0,0.0,0.0
576,0.2691251679448141,0.2795715944013282,0.24678029898507775,0.25938385030815536,0.9804676636549694,0.9804606815783047,304.0,358.0,3.8248355263157903,4.192225325884543,0.0,0.0,3.8275767543859645,4.19427374301676,4.02588116817724,1.6,1.6,547.8979200000001,667.7408,304.8077999999999,99.92959999999997,-256.90987999999976,67.81120000000007,-140602.15629999992,-167538.61303999988,-12.410629808660623,-12.62173096311493,4.023514602215502,0.011055174971760309,0.0,1.0,1.0,293.60574018126886,294.0513595166163,1.0,1.0,1.540785498489426,1.8363122658610278,0.0,1.1193353474320242,1.2824773413897281,0.0,6780.2749244712995,0.0,0.0,15.0,0.0,20.0,241.41087613293053,30.0,485.8987915407855,10.0,0.0,0.0,0.0
577,0.2690118198981642,0.279609899148956,0.24722325174594456,0.2597897437267271,0.9805063278701297,0.9804972078342324,328.0,321.0,4.0793699186991885,3.478608515057114,0.0,0.0,4.084197154471545,3.482139148494289,3.786414997431946,1.6,1.6,602.33312,593.07168,171.97799999999995,366.35159999999996,-69.64487999999994,-273.27991999999995,-140671.80117999992,-167811.89295999988,-12.347941448382123,-12.685595232762092,3.7822290703646613,-0.013881227140698877,0.0,1.0,1.0,294.84283513097074,295.291217257319,1.0,1.0,1.494607087827427,1.8419180277349776,0.0,1.1556240369799693,1.0523882896764252,0.0,6781.237288135593,0.0,0.0,15.0,0.0,20.0,226.9337442218798,30.0,487.63790446841296,10.0,0.0,0.0,0.0
578,0.2690030620900452,0.27954353248059255,0.24657170312844873,0.25912432738301056,0.9805435320894074,0.9805351138439914,341.0,317.0,3.934750733137827,3.8698738170346973,0.0,0.0,3.93475073313783,3.87124079915878,3.9041540020263423,1.6,1.6,615.71072,583.0614400000001,232.34919999999988,264.27089999999987,-116.63847999999984,-181.2094599999998,-140788.43965999992,-167993.1024199999,-12.275163323201616,-12.53067406257132,3.903495440729484,0.002283772688776699,0.0,1.0,1.0,297.10182370820667,297.5273556231003,1.0,1.0,1.4817629179331306,1.8218421884498484,0.0,1.1094224924012157,1.1519756838905775,0.0,6808.317629179332,0.0,0.0,15.0,0.0,20.0,234.209726443769,30.0,481.3662613981763,10.0,0.0,0.0,0.0
579,0.26905611094519793,0.2795917965107725,0.2466249411245669,0.25872962057319365,0.9805814513544152,0.9805731665664398,330.0,338.0,4.066010101010101,3.9522682445759387,0.0,0.0,4.066818181818181,3.9534023668639056,4.00943113772455,1.6,1.6,620.4704000000002,608.2819200000001,264.7155999999999,198.62819999999996,-144.24519999999973,-90.34627999999984,-140932.68485999992,-168083.4486999999,-12.42358023952096,-12.605359436648545,4.0084580838323305,0.08478608174311884,0.0,1.0,1.0,296.4955089820359,296.93263473053895,1.0,1.0,1.5059880239520957,1.8394495808383242,0.0,1.311377245508982,1.095808383233533,0.0,6742.232035928144,0.0,0.0,15.0,0.0,20.0,240.5074850299401,30.0,486.88473053892216,10.0,0.0,0.0,0.0
580,0.2690396866880088,0.27967256087675413,0.24694842724768998,0.2594299038577773,0.9806180237864788,0.9806102816181885,316.0,324.0,3.8633966244725735,3.725565843621398,0.0,0.0,3.8693565400843872,3.7265946502057608,3.7970833333333336,1.6,1.6,596.49152,586.82304,268.1915999999999,320.75259999999986,-171.70007999999984,-233.92955999999987,-141104.38493999993,-168317.37825999988,-12.394910624999998,-12.560624488445082,3.7936197916666607,0.0071000120490884,0.0,1.0,1.0,296.490625,296.9390625,1.0,1.0,1.50625,1.8489290000000014,0.0,1.1078125,1.1515625,0.0,7045.284375,0.0,0.0,15.0,0.0,20.0,227.6171875,30.0,489.8453125,10.0,0.0,0.0,0.0
581,0.26913232044887764,0.27964802821211315,0.24744097725490227,0.2601876271092389,0.9806544914942368,0.9806466491184043,336.0,317.0,3.9847718253968245,3.7436382754994737,0.0,0.0,3.98561507936508,3.7456887486855943,3.869142419601838,1.6,1.6,633.3075200000001,575.2608,134.6803999999999,248.30129999999994,-1.3728799999998387,-173.04049999999992,-141105.75781999994,-168490.41875999988,-12.435770699336395,-12.58784980407546,3.8677131189382354,0.010187868551895117,0.0,1.0,1.0,297.906584992343,298.3292496171516,1.0,1.0,1.4854517611026035,1.8507937519142428,0.0,1.2710566615620214,1.0918836140888208,0.0,6761.921898928024,0.0,0.0,15.0,0.0,20.0,232.06278713629402,30.0,490.4150076569678,10.0,0.0,0.0,0.0
582,0.26925737584893533,0.27955651596065373,0.2470857424687575,0.259629077317518,0.9806919003879909,0.9806848399391944,324.0,315.0,3.3989711934156372,4.186560846560846,0.0,0.0,3.4029320987654317,4.187724867724867,3.789801773604591,1.6,1.6,599.1075200000001,584.8643200000001,316.4208999999999,216.33649999999994,-217.31337999999977,-131.4721799999998,-141323.07119999995,-168621.8909399999,-12.416018570683358,-12.687425140913804,3.787219613980176,0.0004113467539752198,0.0,1.0,1.0,301.65884194053206,302.11424100156495,1.0,1.0,1.4929577464788732,1.852851079812207,0.0,1.1564945226917058,1.15962441314554,0.0,6909.4303599374025,0.0,0.0,15.0,0.0,20.0,227.23317683881064,30.0,491.0625978090767,10.0,0.0,0.0,0.0
583,0.26926302480105346,0.27962138543316223,0.24805651205819373,0.260421618447632,0.9807279695708304,0.9807216348549658,335.0,325.0,4.389303482587064,3.7612820512820515,0.0,0.0,4.3910447761194025,3.7653846153846153,4.082954545454546,1.6,1.6,630.7059200000001,582.8464,182.76769999999993,156.80519999999993,-52.06177999999983,-73.95879999999991,-141375.13297999994,-168695.8497399999,-12.44777010101011,-12.596605982641286,4.080050505050505,0.006206056935405045,0.0,1.0,1.0,296.83484848484846,297.2818181818182,1.0,1.0,1.4924242424242424,1.838715636363635,0.0,1.3242424242424242,1.0151515151515151,0.0,6630.643939393939,0.0,0.0,15.0,0.0,20.0,244.8030303030303,30.0,486.6515151515151,10.0,0.0,0.0,0.0
584,0.2693107578086305,0.2797010265146274,0.24731547614167787,0.25974010188393415,0.9807640322410195,0.9807591060532141,321.0,323.0,3.4742471443406022,3.880340557275542,0.0,0.0,3.4769989615784005,3.883075335397317,3.680667701863354,1.6,1.6,592.96352,589.1600000000001,207.7204999999999,285.3286999999999,-114.75697999999988,-196.16869999999983,-141489.88995999994,-168892.0184399999,-12.268070807453414,-12.687124692694278,3.6779244306418186,-0.008032112842958954,0.0,1.0,1.0,301.43167701863354,301.9021739130435,1.0,1.0,1.5015527950310559,1.83559552795031,0.0,1.218944099378882,1.062111801242236,0.0,6983.585403726708,0.0,0.0,15.0,0.0,20.0,220.67546583850933,30.0,485.6770186335404,10.0,0.0,0.0,0.0
585,0.26925974670918285,0.2795307574534503,0.24881529653012338,0.2614787728231517,0.9808000177110349,0.980795812234409,315.0,312.0,3.935396825396826,4.277136752136749,0.0,0.005021367521367522,3.938095238095238,4.273397435897436,4.104944178628389,1.6,1.6,584.8419200000001,573.9708800000001,226.15579999999983,232.2425999999999,-141.31387999999976,-158.27171999999982,-141631.20383999994,-169050.2901599999,-12.515141945773534,-12.652521904987559,4.105449229133436,0.05966763191348059,0.0,1.0,1.0,303.8070175438597,304.2328548644338,1.0,1.0,1.4976076555023923,1.848186283891548,0.0024986709197235514,1.303030303030303,0.9090909090909091,0.0,6666.783094098883,0.14992025518341306,0.0,14.910685805422647,0.0,20.0,246.17703349282297,30.0,489.6092503987241,10.0,0.0,0.0,0.0
586,0.26909500568440436,0.27948237135340476,0.248706699861807,0.26109887830626516,0.9808365163236685,0.9808315600087418,347.0,305.0,4.839577329490873,3.4832786885245888,0.020076849183477425,0.0,4.820220941402497,3.486448087431694,4.19629345603272,1.6,1.6,640.21344,552.904,130.88859999999994,246.35829999999999,9.324840000000052,-193.4543,-141621.87899999996,-169243.7444599999,-12.444729856850708,-12.627921217482758,4.205112474437627,0.018856725719843162,0.0,1.0,1.0,301.87883435582825,302.32515337423314,1.0,1.0,1.4677914110429449,1.8299347239263815,0.010685071574642126,1.2392638036809815,1.0598159509202454,0.0,6740.240797546012,0.6411042944785276,0.0,14.89723926380368,0.0,20.0,251.66564417177915,30.0,483.90337423312883,10.0,0.0,0.0,0.0
587,0.26925520676050435,0.2794103185889525,0.24864206364524366,0.26119974589179,0.980873105000703,0.9808688880232602,334.0,317.0,3.7894710578842337,4.277865404837014,0.0,0.0,3.7948602794411173,4.281282860147213,4.0317204301075265,1.6,1.6,622.7062400000001,589.04192,252.02629999999985,194.39809999999989,-129.32005999999976,-105.35617999999988,-141751.19905999996,-169349.1006399999,-12.56347793138761,-12.708144648625405,4.027291346646185,0.0054867853763416905,0.0,1.0,1.0,301.70046082949307,302.12596006144395,1.0,1.0,1.4869431643625193,1.8613643010752694,0.0,1.1751152073732718,1.0706605222734256,0.0,6844.857142857143,0.0,0.0,15.0,0.0,20.0,241.63748079877112,30.0,493.7219662058372,10.0,0.0,0.0,0.0
588,0.26928327306436417,0.2794625212304378,0.24958896927497126,0.26196688408995894,0.9809095563140126,0.9809058833117386,342.0,317.0,4.237962962962965,3.774868559411144,0.038401559454191034,0.0,4.2024853801169595,3.776340694006309,3.9974962063732917,1.6,1.6,627.4297600000001,585.6099200000001,210.65469999999988,204.9468999999998,-83.22493999999978,-119.3369799999997,-141834.42399999994,-169468.4376199999,-12.4339530601922,-12.538023348591581,4.015199797673239,0.011240352438625548,0.0,1.0,1.0,302.80728376327767,303.2352048558422,1.0,1.0,1.4810318664643398,1.8407278907435527,0.0199291856348002,1.1927162367223065,1.2640364188163884,0.0,6757.943854324734,1.1957511380880121,0.0,14.863429438543248,0.0,20.0,239.71623672230652,30.0,487.2701062215478,10.0,0.0,0.0,0.0
589,0.26931770824637546,0.2793341430965736,0.2490303649062713,0.26113885526101277,0.9809447634777488,0.9809422534950065,329.0,332.0,3.4354103343465026,4.037901606425702,0.0,0.0,3.4413880445795337,4.039959839357429,3.74203227433182,1.6,1.6,591.8947200000001,622.3235200000001,311.5927999999999,156.02989999999994,-219.69807999999978,-33.7063799999998,-142054.12207999994,-169502.14399999988,-12.30024891578418,-12.540132877334504,3.7380231971759974,0.03433010078678025,0.0,1.0,1.0,300.43116490166415,300.86384266263235,1.0,1.0,1.502269288956127,1.8369413615733743,0.0,1.1573373676248109,1.2133131618759456,0.0,6886.841149773071,0.0,0.0,15.0,0.0,20.0,224.28139183055976,30.0,486.0998487140696,10.0,0.0,0.0,0.0
590,0.26938369172452387,0.2793017337634221,0.24908695043854234,0.26107287727821654,0.9809812702290146,0.9809776476230453,332.0,315.0,3.459287148594377,3.717777777777779,0.0,0.0,3.4623493975903608,3.7219576719576715,3.5887429160226683,1.6,1.6,609.57792,588.1049600000001,221.82399999999996,283.25289999999995,-112.24608,-195.14793999999983,-142166.36815999995,-169697.29193999988,-12.32480329726945,-12.578037498377489,3.585136527563112,0.008468944777260847,0.0,1.0,1.0,303.483771251932,303.90417310664606,1.0,1.0,1.4868624420401855,1.8511327357032465,0.0,1.1715610510046368,1.1885625965996909,0.0,6866.262751159196,0.0,0.0,15.0,0.0,20.0,215.10819165378672,30.0,490.52550231839257,10.0,0.0,0.0,0.0
591,0.2694305827879003,0.27918584568237576,0.24951559167984702,0.2614853063230831,0.9810169030022519,0.9810143577204932,316.0,340.0,3.641983122362871,4.21686274509804,0.0,0.0,3.6452531645569612,4.21906862745098,3.9426575203252034,1.6,1.6,569.8572800000001,626.0419200000001,309.8379,131.65629999999987,-239.98061999999993,-5.6143799999997555,-142406.34877999994,-169702.9063199999,-12.296894308943092,-12.516087588008325,3.9399390243902452,-0.0010511563016706593,0.0,1.0,1.0,304.0167682926829,304.4298780487805,1.0,1.0,1.5182926829268293,1.8230170731707318,0.0,1.1097560975609757,1.3079268292682926,0.0,6911.7911585365855,0.0,0.0,15.0,0.0,20.0,236.39634146341464,30.0,481.75,10.0,0.0,0.0,0.0
592,0.269361714839532,0.2792516544512423,0.2496438555857722,0.2614824038073857,0.9810530818511329,0.9810501061926235,328.0,316.0,4.063668699186991,3.5287974683544316,0.0,0.0,4.0668699186991875,3.5322784810126584,3.8045548654244308,1.6,1.6,603.94624,591.4339200000001,224.02109999999993,320.7498999999999,-120.07485999999994,-229.31597999999985,-142526.42363999994,-169932.2222999999,-12.441730020703949,-12.631319463458725,3.801216356107658,0.013873922179295202,0.0,1.0,1.0,303.84627329192546,304.2748447204969,1.0,1.0,1.4906832298136645,1.8561803726708082,0.0,1.2841614906832297,1.1754658385093169,0.0,7193.944099378882,0.0,0.0,15.0,0.0,20.0,228.07298136645963,30.0,492.1024844720497,10.0,0.0,0.0,0.0
593,0.2694102718219156,0.27901615292445364,0.2499965678157561,0.2618203207381006,0.9810889043923173,0.9810860225497186,316.0,325.0,3.323892405063293,4.824153846153843,0.0,0.0,3.3282172995780583,4.826,4.087623504940198,1.6,1.6,574.1564800000001,612.95168,288.38429999999994,236.2996999999999,-214.22781999999984,-123.34801999999988,-142740.65145999994,-170055.5703199999,-12.529616432657305,-12.659453014305992,4.084555382215289,0.01696504265817407,0.0,1.0,1.0,310.1076443057722,310.5335413416537,1.0,1.0,1.5070202808112325,1.8519628081123238,0.0,0.9953198127925117,1.282371294851794,0.0,6777.839313572543,0.0,0.0,15.0,0.0,20.0,245.0733229329173,30.0,490.7940717628705,10.0,0.0,0.0,0.0
594,0.26925620818396295,0.2790502782748257,0.2505770485309019,0.26250258544677635,0.9811246085574531,0.9811230747390821,307.0,349.0,4.671118349619976,4.03810888252149,0.0,0.002101241642788921,4.671824104234528,4.036914995224451,4.334044715447154,1.6,1.6,579.4636800000001,647.31456,265.0075999999999,173.10989999999987,-185.54391999999984,-25.79533999999984,-142926.19537999993,-170081.36565999992,-12.73901097560976,-12.700829536757261,4.3343495934959355,0.025049970140345275,0.0,1.0,1.0,304.2835365853659,304.719512195122,1.0,1.0,1.5320121951219512,1.8700887804878061,0.0011178861788617887,1.1875,1.1310975609756098,0.0,6748.193597560976,0.06707317073170732,0.0,14.939024390243903,0.0,20.0,259.9939024390244,30.0,496.4481707317073,10.0,0.0,0.0,0.0
595,0.26917440183048186,0.2791050187747188,0.25067620725282735,0.26235245658226486,0.9811591035825605,0.9811578699578705,327.0,331.0,4.192660550458714,3.3729103726082594,0.0,0.0,4.1955147808358815,3.375931520644512,3.7832320162107402,1.6,1.6,597.59072,618.0115200000001,169.73219999999992,265.87939999999986,-72.14147999999989,-147.86787999999973,-142998.33685999992,-170229.23353999993,-12.38043242147923,-12.611880502620021,3.780293819655519,0.010782075767123213,0.0,1.0,1.0,308.66413373860183,309.0866261398176,1.0,1.0,1.5030395136778116,1.8474198176291798,0.0,1.168693009118541,1.174772036474164,0.0,6989.206686930092,0.0,0.0,15.0,0.0,20.0,226.8176291793313,30.0,489.3647416413374,10.0,0.0,0.0,0.0
596,0.26931105876099604,0.2791861736109208,0.2496812861843573,0.2613182485831416,0.9811947310030774,0.9811917699834918,311.0,325.0,3.5274919614147895,3.74548717948718,0.0,0.0,3.530975348338693,3.7502051282051285,3.6430031446540876,1.6,1.6,570.96928,590.6288000000001,295.34969999999987,253.65819999999988,-224.38041999999984,-163.0293999999998,-143222.71727999992,-170392.26293999993,-12.196939832285125,-12.62026250920486,3.638888888888884,-0.01818665277447507,0.0,1.0,1.0,310.74213836477986,311.1823899371069,1.0,1.0,1.5110062893081762,1.8264120754716984,0.0,1.1367924528301887,1.0676100628930818,0.0,7077.402515723271,0.0,0.0,15.0,0.0,20.0,218.33333333333334,30.0,482.79716981132077,10.0,0.0,0.0,0.0
597,0.26919665657050595,0.27914486888255435,0.2507656643997202,0.2621970075601757,0.9812304737492116,0.9812259113331837,307.0,333.0,4.3662866449511375,3.7484984984984986,0.0,0.0,4.369543973941368,3.7526026026026016,4.048541666666666,1.6,1.6,581.02304,631.46432,203.98339999999993,181.75429999999994,-122.9603599999999,-50.2899799999999,-143345.67763999992,-170442.55291999993,-12.770791874999999,-12.740194127451062,4.044843750000002,0.04027857750196032,0.0,1.0,1.0,305.8515625,306.2859375,1.0,1.0,1.5203125,1.894511500000002,0.0,1.0953125,1.315625,0.0,7046.934375,0.0,0.0,15.0,0.0,20.0,242.690625,30.0,504.0890625,10.0,0.0,0.0,0.0
598,0.2691790707474561,0.2792037501946102,0.2505955456110374,0.26213476039204103,0.9812651981626453,0.9812607262869347,336.0,329.0,3.727380952380954,3.264893617021277,0.0,0.0,3.728968253968254,3.2661600810536986,3.4999999999999996,1.6,1.6,627.79456,593.3676800000001,127.54129999999992,246.4824999999999,0.2532600000001253,-153.11481999999984,-143345.42437999992,-170595.66773999992,-12.200778746867172,-12.622832268147015,3.498571428571426,-0.0018284493648118914,0.0,1.0,1.0,306.86917293233086,307.29624060150377,1.0,1.0,1.4947368421052631,1.8363341954887227,0.0,1.2721804511278196,1.218045112781955,0.0,6937.387969924812,0.0,0.0,15.0,0.0,20.0,209.9142857142857,30.0,485.9037593984962,10.0,0.0,0.0,0.0
599,0.26918704474792804,0.27922650166785423,0.25045012337853717,0.2622506784283555,0.9812985644834935,0.9812950283923001,327.0,306.0,3.663557594291542,3.548910675381268,0.0,0.0,3.666462793068298,3.5514161220043574,3.6108478146392833,1.6,1.6,607.12768,554.40128,275.9931999999999,339.97449999999986,-168.86551999999983,-285.5732199999998,-143514.28989999992,-170881.2409599999,-12.236284570826754,-12.585422996746773,3.6081358609794583,0.016118488421969092,0.0,1.0,1.0,315.9668246445498,316.40126382306477,1.0,1.0,1.4834123222748816,1.834958862559243,0.0,1.1311216429699842,1.0631911532385465,0.0,6869.317535545024,0.0,0.0,15.0,0.0,20.0,216.48815165876778,30.0,485.47077409162716,10.0,0.0,0.0,0.0
600,0.2691729638801358,0.27911638557613727,0.2507198865981652,0.2624560575933444,0.9813346262963031,0.9813307248887009,322.0,330.0,3.6620600414078686,4.143030303030306,0.0,0.0,3.6646997929606626,4.143989898989899,3.9072852760736194,1.6,1.6,591.09248,611.92256,265.3415999999999,153.26569999999992,-174.2491199999999,-41.34313999999995,-143688.5390199999,-170922.58409999992,-12.416592842535783,-12.586350600691066,3.9054959100204503,0.04122813713974252,0.0,1.0,1.0,310.35736196319016,310.8052147239264,1.0,1.0,1.5061349693251533,1.845115092024541,0.0,1.1319018404907975,1.151840490797546,0.0,6903.837423312883,0.0,0.0,15.0,0.0,20.0,234.329754601227,30.0,488.6457055214724,10.0,0.0,0.0,0.0
601,0.26924043625074706,0.2791394947371372,0.25058360559702025,0.26232954131273595,0.9813691331376821,0.9813662044267104,333.0,321.0,3.7600600600600624,4.057528556593979,0.0,0.0,3.7610110110110107,4.058566978193146,3.9070591233435272,1.6,1.6,609.2352000000001,615.5888000000001,184.0804999999999,267.2239999999999,-74.84529999999981,-151.63519999999977,-143763.3843199999,-171074.2192999999,-12.584220183486238,-12.649147095065029,3.906065239551477,0.036414460379420435,0.0,1.0,1.0,306.16819571865443,306.58868501529054,1.0,1.0,1.4908256880733946,1.8728195718654457,0.0,1.2370030581039755,1.2675840978593271,0.0,6987.983180428135,0.0,0.0,15.0,0.0,20.0,234.36391437308868,30.0,497.30886850152905,10.0,0.0,0.0,0.0
602,0.2693117035305623,0.279002416411355,0.2508200079688956,0.2623495749441013,0.9814038548178066,0.9814012645774972,311.0,325.0,3.5132368703108265,3.8748205128205124,0.0,0.0,3.5153804930332266,3.8774358974358973,3.700393081761007,1.6,1.6,571.0931200000001,602.0192000000001,304.9680999999999,179.07199999999992,-233.87497999999977,-77.05279999999985,-143997.2592999999,-171151.27209999991,-12.329992033542977,-12.609772032160306,3.698008385744232,-0.002246147082566882,0.0,1.0,1.0,316.6147798742138,317.05974842767296,1.0,1.0,1.5110062893081762,1.8445162264150943,0.0,1.1022012578616351,1.180817610062893,0.0,6893.1305031446545,0.0,0.0,15.0,0.0,20.0,221.88050314465409,30.0,488.4622641509434,10.0,0.0,0.0,0.0
603,0.2692465918720987,0.27900340310361815,0.2501580470698963,0.26174452828674394,0.9814377699582094,0.9814356161584732,327.0,326.0,4.085066258919475,3.5683026584867084,0.0,0.0,4.087410805300713,3.5690695296523525,3.8286370597243495,1.6,1.6,599.1248,603.1072,172.36769999999996,269.8088,-73.2428999999999,-166.70159999999998,-144070.5021999999,-171317.97369999991,-12.36092904543133,-12.587528438703567,3.827080142930066,0.007081806903562089,0.0,1.0,1.0,311.55895865237363,311.9571209800919,1.0,1.0,1.4992343032159265,1.8410903522205213,0.0,1.3139356814701377,1.1684532924961715,0.0,6923.251148545176,0.0,0.0,15.0,0.0,20.0,229.62480857580397,30.0,487.3935681470138,10.0,0.0,0.0,0.0
604,0.26937718438369873,0.27897808780126687,0.25051645989839033,0.2621266268246733,0.9814710466209374,0.9814701288372094,330.0,334.0,3.689545454545455,3.854940119760479,0.0,0.0,3.6938888888888894,3.8608782435129734,3.777886546184738,1.6,1.6,609.66688,619.7395200000001,244.30849999999992,206.09789999999984,-134.64161999999993,-86.35837999999976,-144205.1438199999,-171404.3320799999,-12.402141566265053,-12.687290194305595,3.7727409638554237,0.00034934335959301607,0.0,1.0,1.0,311.88102409638554,312.33734939759034,1.0,1.0,1.5030120481927711,1.851515662650604,0.0,1.2228915662650603,1.286144578313253,0.0,6930.659638554217,0.0,0.0,15.0,0.0,20.0,226.3644578313253,30.0,490.64006024096386,10.0,0.0,0.0,0.0
605,0.2693193612026754,0.2789782666892581,0.24949030218334495,0.26058277274042096,0.9815054962951146,0.9815040622409663,331.0,316.0,3.568076535750249,3.694198312236286,0.0,0.0,3.572507552870092,3.697362869198312,3.6334878928387426,1.6,1.6,605.7808,589.12096,255.02359999999985,263.4004999999999,-149.24279999999985,-174.27953999999994,-144354.38661999992,-171578.6116199999,-12.316654507985579,-12.593134728187536,3.629675425038639,0.0015127311002625973,0.0,1.0,1.0,316.79752704791343,317.24111282843893,1.0,1.0,1.4884080370942814,1.8468342503863997,0.0,1.1375579598145287,1.2797527047913446,0.0,6871.295208655332,0.0,0.0,15.0,0.0,20.0,217.7805255023184,30.0,489.1839258114374,10.0,0.0,0.0,0.0
606,0.26922395212369105,0.27886512607597375,0.25033324065296464,0.26150355181236995,0.9815404660197761,0.9815377782716215,323.0,337.0,3.8997936016511887,4.20766567754698,0.0,0.0,3.9028379772961816,4.20835806132542,4.058838383838384,1.6,1.6,584.3635200000001,627.4416000000001,294.8509999999999,222.64909999999992,-210.48747999999978,-95.20749999999981,-144564.87409999993,-171673.81911999988,-12.422518585858588,-12.552787273746988,4.056994949494947,0.015364314567817524,0.0,1.0,1.0,309.17424242424244,309.619696969697,1.0,1.0,1.5106060606060605,1.836068363636364,0.0,1.2030303030303031,1.3136363636363637,0.0,6974.334848484848,0.0,0.0,15.0,0.0,20.0,243.41969696969696,30.0,485.81363636363636,10.0,0.0,0.0,0.0
607,0.2693264001905269,0.278815023520527,0.2516910114177484,0.26267691302029,0.9815740899646502,0.9815725064759345,278.0,345.0,3.5876498800959213,3.723140096618358,0.0,0.0,3.5902278177458036,3.724975845410628,3.6648475120385227,1.6,1.6,514.63872,636.7264000000001,396.39489999999984,248.6494999999999,-381.7561799999998,-111.92309999999978,-144946.63027999992,-171785.74221999987,-12.337472873194223,-12.697195127610554,3.6626805778491147,0.01192089217478132,0.0,1.0,1.0,325.3996789727127,325.81861958266455,1.0,1.0,1.5537720706260032,1.848098105939004,0.0,0.9791332263242376,1.07223113964687,0.0,6866.614767255217,0.0,0.0,15.0,0.0,20.0,219.76083467094702,30.0,489.5730337078652,10.0,0.0,0.0,0.0
608,0.2690955412034357,0.2789492786824135,0.2521310216116189,0.26302312892350727,0.981608078181092,0.9816050545112861,293.0,324.0,5.008020477815698,3.459619341563786,0.03071672354948806,0.0,4.978498293515358,3.463425925925926,4.18290113452188,1.6,1.6,551.6620800000001,592.3676800000001,175.76379999999995,340.74019999999985,-124.10171999999989,-248.37251999999978,-145070.73199999993,-172034.11473999987,-12.587145542949763,-12.770352216858454,4.19492166396542,0.010988142158158421,0.0,1.0,1.0,319.0842787682334,319.52512155591575,1.0,1.0,1.5251215559157212,1.854181134521881,0.014586709886547814,1.2414910858995138,1.0388978930307942,0.0,6768.883306320908,0.8752025931928687,0.0,14.86709886547812,0.0,20.0,250.82009724473258,30.0,491.48136142625606,10.0,0.0,0.0,0.0
609,0.26915782317800735,0.2789581405578455,0.2518703003511342,0.26258393860909685,0.9816407144291395,0.981639449051166,322.0,315.0,4.202743271221532,3.744444444444443,0.0,0.0,4.205020703933747,3.7481481481481476,3.9790947148090003,1.6,1.6,594.8672,587.3344000000001,96.64479999999993,191.8570999999998,-1.7775999999999073,-104.52269999999973,-145072.50959999993,-172138.63743999987,-12.509986394557833,-12.668054647683185,3.976111983254836,0.01610515478950378,0.0,1.0,1.0,319.5211930926217,319.9434850863422,1.0,1.0,1.4945054945054945,1.855889481946625,0.0,1.0722135007849294,0.9984301412872841,0.0,6964.419152276295,0.0,0.0,15.0,0.0,20.0,238.56671899529042,30.0,492.0282574568289,10.0,0.0,0.0,0.0
610,0.26905929838681775,0.27887019032717897,0.2510964108761086,0.2618847624137837,0.9816749544496335,0.9816730328542237,332.0,307.0,4.4594377510040175,4.165038002171554,0.0,0.0,4.461897590361446,4.168403908794788,4.320892018779342,1.6,1.6,608.5984,574.2073600000001,218.69799999999998,243.7431999999999,-110.09960000000001,-169.53583999999978,-145182.60919999992,-172308.17327999987,-12.617322065727702,-12.604766476124778,4.3179968701095435,0.05184218088505788,0.0,1.0,1.0,320.05164319248826,320.5039123630673,1.0,1.0,1.4804381846635368,1.851026228482002,0.0,1.18622848200313,1.2206572769953052,0.0,6874.668231611893,0.0,0.0,15.0,0.0,20.0,259.0798122065728,30.0,490.4976525821596,10.0,0.0,0.0,0.0
611,0.2691464070111376,0.27881133226646754,0.25109279904582266,0.26209410515077236,0.9817082105293135,0.9817076458737267,333.0,321.0,4.2015015015014985,4.139044652128762,0.0,0.0,4.204454454454454,4.142315680166147,4.173955147808359,1.6,1.6,606.9366400000001,584.98688,238.37899999999982,182.86909999999992,-131.4423599999997,-97.88221999999988,-145314.0515599999,-172406.05549999987,-12.386204281345568,-12.460625533070111,4.170846075433233,0.023991860935180666,0.0,1.0,1.0,312.09327217125383,312.49847094801225,1.0,1.0,1.4908256880733946,1.822513027522938,0.0,1.27217125382263,1.3134556574923548,0.0,6845.434250764526,0.0,0.0,15.0,0.0,20.0,250.25076452599387,30.0,481.5902140672783,10.0,0.0,0.0,0.0
612,0.2692553514403741,0.27877057527504506,0.2521494572274427,0.2630807721511884,0.9817401283203216,0.9817411194286481,314.0,335.0,4.005997876857752,4.024925373134328,0.0,0.0,4.008811040339704,4.025870646766169,4.017616846430406,1.6,1.6,571.63232,617.5289600000001,350.0730999999999,225.15149999999997,-278.44077999999985,-107.62253999999987,-145592.4923399999,-172513.67803999988,-12.383271289162822,-12.664822626940824,4.0157678479712375,-0.009482471297072826,0.0,1.0,1.0,322.3682588597843,322.8043143297381,1.0,1.0,1.5161787365177195,1.8322978120184894,0.0,1.12326656394453,1.0631741140215716,0.0,6964.258859784283,0.0,0.0,15.0,0.0,20.0,240.94607087827427,30.0,484.6425269645609,10.0,0.0,0.0,0.0
613,0.26938196352941335,0.27873004609753427,0.2525730364981585,0.2633010843736615,0.9817731623800676,0.9817742413097105,300.0,328.0,3.4107777777777777,3.8833841463414656,0.0,0.0,3.414388888888889,3.884654471544716,3.660005307855626,1.6,1.6,559.78688,590.8515199999999,203.21589999999992,276.42539999999985,-143.42901999999992,-185.57387999999992,-145735.92135999992,-172699.2519199999,-12.23953609341825,-12.653783927318981,3.6576167728237783,-0.012766459952545422,0.0,1.0,1.0,329.5063694267516,329.94267515923565,1.0,1.0,1.5222929936305734,1.8322267515923576,0.0,1.03343949044586,1.164012738853503,0.0,7008.695859872611,0.0,0.0,15.0,0.0,20.0,219.45700636942675,30.0,484.60668789808915,10.0,0.0,0.0,0.0
614,0.2692657542029526,0.27880098727987884,0.2528290309750301,0.2634505060178213,0.9818059657869946,0.981807313854304,339.0,319.0,4.213028515240907,3.5855799373040758,0.0,0.0,4.21558505408063,3.5868861024033434,3.910790273556231,1.6,1.6,625.8873600000001,585.8144000000001,89.10729999999995,306.37359999999995,36.780060000000105,-220.55919999999986,-145699.14129999993,-172919.81111999988,-12.396031610942254,-12.504074272568857,3.9088399189462995,0.020736011447654877,0.0,1.0,1.0,314.0243161094225,314.451367781155,1.0,1.0,1.4848024316109423,1.8414920364741658,0.0,1.4376899696048633,1.3054711246200608,0.0,6900.54255319149,0.0,0.0,15.0,0.0,20.0,234.5303951367781,30.0,487.51063829787233,10.0,0.0,0.0,0.0
615,0.2693553298512649,0.2788236506169651,0.25384753828269435,0.26469890421863207,0.9818384562855789,0.9818396254904711,312.0,342.0,3.608707264957263,3.9082846003898646,0.0,0.0,3.6128739316239313,3.9099902534113067,3.768246687054027,1.6,1.6,570.80352,631.6918400000001,354.9468999999999,130.75269999999992,-284.14337999999987,0.9391400000001511,-145983.28467999992,-172918.87197999988,-12.321605708460758,-12.548630652838973,3.765366972477067,0.010238216535398945,0.0,1.0,1.0,321.07798165137615,321.48776758409787,1.0,1.0,1.5229357798165137,1.8386779204892978,0.0,1.198776758409786,1.1406727828746177,0.0,6792.039755351682,0.0,0.0,15.0,0.0,20.0,225.92201834862385,30.0,486.62079510703364,10.0,0.0,0.0,0.0
616,0.2694371214048588,0.2788612965799611,0.2544897389273377,0.265120800042498,0.9818706331052407,0.9818720521730794,334.0,324.0,4.064371257485031,2.964866255144033,0.0,0.0,4.065219560878243,2.967438271604938,3.5246707193515703,1.6,1.6,633.52864,582.04,85.6786999999999,320.35029999999995,47.84994000000009,-238.31029999999998,-145935.4347399999,-173157.1822799999,-12.27718824721378,-12.510066294736188,3.522973657548123,0.016218910654868662,0.0,1.0,1.0,313.91185410334344,314.3449848024316,1.0,1.0,1.4924012158054711,1.8473687537993921,0.0,1.5364741641337385,1.2583586626139818,0.0,6959.927051671732,0.0,0.0,15.0,0.0,20.0,211.37841945288753,30.0,489.3465045592705,10.0,0.0,0.0,0.0
617,0.26955767847305634,0.2788362184698469,0.25435179758600845,0.2646329999899444,0.9819035132655526,0.9819049630575863,317.0,316.0,3.1506834910620416,4.203797468354429,0.0,0.0,3.1569926393270236,4.208175105485232,3.6817535545023694,1.6,1.6,584.48416,571.08384,265.0221999999999,278.82439999999997,-180.5380399999999,-207.74055999999996,-146115.97277999992,-173364.9228399999,-12.206687730384415,-12.672368606492945,3.676408636124274,-0.028232064185476705,0.0,1.0,1.0,327.21958925750397,327.65402843601896,1.0,1.0,1.4992101105845181,1.8255418641390204,0.0,1.1074249605055293,1.1058451816745656,0.0,6813.821484992101,0.0,0.0,15.0,0.0,20.0,220.58451816745657,30.0,482.52448657187995,10.0,0.0,0.0,0.0
618,0.2694722392141095,0.2787515791669299,0.2538048595599861,0.2642307255274394,0.9819367763361083,0.9819366542250917,340.0,308.0,4.328235294117645,4.195941558441562,0.0,0.0,4.330392156862746,4.199945887445888,4.268389917695473,1.6,1.6,619.02336,569.8793600000001,221.2329999999999,302.3295999999999,-102.20963999999987,-232.45023999999978,-146218.1824199999,-173597.3730799999,-12.497726748971195,-12.566685240309559,4.265354938271605,0.011809081971413341,0.0,1.0,1.0,323.30555555555554,323.73148148148147,1.0,1.0,1.4753086419753085,1.8347264197530881,0.0,1.4166666666666667,1.037037037037037,0.0,6976.106481481482,0.0,0.0,15.0,0.0,20.0,255.9212962962963,30.0,485.3858024691358,10.0,0.0,0.0,0.0
619,0.26955746999535113,0.278720734499004,0.25351098754771045,0.2638381839652661,0.9819686991022709,0.9819688303610651,342.0,313.0,3.909746588693953,3.608040468583598,0.0,0.0,3.912962962962963,3.6096379126730564,3.7680152671755724,1.6,1.6,650.1958400000001,560.5056000000001,194.42129999999986,212.31219999999988,-44.22545999999977,-151.8065999999998,-146262.4078799999,-173749.1796799999,-12.38043338422391,-12.563885451487286,3.765572519083973,0.026601675270375942,0.0,1.0,1.0,317.3435114503817,317.7679389312977,1.0,1.0,1.4778625954198474,1.8483991450381687,0.0,1.4396946564885496,1.166412213740458,0.0,6824.0473282442745,0.0,0.0,15.0,0.0,20.0,225.93435114503816,30.0,489.6625954198473,10.0,0.0,0.0,0.0
620,0.2695966164081489,0.27856885958932026,0.2545005299216361,0.2647186840577027,0.982000108272861,0.9820012784345726,328.0,331.0,4.008333333333332,4.696374622356495,0.0,0.0,4.009095528455284,4.698439073514602,4.355336368234699,1.6,1.6,601.0576000000001,607.08672,334.74879999999996,214.80519999999999,-233.69119999999987,-107.71847999999997,-146496.0990799999,-173856.89815999992,-12.524595245321207,-12.574801588070272,4.353920080930702,0.014727466888461518,0.0,1.0,1.0,322.2640364188164,322.701062215478,1.0,1.0,1.5022761760242793,1.8332994233687407,0.0,1.2610015174506828,1.0485584218512898,0.0,6901.506828528073,0.0,0.0,15.0,0.0,20.0,261.2352048558422,30.0,484.959028831563,10.0,0.0,0.0,0.0
621,0.26956545756444217,0.27831730406294203,0.25340254700982145,0.26390895269020914,0.9820324118085669,0.9820324663717022,323.0,308.0,3.4897832817337475,4.584253246753244,0.0,0.0,3.4932920536635708,4.585930735930736,4.02662440570523,1.6,1.6,604.4432,578.2851200000001,201.74909999999988,358.15369999999984,-97.30589999999984,-279.8685799999997,-146593.4049799999,-174136.76673999993,-12.640736819862656,-12.79302209691844,4.024009508716323,0.031888521247808416,0.0,1.0,1.0,329.24564183835184,329.6513470681458,1.0,1.0,1.4881141045958794,1.874371347068146,0.0,1.1172741679873217,1.0396196513470681,0.0,6959.584786053882,0.0,0.0,15.0,0.0,20.0,241.44057052297939,30.0,497.78288431061804,10.0,0.0,0.0,0.0
622,0.26941114100089514,0.2784099906999108,0.25272084691505436,0.2633426918164882,0.9820647336845398,0.9820638546390176,340.0,269.0,4.967990196078433,3.4098513011152436,0.007892156862745097,0.0,4.960686274509804,3.4133828996282527,4.277230432402846,1.6,1.6,615.0163200000001,500.53792,207.88089999999994,377.96469999999994,-92.86457999999988,-377.42677999999995,-146686.2695599999,-174514.19351999994,-12.485776464148863,-12.61513278771537,4.279748221127535,0.040596404677300926,0.0,1.0,1.0,333.10837438423647,333.559934318555,1.0,1.0,1.4417077175697866,1.8317803612479466,0.004406130268199233,1.2282430213464697,0.9310344827586207,0.0,6746.645320197044,0.26436781609195403,0.0,14.926108374384237,0.0,20.0,256.52052545155993,30.0,484.4926108374384,10.0,0.0,0.0,0.0
623,0.26942313376862226,0.27831676834751956,0.25221725802577305,0.2626998120376627,0.9820970856808756,0.9820961079528099,350.0,309.0,3.5771428571428583,4.684358144552317,0.0,0.0,3.582095238095238,4.685922330097087,4.099671219018715,1.6,1.6,643.04736,570.72704,162.06739999999982,56.203899999999955,-19.020039999999796,14.523140000000033,-146705.2895999999,-174499.67037999994,-12.473139099645913,-12.618855493572052,4.096307536671721,0.022955535096462098,0.0,1.0,1.0,324.5796661608498,325.0349013657056,1.0,1.0,1.4688922610015174,1.8418427921092568,0.0,1.3247344461305008,1.1350531107739,0.0,7024.004552352048,0.0,0.0,15.0,0.0,20.0,245.7784522003035,30.0,487.6206373292868,10.0,0.0,0.0,0.0
624,0.2695584868768755,0.27816423567400433,0.25216015073477693,0.26253973385672397,0.9821293844045652,0.9821275286608575,314.0,329.0,3.0012208067940533,4.642502532928065,0.0,0.0,3.00631634819533,4.644376899696049,3.8444530844997415,1.6,1.6,560.4934400000001,613.4848000000001,415.2461999999999,204.6040999999999,-354.7527599999998,-91.11929999999984,-147060.0423599999,-174590.78967999993,-12.27397801969932,-12.608279695685198,3.841005702436493,-0.008995691241413117,0.0,1.0,1.0,327.6749611197512,328.07620528771383,1.0,1.0,1.5116640746500778,1.8257826438569214,0.0,1.2519440124416796,1.2317262830482114,0.0,6958.765163297046,0.0,0.0,15.0,0.0,20.0,230.46034214618973,30.0,482.59875583203734,10.0,0.0,0.0,0.0
625,0.2694504785508294,0.2781770206884366,0.2514464042414446,0.26182715381871025,0.9821611283201287,0.9821581928721205,313.0,305.0,4.189403620873271,3.4803278688524606,0.0,0.0,4.19174653887114,3.48327868852459,3.842098166127293,1.6,1.6,577.16448,566.6979200000001,222.23569999999995,321.0742999999999,-145.07121999999993,-254.3763799999998,-147205.11357999992,-174845.16605999993,-12.425165048543693,-12.733460737345238,3.8394552319309607,0.007401797742103748,0.0,1.0,1.0,330.81715210355986,331.2669902912621,1.0,1.0,1.493527508090615,1.8509100323624577,0.0,1.132686084142395,1.1051779935275081,0.0,6864.699029126214,0.0,0.0,15.0,0.0,20.0,230.3673139158576,30.0,490.44983818770226,10.0,0.0,0.0,0.0
626,0.2693592161307939,0.27823300710199245,0.25191559170334366,0.26197478414238895,0.9821929920848024,0.9821907660073123,326.0,317.0,4.656083844580777,3.3376971608832835,0.0,0.0,4.657055214723926,3.339589905362776,4.007542768273717,1.6,1.6,615.9587200000001,580.6937600000001,174.6094999999999,151.5037999999999,-58.65077999999983,-70.81003999999979,-147263.7643599999,-174915.97609999994,-12.553093416277854,-12.619655063343036,4.006117159149816,0.03046333020217588,0.0,1.0,1.0,322.24261275272164,322.65318818040436,1.0,1.0,1.4930015552099534,1.861045847589426,0.0,1.412130637636081,1.124416796267496,0.0,6914.307931570762,0.0,0.0,15.0,0.0,20.0,240.3670295489891,30.0,493.6251944012442,10.0,0.0,0.0,0.0
627,0.2691991874897336,0.27829564493584635,0.251024568142315,0.26112118728165234,0.9822246905136091,0.9822232185831066,329.0,306.0,4.351925025329282,3.8235838779956426,0.0,0.0,4.355116514690983,3.825871459694989,4.10007874015748,1.6,1.6,599.43168,551.2755200000001,312.18469999999996,342.9792999999999,-212.75301999999994,-291.70377999999977,-147476.51737999992,-175207.67987999995,-12.29408293963254,-12.418049855555132,4.097322834645666,0.04469382470217702,0.0,1.0,1.0,334.23779527559054,334.63464566929133,1.0,1.0,1.4818897637795276,1.8121373228346447,0.0,1.1669291338582677,1.058267716535433,0.0,6740.182677165354,0.0,0.0,15.0,0.0,20.0,245.83937007874016,30.0,478.340157480315,10.0,0.0,0.0,0.0
628,0.2692379391270076,0.2783966155982108,0.2504606139263575,0.2603733004345951,0.9822559867005825,0.9822533838238896,327.0,301.0,3.8966360856269144,3.605481727574753,0.0,0.0,3.900917431192661,3.606201550387597,3.7596602972399147,1.6,1.6,613.24,547.30208,223.62849999999986,235.45289999999986,-110.38849999999985,-188.1508199999998,-147586.90587999992,-175395.83069999996,-12.374634394904454,-12.547423836739593,3.7570859872611435,0.053734231109329365,0.0,1.0,1.0,330.0748407643312,330.52866242038215,1.0,1.0,1.4792993630573248,1.8479969426751601,0.0,1.3041401273885351,1.1671974522292994,0.0,6877.229299363057,0.0,0.0,15.0,0.0,20.0,225.4251592356688,30.0,489.54458598726114,10.0,0.0,0.0,0.0
629,0.2692977042189768,0.27837433057729816,0.2512839689435949,0.26103239457628347,0.9822870143157186,0.982284257691908,323.0,341.0,3.533436532507742,4.449266862170085,0.0,0.0,3.5351393188854487,4.452492668621701,4.0062500000000005,1.6,1.6,584.344,639.1843200000001,284.8833999999999,109.43899999999996,-200.53939999999983,29.745320000000106,-147787.44527999993,-175366.08537999997,-12.441051606425702,-12.465100364498477,4.003765060240958,0.03291467793525061,0.0,1.0,1.0,323.97439759036143,324.3870481927711,1.0,1.0,1.5135542168674698,1.8426631325301204,0.0,1.2289156626506024,1.4533132530120483,0.0,6768.275602409639,0.0,0.0,15.0,0.0,20.0,240.22590361445782,30.0,487.86897590361446,10.0,0.0,0.0,0.0
630,0.26927186651363344,0.27843675417018665,0.25060494747134504,0.260456988703154,0.9823187402207544,0.9823163544091539,348.0,322.0,4.3252394636015286,3.7744824016563117,0.05162835249042146,0.0,4.274233716475096,3.778260869565217,4.035870646766169,1.6,1.6,628.6284800000001,605.5196800000001,166.20159999999987,294.45219999999983,-37.57311999999979,-188.93251999999973,-147825.0183999999,-175555.01789999998,-12.459856915422895,-12.569199734978755,4.060547263681595,0.005875357787591332,0.0,1.0,1.0,330.35223880597016,330.7761194029851,1.0,1.0,1.480597014925373,1.842012179104479,0.02681592039800995,1.2985074626865671,1.2313432835820894,0.0,6757.471641791045,1.608955223880597,0.0,14.750746268656716,0.0,20.0,242.02388059701494,30.0,487.67313432835823,10.0,0.0,0.0,0.0
631,0.2693135535534673,0.27847380074760353,0.2505620024619961,0.26061298110092374,0.9823513011108181,0.9823480390282593,320.0,306.0,3.49984375,3.566993464052289,0.0,0.0,3.503645833333333,3.5724400871459694,3.53727369542066,1.6,1.6,582.77504,572.40544,388.3211,242.16679999999988,-305.54606,-169.76135999999988,-148130.5644599999,-175724.77925999998,-12.268757827476033,-12.698370095578463,3.5326677316293855,-0.019163438426267686,0.0,1.0,1.0,338.37220447284346,338.8115015974441,1.0,1.0,1.488817891373802,1.8453362300319491,0.0,1.1006389776357828,1.1869009584664536,0.0,6909.522364217252,0.0,0.0,15.0,0.0,20.0,211.96006389776358,30.0,488.702875399361,10.0,0.0,0.0,0.0
632,0.2693485896300193,0.27851978680149536,0.2505349537490837,0.2605170191117214,0.9823819744437153,0.982379641338613,310.0,329.0,3.74741935483871,3.9941742654508583,0.0,0.0,3.7480645161290322,3.9955927051671734,3.8755086071987477,1.6,1.6,573.9254400000001,599.28928,294.23359999999997,223.41069999999996,-220.30815999999987,-124.12142,-148350.8726199999,-175848.90068,-12.349244027125716,-12.596500830006548,3.874465310380805,0.013396799277857108,0.0,1.0,1.0,336.8341158059468,337.28012519561815,1.0,1.0,1.5148669796557122,1.8360167762128334,0.0,1.1533646322378717,1.1283255086071988,0.0,6855.931142410016,0.0,0.0,15.0,0.0,20.0,232.4679186228482,30.0,485.81220657277,10.0,0.0,0.0,0.0
633,0.269349264240471,0.27845748415394467,0.2506047228362203,0.2605111796907382,0.9824136659971628,0.9824096135831992,318.0,334.0,3.8617400419287202,4.334530938123757,0.0,0.01347305389221557,3.863469601677149,4.324600798403193,4.0996932515337425,1.6,1.6,592.1958400000001,618.6371200000001,198.64359999999985,252.4761999999999,-106.44775999999976,-133.8390799999998,-148457.3203799999,-175982.73976,-12.568422494887537,-12.603446360284979,4.103936605316971,0.020072138686312257,0.0,1.0,1.0,330.29447852760734,330.7377300613497,1.0,1.0,1.5122699386503067,1.857105766871167,0.006901840490797546,1.0659509202453987,1.3021472392638036,0.0,7032.144171779141,0.41411042944785276,0.0,14.846625766871165,0.0,20.0,245.82208588957056,30.0,492.3957055214724,10.0,0.0,0.0,0.0
634,0.2694041924834279,0.278391865731031,0.2509094363881001,0.2608653252845215,0.9824435952997127,0.9824412284822323,321.0,306.0,3.6798546209761183,3.8029411764705854,0.0,0.0,3.6812564901349947,3.806045751633987,3.742158426368953,1.6,1.6,595.2640000000001,563.4969600000001,231.45119999999986,347.21029999999996,-136.18719999999973,-283.7133399999999,-148593.5075799999,-176266.45309999998,-12.368460606060607,-12.650992669950444,3.739925571504523,-0.006785113134126806,0.0,1.0,1.0,340.47527910685807,340.8995215311005,1.0,1.0,1.4880382775119618,1.848103604465709,0.0,1.1594896331738438,1.0159489633173844,0.0,6970.658692185008,0.0,0.0,15.0,0.0,20.0,224.39553429027114,30.0,489.59170653907495,10.0,0.0,0.0,0.0
635,0.2693341622431349,0.27833130625683694,0.2504110745953075,0.2602516315713024,0.9824744225719628,0.9824710725927795,332.0,320.0,4.05175702811245,3.8142708333333326,0.0,0.0,4.053915662650603,3.8146875,3.9365030674846624,1.6,1.6,616.63552,567.89696,191.48169999999993,211.41649999999993,-74.84617999999989,-143.5195399999999,-148668.35375999988,-176409.97264,-12.25720204498978,-12.462527104002753,3.935199386503063,0.006037055614222181,0.0,1.0,1.0,334.8036809815951,335.2484662576687,1.0,1.0,1.49079754601227,1.816767607361964,0.0,1.2469325153374233,1.0414110429447854,0.0,6810.159509202454,0.0,0.0,15.0,0.0,20.0,236.11196319018404,30.0,479.7852760736196,10.0,0.0,0.0,0.0
636,0.26922933521015774,0.27823240325995474,0.2496557185447829,0.2597056222390224,0.9825038332064868,0.9825014269344821,328.0,323.0,3.659806910569105,4.510577915376675,0.0,0.0,3.661483739837399,4.510887512899897,4.0829237071172555,1.6,1.6,610.1635200000001,600.0748800000001,241.74049999999994,224.82559999999995,-131.57697999999988,-124.75071999999983,-148799.9307399999,-176534.72336,-12.571308755760361,-12.669780895924982,4.081925243215565,0.007529037776397049,0.0,1.0,1.0,334.4009216589862,334.8079877112135,1.0,1.0,1.4961597542242704,1.8590451612903236,0.0,1.325652841781874,1.1920122887864824,0.0,6711.145929339477,0.0,0.0,15.0,0.0,20.0,244.91551459293396,30.0,492.9938556067588,10.0,0.0,0.0,0.0
637,0.26928363921899673,0.2781694749900996,0.24937976192559067,0.2597567213117183,0.9825349391182135,0.9825315706419653,321.0,342.0,3.7584112149532714,4.161890838206626,0.0,0.0,3.75877466251298,4.164132553606239,3.967873303167421,1.6,1.6,592.4185600000001,636.0297600000001,219.30219999999986,136.74399999999991,-126.88363999999979,-0.7142399999997906,-148926.81437999988,-176535.4376,-12.487820412267476,-12.61938260218932,3.966540975364505,0.02664017521445605,0.0,1.0,1.0,331.4675716440422,331.9110105580694,1.0,1.0,1.5158371040723981,1.8528632277526402,0.0,1.1900452488687783,1.3242835595776772,0.0,6995.505279034691,0.0,0.0,15.0,0.0,20.0,237.99245852187028,30.0,491.0663650075415,10.0,0.0,0.0,0.0
638,0.2692805398058056,0.27815066421207724,0.24946005896295517,0.25959417387794625,0.9825652976946891,0.9825614304395118,307.0,337.0,3.5987513572204133,3.6544510385756674,0.0,0.0,3.6008143322475576,3.656627101879328,3.630020703933747,1.6,1.6,563.1385600000001,630.17568,265.87889999999993,260.6166999999999,-202.74033999999983,-130.44101999999987,-149129.55471999987,-176665.87862,-12.353029813664593,-12.673096387069265,3.6278985507246335,0.04177888975840383,0.0,1.0,1.0,340.99844720496895,341.44565217391306,1.0,1.0,1.5232919254658386,1.8529724223602493,0.0,1.0357142857142858,1.2127329192546583,0.0,6894.166149068323,0.0,0.0,15.0,0.0,20.0,217.67391304347825,30.0,491.1024844720497,10.0,0.0,0.0,0.0
639,0.26924610187950804,0.2781591731366132,0.24983688707622187,0.26012220533815855,0.9825953242377796,0.9825908318678908,315.0,325.0,3.6504232804232806,3.578769230769234,0.0,0.0,3.6521164021164023,3.5843076923076915,3.617682291666667,1.6,1.6,574.9001600000001,587.93856,222.63609999999989,292.3037999999998,-147.73593999999974,-204.36523999999974,-149277.29065999988,-176870.24386000002,-12.129755624999992,-12.6242231671063,3.6140364583333335,-0.025993136240377003,0.0,1.0,1.0,337.6375,338.05625,1.0,1.0,1.5078125,1.8169355,0.0,1.2140625,1.134375,0.0,6847.7296875,0.0,0.0,15.0,0.0,20.0,216.8421875,30.0,479.8390625,10.0,0.0,0.0,0.0
640,0.2691413820618593,0.2780841662584192,0.24889882978739902,0.2595099270426996,0.982625927296803,0.9826205900396151,325.0,349.0,4.387076923076922,4.296131805157591,0.0,0.0,4.390615384615384,4.298567335243552,4.342952522255192,1.6,1.6,592.07968,659.9852800000001,194.9065999999999,183.16829999999996,-102.82691999999986,-23.183019999999857,-149380.11757999987,-176893.42688,-12.666184174085059,-12.548924869797245,4.339985163204753,0.06350051698042936,0.0,1.0,1.0,333.9480712166172,334.3872403560831,1.0,1.0,1.5178041543026706,1.8576631454005927,0.0,1.241839762611276,1.3635014836795252,0.0,6867.724035608308,0.0,0.0,15.0,0.0,20.0,260.3991097922849,30.0,492.56231454005933,10.0,0.0,0.0,0.0
641,0.26917572709507087,0.2781107868265347,0.24921671282048738,0.2597793153548107,0.9826562393876004,0.9826508168481509,306.0,337.0,3.705882352941175,3.549258160237388,0.0,0.0,3.708769063180828,3.5527200791295748,3.6269828926905134,1.6,1.6,556.0998400000001,612.2160000000001,339.3286999999999,320.3823999999999,-283.2288599999998,-208.16639999999978,-149663.34643999988,-177101.59328,-12.133917884914466,-12.625695141960255,3.6237947122861605,-0.02329468902458296,0.0,1.0,1.0,345.75738724727836,346.1772939346812,1.0,1.0,1.5241057542768273,1.816976423017108,0.0,1.0435458786936236,1.0326594090202177,0.0,6877.384136858476,0.0,0.0,15.0,0.0,20.0,217.4276827371695,30.0,479.855365474339,10.0,0.0,0.0,0.0
642,0.2690669584920616,0.27816326604613106,0.24833611678859271,0.2590688279532948,0.9826857615199803,0.9826807168609377,359.0,302.0,5.283101207056639,2.990397350993379,0.025394614670380684,0.0,5.259888579387186,2.9920529801324505,4.223751891074131,1.6,1.6,669.5897600000001,559.15776,86.61129999999994,344.2869999999999,82.97846000000013,-285.12923999999987,-149580.36797999986,-177386.72252,-12.632033686333836,-12.593954505029934,4.235602622289458,0.035788003350976025,0.0,1.0,1.0,335.9198184568835,336.3419062027231,1.0,1.0,1.4568835098335855,1.8589221180030255,0.013792233988905696,1.475037821482602,0.983358547655068,0.0,6900.95915279879,0.8275340393343419,0.0,14.767019667170953,0.0,20.0,253.3086232980333,30.0,492.95461422087743,10.0,0.0,0.0,0.0
643,0.2691544779869974,0.27814922906320727,0.24803061025437717,0.2587643305559166,0.9827146556428169,0.9827103231624399,299.0,327.0,2.892642140468228,3.9135066258919484,0.0,0.0,2.8976588628762543,3.9151885830784914,3.4291799787007458,1.6,1.6,548.4214400000001,586.3827200000001,449.85269999999986,176.42259999999993,-401.4312599999998,-90.03987999999987,-149981.79923999988,-177476.7624,-12.029399574014914,-12.534343724604762,3.425905218317357,-0.018106290952105954,0.0,1.0,1.0,341.13418530351436,341.5990415335463,1.0,1.0,1.5223642172523961,1.8127861980830668,0.0,1.0766773162939298,1.1182108626198084,0.0,6682.926517571885,0.0,0.0,15.0,0.0,20.0,205.55431309904154,30.0,478.53194888178916,10.0,0.0,0.0,0.0
644,0.2692021630436441,0.27809918571232717,0.248842140758083,0.2594268436670523,0.9827445329004535,0.9827397591108794,322.0,317.0,3.573964803312629,4.31225026288118,0.0,0.0,3.57712215320911,4.314248159831756,3.9428012519561815,1.6,1.6,590.00544,599.7187200000001,126.8173,281.14459999999997,-36.81185999999998,-181.4258799999999,-150018.61109999986,-177658.18828,-12.53165487741262,-12.771247087276715,3.9402190923317653,-0.006240967127680799,0.0,1.0,1.0,343.14241001564943,343.55399061032864,1.0,1.0,1.4960876369327074,1.8618531455399085,0.0,1.2300469483568075,1.1314553990610328,0.0,6806.60406885759,0.0,0.0,15.0,0.0,20.0,236.4131455399061,30.0,493.8904538341158,10.0,0.0,0.0,0.0
645,0.26926273769867165,0.27793351795644566,0.24954717534930346,0.2599022716519529,0.9827745031177807,0.9827695799866738,315.0,334.0,3.4068783068783124,4.075698602794416,0.0,0.0,3.4128042328042327,4.076996007984032,3.7546224961479195,1.6,1.6,575.03296,607.96256,230.0400999999999,216.3961999999999,-155.0071399999999,-108.43363999999985,-150173.61823999987,-177766.62192,-12.220001438109907,-12.562544235018896,3.7510785824345136,0.010432162091550271,0.0,1.0,1.0,342.3374422187982,342.7442218798151,1.0,1.0,1.5146379044684128,1.8227974114021588,0.0,1.0554699537750385,1.1818181818181819,0.0,7081.20030816641,0.0,0.0,15.0,0.0,20.0,225.06471494607086,30.0,481.6748844375963,10.0,0.0,0.0,0.0
646,0.26920656078628447,0.2780120937357806,0.2497964713329652,0.25981742619712944,0.9828039643032876,0.9827989288288304,304.0,318.0,4.474013157894734,3.5051362683438168,0.0,0.0,4.47828947368421,3.5078616352201255,3.982154340836013,1.6,1.6,565.80672,584.6732800000001,282.5068,241.10659999999987,-216.70007999999996,-156.43331999999978,-150390.31831999987,-177923.05524000002,-12.473247588424442,-12.67659238639063,3.9786709539121117,-0.0030006693210325812,0.0,1.0,1.0,351.2459807073955,351.67041800643085,1.0,1.0,1.5112540192926045,1.8496463022508043,0.0,1.265273311897106,0.8681672025723473,0.0,6766.287781350482,0.0,0.0,15.0,0.0,20.0,238.7202572347267,30.0,490.064308681672,10.0,0.0,0.0,0.0
647,0.2692109302301135,0.27793023187047244,0.2503474513113805,0.2601555141184063,0.9828324208497986,0.9828270648958661,327.0,327.0,4.571763506625894,4.372833843017327,0.0,0.0,4.573445463812436,4.375586136595311,4.474515800203873,1.6,1.6,608.0038400000001,596.3606400000001,148.96189999999996,255.63759999999994,-40.958059999999875,-159.27695999999983,-150431.27637999988,-178082.3322,-12.621731498470945,-12.57546745777152,4.472298674821607,0.037990269739335815,0.0,1.0,1.0,341.33792048929666,341.78134556574923,1.0,1.0,1.5,1.8415359021406739,0.0,1.2262996941896025,1.1605504587155964,0.0,6932.3425076452595,0.0,0.0,15.0,0.0,20.0,268.33792048929666,30.0,487.53975535168195,10.0,0.0,0.0,0.0
648,0.26928415678177764,0.2779390559692148,0.2502299486344917,0.2601592736318348,0.9828613863108758,0.9828548937501188,330.0,304.0,4.085959595959598,3.7694627192982475,0.0,0.0,4.088080808080808,3.772642543859649,3.936829652996845,1.6,1.6,628.14944,556.1209600000001,210.48989999999992,379.80689999999987,-82.3404599999999,-323.6859399999998,-150513.6168399999,-178406.01814,-12.565923238696113,-12.658734497203131,3.9342008412197655,0.06364805070146058,0.0,1.0,1.0,344.9621451104101,345.41324921135646,1.0,1.0,1.4794952681388012,1.867934384858045,0.0,1.274447949526814,1.083596214511041,0.0,6998.309148264984,0.0,0.0,15.0,0.0,20.0,236.0520504731861,30.0,495.7712933753943,10.0,0.0,0.0,0.0
649,0.26940560372738,0.2778779792198671,0.250560364684589,0.2606196045951261,0.9828901043924766,0.9828848433087858,300.0,336.0,3.5337777777777784,4.284771825396825,0.0,0.000248015873015873,3.537944444444444,4.286656746031746,3.9334905660377353,1.6,1.6,548.93856,624.2880000000001,416.9616,118.7435,-368.0230399999999,5.544500000000127,-150881.6398799999,-178400.47364,-12.424066247379455,-12.617045614374028,3.9305293501048175,-0.0001339653984897023,0.0,1.0,1.0,345.7672955974843,346.20283018867923,1.0,1.0,1.528301886792453,1.8446958490566034,0.00013102725366876308,1.199685534591195,1.2971698113207548,0.0,6955.003144654088,0.007861635220125786,0.0,14.992138364779874,0.0,20.0,235.8238993710692,30.0,488.5125786163522,10.0,0.0,0.0,0.0
650,0.26924426940024954,0.2778022934909752,0.25026723068837886,0.26059797662003525,0.9829199673775522,0.9829137936686978,318.0,314.0,4.892976939203354,3.6556794055201687,0.0,0.0,4.893815513626834,3.657590233545647,4.279614978902953,1.6,1.6,590.67104,578.0905600000001,179.3089999999999,327.1487999999999,-88.63795999999996,-249.05823999999978,-150970.27783999988,-178649.53188000002,-12.59101476793248,-12.743029139644808,4.278243670886069,0.015197835913665117,0.0,1.0,1.0,352.1629746835443,352.63449367088606,1.0,1.0,1.4968354430379747,1.8493063291139251,0.0,1.2816455696202531,0.990506329113924,0.0,6983.666139240507,0.0,0.0,15.0,0.0,20.0,256.69462025316454,30.0,489.95569620253167,10.0,0.0,0.0,0.0
651,0.2692467505395636,0.27781293203644036,0.24944314588751115,0.2595211273527059,0.9829486167638417,0.9829434494499468,333.0,299.0,4.347397397397397,3.792976588628763,0.03193193193193193,0.0,4.318368368368368,3.794927536231884,4.070727848101266,1.6,1.6,623.4192,547.43904,149.8018999999999,268.52369999999996,-26.382699999999858,-221.08465999999999,-150996.66053999987,-178870.61654000002,-12.533762447257386,-12.702051705024882,4.085100210970467,-0.0007903778177739058,0.0,1.0,1.0,347.3496835443038,347.78164556962025,1.0,1.0,1.4731012658227849,1.8526237974683544,0.016824894514767933,1.259493670886076,1.1898734177215189,0.0,6611.068037974684,1.009493670886076,0.0,14.833860759493671,0.0,20.0,244.09651898734177,30.0,490.9810126582278,10.0,0.0,0.0,0.0
652,0.26926751291828505,0.27777622160364196,0.24987127808451953,0.2597202048203266,0.9829773272206447,0.9829719326995369,319.0,325.0,3.98176593521421,5.028000000000002,0.0,0.0012307692307692308,3.982497387669801,5.028615384615384,4.510429606625259,1.6,1.6,582.648,601.5590400000001,284.5551,185.15309999999994,-201.90709999999996,-83.59405999999984,-151198.56763999988,-178954.21060000002,-12.62034451345756,-12.581229647303367,4.509756728778471,0.04143490047445624,0.0,1.0,1.0,347.67080745341616,348.0807453416149,1.0,1.0,1.5046583850931676,1.838830807453416,0.0006211180124223603,1.2065217391304348,1.2717391304347827,0.0,7010.815217391304,0.037267080745341616,0.0,14.976708074534162,0.0,20.0,270.54813664596276,30.0,486.68633540372673,10.0,0.0,0.0,0.0
653,0.26919605575216293,0.2777311647907372,0.25012797158336614,0.2597309692966348,0.983006537276384,0.982999786371087,319.0,319.0,4.0969174503657255,3.598484848484848,0.0,0.0,4.098537095088819,3.600522466039707,3.849529780564263,1.6,1.6,578.27232,595.86688,237.99679999999984,281.3947999999999,-159.7244799999998,-185.52791999999988,-151358.29211999988,-179139.73852,-12.364680250783705,-12.648363228484742,3.8477011494252835,0.00972097141555603,0.0,1.0,1.0,351.02037617554856,351.44984326018806,1.0,1.0,1.5,1.840343573667711,0.0,1.249216300940439,1.1191222570532915,0.0,7005.705329153605,0.0,0.0,15.0,0.0,20.0,230.86206896551724,30.0,487.16457680250784,10.0,0.0,0.0,0.0
654,0.26917522332163074,0.27773358025933176,0.25047518995563195,0.2599294672077172,0.9830354641754956,0.9830291576533504,293.0,334.0,3.229920364050056,4.027045908183631,0.0,0.0,3.2347554038680317,4.030439121756487,3.6586124401913875,1.6,1.6,536.99296,609.7824,313.3902999999999,204.69119999999987,-276.3973399999999,-94.90879999999981,-151634.68945999988,-179234.64732000002,-12.218788091440732,-12.652011247894437,3.654545454545456,0.003250102742798251,0.0,1.0,1.0,355.68580542264755,356.1164274322169,1.0,1.0,1.532695374800638,1.8289878149920271,0.0,0.9920255183413078,1.0925039872408293,0.0,7012.70653907496,0.0,0.0,15.0,0.0,20.0,219.27272727272728,30.0,483.6092503987241,10.0,0.0,0.0,0.0
655,0.2690951388481921,0.27748295690428826,0.2502848970481467,0.25958631133350185,0.9830640126405583,0.9830584164920823,332.0,340.0,5.547238955823294,4.082058823529413,0.05938755020080322,0.0,5.48785140562249,4.083872549019608,4.777504960317461,1.6,1.6,620.2144000000001,636.48992,91.94419999999991,212.55609999999987,28.27020000000016,-76.06617999999989,-151606.41925999988,-179310.7135,-12.927705753968265,-12.66734628492759,4.805927579365081,0.037585760047832324,0.0,1.0,1.0,341.6502976190476,342.08035714285717,1.0,1.0,1.505952380952381,1.870095714285714,0.02934027777777778,1.4613095238095237,1.2648809523809523,0.0,6828.794642857143,1.7604166666666667,0.0,14.547619047619047,0.0,20.0,286.5952380952381,30.0,496.45684523809524,10.0,0.0,0.0,0.0
656,0.26915759473993234,0.2774383980969544,0.2503238504098745,0.25970762668794123,0.9830935135831226,0.9830878397438813,314.0,309.0,3.681900212314227,3.517745415318228,0.0,0.0,3.6866772823779197,3.522599784250269,3.6052969502407706,1.6,1.6,572.05056,569.46752,328.7789999999999,357.1962999999999,-256.72843999999986,-287.72877999999986,-151863.14769999988,-179598.44228000002,-12.217148849652228,-12.58066448760887,3.6004815409309767,0.02431172647034681,0.0,1.0,1.0,356.1123595505618,356.52969502407706,1.0,1.0,1.4959871589085072,1.832292263242377,0.0,1.1621187800963082,1.2247191011235956,0.0,6794.157303370786,0.0,0.0,15.0,0.0,20.0,216.02889245585874,30.0,484.6484751203852,10.0,0.0,0.0,0.0
657,0.26915318815139366,0.27743677740136324,0.2511782729689972,0.2607639931139835,0.983121958012861,0.9831168669347587,332.0,314.0,3.7663152610441784,3.800053078556261,0.0,0.0,3.7728413654618476,3.800955414012739,3.7865067079463364,1.6,1.6,593.7491200000002,584.6099200000001,218.57139999999993,202.41419999999994,-124.82227999999975,-117.80427999999984,-151987.96997999988,-179716.24656000003,-12.240441486068102,-12.59466465442094,3.782714138286887,0.013850180814463138,0.0,1.0,1.0,357.5123839009288,357.93498452012386,1.0,1.0,1.4860681114551084,1.8240852012383906,0.0,1.0371517027863777,1.1377708978328174,0.0,6754.173374613003,0.0,0.0,15.0,0.0,20.0,226.9628482972136,30.0,482.07894736842104,10.0,0.0,0.0,0.0
658,0.2691459727023736,0.27750245603239027,0.25156923307921064,0.26141047526513056,0.9831493446404191,0.9831453240742144,306.0,328.0,4.047657952069713,3.775254065040651,0.0,0.0,4.049509803921568,3.778963414634146,3.909542586750789,1.6,1.6,571.9782399999999,585.62336,359.1190999999999,219.96839999999992,-287.14086,-134.34503999999987,-152275.1108399999,-179850.5916,-12.30082229232387,-12.580504362585842,3.9067297581493152,0.0027941704313108385,0.0,1.0,1.0,357.8675078864353,358.29968454258676,1.0,1.0,1.5173501577287065,1.825870031545742,0.0,1.115141955835962,1.1750788643533123,0.0,6866.074132492114,0.0,0.0,15.0,0.0,20.0,234.403785488959,30.0,482.6340694006309,10.0,0.0,0.0,0.0
659,0.2690877009899151,0.27754930798207034,0.2513030018471515,0.26099334843941674,0.9831774076944055,0.9831740626912534,337.0,319.0,4.652027695351136,3.60135841170324,0.0013847675568743817,0.0,4.652077151335312,3.6022988505747127,4.1415904471544716,1.6,1.6,624.5440000000001,597.5360000000001,113.18249999999995,212.03159999999994,11.361500000000149,-114.49559999999988,-152263.7493399999,-179965.0872,-12.618460365853668,-12.564790459197539,4.141107723577227,0.06005833297294623,0.0,1.0,1.0,349.3018292682927,349.7469512195122,1.0,1.0,1.486280487804878,1.8629268292682943,0.0007113821138211383,1.3125,1.086890243902439,0.0,6823.97256097561,0.042682926829268296,0.0,14.975609756097562,0.0,20.0,248.4237804878049,30.0,494.2149390243902,10.0,0.0,0.0,0.0
660,0.26919634617449323,0.2774359726740719,0.2521087717735677,0.2615160564166337,0.9832055852633296,0.9832021670507531,323.0,338.0,3.5789989680082543,4.503007889546349,0.0,9.861932938856015e-05,3.5821981424148612,4.502909270216962,4.053000504286435,1.6,1.6,595.07712,627.3478400000001,315.2848999999999,173.15369999999984,-220.20777999999984,-45.80585999999971,-152483.9571199999,-180010.89306,-12.500632576903689,-12.57874034519765,4.0514876449823545,0.04957548356169819,0.0,1.0,1.0,347.7034795763994,348.12254160363085,1.0,1.0,1.5113464447806355,1.849356974281392,5.042864346949067e-05,1.1966717095310135,1.281391830559758,0.0,6956.518910741301,0.0030257186081694403,0.0,14.99697428139183,0.0,20.0,243.08623298033282,30.0,489.97579425113463,10.0,0.0,0.0,0.0
661,0.26924501654203115,0.2775098898304562,0.25141837377736925,0.2609436957792744,0.9832333714656992,0.9832294278482809,305.0,338.0,3.829071038251365,3.3971893491124265,0.0,0.0,3.8315300546448094,3.398570019723866,3.603939865215138,1.6,1.6,568.24384,611.2336,266.0669999999999,287.75659999999993,-197.82315999999992,-176.5229999999999,-152681.7802799999,-180187.41606,-12.23010451010887,-12.65496016915972,3.6020476931052334,-0.02614619348098392,0.0,1.0,1.0,356.1353032659409,356.5800933125972,1.0,1.0,1.525660964230171,1.8343350544323478,0.0,1.2208398133748055,1.1088646967340592,0.0,6907.936236391913,0.0,0.0,15.0,0.0,20.0,216.12286158631414,30.0,485.28304821150857,10.0,0.0,0.0,0.0
662,0.269104894603522,0.27752831749194407,0.25073839583026225,0.26038554446592993,0.9832611355984223,0.9832582417768385,345.0,328.0,4.511932367149762,3.651524390243903,0.0029951690821256043,0.0,4.5115458937198065,3.653810975609756,4.093511639425458,1.6,1.6,636.37728,612.7152000000001,131.51909999999992,237.73179999999982,4.858180000000118,-125.01659999999973,-152676.92209999988,-180312.43266,-12.557224962852905,-12.638934361231737,4.09259534422982,0.01609510647967499,0.0,1.0,1.0,348.518573551263,348.9509658246657,1.0,1.0,1.487369985141159,1.8560066567607734,0.0015354135710747897,1.3164933135215453,1.098068350668648,0.0,6898.196136701337,0.09212481426448738,0.0,14.940564635958395,0.0,20.0,245.46359583952452,30.0,492.04606240713224,10.0,0.0,0.0,0.0
663,0.26915316246472615,0.27760369920691125,0.25219771793477147,0.26181798883346624,0.9832882449643451,0.9832867494799262,318.0,301.0,3.635324947589101,3.586046511627908,0.0,0.0,3.637526205450734,3.5878183831672197,3.613354873451804,1.6,1.6,597.312,563.65152,322.19619999999986,290.6147999999999,-224.88419999999985,-226.96327999999988,-152901.80629999988,-180539.39594,-12.482807108239099,-12.719905682905651,3.6113624124932726,0.017151773676755695,0.0,1.0,1.0,358.49111470113087,358.92891760904683,1.0,1.0,1.4862681744749595,1.875546882067853,0.0,1.4620355411954766,0.9903069466882067,0.0,6722.529886914378,0.0,0.0,15.0,0.0,20.0,216.68174474959613,30.0,498.15831987075927,10.0,0.0,0.0,0.0
664,0.2690970477855057,0.2775445179178019,0.2524834760195782,0.26183516621506414,0.9833162107563763,0.9833145058339596,319.0,323.0,4.429049111807729,4.116769865841072,0.0,0.0,4.4311389759665625,4.12002063983488,4.274610591900312,1.6,1.6,599.05824,588.5379200000001,189.59219999999988,130.3078999999999,-90.53395999999992,-41.769979999999805,-152992.34025999988,-180581.16592,-12.591683489096576,-12.602331736347042,4.271936656282451,0.04659290089137571,0.0,1.0,1.0,354.7538940809969,355.20093457943926,1.0,1.0,1.5031152647975077,1.8498382554517128,0.0,1.3006230529595015,1.0996884735202492,0.0,6893.56230529595,0.0,0.0,15.0,0.0,20.0,256.31619937694705,30.0,490.1152647975078,10.0,0.0,0.0,0.0
665,0.26908762341958437,0.27759893627675797,0.25286463882894156,0.2622132024824689,0.9833431895870031,0.9833418942790865,314.0,323.0,3.681157112526539,3.5950464396284825,0.004617834394904459,0.0,3.67744161358811,3.5980392156862746,3.6371794871794876,1.6,1.6,564.5216,599.1644800000001,269.3491999999999,160.76319999999987,-204.82759999999985,-61.59871999999973,-153197.16785999987,-180642.76464,-12.198859863945586,-12.624533723316445,3.6374934589220334,-0.02036178910617343,0.0,1.0,1.0,368.83987441130296,369.2605965463108,1.0,1.0,1.5070643642072215,1.82682273155416,0.002276295133437991,0.9356357927786499,1.1255886970172684,0.0,6810.3877551020405,0.13657770800627944,0.0,14.952904238618524,0.0,20.0,218.11302982731553,30.0,482.92464678178965,10.0,0.0,0.0,0.0
666,0.2691473193865611,0.27748598875741376,0.2529735873849007,0.26192429036881365,0.9833708003103449,0.9833689494532247,314.0,318.0,3.6021231422505298,3.700943396226416,0.0,0.0,3.6057855626326965,3.703249475890985,3.6548259493670883,1.6,1.6,586.4563200000001,582.9696,170.0664999999999,253.6210999999999,-83.61017999999979,-170.65149999999988,-153280.77803999986,-180813.41614000002,-12.346813713080167,-12.654491363440767,3.651845991561181,-0.007252185286774764,0.0,1.0,1.0,358.873417721519,359.3006329113924,1.0,1.0,1.5031645569620253,1.850357468354431,0.0,1.2515822784810127,0.9430379746835443,0.0,6815.928797468355,0.0,0.0,15.0,0.0,20.0,219.11075949367088,30.0,490.2863924050633,10.0,0.0,0.0,0.0
667,0.2692458205316536,0.2772941324957988,0.252625800663587,0.261797363079847,0.983398243353464,0.983396505624645,297.0,352.0,3.534624017957351,4.811363636363634,0.0,0.0005681818181818183,3.5375420875420875,4.812215909090909,4.228890600924499,1.6,1.6,526.84096,648.1539200000001,298.8587999999999,112.37579999999991,-272.0178399999999,35.77812000000017,-153552.79587999985,-180777.63802,-12.335908166409864,-12.628475084548082,4.22709296353364,-0.004560593883039695,0.0,1.0,1.0,363.4899845916795,363.9106317411402,1.0,1.0,1.5423728813559323,1.810469768875193,0.0003081664098613251,0.9553158705701078,1.2033898305084745,0.0,6971.476117103236,0.01848998459167951,0.0,14.98151001540832,0.0,20.0,253.60708782742682,30.0,477.8166409861325,10.0,0.0,0.0,0.0
668,0.26929967738842914,0.2772402862991611,0.25111061195503087,0.26036191647528323,0.9834260428801549,0.9834241714848514,330.0,324.0,4.41661616161616,4.09835390946502,0.0,0.0,4.4207070707070715,4.098971193415638,4.261314984709481,1.6,1.6,600.7792000000001,597.1657600000001,129.59939999999986,367.12629999999996,-28.8201999999998,-269.96053999999987,-153581.61607999983,-181047.59856,-12.477030784913353,-12.560622173369591,4.258944954128449,0.07785786496795277,0.0,1.0,1.0,354.8211009174312,355.2415902140673,1.0,1.0,1.4954128440366972,1.8317201223241601,0.0,1.3042813455657492,1.0886850152905199,0.0,6879.244648318043,0.0,0.0,15.0,0.0,20.0,255.53669724770643,30.0,484.45565749235476,10.0,0.0,0.0,0.0
669,0.2692921764121339,0.277166473952833,0.25091218420344535,0.2602632363028686,0.9834536350309472,0.9834514587655058,371.0,316.0,4.187286612758309,4.7045358649789,0.011635220125786163,0.0013713080168776372,4.178751123090746,4.705537974683543,4.42105773896167,1.6,1.6,701.78048,584.77216,112.41119999999995,250.30209999999988,89.36928000000006,-165.5299399999999,-153492.24679999982,-181213.12850000002,-12.791207957302296,-12.55728290407541,4.425206210577391,0.06165263977980584,0.0,1.0,1.0,349.5604075691412,349.97234352256186,1.0,1.0,1.4599708879184863,1.8727112663755467,0.006914119359534207,1.6564774381368268,1.1688500727802038,0.0,6838.056768558952,0.4148471615720524,0.0,14.847161572052402,0.0,20.0,265.0975254730713,30.0,497.2707423580786,10.0,0.0,0.0,0.0
670,0.26940038451639586,0.27700734666514065,0.2509135876385313,0.2602719703263879,0.9834808070642251,0.9834783459689429,322.0,350.0,3.432298136645962,4.4108095238095295,0.0,0.006380952380952381,3.4350931677018637,4.408142857142857,3.941889880952381,1.6,1.6,597.3315200000002,665.3824,408.25799999999975,115.42449999999997,-310.9264799999996,49.957899999999995,-153803.1732799998,-181163.1706,-12.636125396825387,-12.744416459745377,3.941939484126987,0.01059693658274194,0.0,1.0,1.0,353.4627976190476,353.9449404761905,1.0,1.0,1.5208333333333333,1.8790385714285738,0.0033234126984126983,1.1696428571428572,1.40625,0.0,6909.516369047619,0.19940476190476192,0.0,14.901785714285714,0.0,20.0,236.31696428571428,30.0,499.2470238095238,10.0,0.0,0.0,0.0
671,0.26948011443018477,0.27704186952901794,0.25238954746832587,0.26162710580593884,0.9835075203255871,0.9835055350041323,330.0,311.0,3.8840909090909057,3.485530546623795,0.0,0.0,3.8860606060606058,3.4861736334405142,3.6920436817472706,1.6,1.6,604.94752,563.2169600000001,245.6773999999999,441.68459999999976,-140.72987999999984,-378.4676399999997,-153943.9031599998,-181541.63824,-12.193513884555385,-12.59908433376419,3.6907176287051437,-0.004734376042065833,0.0,1.0,1.0,367.6396255850234,368.07332293291734,1.0,1.0,1.4851794071762872,1.8224094851794075,0.0,1.3166926677067083,0.9407176287051482,0.0,6862.488299531981,0.0,0.0,15.0,0.0,20.0,221.44305772230888,30.0,481.55382215288614,10.0,0.0,0.0,0.0
672,0.26957158698654526,0.27707576654858995,0.2526131066090116,0.2621259601430878,0.9835350542153847,0.9835332111049381,311.0,313.0,3.3476420150053587,3.8350905218317406,0.0,0.0,3.3511789924973208,3.835835995740149,3.5942841880341883,1.6,1.6,573.0505600000001,573.5686400000001,295.4636999999998,234.65179999999992,-222.41313999999966,-161.08315999999985,-154166.3162999998,-181702.7214,-12.24542628205127,-12.686983644150716,3.592147435897434,-0.02021550594020477,0.0,1.0,1.0,369.9022435897436,370.3044871794872,1.0,1.0,1.501602564102564,1.837530769230769,0.0,1.0817307692307692,1.0769230769230769,0.0,6931.0,0.0,0.0,15.0,0.0,20.0,215.52884615384616,30.0,486.27403846153845,10.0,0.0,0.0,0.0
673,0.2695723792823807,0.2770714628087777,0.25149992835385193,0.26088216743510484,0.9835619569077747,0.9835605768909333,324.0,329.0,4.093106995884774,3.933485309017223,0.0,0.0,4.0983024691358025,3.935612968591692,4.016334864726901,1.6,1.6,607.56096,611.0067200000001,180.6334999999999,188.46459999999993,-73.07253999999989,-77.45787999999985,-154239.3888399998,-181780.17928,-12.58628136804492,-12.613839988892027,4.012685043389487,0.04030744984483652,0.0,1.0,1.0,357.0061255742726,357.4196018376723,1.0,1.0,1.5038284839203675,1.866106707503827,0.0,1.329249617151608,1.1485451761102603,0.0,6976.381316998469,0.0,0.0,15.0,0.0,20.0,240.76110260336907,30.0,495.2021439509954,10.0,0.0,0.0,0.0
674,0.2696265252508192,0.2770914170478073,0.25177688803322895,0.26106793644267745,0.9835884120821837,0.9835868679473321,307.0,345.0,3.6425624321389845,3.7341062801932345,0.0,0.0,3.6456568946796963,3.738309178743962,3.6946830265848667,1.6,1.6,566.9913600000001,640.66688,269.0374999999999,176.06239999999985,-202.0461399999998,-35.39551999999986,-154441.4349799998,-181815.5748,-12.37385153374233,-12.542604039312007,3.691002044989773,0.052883935092625164,0.0,1.0,1.0,357.15337423312883,357.57361963190186,1.0,1.0,1.5291411042944785,1.8522365644171774,0.0,1.25,1.200920245398773,0.0,7020.007668711656,0.0,0.0,15.0,0.0,20.0,221.46012269938652,30.0,490.8803680981595,10.0,0.0,0.0,0.0
675,0.2695718186779256,0.2771214089184531,0.2525937951747311,0.2620179966077645,0.9836148033928903,0.9836132701342661,313.0,335.0,4.006656017039402,3.6325373134328367,0.0010117145899893503,0.0,4.007454739084132,3.637114427860696,3.8159979423868315,1.6,1.6,572.2713600000001,620.1833600000001,219.70929999999987,286.8678999999998,-147.4379399999998,-166.68453999999969,-154588.8729199998,-181982.25934,-12.350067283950619,-12.62414371120285,3.813245884773663,-0.00024839445400877326,0.0,1.0,1.0,366.9891975308642,367.412037037037,1.0,1.0,1.5169753086419753,1.8402079012345691,0.0004886831275720165,1.2407407407407407,1.1126543209876543,0.0,6835.080246913581,0.029320987654320986,0.0,14.976851851851851,0.0,20.0,228.76543209876544,30.0,487.1188271604938,10.0,0.0,0.0,0.0
676,0.26958848883929726,0.27718106222049027,0.25204528977030655,0.26126900962150335,0.9836413011899687,0.9836395033685087,317.0,317.0,4.314300736067292,3.6449526813880126,0.0,0.0,4.316193480546793,3.649842271293375,3.983017875920084,1.6,1.6,590.34368,591.16832,206.43569999999997,249.12029999999993,-116.09202000000002,-157.95197999999993,-154704.9649399998,-182140.21132,-12.557839116719236,-12.619684835521571,3.979626708727658,0.05506520507013031,0.0,1.0,1.0,361.56309148264984,362.00157728706625,1.0,1.0,1.5,1.8635835962145106,0.0,1.3186119873817035,1.1719242902208202,0.0,6868.182965299685,0.0,0.0,15.0,0.0,20.0,238.7776025236593,30.0,494.4211356466877,10.0,0.0,0.0,0.0
677,0.26962433503824373,0.2772051884092381,0.25230427194229943,0.26154746269032203,0.9836667512306504,0.9836655603801083,325.0,324.0,3.6595384615384607,3.856893004115228,0.0,0.0,3.662615384615385,3.858899176954732,3.760606060606061,1.6,1.6,590.3907200000001,590.47008,216.42199999999997,211.44389999999987,-126.03127999999987,-120.97381999999982,-154830.9962199998,-182261.18514000002,-12.20288751926039,-12.588087272375112,3.758063687724708,-0.011579058059862462,0.0,1.0,1.0,369.51926040061636,369.94298921417567,1.0,1.0,1.4992295839753467,1.8195081664098611,0.0,1.0986132511556241,1.1355932203389831,0.0,6862.337442218798,0.0,0.0,15.0,0.0,20.0,225.48382126348227,30.0,480.6363636363636,10.0,0.0,0.0,0.0
678,0.26958121695985715,0.2772306031659411,0.2523638159642156,0.2615513833142545,0.9836929314479539,0.9836918337541156,308.0,329.0,3.9656385281385256,3.9666666666666623,0.0,0.0,3.966396103896104,3.9678824721377914,3.9671637885923596,1.6,1.6,562.4646400000001,614.88544,327.91199999999986,176.2263999999999,-265.4473599999997,-61.34095999999988,-155096.4435799998,-182322.52610000002,-12.459948299319727,-12.690198114737443,3.9661695447409753,0.006125154273282145,0.0,1.0,1.0,368.8006279434851,369.2150706436421,1.0,1.0,1.5164835164835164,1.8482732810047098,0.0,1.0832025117739403,1.3092621664050235,0.0,6841.714285714285,0.0,0.0,15.0,0.0,20.0,237.9701726844584,30.0,489.6342229199372,10.0,0.0,0.0,0.0
679,0.26962609298765644,0.27717943869554124,0.2526316023197503,0.26163984879617264,0.9837188260310697,0.9837189470381587,330.0,310.0,3.9703535353535333,3.622688172043012,0.0,0.0,3.972777777777778,3.6265053763440864,3.8050520833333334,1.6,1.6,610.1609600000002,564.5443200000001,207.75829999999996,323.0564999999999,-97.5973399999998,-258.51217999999983,-155194.0409199998,-182581.03828,-12.316931875000009,-12.663214401182092,3.801953124999997,-0.0009409844716385017,0.0,1.0,1.0,370.025,370.471875,1.0,1.0,1.484375,1.8354769999999998,0.0,1.1953125,1.059375,0.0,6854.096875,0.0,0.0,15.0,0.0,20.0,228.1171875,30.0,485.6296875,10.0,0.0,0.0,0.0
680,0.26970068249159646,0.27717903249396253,0.25275527539444187,0.2619287063697503,0.983745998140309,0.9837459909997699,326.0,315.0,3.4360940695296525,4.045132275132276,0.0,0.0047089947089947095,3.4392126789366055,4.0436507936507935,3.7362454498179924,1.6,1.6,594.2416000000001,582.2704,256.72389999999984,229.84789999999998,-162.48229999999978,-147.5775,-155356.5232199998,-182728.61578000002,-12.290046801872082,-12.617538339552638,3.7353874154966156,-0.0017001450655942634,0.0,1.0,1.0,370.62870514820594,371.0530421216849,1.0,1.0,1.4914196567862714,1.8354321372854914,0.002314092563702548,1.187207488299532,1.1528861154446177,0.0,6822.755070202808,0.13884555382215288,0.0,14.929797191887676,0.0,20.0,223.98439937597504,30.0,485.61934477379094,10.0,0.0,0.0,0.0
681,0.269559324831249,0.27709201907964043,0.25376700792007345,0.26278970339384633,0.9837723496659561,0.9837726532744803,327.0,332.0,4.227522935779812,4.483132530120484,0.0027522935779816515,0.0,4.22487257900102,4.485642570281125,4.356246838644411,1.6,1.6,608.3104000000001,612.0102400000001,265.2299999999999,175.12699999999995,-156.91959999999983,-63.116759999999886,-155513.4428199998,-182791.73254000003,-12.637146990389489,-12.574978005783432,4.35629742033384,0.039410632239324124,0.0,1.0,1.0,365.2124430955994,365.6282245827011,1.0,1.0,1.5037936267071321,1.8517763884673755,0.0013657056145675267,1.2154779969650986,1.2215477996965098,0.0,6937.440060698027,0.0819423368740516,0.0,14.977238239757208,0.0,20.0,261.2959028831563,30.0,490.7238239757208,10.0,0.0,0.0,0.0
682,0.26950093945516057,0.27718911970125537,0.2535712862769633,0.26248003698068556,0.9837989919126957,0.9837984976780014,329.0,309.0,3.525278622087135,3.162297734627832,0.0,0.0,3.5261904761904765,3.1658036677454153,3.351645768025078,1.6,1.6,596.05312,560.7440000000001,212.03699999999986,320.0277999999999,-115.98387999999983,-259.28379999999976,-155629.4266999998,-183051.01634000003,-12.001168652037618,-12.641556539738861,3.3494775339602905,-0.03949175601043482,0.0,1.0,1.0,376.27272727272725,376.69905956112854,1.0,1.0,1.4843260188087775,1.8131616300940432,0.0,1.20846394984326,0.9137931034482759,0.0,6942.122257053292,0.0,0.0,15.0,0.0,20.0,200.96865203761755,30.0,478.6708463949843,10.0,0.0,0.0,0.0
683,0.2695624257355272,0.2770769528217733,0.25343561544296817,0.2625015711923243,0.983825071842535,0.983825443242628,311.0,338.0,3.620364415862809,4.541518737672581,0.0,0.003747534516765286,3.6226688102893894,4.540285996055227,4.100564971751413,1.6,1.6,581.07392,629.4444800000001,277.36739999999986,121.42749999999991,-196.29347999999982,8.016980000000203,-155825.7201799998,-183042.99936000005,-12.615853107344616,-12.66039080869604,4.10010272213662,0.015219495702646054,0.0,1.0,1.0,364.7380585516179,365.1664098613251,1.0,1.0,1.5208012326656395,1.865205546995378,0.0019517205957883922,1.1956856702619414,1.2465331278890601,0.0,6876.627118644068,0.11710323574730354,0.0,14.942989214175656,0.0,20.0,245.8890600924499,30.0,494.93528505392914,10.0,0.0,0.0,0.0
684,0.2696101800822257,0.2771043507730709,0.2541983151303891,0.26313013198725155,0.9838511975040617,0.9838518198100644,300.0,319.0,3.483277777777778,3.8409613375130602,0.0,0.0,3.4842222222222223,3.842371995820271,3.668793753365643,1.6,1.6,548.1392000000001,592.9529600000001,269.95889999999997,299.36959999999993,-221.8196999999999,-206.41663999999986,-156047.5398799998,-183249.41600000006,-12.311358319870756,-12.701186109267809,3.6676090468497575,-0.003083116359259749,0.0,1.0,1.0,378.93053311793216,379.35864297253636,1.0,1.0,1.5153473344103392,1.8434445234248786,0.0,1.0096930533117932,1.1260096930533119,0.0,6816.426494345719,0.0,0.0,15.0,0.0,20.0,220.05654281098546,30.0,488.1276252019386,10.0,0.0,0.0,0.0
685,0.2695616157167666,0.27707557556390777,0.2544134377123261,0.2630222404013978,0.9838761387805051,0.9838772178563835,306.0,344.0,3.940904139433554,4.6653100775193765,0.0,0.0,3.943681917211329,4.666279069767443,4.326102564102564,1.6,1.6,570.0697600000001,639.2044800000001,158.65189999999987,179.49039999999994,-88.58213999999978,-40.285919999999834,-156136.1220199998,-183289.70192000005,-12.676555692307682,-12.65056693838076,4.324282051282051,0.04444843624737934,0.0,1.0,1.0,372.9553846153846,373.3676923076923,1.0,1.0,1.5292307692307692,1.8604219076923083,0.0,1.0953846153846154,1.2323076923076923,0.0,6837.869230769231,0.0,0.0,15.0,0.0,20.0,259.4569230769231,30.0,493.42,10.0,0.0,0.0,0.0
686,0.26961616181389475,0.27710713397592796,0.25369503937094323,0.2624574455206115,0.9839017124560401,0.9839030292656874,314.0,327.0,3.8435774946921426,3.9302242609582083,0.0,0.0,3.846602972399151,3.9314475025484197,3.8898855954238174,1.6,1.6,569.1657600000001,603.5484800000002,207.20149999999987,290.1577999999999,-138.03573999999978,-186.60931999999974,-156274.1577599998,-183476.31124000004,-12.315186479459195,-12.59917120597555,3.887779511180445,-0.004732278944478646,0.0,1.0,1.0,371.8127925117005,372.2480499219969,1.0,1.0,1.5101404056162246,1.8295073946957878,0.0,1.2293291731669267,1.0265210608424338,0.0,6956.9329173166925,0.0,0.0,15.0,0.0,20.0,233.26677067082684,30.0,483.7613104524181,10.0,0.0,0.0,0.0
687,0.2695366140457155,0.27714064739845307,0.2537404504391101,0.26266001503365805,0.983927471086161,0.9839288416400856,322.0,323.0,4.388146997929603,3.403457172342621,0.0,0.0,4.392132505175984,3.406501547987616,3.8985529715762275,1.6,1.6,602.7718400000001,588.81248,176.33659999999992,291.9347,-73.56475999999981,-203.12221999999997,-156347.7225199998,-183679.43346000003,-12.42630222222222,-12.73451718962427,3.895038759689927,-0.0068877009454190825,0.0,1.0,1.0,375.8217054263566,376.2449612403101,1.0,1.0,1.5007751937984497,1.8474175503875976,0.0,1.22015503875969,1.136434108527132,0.0,6884.3658914728685,0.0,0.0,15.0,0.0,20.0,233.70232558139534,30.0,489.35968992248064,10.0,0.0,0.0,0.0
688,0.26950281673339715,0.27727808925901337,0.25298927857808967,0.2620814345439693,0.983952638402646,0.9839546069623631,322.0,296.0,4.335403726708073,3.218524774774775,0.0,0.0,4.336749482401656,3.219650900900901,3.801699029126214,1.6,1.6,604.08704,536.1708800000001,229.9688999999999,317.05909999999983,-125.8818599999999,-280.8882199999997,-156473.6043799998,-183960.32168000002,-12.374341316073359,-12.555994825263578,3.8004584681769136,0.03476769371055675,0.0,1.0,1.0,376.69741100323625,377.1181229773463,1.0,1.0,1.4789644012944985,1.8450775404530733,0.0,1.2103559870550162,1.0016181229773462,0.0,6920.338187702266,0.0,0.0,15.0,0.0,20.0,228.02750809061487,30.0,488.63106796116506,10.0,0.0,0.0,0.0
689,0.269461860870063,0.27727134331587683,0.25221536557088947,0.2611351715070998,0.9839784640114553,0.983980104196344,309.0,312.0,3.90992448759439,3.864850427350425,0.0,0.0,3.91326860841424,3.869017094017094,3.8910359634997316,1.6,1.6,559.48,572.3737600000001,327.8893999999999,167.79539999999994,-268.4093999999999,-95.42163999999988,-156742.0137799998,-184055.74332,-12.273476328502413,-12.546556680427196,3.887278582930758,-0.0020527819617957416,0.0,1.0,1.0,374.1578099838969,374.57971014492756,1.0,1.0,1.502415458937198,1.8226308534621574,0.0,1.1755233494363928,1.1175523349436394,0.0,6908.479871175523,0.0,0.0,15.0,0.0,20.0,233.23671497584542,30.0,481.6231884057971,10.0,0.0,0.0,0.0
690,0.2694932158500679,0.27725622363757335,0.25246215375711645,0.261269058719203,0.984003332584388,0.9840055653584545,329.0,331.0,3.84579533941236,3.970493454179255,0.0,0.0,3.8490374873353597,3.971500503524673,3.9104545454545456,1.6,1.6,620.5260800000001,592.9408000000001,132.33359999999993,195.66749999999993,-11.80751999999984,-102.72669999999985,-156753.8212999998,-184158.47002,-12.37827434343434,-12.578749963109903,3.9083333333333328,0.028295283592394957,0.0,1.0,1.0,370.5681818181818,371.00454545454545,1.0,1.0,1.5015151515151515,1.838586181818181,0.0,1.3257575757575757,1.0924242424242425,0.0,6916.451515151515,0.0,0.0,15.0,0.0,20.0,234.5,30.0,486.6030303030303,10.0,0.0,0.0,0.0
691,0.26949790019172243,0.277326917191492,0.2514485466228056,0.2603517366443328,0.9840286323322105,0.9840321815117035,320.0,313.0,4.094583333333334,3.1185303514376987,0.0,0.0,4.09515625,3.1243343982960603,3.615113217482886,1.6,1.6,596.3011200000001,565.2310400000001,289.86919999999986,322.0245999999998,-193.56807999999978,-256.7935599999997,-156947.3893799998,-184415.26358,-12.237852764612944,-12.565492539415434,3.6119536598209594,-0.009245238924181007,0.0,1.0,1.0,375.71090047393363,376.1500789889416,1.0,1.0,1.4944707740916272,1.8349639178515023,0.0,1.3917851500789888,0.8957345971563981,0.0,6899.260663507109,0.0,0.0,15.0,0.0,20.0,216.7172195892575,30.0,485.47551342812005,10.0,0.0,0.0,0.0
692,0.26964215384476947,0.27723147395501724,0.2516181854476423,0.26057434449365807,0.9840540673497814,0.9840579464715319,310.0,336.0,3.642741935483875,4.444295634920634,0.0,0.0,3.644731182795699,4.445535714285715,4.061248710010319,1.6,1.6,574.50624,621.0313600000001,230.04469999999984,124.00769999999991,-155.5384599999998,-2.976339999999851,-157102.92783999981,-184418.23992,-12.511864809081526,-12.628656983347994,4.059649122807017,0.02906479515181985,0.0,1.0,1.0,379.86687306501545,380.3142414860681,1.0,1.0,1.520123839009288,1.8506773993808059,0.0,1.174922600619195,1.0526315789473684,0.0,6884.054179566563,0.0,0.0,15.0,0.0,20.0,243.57894736842104,30.0,490.3854489164087,10.0,0.0,0.0,0.0
693,0.26970267371197915,0.27722452222062655,0.2518270463303053,0.26046147082029664,0.9840793357032321,0.9840836015750092,305.0,329.0,3.9438797814207684,3.8829787234042534,0.0,0.0,3.947049180327869,3.884853090172239,3.914773922187172,1.6,1.6,557.5990400000001,602.0256,267.51939999999996,295.61219999999986,-209.9203599999999,-193.5865999999998,-157312.8481999998,-184611.82652,-12.322323659305987,-12.5115879526072,3.9122765509989477,0.016142779908960504,0.0,1.0,1.0,377.82807570977917,378.26498422712933,1.0,1.0,1.5189274447949528,1.829060946372241,0.0,1.11198738170347,1.337539432176656,0.0,6884.567823343848,0.0,0.0,15.0,0.0,20.0,234.73659305993692,30.0,483.6324921135647,10.0,0.0,0.0,0.0
694,0.2696958372648861,0.2771898979257248,0.25200739482834605,0.26079820599745374,0.9841041102415635,0.9841087006002865,322.0,331.0,4.114596273291927,3.69904330312185,0.0,0.0,4.11620082815735,3.6995971802618337,3.905028075548749,1.6,1.6,610.57984,611.6780799999999,175.11999999999995,272.4912999999999,-64.54015999999996,-160.81322,-157377.3883599998,-184772.63974,-12.576951914241953,-12.673041930062846,3.903956100051047,0.03880536545628256,0.0,1.0,1.0,369.5053598774885,369.9203675344564,1.0,1.0,1.5068912710566615,1.8717579173047474,0.0,1.4854517611026035,1.122511485451761,0.0,6763.427258805513,0.0,0.0,15.0,0.0,20.0,234.2373660030628,30.0,496.9739663093415,10.0,0.0,0.0,0.0
695,0.269733806125281,0.2771609487123531,0.25125089785194443,0.2598793008492575,0.9841293394300401,0.984134929500478,337.0,288.0,3.428041543026705,3.7282407407407385,0.0,0.0,3.4316518298714143,3.7287615740740736,3.5685599999999997,1.6,1.6,607.4304000000001,525.93632,178.29979999999995,416.87359999999984,-70.86939999999987,-390.9372799999998,-157448.2577599998,-185163.57702000003,-12.089243093333337,-12.482404780897523,3.566373333333334,-0.010961321717230726,0.0,1.0,1.0,379.5152,379.9392,1.0,1.0,1.4608,1.8133867519999995,0.0,1.216,0.9872,0.0,6885.56,0.0,0.0,15.0,0.0,20.0,213.9824,30.0,478.728,10.0,0.0,0.0,0.0
696,0.26981127811070166,0.27698998976297917,0.25259168269082455,0.2611997619300597,0.9841544324601674,0.9841599813322431,310.0,339.0,3.6091935483870965,4.940216322517204,0.0,0.025270403146509336,3.6111290322580647,4.919075712881022,4.29432460195172,1.6,1.6,579.6096000000001,617.11616,320.2305999999998,74.17099999999996,-240.6209999999997,42.94516000000007,-157688.87875999982,-185120.63186000002,-12.569181510015397,-12.641967542130685,4.3044427324088375,0.005113448041476216,0.0,1.0,1.0,374.7611710323575,375.1617873651772,1.0,1.0,1.5223420647149462,1.8439534052388291,0.013199794555726755,1.1571648690292757,1.386748844375963,0.0,6932.1926040061635,0.7919876733436055,0.0,14.654853620955317,0.0,20.0,257.47457627118644,30.0,488.291217257319,10.0,0.0,0.0,0.0
697,0.26981069663716434,0.2770983389231346,0.2528762463972816,0.26157063972435024,0.9841806132707097,0.98418352934948,309.0,331.0,3.7548543689320404,3.9067975830815684,0.0,0.0,3.7586839266450918,3.9114803625377648,3.8377083333333335,1.6,1.6,574.8870400000001,591.7843200000001,189.68079999999992,350.8191,-114.79375999999985,-259.0347799999999,-157803.67251999982,-185379.66664,-12.253718958333343,-12.524250100391338,3.8334374999999974,0.04139834125301514,0.0,1.0,1.0,386.7671875,387.18125,1.0,1.0,1.5171875,1.8229239999999998,0.0,1.0546875,1.1859375,0.0,6837.590625,0.0,0.0,15.0,0.0,20.0,230.00625,30.0,481.7171875,10.0,0.0,0.0,0.0
698,0.2698596249801592,0.27709446522007314,0.25164522128508077,0.26052629978738123,0.9842049232469707,0.9842076630651555,324.0,318.0,3.671759259259256,3.6711740041928724,0.0,0.0,3.6732510288065843,3.674633123689727,3.673935617860851,1.6,1.6,600.56928,588.3776,176.1868999999999,259.1981999999998,-75.61761999999985,-170.82059999999979,-157879.29013999982,-185550.48724000002,-12.364228037383171,-12.71280600749986,3.6714693665628233,-0.006175762372813198,0.0,1.0,1.0,379.2383177570093,379.70093457943926,1.0,1.0,1.4953271028037383,1.851942180685357,0.0,1.2118380062305296,1.071651090342679,0.0,6930.866043613707,0.0,0.0,15.0,0.0,20.0,220.28816199376948,30.0,490.77881619937693,10.0,0.0,0.0,0.0
699,0.26991157300052504,0.2770843513494375,0.25118118104151993,0.26023183727892363,0.9842292499792964,0.9842323972845274,330.0,308.0,3.7695959595959603,3.5986471861471867,0.0,0.0,3.771111111111111,3.599512987012987,3.6882706374085683,1.6,1.6,616.58144,555.6342400000001,190.51379999999992,283.0923999999999,-73.93235999999987,-227.4581599999998,-157953.22249999983,-185777.94540000003,-12.282170950888199,-12.694574719986406,3.687068965517239,-0.022741285351531935,0.0,1.0,1.0,383.7398119122257,384.15673981191225,1.0,1.0,1.4827586206896552,1.8373286520376173,0.0,1.134796238244514,1.1426332288401253,0.0,6871.968652037617,0.0,0.0,15.0,0.0,20.0,221.22413793103448,30.0,486.2100313479624,10.0,0.0,0.0,0.0
700,0.26992729871017945,0.2770693286140326,0.25051797958736677,0.2596412925349164,0.9842534688418881,0.984256897933248,347.0,305.0,3.9671950048030777,3.913442622950819,0.0,0.0,3.9703170028818446,3.9150819672131147,3.944478527607362,1.6,1.6,646.08512,583.09216,214.58229999999998,158.4407999999999,-68.49718000000001,-75.34863999999988,-158021.71967999983,-185853.29404000004,-12.673614110429446,-12.740548831123292,3.942050102249489,0.019597154176609746,0.0,1.0,1.0,376.57975460122697,377.01687116564415,1.0,1.0,1.4677914110429449,1.8852412269938656,0.0,1.3236196319018405,1.200920245398773,0.0,7138.700920245399,0.0,0.0,15.0,0.0,20.0,236.52300613496934,30.0,501.17638036809814,10.0,0.0,0.0,0.0
701,0.26998192717010294,0.27710725380294676,0.2503361341401477,0.25931282908310416,0.9842776006908185,0.9842815085070195,334.0,291.0,3.276447105788421,4.0654639175257765,0.0,0.0,3.2834331337325344,4.068384879725086,3.6489066666666665,1.6,1.6,602.86368,526.01952,297.2253999999999,308.48069999999984,-194.36171999999988,-282.4611799999998,-158216.08139999982,-186135.75522000005,-12.076894933333332,-12.597824483352671,3.6438133333333367,-0.026849522648110264,0.0,1.0,1.0,388.3408,388.7616,1.0,1.0,1.4656,1.8062131200000007,0.0,1.2128,1.0032,0.0,6859.5216,0.0,0.0,15.0,0.0,20.0,218.6288,30.0,476.4912,10.0,0.0,0.0,0.0
702,0.26988644919909466,0.2771155186658064,0.24972942921657926,0.25867616962894324,0.9843022326997648,0.9843055166724227,336.0,285.0,3.9223710317460294,3.9090643274853822,0.0,0.0,3.9252480158730156,3.914795321637427,3.920450885668277,1.6,1.6,637.7846400000001,514.3696000000001,192.38529999999994,232.4589999999998,-54.60065999999986,-218.0893999999997,-158270.68205999982,-186353.84462000005,-12.482546215780994,-12.676224488096812,3.916264090177127,0.01900543645804162,0.0,1.0,1.0,386.8792270531401,387.317230273752,1.0,1.0,1.458937198067633,1.8553208373590995,0.0,1.2286634460547503,0.9935587761674718,0.0,6814.565217391304,0.0,0.0,15.0,0.0,20.0,234.975845410628,30.0,491.8309178743961,10.0,0.0,0.0,0.0
703,0.26991314564275415,0.27684857242539546,0.24890671331340536,0.2578382814991636,0.9843265567586835,0.984330577003475,319.0,330.0,3.6954545454545467,4.906262626262623,0.0,0.05207070707070707,3.703082549634274,4.854191919191919,4.288392398561889,1.6,1.6,583.11968,608.47648,331.8577999999998,110.55549999999995,-248.7381199999998,-2.0790199999999146,-158519.4201799998,-186355.92364000005,-12.524084437596306,-12.636564651429154,4.311119671289161,0.05355374813256105,0.0,1.0,1.0,384.99229583975347,385.43297380585517,1.0,1.0,1.5084745762711864,1.836049553158704,0.02647663071391885,1.0539291217257318,1.2095531587057011,0.0,6860.063174114021,1.588597842835131,0.0,14.699537750385208,0.0,20.0,257.07858243451466,30.0,485.8166409861325,10.0,0.0,0.0,0.0
704,0.2699292723651918,0.276920587801584,0.2496140264592466,0.25852202150237646,0.9843505282267763,0.9843555710352236,321.0,324.0,3.7093457943925214,3.5432613168724285,0.0,0.0,3.7113707165109036,3.546656378600823,3.6286304909560716,1.6,1.6,600.5446400000001,591.9497600000001,196.40169999999995,279.2586999999999,-95.85705999999988,-187.30893999999984,-158615.27723999982,-186543.23258000004,-12.327207235142115,-12.57304980844545,3.625917312661501,0.029901011936031202,0.0,1.0,1.0,381.646511627907,382.0837209302326,1.0,1.0,1.5023255813953489,1.8488285271317826,0.0,1.1829457364341085,1.1751937984496124,0.0,6687.584496124031,0.0,0.0,15.0,0.0,20.0,217.55503875968992,30.0,489.80930232558137,10.0,0.0,0.0,0.0
705,0.2700191086144608,0.27689250927412223,0.24950333475307815,0.25802198765584006,0.9843746341611879,0.9843796659526673,331.0,317.0,3.7973816717019115,3.8227655099894795,0.0,0.0,3.7973816717019133,3.8260252365930594,3.811394032921811,1.6,1.6,602.2940800000001,593.3241600000001,201.21829999999986,257.5592999999999,-98.92421999999974,-164.23513999999977,-158714.2014599998,-186707.46772000004,-12.378175720164613,-12.598574154853933,3.8097993827160566,0.01727638511507815,0.0,1.0,1.0,388.608024691358,389.0401234567901,1.0,1.0,1.4891975308641976,1.84508987654321,0.0,1.1697530864197532,1.183641975308642,0.0,6761.365740740741,0.0,0.0,15.0,0.0,20.0,228.58796296296296,30.0,488.641975308642,10.0,0.0,0.0,0.0
706,0.27007485908216744,0.27686854118442134,0.24906349826783003,0.2575068408243928,0.9843990049071111,0.9844034408438032,307.0,326.0,3.518621064060805,4.08445807770961,0.0,0.0,3.524212812160695,4.086042944785276,3.813559768299104,1.6,1.6,561.46496,610.0825600000001,310.30389999999994,230.51819999999992,-248.83893999999992,-120.43563999999986,-158963.0403999998,-186827.90336000005,-12.412676566614019,-12.738954482056103,3.8100315955766155,-0.004839764162281224,0.0,1.0,1.0,392.75513428120064,393.2148499210111,1.0,1.0,1.5150078988941549,1.8507859715639823,0.0,0.9873617693522907,1.0442338072669826,0.0,6823.775671406003,0.0,0.0,15.0,0.0,20.0,228.60189573459715,30.0,490.4202211690363,10.0,0.0,0.0,0.0
707,0.27007040500904994,0.27691000652978176,0.2491815135184311,0.25774007890928397,0.984423045326844,0.9844273501435327,331.0,308.0,4.104934541792547,3.6730519480519495,0.0,0.0,4.10785498489426,3.675703463203463,3.899556598852374,1.6,1.6,612.9292800000001,559.9344000000001,163.0526999999999,326.4676999999999,-50.12341999999984,-266.5332999999998,-159013.16381999978,-187094.43666000006,-12.35484360980698,-12.65295497626156,3.896765779864367,0.0027011210197728434,0.0,1.0,1.0,388.85758998435057,389.30203442879497,1.0,1.0,1.482003129890454,1.8354674178403758,0.0,1.2816901408450705,1.086071987480438,0.0,6896.777777777777,0.0,0.0,15.0,0.0,20.0,233.80594679186228,30.0,485.64006259780905,10.0,0.0,0.0,0.0
708,0.27009373608632153,0.2769433935836943,0.2506768272116744,0.25885985997129674,0.9844463572607287,0.9844513725868829,319.0,308.0,3.3859456635318694,3.9639069264069247,0.0,0.0,3.391222570532915,3.965530303030303,3.6733386496544393,1.6,1.6,584.85184,563.2646400000001,257.7145999999999,309.28639999999996,-172.86275999999987,-246.02175999999986,-159186.02657999977,-187340.45842000007,-12.237840085061134,-12.626492967943832,3.6698564593301426,-0.004390300397957397,0.0,1.0,1.0,396.7894736842105,397.20255183413076,1.0,1.0,1.4912280701754386,1.8311267623604468,0.0,1.0701754385964912,1.076555023923445,0.0,6916.586921850079,0.0,0.0,15.0,0.0,20.0,220.19138755980862,30.0,484.2791068580542,10.0,0.0,0.0,0.0
709,0.2701104058085551,0.27694623646192373,0.250355318446575,0.25882574982708173,0.9844702614799133,0.9844755429687233,320.0,317.0,3.8631770833333356,3.4071503680336495,0.0,0.0,3.864947916666666,3.409043112513144,3.6380690737833596,1.6,1.6,596.1152000000001,568.67776,197.3488999999999,227.80499999999995,-101.23369999999983,-159.12723999999992,-159287.26027999978,-187499.58566000007,-12.208856305599163,-12.573559964416468,3.636237571951857,0.0013088696156510716,0.0,1.0,1.0,384.33124018838305,384.7488226059655,1.0,1.0,1.4976452119309263,1.828560376766091,0.0,1.2558869701726845,1.0800627943485086,0.0,6865.706436420722,0.0,0.0,15.0,0.0,20.0,218.17425431711146,30.0,483.4678178963893,10.0,0.0,0.0,0.0
710,0.27017686724249756,0.27699167747064307,0.2499963134900986,0.25833905439460997,0.9844943911888561,0.9845003589949447,313.0,314.0,3.6542066027689066,3.807324840764333,0.0,0.0,3.655963791267306,3.809023354564755,3.7326156299840507,1.6,1.6,574.67776,574.7788800000001,250.89299999999992,271.08259999999984,-176.21523999999988,-196.30371999999977,-159463.47551999977,-187695.88938000007,-12.27516725146199,-12.717838505298099,3.7308878256246683,-0.01868898606819759,0.0,1.0,1.0,397.02232854864434,397.4704944178628,1.0,1.0,1.5007974481658692,1.833264178628389,0.0,1.0685805422647527,1.1132376395534291,0.0,6791.872408293461,0.0,0.0,15.0,0.0,20.0,223.85326953748006,30.0,484.94736842105266,10.0,0.0,0.0,0.0
711,0.2702213692307211,0.27688883135790227,0.24999919912998514,0.2582748844706947,0.9845182505972193,0.9845241536332489,303.0,348.0,3.6331133113311336,4.469540229885054,0.0,0.0,3.636028602860286,4.470689655172414,4.082206861239119,1.6,1.6,550.7776000000001,647.0966400000001,276.5561999999999,79.73789999999994,-225.77859999999976,67.35874000000015,-159689.25411999976,-187628.53064000007,-12.455900460829495,-12.505197892526226,4.080235535074245,0.04311930854586134,0.0,1.0,1.0,386.89247311827955,387.31336405529953,1.0,1.0,1.5345622119815667,1.8400525960061445,0.0,1.1013824884792627,1.3870967741935485,0.0,6977.337941628264,0.0,0.0,15.0,0.0,20.0,244.81413210445467,30.0,487.062980030722,10.0,0.0,0.0,0.0
712,0.2702318660051683,0.27692421048080185,0.2487453431193135,0.2568418462492061,0.9845424193948591,0.9845480410254128,316.0,327.0,4.39899789029536,3.558817533129462,0.0,0.0,4.399736286919831,3.560703363914373,3.973043027475376,1.6,1.6,588.6643200000001,610.28896,168.8192,310.5320999999999,-80.1548799999999,-200.24313999999993,-159769.40899999975,-187828.77378000008,-12.560927527216158,-12.683547377006336,3.9717210990150313,0.021619167401069492,0.0,1.0,1.0,389.86936236391915,390.3203732503888,1.0,1.0,1.5085536547433904,1.8646240746500773,0.0,1.1866251944012443,1.3654743390357698,0.0,6968.4152410575425,0.0,0.0,15.0,0.0,20.0,238.303265940902,30.0,494.7356143079316,10.0,0.0,0.0,0.0
713,0.270317498829859,0.2769017856432633,0.2485679163041702,0.25660570019720536,0.9845659227296714,0.9845717253635147,326.0,318.0,3.7346625766871173,3.7791404612159307,0.0,0.0,3.737167689161554,3.7811320754716977,3.7588768115942033,1.6,1.6,598.60672,590.9766400000001,237.20989999999995,247.31809999999987,-138.60317999999995,-156.34145999999978,-159908.01217999976,-187985.11524000007,-12.36950331262939,-12.603918921601913,3.75662525879917,0.02003937610228051,0.0,1.0,1.0,391.75621118012424,392.2003105590062,1.0,1.0,1.4937888198757765,1.8471791304347824,0.0,1.1040372670807452,1.3012422360248448,0.0,6955.7546583850935,0.0,0.0,15.0,0.0,20.0,225.3975155279503,30.0,489.2872670807453,10.0,0.0,0.0,0.0
714,0.27035196207646633,0.27686633727526455,0.24899672827884953,0.25711969181879923,0.984589660409781,0.984595791333774,321.0,336.0,3.539979231568018,3.8875496031746,0.0,0.0,3.5444963655244024,3.8901785714285717,3.721283612379503,1.6,1.6,596.26144,618.368,264.90339999999986,186.3327999999999,-168.64195999999987,-67.96479999999985,-160076.65413999977,-188053.08004000006,-12.363466057838654,-12.63492030915293,3.7177321156773178,0.00014688586017740646,0.0,1.0,1.0,386.9680365296804,387.41400304414003,1.0,1.0,1.5114155251141552,1.8487510502283107,0.0,1.1933028919330289,1.2678843226788432,0.0,6996.059360730594,0.0,0.0,15.0,0.0,20.0,223.06392694063928,30.0,489.7853881278539,10.0,0.0,0.0,0.0
715,0.270323151624685,0.2768789040763663,0.2500883325115917,0.2578075075918665,0.9846128891386555,0.9846191746251269,306.0,338.0,3.9964596949891087,3.702218934911241,0.0,0.0,3.998257080610022,3.7038954635108485,3.843762939958592,1.6,1.6,575.6284800000001,633.4227200000001,254.85159999999993,235.67629999999988,-179.22311999999985,-102.25357999999974,-160255.87725999978,-188155.33362000005,-12.586313664596288,-12.588360419692629,3.842028985507246,0.03175070093870303,0.0,1.0,1.0,376.89130434782606,377.305900621118,1.0,1.0,1.5248447204968945,1.8774086956521734,0.0,1.3540372670807452,1.4083850931677018,0.0,6974.560559006211,0.0,0.0,15.0,0.0,20.0,230.52173913043478,30.0,498.7375776397516,10.0,0.0,0.0,0.0
716,0.27018487137371505,0.27680336454234167,0.25018130775540687,0.25798044667626224,0.9846361274248142,0.9846425957993107,350.0,337.0,4.703809523809527,3.7045004945598365,0.0006190476190476191,0.0,4.705571428571429,3.7056874381800204,4.215089762251335,1.6,1.6,655.5299200000001,613.07392,121.18849999999988,274.4746999999999,34.341420000000184,-161.40077999999988,-160221.53583999976,-188316.73440000004,-12.548698495875774,-12.542300099416888,4.213609898107714,0.03050058244452595,0.0,1.0,1.0,378.7598253275109,379.18195050946144,1.0,1.0,1.490538573508006,1.8465849199417734,0.00031538088306647257,1.4483260553129549,1.3668122270742358,0.0,6951.208151382824,0.018922852983988356,0.0,14.981077147016011,0.0,20.0,252.7976710334789,30.0,489.098981077147,10.0,0.0,0.0,0.0
717,0.2702391058667397,0.2768409934261836,0.2502838244581654,0.2580468005710755,0.9846595496680566,0.9846661493427443,327.0,297.0,3.455096839959226,3.222278338945004,0.0,0.0,3.4608053007135577,3.225476992143659,3.3487980769230767,1.6,1.6,607.2476800000001,559.2950400000001,311.2508999999999,360.2023999999999,-204.00321999999983,-300.9073599999998,-160425.53905999978,-188617.64176000006,-12.339225854700858,-12.736085590389564,3.3442841880341847,-0.012156428733121295,0.0,1.0,1.0,397.13461538461536,397.5496794871795,1.0,1.0,1.4759615384615385,1.8694594871794867,0.0,1.2435897435897436,1.0384615384615385,0.0,6757.169871794872,0.0,0.0,15.0,0.0,20.0,200.65705128205127,30.0,496.2644230769231,10.0,0.0,0.0,0.0
718,0.27031508728997655,0.27678926718173924,0.24994300164320027,0.25733221090110786,0.984682532276109,0.9846887508555949,334.0,325.0,3.2349301397205603,4.3492820512820485,0.0,0.0,3.2381237524950093,4.3518974358974365,3.787405159332322,1.6,1.6,613.0451200000001,615.7692800000001,243.90429999999986,112.99139999999994,-130.85917999999975,2.7778800000001524,-160556.39823999978,-188614.86388000005,-12.486290338897323,-12.642771779418906,3.7844967121901876,0.033896414144143516,0.0,1.0,1.0,392.76934749620636,393.2094081942337,1.0,1.0,1.4931714719271623,1.864665250379363,0.0,1.142640364188164,1.3353566009104705,0.0,6852.024279210926,0.0,0.0,15.0,0.0,20.0,227.06980273141122,30.0,494.7496206373293,10.0,0.0,0.0,0.0
719,0.2703659290488176,0.27679413811993997,0.25205057726639374,0.25952281385083076,0.9847056775255203,0.9847124119855549,299.0,316.0,3.3998327759197324,3.8002109704641356,0.0,0.0,3.401114827201783,3.803006329113923,3.607615176151761,1.6,1.6,560.40416,565.5798400000001,340.49159999999983,345.15619999999996,-280.0874399999998,-279.57635999999985,-160836.48567999978,-188894.44024000005,-12.210536585365848,-12.69025492995298,3.6055555555555574,-0.02906045568427307,0.0,1.0,1.0,410.88943089430893,411.31869918699186,1.0,1.0,1.5138211382113822,1.8308682926829267,0.0,1.0341463414634147,0.983739837398374,0.0,6749.173983739837,0.0,0.0,15.0,0.0,20.0,216.33333333333334,30.0,484.1918699186992,10.0,0.0,0.0,0.0
720,0.270443198989515,0.27681465068972017,0.25180943582243676,0.2591362250940533,0.9847284132801748,0.9847355845584089,319.0,319.0,3.720532915360501,3.1665621734587246,0.0,0.0,3.722309299895506,3.1694879832810865,3.445898641588297,1.6,1.6,580.7136,583.77056,132.00689999999994,206.59449999999993,-51.2932999999999,-122.82393999999988,-160887.77897999977,-189017.26418000006,-12.11152685475444,-12.473749319888903,3.4435475444096144,0.026837130260147966,0.0,1.0,1.0,398.34012539184954,398.7445141065831,1.0,1.0,1.5,1.8252102821316625,0.0,1.0799373040752351,1.2398119122257054,0.0,6806.496865203761,0.0,0.0,15.0,0.0,20.0,206.6128526645768,30.0,482.4169278996865,10.0,0.0,0.0,0.0
721,0.27049446114189213,0.27686343049094997,0.2523904512073805,0.2595188114483287,0.9847507284396957,0.984758641578776,334.0,291.0,3.9988522954091787,3.19295532646048,0.0,0.0,4.000898203592814,3.194730813287514,3.625546666666667,1.6,1.6,612.38752,533.53792,181.08519999999993,314.70819999999986,-68.69767999999993,-281.1702799999999,-160956.47665999978,-189298.43446000005,-12.23357418666667,-12.586869293111356,3.623626666666668,0.018266739459679236,0.0,1.0,1.0,396.2416,396.7008,1.0,1.0,1.4656,1.833480704,0.0,1.3312,1.0752,0.0,6817.4448,0.0,0.0,15.0,0.0,20.0,217.4176,30.0,485.016,10.0,0.0,0.0,0.0
722,0.27057344857325727,0.27675178586629817,0.2519949484869523,0.2591277570080605,0.9847729993399804,0.984781826854618,295.0,340.0,3.3973446327683643,4.599019607843135,0.0,0.014215686274509804,3.398926553672317,4.586568627450981,4.034829396325459,1.6,1.6,541.6464000000001,633.9171200000001,363.1579999999999,54.16139999999997,-321.5115999999998,79.7557200000001,-161277.98825999978,-189218.67874000006,-12.507938477690274,-12.564314027270084,4.040761154855642,0.030468206222127626,0.0,1.0,1.0,395.5370078740157,395.9685039370079,1.0,1.0,1.5354330708661417,1.8512811338582684,0.007611548556430446,1.1637795275590552,1.2771653543307087,0.0,6930.507086614173,0.4566929133858268,0.0,14.874015748031496,0.0,20.0,241.98897637795275,30.0,490.56850393700785,10.0,0.0,0.0,0.0
723,0.2705133625313406,0.2766476901226047,0.25268309942575046,0.2601035759846711,0.9847961829333232,0.9848047179748772,316.0,329.0,4.490928270042192,4.315501519756839,0.0,0.0,4.493565400843882,4.318693009118541,4.4043669250646,1.6,1.6,578.33376,616.2352000000001,157.39709999999994,273.0701999999999,-79.06333999999995,-156.8349999999998,-161357.05159999977,-189375.51374000005,-12.656834315245469,-12.671254387139912,4.401447028423774,0.03610434579411413,0.0,1.0,1.0,396.88527131782945,397.34418604651165,1.0,1.0,1.510077519379845,1.852044899224807,0.0,1.2325581395348837,1.2325581395348837,0.0,7012.961240310077,0.0,0.0,15.0,0.0,20.0,264.08682170542636,30.0,490.80930232558137,10.0,0.0,0.0,0.0
724,0.2704757900884387,0.2766231451858178,0.2519168020313359,0.2592745569609366,0.9848190284154803,0.9848273560132738,346.0,293.0,4.644894026974953,4.129067121729236,0.0001926782273603083,0.0026166097838452784,4.646724470134875,4.12901023890785,4.409337506520604,1.6,1.6,632.86112,538.5491200000001,210.90209999999993,467.7818999999999,-78.0409799999999,-429.23277999999976,-161435.09257999976,-189804.74652000004,-12.545693062076154,-12.545571757324446,4.408372456964011,0.02545345758102709,0.0,1.0,1.0,397.1674491392801,397.6056338028169,1.0,1.0,1.458528951486698,1.8331928638497663,0.0013041210224308815,1.3552425665101722,1.1752738654147106,0.0,6922.527386541471,0.0782472613458529,0.0,14.926447574334897,0.0,20.0,264.42410015649455,30.0,484.91392801251953,10.0,0.0,0.0,0.0
725,0.2705104300285151,0.27636665501640345,0.25194796863453434,0.2589116931281344,0.9848410845276715,0.9848506431776521,326.0,329.0,3.683231083844582,5.153191489361703,0.0,0.005876393110435665,3.685633946830266,5.150202634245188,4.421272264631043,1.6,1.6,589.2912000000001,612.6931200000001,370.2890999999999,87.11929999999987,-280.9978999999998,25.573820000000268,-161716.09047999975,-189779.17270000005,-12.562460458015275,-12.572980721597004,4.42157760814249,0.024579993353813164,0.0,1.0,1.0,397.84885496183205,398.2763358778626,1.0,1.0,1.502290076335878,1.8350905648854958,0.0029516539440203565,1.2122137404580153,1.1938931297709923,0.0,6781.032061068702,0.17709923664122137,0.0,14.909923664122138,0.0,20.0,265.1175572519084,30.0,485.51297709923665,10.0,0.0,0.0,0.0
726,0.27054471384867046,0.27636168499179076,0.2527772735630991,0.25977757699291143,0.9848639819378131,0.9848738121157748,331.0,324.0,4.127190332326283,3.927006172839506,0.0,0.0,4.128751258811683,3.927777777777778,4.029338422391858,1.6,1.6,618.9680000000001,591.3584000000001,233.63909999999993,258.22769999999986,-114.67109999999985,-166.86929999999978,-161830.76157999976,-189946.04200000004,-12.482018320610694,-12.65621946871868,4.028167938931294,0.006008104079453769,0.0,1.0,1.0,395.7526717557252,396.1862595419847,1.0,1.0,1.4946564885496183,1.8478265648854955,0.0,1.2946564885496183,1.0656488549618321,0.0,6860.2,0.0,0.0,15.0,0.0,20.0,241.69007633587788,30.0,489.4854961832061,10.0,0.0,0.0,0.0
727,0.27051077747575747,0.27636417771646066,0.2522463181274728,0.25937545978451354,0.9848871534073962,0.9848965153249849,319.0,330.0,3.5580982236154615,3.976767676767678,0.0,0.0,3.560815047021943,3.9787373737373732,3.77331792501284,1.6,1.6,581.3462400000001,609.0662400000001,282.63129999999995,182.34749999999994,-201.28505999999987,-73.28125999999983,-162032.04663999975,-190019.32326000003,-12.297004211607597,-12.494778701707055,3.7709809964047274,0.02778460607425124,0.0,1.0,1.0,394.5161787365177,394.95839753466873,1.0,1.0,1.5084745762711864,1.834225701078584,0.0,1.1494607087827426,1.2912172573189522,0.0,6885.172573189522,0.0,0.0,15.0,0.0,20.0,226.25885978428352,30.0,485.2449922958398,10.0,0.0,0.0,0.0
728,0.2705250048134078,0.2764097287755612,0.2516969803484938,0.25871060578063987,0.984909652541345,0.9849190894510517,327.0,313.0,4.026350662589193,3.1317358892438767,0.0,0.0,4.029459734964322,3.1353567625133123,3.5921875000000005,1.6,1.6,602.4528,569.3987200000001,241.83039999999988,280.8336999999999,-139.37759999999986,-211.43497999999977,-162171.42423999976,-190230.75824000002,-12.204767083333328,-12.492499576034529,3.588828124999999,0.03769143392683738,0.0,1.0,1.0,399.1671875,399.6125,1.0,1.0,1.4890625,1.8310180000000003,0.0,1.2921875,1.1265625,0.0,6935.1703125,0.0,0.0,15.0,0.0,20.0,215.3296875,30.0,484.24375,10.0,0.0,0.0,0.0
729,0.2706197139199868,0.27632782695717656,0.25301503365078515,0.25968118691715547,0.9849326536518552,0.9849415000878234,317.0,313.0,3.084542586750791,3.88349307774228,0.0,0.0,3.086540483701367,3.8851437699680513,3.483306878306878,1.6,1.6,585.4057600000001,556.86432,243.98959999999985,301.26329999999984,-158.58383999999975,-244.39897999999982,-162330.00807999977,-190475.15722000002,-12.053725502645507,-12.628361077837614,3.48148148148148,-0.033139914487988614,0.0,1.0,1.0,407.2079365079365,407.64285714285717,1.0,1.0,1.4968253968253968,1.8131271111111116,0.0,1.1444444444444444,0.9587301587301588,0.0,6930.690476190476,0.0,0.0,15.0,0.0,20.0,208.88888888888889,30.0,478.64920634920634,10.0,0.0,0.0,0.0
730,0.2706113749324193,0.2762742572368331,0.25252312789291276,0.2594367790607045,0.9849547296254225,0.9849640169506887,317.0,330.0,4.346740273396417,4.4424747474747495,0.0006309148264984228,0.05257575757575757,4.347634069400631,4.390454545454546,4.369474497681607,1.6,1.6,597.87648,593.5126400000001,220.80569999999994,176.4682999999999,-122.92921999999993,-82.95565999999977,-162452.93729999976,-190558.11288000003,-12.59023019062339,-12.524855252126438,4.395569294178267,0.04429499579804101,0.0,1.0,1.0,396.9907264296754,397.42503863987633,1.0,1.0,1.510046367851623,1.8414051313755804,0.027125193199381756,1.3678516228748068,1.2210200927357033,0.0,6811.780525502319,1.6275115919629057,0.0,14.714064914992273,0.0,20.0,262.1066460587326,30.0,487.4930448222566,10.0,0.0,0.0,0.0
731,0.27064210424897067,0.2763240970719509,0.2526091465501288,0.25950524895457955,0.9849770949381549,0.9849864507425081,316.0,296.0,3.5661392405063266,3.466103603603606,0.0,0.0,3.5691983122362863,3.4679617117117125,3.520234204793028,1.6,1.6,591.26368,535.76288,201.92219999999995,364.0700999999999,-110.65851999999992,-328.3072199999999,-162563.59581999975,-190886.42010000002,-12.239955555555559,-12.734303217137263,3.5177559912854024,-0.009499262542613063,0.0,1.0,1.0,414.03921568627453,414.4673202614379,1.0,1.0,1.4836601307189543,1.841546666666667,0.0,1.2369281045751634,0.9705882352941176,0.0,6799.388888888889,0.0,0.0,15.0,0.0,20.0,211.0653594771242,30.0,487.5359477124183,10.0,0.0,0.0,0.0
732,0.27058022512011454,0.27624537325992565,0.2531752572266839,0.2600252527980296,0.9849996460065454,0.9850087932788624,325.0,335.0,4.15005128205128,4.6705472636815895,0.0,0.0,4.152256410256411,4.672587064676617,4.416363636363636,1.6,1.6,581.3107200000001,641.78144,276.944,158.0502999999999,-195.63327999999996,-16.268859999999933,-162759.22909999976,-190902.68896000003,-12.668758787878797,-12.618546252887503,4.414242424242426,0.03574514968062562,0.0,1.0,1.0,393.9227272727273,394.3393939393939,1.0,1.0,1.5075757575757576,1.8531699393939396,0.0,1.3772727272727272,1.3318181818181818,0.0,6885.362121212122,0.0,0.0,15.0,0.0,20.0,264.8545454545455,30.0,491.1636363636364,10.0,0.0,0.0,0.0
733,0.2705972562297583,0.2761680634605766,0.2543689070128852,0.26155399356705467,0.9850223702457084,0.9850312711959311,311.0,321.0,3.6314576634512306,3.8492211838006236,0.0,0.0,3.6322079314040736,3.8505192107995843,3.7430907172995775,1.6,1.6,564.3872,601.2009600000001,339.4888999999999,239.6793999999999,-275.1016999999999,-138.47843999999978,-163034.33079999976,-191041.16740000003,-12.346198523206754,-12.629937481966474,3.742062236286916,-0.003918371814611762,0.0,1.0,1.0,397.5348101265823,397.9572784810127,1.0,1.0,1.5079113924050633,1.8442850632911407,0.0,1.2990506329113924,1.3069620253164558,0.0,6940.1218354430375,0.0,0.0,15.0,0.0,20.0,224.5237341772152,30.0,488.38449367088606,10.0,0.0,0.0,0.0
734,0.27058617036874993,0.27615299411554356,0.2536362880806105,0.2608635345448769,0.9850450038326107,0.9850534296631916,316.0,341.0,3.993459915611813,4.110166177908114,0.002531645569620253,0.0,3.994409282700422,4.112267839687195,4.055580923389143,1.6,1.6,592.0307200000001,622.1862400000001,170.17539999999988,192.12009999999987,-78.1446799999998,-69.93385999999975,-163112.47547999976,-191111.10126000002,-12.494187924911227,-12.667644431863803,4.054033485540335,0.017065754729213217,0.0,1.0,1.0,402.04718417047184,402.4566210045662,1.0,1.0,1.5190258751902588,1.848123226788431,0.0012176560121765602,1.2054794520547945,1.3729071537290716,0.0,6884.943683409437,0.0730593607305936,0.0,14.966514459665145,0.0,20.0,243.1689497716895,30.0,489.58751902587517,10.0,0.0,0.0,0.0
735,0.2706501258036114,0.27618428217675894,0.25381524999358357,0.2609690206516952,0.9850671281334515,0.9850760879740403,335.0,323.0,3.6264676616915446,4.178895768833848,0.0,0.017234262125902993,3.6313432835820896,4.164396284829722,3.8930091185410336,1.6,1.6,605.1772800000001,605.8396799999999,188.48569999999995,258.8220999999999,-83.30841999999984,-152.98242,-163195.78389999975,-191264.08368,-12.385255521783177,-12.54352200093247,3.8976443768996956,0.006180256494282997,0.0,1.0,1.0,401.33130699088144,401.81762917933133,1.0,1.0,1.4908814589665653,1.840451306990882,0.00845997973657548,1.174772036474164,1.3358662613981762,0.0,6851.945288753799,0.5075987841945289,0.0,14.879939209726444,0.0,20.0,233.35106382978722,30.0,487.18237082066867,10.0,0.0,0.0,0.0
736,0.27067202932879875,0.275988249280275,0.2541661856015622,0.26155106571047226,0.9850886294309819,0.9850978585170098,320.0,328.0,4.016354166666668,4.197256097560975,0.0,0.0,4.019010416666666,4.200863821138211,4.111059670781893,1.6,1.6,599.5424,604.3856000000001,297.905,285.0999,-198.36259999999993,-180.71429999999992,-163394.14649999974,-191444.79798,-12.5748816872428,-12.566675738996834,4.10792181069959,0.04459734593046895,0.0,1.0,1.0,399.79783950617286,400.24228395061726,1.0,1.0,1.5061728395061729,1.8579135802469149,0.0,1.3904320987654322,1.279320987654321,0.0,6882.064814814815,0.0,0.0,15.0,0.0,20.0,246.47530864197532,30.0,492.64351851851853,10.0,0.0,0.0,0.0
737,0.27071596169969964,0.27589219265243997,0.25375901665473394,0.2613727254582442,0.9851110669741748,0.9851201583544702,304.0,332.0,3.465350877192981,3.6902108433734915,0.0,0.0,3.469627192982456,3.692369477911646,3.5859014675052414,1.6,1.6,563.29728,604.0544000000001,273.5343999999999,246.6097999999999,-210.2371199999999,-142.5553999999998,-163604.38361999975,-191587.35338000002,-12.229122222222225,-12.621756495941806,3.582730607966452,-0.016544308162285224,0.0,1.0,1.0,403.74213836477986,404.17138364779873,1.0,1.0,1.5220125786163523,1.835458616352202,0.0,1.3443396226415094,1.2154088050314464,0.0,6759.743710691824,0.0,0.0,15.0,0.0,20.0,214.96383647798743,30.0,485.62106918238993,10.0,0.0,0.0,0.0
738,0.27074880587995726,0.276006851044774,0.2532042433094792,0.2611449242083925,0.98513347243306,0.9851423533302532,320.0,318.0,4.144739583333331,3.269601677148848,0.0,0.0,4.147135416666666,3.2723794549266247,3.711128526645768,1.6,1.6,597.9763200000001,571.6099200000001,127.15269999999992,285.03749999999997,-29.176379999999824,-213.42757999999986,-163633.55999999974,-191800.78096,-12.265853500522457,-12.585954332877229,3.7085423197492147,0.021163087378672105,0.0,1.0,1.0,414.48275862068965,414.9263322884012,1.0,1.0,1.4984326018808778,1.8332072727272728,0.0,1.2539184952978057,1.1394984326018809,0.0,6881.545454545455,0.0,0.0,15.0,0.0,20.0,222.51253918495297,30.0,484.92006269592474,10.0,0.0,0.0,0.0
739,0.27064051584614135,0.2760240971771481,0.2526179402358915,0.2602267179117514,0.9851550953605248,0.9851644118460053,323.0,324.0,3.8443240454076375,3.6979938271604955,0.0,0.0,3.8481940144478846,3.7021604938271606,3.775064399793921,1.6,1.6,598.99424,614.00192,222.5912999999999,154.83419999999987,-123.59705999999991,-40.83227999999983,-163757.15705999974,-191841.61324,-12.542195981452855,-12.706942918291498,3.7710458526532666,0.02419384156078503,0.0,1.0,1.0,410.5455950540958,410.9598145285935,1.0,1.0,1.500772797527048,1.8748008655332313,0.0,1.224111282843895,1.1808346213292118,0.0,6766.786707882535,0.0,0.0,15.0,0.0,20.0,226.26275115919628,30.0,497.9319938176198,10.0,0.0,0.0,0.0
740,0.27059947446286914,0.27596401542748883,0.2529727009533671,0.26032912520805673,0.9851767444510464,0.9851863733982728,315.0,318.0,4.104550264550266,4.522589098532493,0.0,0.0013626834381551363,4.106613756613757,4.524266247379455,4.316429699842022,1.6,1.6,574.0454400000001,573.72064,237.96719999999985,273.89339999999993,-163.92175999999975,-200.17275999999993,-163921.07881999973,-192041.786,-12.38751511321748,-12.464354918904412,4.3145602948920505,0.021984882643671856,0.0,1.0,1.0,412.1232227488152,412.60505529225907,1.0,1.0,1.5023696682464456,1.8132165560821483,0.0006845708267509215,1.1943127962085307,1.2180094786729858,0.0,6828.385466034755,0.04107424960505529,0.0,14.973143759873619,0.0,20.0,258.83254344391787,30.0,478.6824644549763,10.0,0.0,0.0,0.0
741,0.27055596743492544,0.27605023637583737,0.254134295974364,0.2614599742134408,0.9851988513328371,0.9852087113642447,303.0,354.0,3.517271727172719,3.4846045197740105,0.0,0.0,3.5182068206820682,3.4887947269303203,3.502359208523592,1.6,1.6,552.03584,653.6387200000001,246.52739999999994,119.91379999999992,-194.49155999999994,33.724920000000225,-164115.57037999973,-192008.06107999998,-12.193870319634694,-12.558118535375135,3.499670218163364,0.012838429652496774,0.0,1.0,1.0,406.248097412481,406.66514459665143,1.0,1.0,1.538812785388128,1.8351210958904123,0.0,1.0684931506849316,1.3135464231354643,0.0,6978.82800608828,0.0,0.0,15.0,0.0,20.0,209.98021308980213,30.0,485.51902587519027,10.0,0.0,0.0,0.0
742,0.2704782211011109,0.27613873567758246,0.25452684583543994,0.2619332327475184,0.9852210071703561,0.9852306939590141,332.0,302.0,4.357831325301206,3.018046357615893,0.000502008032128514,0.0,4.36074297188755,3.024116997792494,3.7240536277602523,1.6,1.6,604.4387200000001,556.9766400000001,117.80219999999994,401.5603999999998,-13.36347999999984,-344.5837599999997,-164128.93385999973,-192352.64484,-12.26229779179811,-12.571981550693328,3.719637223974761,-0.003797061048015409,0.0,1.0,1.0,413.76813880126184,414.20662460567826,1.0,1.0,1.476340694006309,1.8318854258675081,0.0002628811777076761,1.2697160883280758,0.9842271293375394,0.0,6828.547318611987,0.015772870662460567,0.0,14.984227129337539,0.0,20.0,223.16246056782333,30.0,484.50473186119876,10.0,0.0,0.0,0.0
743,0.2704367098000963,0.2760772702957818,0.25512198146041154,0.2626701946073353,0.9852425473009548,0.9852524900219918,327.0,308.0,3.753516819571868,3.9827380952380937,0.0,0.0,3.7597859327217127,3.9850108225108225,3.869028871391076,1.6,1.6,596.6576,560.84256,306.0414999999999,178.03669999999994,-209.38389999999993,-117.19413999999989,-164338.3177599997,-192469.83898,-12.265639055118125,-12.615350661704447,3.864698162729655,0.009144987929694861,0.0,1.0,1.0,413.6,414.01889763779525,1.0,1.0,1.48503937007874,1.8228348976377953,0.0,1.1921259842519685,1.1669291338582677,0.0,6938.914960629922,0.0,0.0,15.0,0.0,20.0,231.88188976377953,30.0,481.67559055118113,10.0,0.0,0.0,0.0
744,0.2704907021707256,0.27617657892860764,0.2556854763890938,0.2629431420386701,0.985264912396212,0.9852740259922798,318.0,325.0,3.439517819706499,3.9468717948717984,0.0,0.0,3.445754716981132,3.9495897435897436,3.700414722654225,1.6,1.6,583.6662400000001,584.8976,265.6397999999999,185.39079999999987,-181.9735599999998,-100.49319999999986,-164520.29131999973,-192570.33218,-12.165156868843967,-12.55843832268201,3.6959564541213044,-0.010486808738654518,0.0,1.0,1.0,411.1415241057543,411.5660964230171,1.0,1.0,1.505443234836703,1.8173621150855361,0.0,1.181959564541213,1.2426127527216173,0.0,6904.241057542768,0.0,0.0,15.0,0.0,20.0,221.7573872472784,30.0,479.9891135303266,10.0,0.0,0.0,0.0
745,0.2705175008872173,0.27624778880206546,0.2556946716780358,0.2628087891305888,0.9852867129970487,0.985295528377521,288.0,336.0,3.605729166666669,3.5364087301587324,0.0,0.0,3.6087962962962963,3.539781746031746,3.571634615384615,1.6,1.6,524.3126400000001,619.1094400000002,396.6251999999999,185.39799999999988,-372.3125599999998,-66.2885599999997,-164892.60387999972,-192636.62073999998,-12.204979273504273,-12.704852268837747,3.5684027777777803,-0.005963957769364052,0.0,1.0,1.0,421.03685897435895,421.4791666666667,1.0,1.0,1.5384615384615385,1.8324071794871803,0.0,1.0737179487179487,1.1586538461538463,0.0,6936.530448717948,0.0,0.0,15.0,0.0,20.0,214.10416666666666,30.0,484.6746794871795,10.0,0.0,0.0,0.0
746,0.27055972675752804,0.27618079388604994,0.255755966637598,0.26309104760195706,0.9853084567092435,0.9853167495057591,300.0,341.0,3.596944444444445,3.8244379276637366,0.0,0.0,3.601388888888889,3.8258064516129036,3.7207748309932396,1.6,1.6,552.37216,624.0035200000001,141.18239999999994,291.30029999999994,-88.81023999999994,-167.29677999999984,-164981.4141199997,-192803.91752,-12.281812376495061,-12.552441251214898,3.7179667186687446,-0.006904716528194417,0.0,1.0,1.0,414.7597503900156,415.17472698907955,1.0,1.0,1.53198127925117,1.8352194695787833,0.0,1.2074882995319813,1.2418096723868954,0.0,6825.7535101404055,0.0,0.0,15.0,0.0,20.0,223.0780031201248,30.0,485.5585023400936,10.0,0.0,0.0,0.0
747,0.2705468246199721,0.27619900520596924,0.2551446620038013,0.2627247660519377,0.9853294104957833,0.9853376125030642,331.0,317.0,4.158559919436049,3.9149316508937995,0.0,0.0,4.161027190332326,3.91608832807571,4.041203703703704,1.6,1.6,618.3523200000001,591.8684800000001,111.63649999999996,311.6406999999998,6.715820000000122,-219.77221999999972,-164974.6982999997,-193023.68974,-12.606163580246914,-12.680346247829743,4.0393775720164635,0.022216467476214356,0.0,1.0,1.0,410.23765432098764,410.6774691358025,1.0,1.0,1.4891975308641976,1.8676246913580254,0.0,1.2947530864197532,1.2052469135802468,0.0,6963.975308641975,0.0,0.0,15.0,0.0,20.0,242.36265432098764,30.0,495.6867283950617,10.0,0.0,0.0,0.0
748,0.2705649069723497,0.27607937548871925,0.2551664918627956,0.26255061783245276,0.9853508742100511,0.9853590847329067,339.0,331.0,4.338003933136677,4.034592145015107,0.0,0.0,4.339036381514258,4.0377643504531715,4.190199004975124,1.6,1.6,638.0928000000001,613.2972800000001,176.8564999999999,153.89519999999985,-38.76369999999977,-40.59791999999973,-165013.4619999997,-193064.28766,-12.666333930348253,-12.59525614010776,4.188109452736316,0.03845676834855127,0.0,1.0,1.0,404.9835820895522,405.4044776119403,1.0,1.0,1.4940298507462686,1.867746388059702,0.0,1.2253731343283583,1.3477611940298508,0.0,6891.928358208956,0.0,0.0,15.0,0.0,20.0,251.2865671641791,30.0,495.70746268656717,10.0,0.0,0.0,0.0
749,0.27063212588616303,0.27606191852688605,0.2542453390809643,0.2616669591443984,0.9853723635413872,0.9853805214351694,314.0,319.0,3.2727707006369466,4.404127481713686,0.0,0.0,3.2756369426751593,4.4061128526645765,3.8453396524486565,1.6,1.6,564.92384,591.3968000000001,344.77559999999994,288.2137999999998,-279.8517599999999,-196.81699999999972,-165293.3137599997,-193261.10466,-12.280478988941539,-12.52861256261826,3.8429173249078468,0.012930877508931803,0.0,1.0,1.0,417.56240126382306,418.02843601895734,1.0,1.0,1.503949447077409,1.8267308688783572,0.0,1.273301737756714,1.2132701421800949,0.0,6705.906793048973,0.0,0.0,15.0,0.0,20.0,230.5750394944708,30.0,482.8973143759874,10.0,0.0,0.0,0.0
750,0.2705917963375583,0.2759336032930466,0.25364622982188234,0.26069534880527945,0.9853939673897741,0.9854015184311304,330.0,344.0,4.074141414141414,4.665455426356588,0.0,0.01317829457364341,4.07510101010101,4.653343023255815,4.370227497527201,1.6,1.6,623.84672,631.90592,135.00249999999994,193.2175999999999,-11.155779999999936,-61.31167999999985,-165304.4695399997,-193322.41634000003,-12.71361998021762,-12.607507508082257,4.375939663699302,0.02644710117435269,0.0,1.0,1.0,405.87240356083083,406.3115727002967,1.0,1.0,1.510385756676558,1.8631344807121664,0.006726013847675569,1.3887240356083086,1.4124629080118694,0.0,6906.790801186944,0.4035608308605341,0.0,14.873887240356083,0.0,20.0,262.15281899109794,30.0,494.2715133531157,10.0,0.0,0.0,0.0
751,0.2705637854771468,0.2759139025555305,0.254616473608443,0.2616240951873992,0.9854146846571632,0.9854228885400489,328.0,316.0,4.0099085365853675,3.767352320675104,0.0,0.0,4.012957317073171,3.767352320675106,3.8924430641821948,1.6,1.6,598.41632,573.6896000000002,269.68689999999987,356.05909999999994,-171.27057999999982,-282.3694999999998,-165475.7401199997,-193604.78584000003,-12.259248861283652,-12.58543097814019,3.890890269151141,-0.0034902044056583214,0.0,1.0,1.0,416.6366459627329,417.0419254658385,1.0,1.0,1.4906832298136645,1.8200402484472054,0.0,1.2267080745341614,1.3680124223602483,0.0,6962.653726708075,0.0,0.0,15.0,0.0,20.0,233.45341614906832,30.0,480.8074534161491,10.0,0.0,0.0,0.0
752,0.27048840281840975,0.2758825683849015,0.2549634051996103,0.2618591590939395,0.9854356407188806,0.9854444494247813,317.0,319.0,3.9677707676130347,4.072518286311391,0.0,0.0,3.969400630914826,4.077899686520376,4.023820754716981,1.6,1.6,576.4937600000001,577.77664,317.60589999999985,307.4975999999999,-241.11213999999978,-229.72095999999988,-165716.85225999972,-193834.50680000003,-12.279935010482173,-12.587714733253003,4.020309224318656,-0.0002305767046590025,0.0,1.0,1.0,428.37264150943395,428.7861635220126,1.0,1.0,1.501572327044025,1.814890566037737,0.0,1.1352201257861636,1.0314465408805031,0.0,6851.721698113208,0.0,0.0,15.0,0.0,20.0,241.2185534591195,30.0,479.20754716981133,10.0,0.0,0.0,0.0
753,0.27046643627694394,0.27580593862002883,0.254981867703717,0.2617564789259769,0.985457005129678,0.9854653475933437,320.0,331.0,4.121979166666666,3.974320241691847,0.0,0.0,4.1271875,3.97754279959718,4.051100870455709,1.6,1.6,601.16672,623.63168,230.8752999999999,218.07689999999994,-129.70857999999984,-94.44521999999998,-165846.56083999973,-193928.95202000003,-12.692430107526883,-12.725301493180723,4.0469022017409095,0.063174882416596,0.0,1.0,1.0,409.55145929339477,409.99692780337944,1.0,1.0,1.5084485407066053,1.881410752688174,0.0,1.1720430107526882,1.359447004608295,0.0,6868.026113671275,0.0,0.0,15.0,0.0,20.0,242.81413210445467,30.0,499.98463901689706,10.0,0.0,0.0,0.0
754,0.2704897176781869,0.2758059855869649,0.25483870237723677,0.2611616500787994,0.9854779741333469,0.9854862433648672,305.0,346.0,3.3710928961748627,3.9785645472061675,0.0,0.0,3.372459016393443,3.9811657032755305,3.6959805427547363,1.6,1.6,560.7203200000001,651.26784,284.49339999999995,176.92309999999995,-223.77307999999982,-25.65525999999997,-166070.33391999974,-193954.60728000003,-12.432377060931898,-12.608471730153505,3.693958013312848,0.0461725765137888,0.0,1.0,1.0,411.7219662058372,412.17972350230417,1.0,1.0,1.5314900153609832,1.861732964669739,0.0,1.3625192012288787,1.2196620583717357,0.0,6857.804915514593,0.0,0.0,15.0,0.0,20.0,221.63748079877112,30.0,493.83870967741933,10.0,0.0,0.0,0.0
755,0.27049424858900883,0.2757717532211428,0.2544037201958529,0.26077046682582505,0.9854989199443637,0.9855071096963246,313.0,308.0,3.984984025559106,3.6447510822510814,0.0,0.0,3.9907348242811502,3.646915584415584,3.8202093397745567,1.6,1.6,576.7174400000001,566.488,232.3750999999999,407.3339999999999,-155.65765999999977,-340.84599999999983,-166225.99157999974,-194295.45328000002,-12.355481266774015,-12.627559767654034,3.8162372517444987,0.02225716254940061,0.0,1.0,1.0,429.1578099838969,429.5587761674718,1.0,1.0,1.4959742351046699,1.8409105314009664,0.0,1.1610305958132046,1.1384863123993558,0.0,6786.438003220612,0.0,0.0,15.0,0.0,20.0,228.9742351046699,30.0,487.3301127214171,10.0,0.0,0.0,0.0
756,0.27051177868737836,0.2755957246873087,0.2543754119343121,0.26069114291525747,0.9855196636452376,0.9855277312618103,305.0,337.0,3.445737704918033,4.791543026706228,0.0,0.003857566765578635,3.4489071038251367,4.790751730959446,4.153271028037383,1.6,1.6,557.15328,615.01408,221.47299999999993,201.54039999999992,-164.31971999999993,-86.52631999999988,-166390.31129999974,-194381.97960000002,-12.398598338525431,-12.621346961910826,4.152180685358258,0.026873003083580097,0.0,1.0,1.0,431.6542056074766,432.05919003115264,1.0,1.0,1.5249221183800623,1.82580585669782,0.0020249221183800624,1.0467289719626167,1.263239875389408,0.0,6841.820872274143,0.12149532710280374,0.0,14.953271028037383,0.0,20.0,249.00934579439252,30.0,482.60903426791276,10.0,0.0,0.0,0.0
757,0.270506858278086,0.27555970088202314,0.25480240121310116,0.26114274560341977,0.9855407396578931,0.9855486922103834,309.0,328.0,4.014724919093851,3.6995934959349595,0.0,0.0,4.017529665587918,3.7018800813008124,3.854997383568812,1.6,1.6,556.65184,609.14176,284.7,247.58459999999985,-228.04816,-138.44283999999988,-166618.35945999975,-194520.42244000002,-12.304842490842493,-12.617162346877144,3.8524594453165855,0.031361846515086285,0.0,1.0,1.0,427.1004709576138,427.5133437990581,1.0,1.0,1.5149136577708007,1.8301312401883834,0.0,1.0156985871271587,1.1491365777080063,0.0,6880.229199372056,0.0,0.0,15.0,0.0,20.0,231.14756671899528,30.0,483.9607535321821,10.0,0.0,0.0,0.0
758,0.2705173875135125,0.27544461594487385,0.25450682169769173,0.26094291671587105,0.9855610102346041,0.9855693112569287,312.0,335.0,3.891025641025641,3.9601990049751232,0.0009615384615384615,0.0,3.8919871794871796,3.96094527363184,3.9276919113858835,1.6,1.6,583.24128,611.1376,188.99759999999992,233.20059999999992,-105.75631999999996,-122.0629999999999,-166724.11577999973,-194642.48544000002,-12.430666254507996,-12.590826455637544,3.9268418341061255,0.016745644190660783,0.0,1.0,1.0,411.72024729520865,412.15765069551776,1.0,1.0,1.517774343122102,1.8460260896445138,0.00046367851622874804,1.2751159196290571,1.3601236476043277,0.0,7023.429675425039,0.027820710973724884,0.0,14.976816074188562,0.0,20.0,235.58268933539412,30.0,488.9397217928903,10.0,0.0,0.0,0.0
759,0.27052335999267335,0.2754541280379478,0.25386770550819904,0.26017095245686517,0.985581417948745,0.985590090149304,306.0,321.0,4.279793028322441,3.5450155763239857,0.0,0.0,4.28202614379085,3.5466251298027,3.9055289739500263,1.6,1.6,562.3462400000001,599.31872,272.96989999999994,290.4108999999999,-210.62365999999986,-191.09217999999993,-166934.73943999974,-194833.57762000003,-12.461894949494955,-12.64742323826389,3.90361509835194,0.01566151959859343,0.0,1.0,1.0,419.90749601275917,420.3636363636364,1.0,1.0,1.5119617224880382,1.8527351834130785,0.0,1.303030303030303,1.2185007974481659,0.0,7049.333333333333,0.0,0.0,15.0,0.0,20.0,234.21690590111643,30.0,491.03189792663477,10.0,0.0,0.0,0.0
760,0.2704618810465005,0.2754517125192797,0.25550091778106654,0.26179399302680706,0.9856024632370998,0.9856104270988826,310.0,320.0,4.322365591397845,3.7180208333333313,0.0,0.0,4.3244086021505375,3.7189583333333336,4.016878306878307,1.6,1.6,564.46464,584.1964800000001,251.74799999999988,220.6355999999999,-187.28335999999985,-136.43911999999983,-167122.02279999974,-194970.01674000002,-12.328559153439143,-12.640444188192888,4.015396825396821,0.018085553271263276,0.0,1.0,1.0,433.4428571428571,433.87301587301585,1.0,1.0,1.507936507936508,1.8232716190476184,0.0,1.1095238095238096,1.1857142857142857,0.0,6792.147619047619,0.0,0.0,15.0,0.0,20.0,240.92380952380952,30.0,481.8126984126984,10.0,0.0,0.0,0.0
761,0.2703791218183471,0.2754942150482181,0.25504865813007715,0.26140766378255365,0.9856228505133953,0.9856314803832663,325.0,303.0,4.301333333333334,3.3588558855885595,0.0,0.0,4.303897435897436,3.3611661166116615,3.8490445859872615,1.6,1.6,584.26976,551.3344,230.23379999999995,310.2527999999999,-145.96403999999993,-258.91839999999996,-167267.98683999974,-195228.93514000002,-12.170516135881101,-12.581627499093221,3.84660297239915,0.006018029100315376,0.0,1.0,1.0,437.8550955414013,438.28184713375794,1.0,1.0,1.482484076433121,1.808286878980892,0.0,1.1130573248407643,1.0286624203821657,0.0,6860.207006369426,0.0,0.0,15.0,0.0,20.0,230.79617834394904,30.0,477.13216560509557,10.0,0.0,0.0,0.0
762,0.27038233632917413,0.27536350731781417,0.25533651427675186,0.2616263779136277,0.9856434942184955,0.9856517744984259,327.0,325.0,3.7706422018348618,4.515282051282052,0.0,0.014358974358974357,3.773496432212029,4.503692307692308,4.137474437627812,1.6,1.6,604.7472,594.63072,235.41359999999992,128.66279999999995,-130.6663999999999,-34.03207999999995,-167398.65323999972,-195262.96722000002,-12.477417586912068,-12.530928041930633,4.141820040899796,0.012246328747384369,0.0,1.0,1.0,418.50613496932516,418.95705521472394,1.0,1.0,1.4984662576687116,1.8395366871165644,0.007157464212678936,1.3757668711656441,1.1671779141104295,0.0,7016.837423312883,0.4294478527607362,0.0,14.89877300613497,0.0,20.0,248.079754601227,30.0,486.90184049079755,10.0,0.0,0.0,0.0
763,0.2703556802849475,0.27532526676914865,0.256040127441511,0.26201780874334174,0.9856637532854702,0.985672028217039,312.0,324.0,3.5885683760683773,3.8141975308641975,0.0,0.0,3.5910256410256416,3.8159979423868315,3.705634171907757,1.6,1.6,571.7897600000001,593.7782400000001,304.0493999999999,255.39399999999995,-232.25963999999976,-161.61575999999985,-167630.91287999973,-195424.58298,-12.26049790356394,-12.587364338332556,3.703511530398319,0.006675009298880231,0.0,1.0,1.0,430.2437106918239,430.67295597484275,1.0,1.0,1.509433962264151,1.8326540880503162,0.0,1.2358490566037736,1.1336477987421383,0.0,6952.226415094339,0.0,0.0,15.0,0.0,20.0,222.21069182389937,30.0,484.74685534591197,10.0,0.0,0.0,0.0
764,0.2703209631618942,0.2753763761529045,0.25564809399128124,0.26176335671179707,0.9856844118290475,0.9856923557199204,319.0,325.0,4.341274817136887,3.3725128205128225,0.0,0.0,4.343782654127482,3.3754358974358976,3.8550983436853006,1.6,1.6,597.7001600000001,595.0576000000001,194.84989999999993,237.02809999999988,-97.14973999999984,-141.9704999999998,-167728.06261999972,-195566.55348,-12.437632712215326,-12.598167498271767,3.852380952380955,0.024819709228631675,0.0,1.0,1.0,420.94875776397515,421.37577639751555,1.0,1.0,1.5046583850931676,1.8521083229813682,0.0,1.2732919254658386,1.2251552795031055,0.0,6996.894409937888,0.0,0.0,15.0,0.0,20.0,231.14285714285714,30.0,490.8416149068323,10.0,0.0,0.0,0.0
765,0.270276929917291,0.27545145215265293,0.2547952198703507,0.26105802508403525,0.9857047749341641,0.9857134268765724,323.0,313.0,4.15722394220846,3.410117145899892,0.000980392156862745,0.0,4.1607843137254905,3.413365282215123,3.7929507337526207,1.6,1.6,591.1484800000001,569.55712,263.86619999999994,284.5315999999999,-172.71771999999987,-214.97447999999986,-167900.7803399997,-195781.52796,-12.248738993710688,-12.589167169900092,3.7895440251572365,0.01867808874044614,0.0,1.0,1.0,434.17452830188677,434.58962264150944,1.0,1.0,1.4921383647798743,1.8250088050314466,0.0004979035639412998,1.0849056603773586,1.0408805031446542,0.0,6752.382075471698,0.029874213836477988,0.0,14.970125786163521,0.0,20.0,227.3427672955975,30.0,482.3632075471698,10.0,0.0,0.0,0.0
766,0.27028007998434894,0.2754141781489832,0.25521454172566804,0.26147014135350893,0.9857253004258719,0.9857339348720341,334.0,306.0,3.867315369261479,4.0112200435729815,0.0,0.0,3.870508982035928,4.013997821350762,3.9391145833333328,1.6,1.6,621.99872,576.55008,182.13219999999993,210.92699999999994,-60.13347999999988,-134.37691999999996,-167960.9138199997,-195915.90488000002,-12.595730208333341,-12.771249197222176,3.936119791666667,0.003293305404212494,0.0,1.0,1.0,428.1140625,428.528125,1.0,1.0,1.478125,1.8727325000000015,0.0,1.140625,1.3171875,0.0,6871.0359375,0.0,0.0,15.0,0.0,20.0,236.1671875,30.0,497.2859375,10.0,0.0,0.0,0.0
767,0.270309410045937,0.27536483701925085,0.25468412215861425,0.26076677348242566,0.9857453871877161,0.9857543266029152,312.0,315.0,3.6319444444444455,4.419100529100527,0.0,0.0,3.635523504273505,4.422010582010582,4.030648591174907,1.6,1.6,568.91808,587.9280000000001,299.6691999999998,252.4362999999999,-230.7511199999998,-164.5082999999998,-168191.6649399997,-196080.41318,-12.464950132908022,-12.602427326501344,4.02740563530037,0.027408809153744662,0.0,1.0,1.0,428.7464114832536,429.15948963317385,1.0,1.0,1.5023923444976077,1.8450495693779911,0.0,1.3349282296650717,1.1499202551834131,0.0,6999.2807017543855,0.0,0.0,15.0,0.0,20.0,241.64433811802232,30.0,488.622009569378,10.0,0.0,0.0,0.0
768,0.2703792745575044,0.2753400740984404,0.2546390356166572,0.260338047468631,0.9857661411706392,0.9857746091452484,286.0,335.0,3.757517482517483,4.187164179104478,0.0,0.0,3.7603729603729605,4.187164179104478,3.990606548577563,1.6,1.6,516.3027200000001,612.63232,353.85349999999994,140.3499999999999,-337.5507799999998,-27.71767999999986,-168529.2157199997,-196108.13086,-12.285843048845946,-12.566519157608571,3.9892914653784204,-0.001983560322190751,0.0,1.0,1.0,430.8389694041868,431.3011272141707,1.0,1.0,1.539452495974235,1.8179308212560383,0.0,1.180354267310789,1.1964573268921095,0.0,6880.442834138486,0.0,0.0,15.0,0.0,20.0,239.3574879227053,30.0,480.1417069243156,10.0,0.0,0.0,0.0
769,0.2703230282347369,0.27539194837882375,0.25546218945689136,0.2611717517073818,0.9857862685225955,0.9857950698117044,320.0,330.0,4.831979166666665,3.955454545454541,0.0,0.0,4.833072916666667,3.9572222222222226,4.388410256410256,1.6,1.6,610.5209600000001,592.9081600000002,84.9695999999999,274.7174999999999,25.55136000000016,-181.80933999999974,-168503.66435999968,-196289.9402,-12.647326564102576,-12.568970958945433,4.386974358974359,0.07131400566843055,0.0,1.0,1.0,432.7353846153846,433.16923076923075,1.0,1.0,1.5076923076923077,1.8514294153846158,0.0,1.2907692307692307,1.0446153846153847,0.0,6911.450769230769,0.0,0.0,15.0,0.0,20.0,263.21846153846155,30.0,490.61692307692306,10.0,0.0,0.0,0.0
770,0.27028373578299997,0.27543282866956253,0.2549681560973291,0.26069244012563825,0.9858058425976965,0.9858148813043701,307.0,321.0,4.26015200868621,3.710851505711318,0.00499457111834962,0.0,4.2560803474484254,3.7139667705088266,3.978980891719746,1.6,1.6,592.2816,587.6649600000001,209.40859999999995,271.50059999999985,-117.12699999999992,-183.83563999999978,-168620.79135999968,-196473.77584000002,-12.6502220806794,-12.798543203428313,3.9793789808917177,0.020839701940195344,0.0,1.0,1.0,431.9808917197452,432.421974522293,1.0,1.0,1.5111464968152866,1.8788957961783452,0.0024416135881104033,1.3423566878980893,1.144904458598726,0.0,6935.095541401274,0.1464968152866242,0.0,14.928343949044587,0.0,20.0,238.61624203821657,30.0,499.19745222929936,10.0,0.0,0.0,0.0
771,0.27032184998334163,0.27542832726450156,0.2547230605056839,0.26058418707452485,0.985826417458292,0.9858349469055692,306.0,336.0,3.5873093681917236,4.0743551587301585,0.0,0.006200396825396826,3.589433551198257,4.071230158730159,3.841588785046729,1.6,1.6,551.98976,614.7190400000001,216.6766999999999,171.38979999999984,-164.68693999999985,-56.670759999999774,-168785.4782999997,-196530.44660000002,-12.223214953271034,-12.501684765402112,3.8422118380062305,-0.0012302052359451571,0.0,1.0,1.0,426.91277258566976,427.3613707165109,1.0,1.0,1.5233644859813085,1.8173034267912773,0.003245067497403946,1.2912772585669783,1.233644859813084,0.0,6917.747663551402,0.19470404984423675,0.0,14.95171339563863,0.0,20.0,230.3380062305296,30.0,479.94392523364485,10.0,0.0,0.0,0.0
772,0.2702735778590849,0.27546213310093076,0.2551099471709779,0.2609832891189686,0.985846321480315,0.9858548320990047,302.0,352.0,3.9988962472406175,3.815009469696967,0.0,0.0,4.000827814569536,3.8170454545454544,3.9019113149847096,1.6,1.6,560.71968,631.2681600000001,217.38979999999992,210.18549999999993,-156.67011999999988,-78.91733999999985,-168942.1484199997,-196609.36394,-12.278439143730894,-12.485108475899574,3.89992354740061,0.027643118559918786,0.0,1.0,1.0,427.07798165137615,427.5183486238532,1.0,1.0,1.5382262996941896,1.8226113761467908,0.0,1.3746177370030581,1.157492354740061,0.0,6860.501529051988,0.0,0.0,15.0,0.0,20.0,233.9954128440367,30.0,481.6238532110092,10.0,0.0,0.0,0.0
773,0.2701903964233937,0.27550464936426655,0.2549428381955827,0.26075805822115383,0.9858660314437402,0.9858751470127431,340.0,324.0,4.639264705882355,3.658641975308643,0.011519607843137254,0.0,4.628823529411765,3.6634773662551443,4.157781124497992,1.6,1.6,628.3667200000001,606.58368,82.87189999999997,311.41589999999985,45.49482000000013,-204.8322199999999,-168896.6535999997,-196814.19616000002,-12.607784136546178,-12.64044444608801,4.160768072289154,0.017642083521403455,0.0,1.0,1.0,424.6656626506024,425.1114457831325,1.0,1.0,1.4879518072289157,1.8598650602409648,0.00589859437751004,1.3087349397590362,1.3433734939759037,0.0,6967.817771084337,0.3539156626506024,0.0,14.849397590361447,0.0,20.0,249.2921686746988,30.0,493.24548192771084,10.0,0.0,0.0,0.0
774,0.270237195053772,0.2755711833616864,0.25445862208695086,0.2602172616453503,0.9858854919057827,0.9858947724876584,304.0,314.0,3.289638157894737,3.5117834394904475,0.0,0.0,3.2919407894736845,3.5143842887473458,3.4049622437971956,1.6,1.6,576.8352,561.95776,325.4167999999999,294.1444999999999,-248.58159999999992,-232.18673999999987,-169145.2351999997,-197046.38290000003,-12.200833009708743,-12.809030518459522,3.402508090614886,-0.03620840641852104,0.0,1.0,1.0,446.38349514563106,446.8381877022654,1.0,1.0,1.5080906148867315,1.8427070550161802,0.0,1.0145631067961165,1.0145631067961165,0.0,6934.228155339806,0.0,0.0,15.0,0.0,20.0,204.1504854368932,30.0,487.8883495145631,10.0,0.0,0.0,0.0
775,0.2702132421762526,0.2755701380418423,0.25524229512246166,0.26052005725950783,0.9859057226252769,0.9859145519279768,321.0,332.0,4.46713395638629,3.9228413654618506,0.0,0.0,4.46889927310488,3.924899598393574,4.192317508933129,1.6,1.6,594.04096,608.3606400000001,153.31429999999995,182.8993999999999,-59.273339999999905,-74.5387599999998,-169204.50853999972,-197120.92166000002,-12.50779683511995,-12.554187042782,4.190403266972945,0.04965024660935028,0.0,1.0,1.0,427.04441041347627,427.468606431853,1.0,1.0,1.5084226646248087,1.841350076569678,0.0,1.1653905053598774,1.2833078101071975,0.0,6875.52067381317,0.0,0.0,15.0,0.0,20.0,251.42419601837673,30.0,487.4655436447167,10.0,0.0,0.0,0.0
776,0.2701969232322016,0.27561306980662564,0.25717793132268596,0.26249607844620576,0.9859249017691996,0.9859341693963543,334.0,331.0,4.491766467065866,4.180060422960725,0.01092814371257485,0.002467270896273917,4.483682634730539,4.178449144008057,4.331754385964913,1.6,1.6,629.52544,597.63872,162.03469999999984,255.5451999999999,-32.50925999999984,-157.90647999999987,-169237.0177999997,-197278.82814000003,-12.590507468671673,-12.52471934511116,4.336616541353382,0.033004750998391424,0.0,1.0,1.0,431.5233082706767,431.9593984962406,1.0,1.0,1.4977443609022556,1.8453596390977447,0.0067167919799498745,1.362406015037594,1.2345864661654136,0.0,6818.574436090225,0.4030075187969925,0.0,14.854135338345865,0.0,20.0,259.793984962406,30.0,488.7187969924812,10.0,0.0,0.0,0.0
777,0.2702523917887018,0.27564045674858195,0.25552607903314145,0.26065287013116334,0.9859448333302056,0.9859538290038212,297.0,357.0,3.6029180695847374,3.7301120448179255,0.0,0.0,3.606509539842874,3.7328197945845,3.67545871559633,1.6,1.6,541.3312000000001,652.90336,377.92299999999994,162.05779999999993,-336.59179999999986,-9.154439999999909,-169573.6095999997,-197287.98258000004,-12.208164322120286,-12.639939686763988,3.672349643221201,-0.02075244163318945,0.0,1.0,1.0,434.217125382263,434.63761467889907,1.0,1.0,1.5458715596330275,1.826046727828747,0.0,1.2262996941896025,1.2813455657492354,0.0,6871.293577981652,0.0,0.0,15.0,0.0,20.0,220.34097859327218,30.0,482.697247706422,10.0,0.0,0.0,0.0
778,0.2701717680084841,0.27565952348057043,0.25609064900702233,0.261346617198997,0.9859645998120697,0.985973182889607,335.0,339.0,4.131144278606968,3.292477876106194,0.0,0.0,4.132487562189055,3.29346116027532,3.7104846686449053,1.6,1.6,625.1324800000001,625.72128,116.12359999999993,306.77029999999985,9.008880000000175,-181.04901999999987,-169564.6007199997,-197469.03160000005,-12.40308427299704,-12.567717530108524,3.7093224530168145,0.009361849529941273,0.0,1.0,1.0,424.17359050445106,424.593471810089,1.0,1.0,1.502967359050445,1.8558661127596425,0.0,1.4732937685459941,1.2195845697329377,0.0,6731.977744807122,0.0,0.0,15.0,0.0,20.0,222.5593471810089,30.0,492.0074183976261,10.0,0.0,0.0,0.0
779,0.2703010359683755,0.27571568083495573,0.2553139605034791,0.26044234523104487,0.985983824695393,0.9859924147410778,297.0,330.0,3.339450056116723,3.4475252525252533,0.0,0.0,3.3452300785634126,3.4508585858585854,3.400824029771398,1.6,1.6,545.33536,592.2073600000001,353.1542999999999,329.5182999999999,-307.8189399999999,-237.3109399999998,-169872.4196599997,-197706.34254000004,-12.026560765550244,-12.571511272410556,3.396331738437001,-0.0219210963841976,0.0,1.0,1.0,444.6842105263158,445.097288676236,1.0,1.0,1.5263157894736843,1.8142627113237648,0.0,1.079744816586922,1.1259968102073366,0.0,6895.307814992026,0.0,0.0,15.0,0.0,20.0,203.7799043062201,30.0,479.0143540669856,10.0,0.0,0.0,0.0
780,0.27029674581313484,0.27573443377286605,0.25481030494061285,0.2599313426572957,0.9860034506910041,0.9860117853869587,325.0,305.0,4.488256410256407,3.40306010928962,0.0,0.0,4.488256410256411,3.40551912568306,3.9640740740740736,1.6,1.6,588.82848,561.6592,128.15649999999988,342.4960999999999,-39.32801999999987,-280.83689999999984,-169911.74767999968,-197987.17944000004,-12.325071534391538,-12.587394427680922,3.9628835978835943,0.018596128916896253,0.0,1.0,1.0,437.5444444444444,437.97777777777776,1.0,1.0,1.4841269841269842,1.8261709206349208,0.0,1.2634920634920634,1.0571428571428572,0.0,6843.452380952381,0.0,0.0,15.0,0.0,20.0,237.77301587301588,30.0,482.7190476190476,10.0,0.0,0.0,0.0
781,0.2703027372208326,0.27576059269119574,0.2548616937393696,0.25997652336474353,0.9860235981274494,0.9860308921493499,352.0,293.0,3.979356060606061,3.98145620022753,0.0,0.0,3.9806818181818175,3.9856655290102387,3.9829457364341083,1.6,1.6,653.4844800000001,553.6432000000001,117.43119999999993,249.7900999999999,36.05328000000014,-196.14689999999982,-169875.6943999997,-198183.32634000003,-12.606028527131786,-12.704033761804205,3.9803100775193814,0.04352822926959859,0.0,1.0,1.0,438.70387596899224,439.13178294573646,1.0,1.0,1.4542635658914729,1.871515782945736,0.0,1.317829457364341,1.1162790697674418,0.0,6988.086821705427,0.0,0.0,15.0,0.0,20.0,238.8186046511628,30.0,496.89767441860465,10.0,0.0,0.0,0.0
782,0.27034437813332945,0.27563260668122064,0.25425715642502617,0.2595656984218848,0.9860431965274721,0.98605047993051,315.0,311.0,3.402645502645503,4.634405144694533,0.0,0.0,3.4073544973544974,4.636387995712755,4.017944621938232,1.6,1.6,568.5216,568.98912,417.3514999999999,169.84979999999993,-348.82989999999984,-100.86067999999997,-170224.5242999997,-198284.18702000004,-12.291022790202337,-12.573048282858702,4.014589989350373,-0.00800119631449006,0.0,1.0,1.0,443.3466453674121,443.75718849840257,1.0,1.0,1.4968051118210863,1.8171097763578286,0.0,1.095846645367412,1.011182108626198,0.0,6895.581469648562,0.0,0.0,15.0,0.0,20.0,240.87539936102237,30.0,479.8913738019169,10.0,0.0,0.0,0.0
783,0.2703562204562468,0.27556769617970145,0.25538399286288377,0.26062243045643474,0.9860624680726772,0.9860702605284767,290.0,359.0,3.955689655172413,4.927530176415968,0.0,0.04693593314763231,3.958390804597701,4.882172701949861,4.469388803287108,1.6,1.6,544.6531200000001,667.6915200000001,272.1390999999999,81.60269999999988,-227.48597999999987,86.0888200000002,-170452.0102799997,-198198.09820000004,-12.790102516692354,-12.663362087108787,4.493271700051363,0.05657054614147125,0.0,1.0,1.0,433.62403697996916,434.0693374422188,1.0,1.0,1.5531587057010785,1.868019476117104,0.025963020030816637,1.160246533127889,1.4191063174114023,0.0,7073.990755007704,1.5577812018489985,0.0,14.768875192604007,0.0,20.0,268.03852080123266,30.0,495.80893682588595,10.0,0.0,0.0,0.0
784,0.270161060742308,0.27567196938985916,0.2554658360255819,0.26081739717721786,0.9860819163245261,0.9860893651080228,329.0,329.0,5.467933130699091,3.5424012158054694,0.0075481256332320164,0.0,5.462613981762918,3.5439209726443774,4.503267477203647,1.6,1.6,614.95648,621.6310400000001,92.15329999999996,342.3194,22.803180000000097,-220.68835999999988,-170429.2070999997,-198418.78656000004,-12.863040932117528,-12.682695191444544,4.505167173252278,0.045971504418853684,0.0,1.0,1.0,436.1793313069909,436.59574468085106,1.0,1.0,1.5,1.8793123404255323,0.0037740628166160082,1.2659574468085106,1.2583586626139818,0.0,6763.431610942249,0.22644376899696048,0.0,14.896656534954408,0.0,20.0,270.08358662613983,30.0,499.32370820668694,10.0,0.0,0.0,0.0
785,0.2701805299356862,0.2756151346321977,0.2560538746592166,0.26131529309337365,0.9861015285616564,0.9861086554943386,318.0,320.0,3.8660377358490563,3.4076041666666654,0.0,0.0,3.869234800838574,3.4094791666666664,3.6386363636363632,1.6,1.6,589.23008,582.19744,291.46349999999995,281.27969999999993,-202.2334199999999,-199.0822599999999,-170631.4405199997,-198617.86882000003,-12.254332706374079,-12.615298718593394,3.6361024033437865,-0.014498546738985733,0.0,1.0,1.0,438.29780564263325,438.7382445141066,1.0,1.0,1.5015673981191222,1.8360932915360493,0.0,1.2899686520376175,1.2413793103448276,0.0,6855.2993730407525,0.0,0.0,15.0,0.0,20.0,218.16614420062695,30.0,485.82758620689657,10.0,0.0,0.0,0.0
786,0.27009444795616544,0.27566343970110146,0.2554276083125894,0.2607314081670962,0.9861211327814167,0.9861274268798158,309.0,316.0,3.9831715210355987,3.240031645569621,0.0,0.0,3.9831715210355996,3.242774261603375,3.608826666666667,1.6,1.6,574.6512,567.5337600000001,268.2168999999999,264.5572999999998,-193.56569999999988,-197.02353999999968,-170825.00621999972,-198814.89236000003,-12.190941013333333,-12.622690695348956,3.6074399999999978,-0.01625595071079689,0.0,1.0,1.0,452.5808,452.992,1.0,1.0,1.5056,1.8274959360000007,0.0,1.1232,1.0768,0.0,6943.7504,0.0,0.0,15.0,0.0,20.0,216.4464,30.0,483.1456,10.0,0.0,0.0,0.0
787,0.2700970947374339,0.2755815096669013,0.25620438781615323,0.26170691061400214,0.9861405473576753,0.9861462633993492,318.0,351.0,4.301257861635221,4.342877492877496,0.0,0.0,4.3030398322851156,4.342877492877492,4.323941205779771,1.6,1.6,579.0028800000001,660.7891200000001,202.20279999999997,125.67019999999994,-123.19991999999985,35.1189200000002,-170948.20613999973,-198779.77344000002,-12.632491280518174,-12.661844502706488,4.323094170403583,0.02039259812202399,0.0,1.0,1.0,438.6831091180867,439.10762331838566,1.0,1.0,1.5246636771300448,1.8532017937219736,0.0,1.2406576980568012,1.3557548579970105,0.0,6681.026905829596,0.0,0.0,15.0,0.0,20.0,259.3856502242152,30.0,491.1733931240658,10.0,0.0,0.0,0.0
788,0.2701376300719016,0.27560214365434293,0.25641800894572353,0.26221966417012177,0.9861601957186762,0.9861645006889928,322.0,329.0,3.7333850931677044,3.240425531914895,0.0,0.0,3.737629399585921,3.242046605876393,3.487173579109063,1.6,1.6,609.4272000000001,594.3548800000001,146.68379999999993,342.65769999999986,-37.25659999999985,-248.30281999999977,-170985.46273999973,-199028.07626000003,-12.27237644649258,-12.507975829175132,3.4842549923195065,0.013264612373795899,0.0,1.0,1.0,431.44239631336404,431.8494623655914,1.0,1.0,1.5053763440860215,1.84912761904762,0.0,1.3963133640552996,1.2457757296466974,0.0,6959.081413210445,0.0,0.0,15.0,0.0,20.0,209.0552995391705,30.0,489.91090629800306,10.0,0.0,0.0,0.0
789,0.2700834224347545,0.275682883702304,0.25633533454477403,0.2619379466648736,0.9861794868389382,0.9861835906815477,311.0,332.0,4.150107181136116,3.605672690763048,0.0,0.0,4.1527867095391215,3.607730923694778,3.8713582166925877,1.6,1.6,565.76064,608.0768000000002,295.98339999999996,214.25479999999996,-230.22276,-106.1779999999998,-171215.68549999973,-199134.25426000002,-12.283862934162777,-12.51192795942344,3.868999481596685,0.0049222466371098865,0.0,1.0,1.0,443.0155520995334,443.46034214618976,1.0,1.0,1.516329704510109,1.8255636702954903,0.0,1.2006220839813375,1.2255054432348367,0.0,6991.631415241058,0.0,0.0,15.0,0.0,20.0,232.13996889580093,30.0,482.5334370139969,10.0,0.0,0.0,0.0
790,0.27010107293793373,0.27566605808372435,0.2572332164725217,0.262574155695905,0.986198382076719,0.9862027363961279,347.0,281.0,4.205859750240155,3.749525504151839,0.012584053794428432,0.0,4.1959173871277615,3.755693950177936,3.998938428874734,1.6,1.6,627.6681600000001,528.39712,133.44189999999995,420.4214999999998,-5.77373999999989,-392.02437999999984,-171221.45923999973,-199526.27864,-12.429410403397027,-12.560350208136509,4.001671974522295,0.06671519794651587,0.0,1.0,1.0,450.6003184713376,451.04936305732485,1.0,1.0,1.447452229299363,1.8408682802547771,0.006953290870488322,1.1878980891719746,1.1496815286624205,0.0,6909.1815286624205,0.4171974522292994,0.0,14.89968152866242,0.0,20.0,239.68312101910828,30.0,487.3200636942675,10.0,0.0,0.0,0.0
791,0.27019174621840636,0.2755332706369032,0.25520376008991214,0.26060871677333036,0.9862174695906365,0.9862221818545034,324.0,320.0,3.302623456790124,4.720677083333334,0.0,0.0,3.3060185185185187,4.722343749999999,4.0097826086956525,1.6,1.6,587.3913600000001,595.32,341.7948999999998,73.33479999999992,-254.40353999999974,21.985200000000134,-171475.86277999973,-199504.29344,-12.40528488612837,-12.683669178973606,4.007246376811593,-0.007915966060137959,0.0,1.0,1.0,445.3726708074534,445.8198757763975,1.0,1.0,1.4968944099378882,1.8365083229813672,0.0,1.31055900621118,1.1972049689440993,0.0,7032.04347826087,0.0,0.0,15.0,0.0,20.0,240.43478260869566,30.0,485.95341614906835,10.0,0.0,0.0,0.0
792,0.2702303303809829,0.27545785761221186,0.2565685035467969,0.2620807767528877,0.9862364657635326,0.9862404711460856,305.0,323.0,3.4661748633879768,4.008926728586172,0.0,0.0,3.4703825136612023,4.01140350877193,3.7486464968152857,1.6,1.6,566.4796800000001,587.38912,237.0275999999999,210.46179999999987,-170.54791999999975,-123.07267999999982,-171646.41069999975,-199627.36612000002,-12.30574416135881,-12.667503112156734,3.74532908704883,-0.016474496746386586,0.0,1.0,1.0,456.2372611464968,456.67356687898086,1.0,1.0,1.5143312101910829,1.837370700636942,0.0,1.070063694267516,1.1353503184713376,0.0,6993.135350318471,0.0,0.0,15.0,0.0,20.0,224.71974522292993,30.0,486.2277070063694,10.0,0.0,0.0,0.0
793,0.2702579527139771,0.27545134456586334,0.25611204579774394,0.2617717216598768,0.9862552998530469,0.9862591236137217,333.0,302.0,3.9495995995995976,3.7213576158940396,0.0,0.0,3.953853853853854,3.7241721854304637,3.844619422572178,1.6,1.6,611.07232,551.38912,128.8570999999999,281.11419999999987,-17.7847799999999,-229.72507999999982,-171664.19547999973,-199857.09120000002,-12.303407664041995,-12.594642753482454,3.841049868766397,0.004883247481959839,0.0,1.0,1.0,447.1952755905512,447.63464566929133,1.0,1.0,1.4755905511811023,1.8306479370078734,0.0,1.2173228346456693,1.148031496062992,0.0,6872.95905511811,0.0,0.0,15.0,0.0,20.0,230.46299212598424,30.0,484.1244094488189,10.0,0.0,0.0,0.0
794,0.27037340288418726,0.2754982921245295,0.2551318515827092,0.26051222350699343,0.9862742618572454,0.9862777488593294,310.0,313.0,3.2020430107526883,3.647284345047921,0.0,0.0,3.205430107526882,3.6525559105431302,3.4300695559122523,1.6,1.6,576.27648,576.1936000000001,269.61049999999983,177.55229999999995,-193.33401999999984,-101.35869999999989,-171857.52949999974,-199958.44990000004,-12.253424933119298,-12.718607753075231,3.4257356875334386,-0.01766791932376552,0.0,1.0,1.0,460.8314606741573,461.2648475120385,1.0,1.0,1.5024077046548956,1.8498717174959873,0.0,1.1091492776886036,1.1123595505617978,0.0,6921.654895666132,0.0,0.0,15.0,0.0,20.0,205.54414125200643,30.0,490.131621187801,10.0,0.0,0.0,0.0
795,0.27031741284924543,0.2755287005336338,0.2553030721946323,0.2606284803459106,0.9862930126363842,0.9862965890206725,295.0,336.0,3.4164971751412447,3.7713293650793682,0.0,0.0,3.420225988700565,3.7752480158730157,3.609270998415214,1.6,1.6,542.2272,627.28224,303.7172999999999,150.08869999999996,-261.49009999999987,-22.80645999999996,-172119.01959999974,-199981.25636000003,-12.346783729529836,-12.742394869646684,3.6054410987849916,0.021204361154145084,0.0,1.0,1.0,458.84627575277335,459.2820919175911,1.0,1.0,1.5324881141045958,1.8534222503961981,0.0,0.9049128367670365,1.1251980982567353,0.0,6850.80824088748,0.0,0.0,15.0,0.0,20.0,216.32646592709983,30.0,491.2488114104596,10.0,0.0,0.0,0.0
796,0.2701886994614309,0.2755541516349659,0.2549260663148243,0.26026984776051837,0.9863120696133517,0.9863152560849108,323.0,315.0,4.822239422084623,3.442169312169312,0.0,0.0,4.823323013415893,3.443386243386243,4.142006269592477,1.6,1.6,601.6848,581.4780800000001,120.17349999999993,298.8283999999999,-18.488699999999938,-217.35031999999978,-172137.50829999972,-200198.60668000003,-12.5673632183908,-12.633442008767414,4.1408568443051195,0.028149687658402898,0.0,1.0,1.0,447.34012539184954,447.76332288401255,1.0,1.0,1.493730407523511,1.8544872727272725,0.0,1.3369905956112853,1.141065830721003,0.0,6824.978056426332,0.0,0.0,15.0,0.0,20.0,248.4514106583072,30.0,491.5752351097179,10.0,0.0,0.0,0.0
797,0.27017289950910967,0.2755553373703586,0.2553274594229816,0.26106975753224143,0.9863302880153066,0.9863338288897642,319.0,315.0,3.9146290491118085,3.629841269841269,0.0,0.0,3.918390804597701,3.6324338624338623,3.7763144058885376,1.6,1.6,586.1750400000001,566.0374400000001,216.83579999999995,238.06049999999988,-130.66075999999987,-172.02305999999982,-172268.16905999972,-200370.62974000003,-12.196018506834896,-12.533952983744724,3.7731335436382745,0.0021444260628487623,0.0,1.0,1.0,446.4211356466877,446.84858044164037,1.0,1.0,1.496845425867508,1.8173698422712943,0.0,1.3280757097791798,1.2066246056782335,0.0,6947.2476340694,0.0,0.0,15.0,0.0,20.0,226.38801261829653,30.0,479.97476340694004,10.0,0.0,0.0,0.0
798,0.2702294079064171,0.2754842178138006,0.2566098374665741,0.2620072340980211,0.9863488647766921,0.9863528717064836,309.0,337.0,3.5523732470334406,4.391889218595452,0.0,0.010089020771513352,3.5553937432578215,4.382393669634026,3.986816305469556,1.6,1.6,559.6624,612.5702400000001,274.1031999999999,187.83039999999994,-214.44079999999985,-75.26015999999981,-172482.60985999973,-200445.88990000004,-12.266150464396285,-12.549146497638183,3.990325077399378,0.007505764174317185,0.0,1.0,1.0,454.6517027863777,455.10990712074306,1.0,1.0,1.521671826625387,1.8146016099071203,0.005263157894736842,1.0495356037151702,1.1284829721362228,0.0,6893.755417956656,0.3157894736842105,0.0,14.891640866873065,0.0,20.0,239.10371517027863,30.0,479.10371517027863,10.0,0.0,0.0,0.0
799,0.2701945372728826,0.2755189711695154,0.2562700405055905,0.26154892847058314,0.9863680354733382,0.986371408255358,310.0,307.0,4.396720430107527,2.9861020629750286,0.0,0.0,4.398387096774194,2.9872964169381104,3.6962722852512155,1.6,1.6,567.48416,539.6768,246.0422999999999,405.4588999999999,-178.55813999999992,-365.78209999999996,-172661.16799999974,-200811.67200000005,-12.026080172879533,-12.506637804342153,3.694840626688273,-0.004577379656265713,0.0,1.0,1.0,461.5623987034036,461.99513776337113,1.0,1.0,1.4975688816855754,1.794426191247974,0.0,1.2512155591572123,0.8184764991896273,0.0,6939.330632090761,0.0,0.0,15.0,0.0,20.0,221.6904376012966,30.0,472.80388978930307,10.0,0.0,0.0,0.0
800,0.2700235703087965,0.27559324741506147,0.2567251453803725,0.2617491742089326,0.9863863936148654,0.9863894879224819,333.0,316.0,4.51076076076076,3.7796413502109685,0.00835835835835836,0.0,4.505955955955956,3.781065400843882,4.153004622496148,1.6,1.6,611.1856,592.9808,146.61409999999987,154.65889999999993,-35.42849999999984,-61.67809999999989,-172696.59649999975,-200873.35010000004,-12.578544427324083,-12.548534122037895,4.154776579352849,0.02619301016933048,0.0,1.0,1.0,442.5624036979969,442.9969183359014,1.0,1.0,1.4869029275808936,1.8554181818181805,0.004288649203903441,1.3281972265023112,1.271186440677966,0.0,6860.197226502311,0.2573189522342065,0.0,14.946070878274268,0.0,20.0,249.02927580893683,30.0,491.86286594761174,10.0,0.0,0.0,0.0
801,0.26991995435701577,0.2756145394352367,0.25745886910872295,0.2624176570634753,0.9864047313811326,0.9864078114270912,352.0,305.0,3.785558712121212,3.8030054644808744,0.0,0.0,3.7866003787878784,3.8033879781420765,3.794393708777271,1.6,1.6,643.71936,559.6992,232.57809999999992,280.8367999999999,-88.85873999999987,-221.1375999999999,-172785.45523999975,-201094.48770000003,-12.290714561136479,-12.549522470314184,3.793658041603246,0.005841933376361967,0.0,1.0,1.0,450.32724505327246,450.7503805175038,1.0,1.0,1.4642313546423136,1.8316873059360739,0.0,1.3835616438356164,1.1445966514459665,0.0,6884.121765601218,0.0,0.0,15.0,0.0,20.0,227.61948249619482,30.0,484.44444444444446,10.0,0.0,0.0,0.0
802,0.2699294377610359,0.27557798038746417,0.25803677244895645,0.2633460576475564,0.9864230485999623,0.9864261928351608,319.0,309.0,3.532915360501566,3.933225458468174,0.0,0.0,3.536729362591432,3.935814455231931,3.7330944798301497,1.6,1.6,592.1929600000001,565.11968,345.69519999999983,276.26359999999994,-253.50223999999974,-211.14391999999992,-173038.95747999975,-201305.63162000003,-12.332637791932045,-12.588895516469114,3.729883227176219,0.022960922270505488,0.0,1.0,1.0,452.3407643312102,452.7738853503185,1.0,1.0,1.4920382165605095,1.8428545222929942,0.0,1.2993630573248407,1.1178343949044587,0.0,6834.154458598726,0.0,0.0,15.0,0.0,20.0,223.79299363057325,30.0,487.92356687898086,10.0,0.0,0.0,0.0
803,0.26997025294811916,0.27544132590547393,0.25738324717600014,0.2629987792822305,0.9864414637965713,0.9864445763652614,335.0,326.0,4.278955223880597,4.233946830265845,0.0020398009950248755,0.0,4.277313432835821,4.23737218813906,4.257614725163894,1.6,1.6,641.5267200000001,595.14976,153.74459999999996,168.9991999999999,-12.217879999999894,-73.84943999999987,-173051.17535999976,-201379.48106000002,-12.712989006555732,-12.692434263743422,4.256757438224915,0.026878701512876076,0.0,1.0,1.0,450.4266263237519,450.87291981845686,1.0,1.0,1.4931921331316187,1.8709175189107408,0.0010337871911245589,1.285930408472012,1.2223903177004538,0.0,6748.2375189107415,0.06202723146747353,0.0,14.954614220877458,0.0,20.0,255.34341906202724,30.0,496.70953101361573,10.0,0.0,0.0,0.0
804,0.2699911921909882,0.2754656413866328,0.2563597252305019,0.26204848082700943,0.9864591857650203,0.9864626882466033,326.0,332.0,3.8580777096114507,3.850652610441767,0.0,0.0,3.8598159509202454,3.8518574297188746,3.855800405268491,1.6,1.6,581.9200000000001,609.9683200000001,298.1896999999999,238.9850999999999,-216.26969999999983,-129.01677999999984,-173267.44505999977,-201508.49784000003,-12.192307396149957,-12.46240852340682,3.8543313069908773,0.019206424833220798,0.0,1.0,1.0,449.38449848024317,449.83130699088144,1.0,1.0,1.5045592705167172,1.8113804255319153,0.0,1.0258358662613982,1.3419452887537995,0.0,6911.63981762918,0.0,0.0,15.0,0.0,20.0,231.2598784194529,30.0,478.10182370820667,10.0,0.0,0.0,0.0
805,0.26998875193857125,0.27548932554266464,0.2553673821223859,0.2609782574692325,0.9864770833198313,0.986480759036691,332.0,288.0,4.011746987951809,3.294560185185184,0.0,0.0,4.016967871485943,3.2993634259259257,3.683629032258065,1.6,1.6,611.41984,517.30368,221.9543999999999,413.28369999999984,-110.53455999999989,-395.98001999999985,-173377.97961999977,-201904.47786,-12.177270322580656,-12.614976084173453,3.678602150537634,-0.012178362544776224,0.0,1.0,1.0,463.35,463.7790322580645,1.0,1.0,1.4645161290322581,1.8205218064516115,0.0,1.1596774193548387,0.9870967741935484,0.0,6998.953225806452,0.0,0.0,15.0,0.0,20.0,220.71612903225807,30.0,480.96612903225804,10.0,0.0,0.0,0.0
806,0.26998860740908404,0.27533841939945786,0.2555936142579867,0.2611798802663671,0.9864952186992549,0.9864982256759343,323.0,339.0,3.5155314757481952,5.184021632251718,0.0,0.000688298918387414,3.5198658410732713,5.185004916420846,4.372557905337361,1.6,1.6,586.8380800000001,636.7932800000001,271.67049999999995,74.75569999999996,-184.83241999999984,62.03758000000013,-173562.81203999976,-201842.44028,-12.622155287009067,-12.541486407996093,4.3699395770392755,0.06676246117681338,0.0,1.0,1.0,444.6691842900302,445.08308157099697,1.0,1.0,1.512084592145015,1.848385740181269,0.0003524672708962739,1.2220543806646527,1.2190332326283988,0.0,6887.521148036254,0.021148036253776436,0.0,14.978851963746223,0.0,20.0,262.1752265861027,30.0,489.6752265861027,10.0,0.0,0.0,0.0
807,0.2700595494750503,0.2752392070562451,0.2558078093544689,0.2612678506482234,0.9865129730688335,0.986516191196223,289.0,337.0,3.411418685121109,3.7103363006923806,0.0,0.0,3.414302191464821,3.7140949554896148,3.5756922257720984,1.6,1.6,538.4496,611.97984,297.7448999999999,270.81749999999994,-259.2952999999999,-158.83765999999997,-173822.10733999975,-202001.27794,-12.23877614483492,-12.72452101260667,3.5723375931842387,-0.017945935976507132,0.0,1.0,1.0,465.1006389776358,465.50798722044726,1.0,1.0,1.538338658146965,1.8377467092651756,0.0,1.2364217252396166,0.9808306709265175,0.0,6952.760383386581,0.0,0.0,15.0,0.0,20.0,214.3402555910543,30.0,486.33226837060704,10.0,0.0,0.0,0.0
808,0.2699505786794069,0.27522170982177835,0.25546426719116516,0.26067735370113304,0.9865314747995115,0.9865348799419845,323.0,293.0,4.673684210526318,3.45904436860068,0.0,0.0,4.674097007223942,3.461092150170648,4.097132034632034,1.6,1.6,594.55744,540.9302400000001,116.32089999999994,382.82659999999976,-21.763459999999895,-341.8963599999996,-173843.87079999974,-202343.1743,-12.481950865800869,-12.68703828382938,4.0959415584415595,-0.00225976442833591,0.0,1.0,1.0,463.37175324675326,463.7711038961039,1.0,1.0,1.4756493506493507,1.8433241558441564,0.0,1.3376623376623376,0.9691558441558441,0.0,6701.790584415585,0.0,0.0,15.0,0.0,20.0,245.7564935064935,30.0,488.086038961039,10.0,0.0,0.0,0.0
809,0.269964164569109,0.27514910024332845,0.25648796583529243,0.2618531684897086,0.98654902418799,0.9865528938998351,332.0,308.0,3.689658634538153,4.6540584415584405,0.0,0.0,3.6948795180722893,4.654816017316017,4.156848958333333,1.6,1.6,603.2368000000001,569.7244800000001,145.0324999999999,179.90939999999992,-41.79569999999978,-110.18491999999983,-173885.66649999973,-202453.35922,-12.441192291666656,-12.615708936803948,4.153776041666662,0.019042855679791554,0.0,1.0,1.0,457.8859375,458.340625,1.0,1.0,1.48125,1.8327520000000017,0.0,1.309375,1.140625,0.0,6906.725,0.0,0.0,15.0,0.0,20.0,249.2265625,30.0,484.7765625,10.0,0.0,0.0,0.0
810,0.27002478647398437,0.2751383250018085,0.25655727254863897,0.2619876198495898,0.9865669125821143,0.9865709691898898,337.0,302.0,4.108852621167162,3.687803532008828,0.0,0.0,4.109792284866469,3.690673289183223,3.9117110067814296,1.6,1.6,625.1267200000001,543.95264,228.4640999999999,274.6376999999999,-103.3373799999998,-230.6850599999999,-173989.00387999974,-202684.04428,-12.324303808033378,-12.525650180756847,3.9098591549295754,0.012909651733556798,0.0,1.0,1.0,458.99374021909233,459.414710485133,1.0,1.0,1.4726134585289514,1.8295451643192495,0.0,1.3317683881064162,0.9702660406885759,0.0,6770.533646322378,0.0,0.0,15.0,0.0,20.0,234.59154929577466,30.0,483.7902973395931,10.0,0.0,0.0,0.0
811,0.27003922127334823,0.27516537760183446,0.2559058588517069,0.2614871468100071,0.986584746486479,0.9865884929102796,332.0,324.0,3.9747489959839384,3.6523148148148192,0.0,0.0,3.9780120481927717,3.6555555555555554,3.81875,1.6,1.6,629.48352,586.60032,277.4824999999999,123.96839999999986,-147.9989799999999,-37.36807999999985,-174137.00285999975,-202721.41236,-12.43295609756098,-12.601043465697582,3.8154979674796743,0.015256181674699979,0.0,1.0,1.0,446.5228658536585,446.9451219512195,1.0,1.0,1.4939024390243902,1.8537863414634146,0.0,1.4634146341463414,1.2606707317073171,0.0,6872.461890243902,0.0,0.0,15.0,0.0,20.0,228.9298780487805,30.0,491.3475609756098,10.0,0.0,0.0,0.0
812,0.27007796914181703,0.2751869834240428,0.25446038530982074,0.26034534469627574,0.9866021975639365,0.9866065928547326,326.0,322.0,3.818865030674847,3.655434782608697,0.0,0.0,3.819120654396728,3.6584368530020703,3.739274691358025,1.6,1.6,604.8819200000002,591.45504,290.81829999999997,208.1514999999999,-185.93637999999982,-116.69645999999986,-174322.93923999975,-202838.10882,-12.356010493827156,-12.607741567405313,3.7376543209876587,0.013055421117755912,0.0,1.0,1.0,459.1033950617284,459.5354938271605,1.0,1.0,1.4969135802469136,1.8461990123456795,0.0,1.308641975308642,1.1388888888888888,0.0,6947.481481481482,0.0,0.0,15.0,0.0,20.0,224.25925925925927,30.0,488.9861111111111,10.0,0.0,0.0,0.0
813,0.2701454309663214,0.2751194307381073,0.254373739169153,0.260291446414849,0.9866198775361089,0.9866247502119468,333.0,338.0,3.4941441441441445,3.9069033530571997,0.0,0.0,3.4987487487487483,3.906952662721894,3.7043715846994534,1.6,1.6,633.6483200000001,628.5952000000001,159.5352999999999,171.49369999999988,-25.886979999999767,-42.898499999999785,-174348.82621999976,-202881.00732,-12.552857824143064,-12.645405811480458,3.7020615996025854,0.05855339053557483,0.0,1.0,1.0,444.31594634873323,444.7496274217586,1.0,1.0,1.503725782414307,1.8811378837555897,0.0,1.421758569299553,1.23397913561848,0.0,7057.730253353204,0.0,0.0,15.0,0.0,20.0,222.123695976155,30.0,499.903129657228,10.0,0.0,0.0,0.0
814,0.2701078773996837,0.27513517420584704,0.2540887152635448,0.2601554396790464,0.9866376033750871,0.9866426835045045,357.0,295.0,4.3248366013071875,3.7610169491525416,0.0,0.0,4.328011204481792,3.76271186440678,4.072239263803681,1.6,1.6,654.0720000000001,530.48928,172.71629999999996,455.1670999999999,-18.644299999999845,-424.6778199999999,-174367.47051999974,-203305.68514000002,-12.311277709611455,-12.543545586559299,4.069734151329244,-0.0011694887489332056,0.0,1.0,1.0,459.0490797546012,459.4493865030675,1.0,1.0,1.4524539877300613,1.8168117791411063,0.0,1.3113496932515338,1.0920245398773005,0.0,7057.170245398773,0.0,0.0,15.0,0.0,20.0,244.1840490797546,30.0,479.79754601226995,10.0,0.0,0.0,0.0
815,0.270143063078838,0.2751416093288845,0.2545142781150173,0.2604257930329721,0.9866554897945102,0.9866599805014841,315.0,315.0,3.4510052910052944,4.564920634920636,0.0,0.0,3.4544973544973545,4.565132275132275,4.009814814814814,1.6,1.6,577.50944,578.36896,455.51199999999994,167.89269999999993,-378.0025599999999,-89.52373999999992,-174745.47307999973,-203395.20888000002,-12.394807407407406,-12.638268597164595,4.007962962962959,-0.005861386658663006,0.0,1.0,1.0,470.93650793650795,471.3873015873016,1.0,1.0,1.5,1.8347276190476192,0.0,1.1682539682539683,1.1650793650793652,0.0,6894.087301587301,0.0,0.0,15.0,0.0,20.0,240.4777777777778,30.0,485.3952380952381,10.0,0.0,0.0,0.0
816,0.27015995893486144,0.2751880947639115,0.25352896791313456,0.2592868628783841,0.9866729244117403,0.9866775588455517,315.0,302.0,3.7873544973544973,4.009381898454747,0.0,0.0,3.79005291005291,4.010099337748344,3.8977579686655863,1.6,1.6,575.7302400000001,555.58752,239.0830999999999,271.0907999999999,-163.3528599999998,-215.50327999999985,-174908.82593999975,-203610.71216000002,-12.34309367909238,-12.578550644992806,3.896029173419768,0.02835535559673108,0.0,1.0,1.0,469.6110210696921,470.04700162074556,1.0,1.0,1.4894651539708266,1.8335782171799033,0.0,1.2220421393841168,1.0842787682333874,0.0,6927.111831442464,0.0,0.0,15.0,0.0,20.0,233.76175040518638,30.0,485.0372771474878,10.0,0.0,0.0,0.0
817,0.2701969743326327,0.27508655331845927,0.2528567012732952,0.2589232622698019,0.9866904602766143,0.9866947955549752,335.0,323.0,3.8278109452736335,4.273529411764703,0.0,0.0,3.8302985074626865,4.2749226006191945,4.048556231003039,1.6,1.6,617.8300800000002,582.86752,89.71389999999991,198.55569999999992,28.11618000000027,-115.6881799999999,-174880.70975999974,-203726.40034000002,-12.35008814589666,-12.51537819346565,4.046605876393114,0.013554232648830879,0.0,1.0,1.0,457.919452887538,458.338905775076,1.0,1.0,1.4908814589665653,1.8247683890577517,0.0,1.303951367781155,1.1899696048632218,0.0,6832.72188449848,0.0,0.0,15.0,0.0,20.0,242.79635258358664,30.0,482.28115501519756,10.0,0.0,0.0,0.0
818,0.27022515198620634,0.2749477361536083,0.25338789613433754,0.25960331911579665,0.9867083757445346,0.9867122290215949,326.0,308.0,4.045756646216765,3.920508658008657,0.0,0.0,4.0475460122699385,3.9219155844155846,3.986514195583597,1.6,1.6,601.2217600000001,570.98528,245.4412999999999,264.9379999999999,-144.21953999999977,-193.95271999999989,-175024.92929999973,-203920.35306000002,-12.47129106203996,-12.681970578533228,3.984910620399578,-0.007672727682765084,0.0,1.0,1.0,460.19716088328073,460.6324921135647,1.0,1.0,1.4858044164037856,1.8489070031545745,0.0,1.362776025236593,1.1009463722397477,0.0,7010.216088328076,0.0,0.0,15.0,0.0,20.0,239.09463722397476,30.0,489.83753943217664,10.0,0.0,0.0,0.0
819,0.27027165993610097,0.27491218956627095,0.25268321427795265,0.2587398275149462,0.9867258463271011,0.9867298585166367,325.0,307.0,3.4849230769230766,4.310260586319217,0.0,0.0,3.4871794871794872,4.312812160694897,3.8882383966244722,1.6,1.6,595.83008,571.328,226.36089999999984,250.25609999999986,-130.5308199999999,-178.9280999999999,-175155.4601199997,-204099.28116,-12.418740084388192,-12.604776379514554,3.8858386075949407,0.01707366166528885,0.0,1.0,1.0,463.0363924050633,463.4746835443038,1.0,1.0,1.485759493670886,1.8467691139240494,0.0,1.2484177215189873,1.3449367088607596,0.0,7015.185126582279,0.0,0.0,15.0,0.0,20.0,233.1503164556962,30.0,489.1677215189873,10.0,0.0,0.0,0.0
820,0.27039016049103115,0.2749190523452195,0.25324426688433355,0.259170982941896,0.9867435895771555,0.9867472262066704,309.0,343.0,3.226105717367854,4.009620991253642,0.0,0.0,3.226860841423948,4.014091350826044,3.641002044989775,1.6,1.6,550.62336,635.94848,316.2728999999998,152.71349999999993,-265.6495399999998,-16.765019999999907,-175421.10965999973,-204116.04618,-12.157330061349695,-12.501769937825562,3.6382924335378286,-0.012781266370981356,0.0,1.0,1.0,457.8312883435583,458.27914110429447,1.0,1.0,1.5260736196319018,1.819895460122699,0.0,1.2822085889570551,1.2453987730061349,0.0,6909.381901840491,0.0,0.0,15.0,0.0,20.0,218.29754601226995,30.0,480.76073619631904,10.0,0.0,0.0,0.0
821,0.270449668418281,0.27499123676919607,0.2520434817870951,0.25793958439432935,0.9867614649552868,0.9867641803273159,311.0,314.0,3.44855305466238,3.7107218683651815,0.0,0.0,3.4508038585209,3.7149150743099786,3.5834933333333328,1.6,1.6,571.05664,578.5200000000001,205.5464999999999,346.80279999999993,-134.48985999999988,-268.28279999999984,-175555.59951999973,-204384.32898,-12.251498453333324,-12.650912525591627,3.580266666666664,0.0021190059010526346,0.0,1.0,1.0,467.8432,468.28,1.0,1.0,1.5024,1.839322624,0.0,1.1984,1.0928,0.0,7002.7392,0.0,0.0,15.0,0.0,20.0,214.816,30.0,486.8336,10.0,0.0,0.0,0.0
822,0.27048541277015486,0.2749473292245193,0.251291598465381,0.25727182786424696,0.9867783558211346,0.9867821841904676,312.0,325.0,3.881570512820517,4.015948717948721,0.0,0.0,3.8830128205128207,4.017128205128206,3.951439037153323,1.6,1.6,564.23328,585.72384,227.62479999999994,192.53279999999992,-163.3915199999999,-106.80895999999993,-175718.99103999973,-204491.13794,-12.193713657770797,-12.567162045233411,3.9501308215593856,-0.01746651489881107,0.0,1.0,1.0,472.1978021978022,472.60910518053373,1.0,1.0,1.510204081632653,1.8052702040816326,0.0,1.1758241758241759,1.1271585557299844,0.0,6914.087912087912,0.0,0.0,15.0,0.0,20.0,237.00784929356357,30.0,476.19309262166405,10.0,0.0,0.0,0.0
823,0.27055780831148435,0.27481081966580795,0.25174244817893626,0.2580536489344499,0.9867960605342527,0.9867995154608956,312.0,328.0,3.457532051282052,4.493495934959349,0.0,0.006300813008130082,3.4621794871794873,4.488516260162602,3.988177083333333,1.6,1.6,557.7875200000001,594.7660800000001,221.89339999999996,298.1660999999999,-164.10587999999987,-203.4000199999998,-175883.09691999972,-204694.53796,-12.182434374999993,-12.433251611264577,3.988463541666667,-0.00036019285844182534,0.0,1.0,1.0,468.4,468.8375,1.0,1.0,1.5125,1.8008650000000013,0.003229166666666667,1.1578125,1.4296875,0.0,7034.4828125,0.19375,0.0,14.9390625,0.0,20.0,239.1140625,30.0,474.8171875,10.0,0.0,0.0,0.0
824,0.2705432284812451,0.27483260127154574,0.25168850454622615,0.2580396967540554,0.9868128321314664,0.9868171784415891,311.0,339.0,4.247427652733118,3.7799410029498515,0.0,0.0,4.2496784565916395,3.783529990167158,4.006564102564103,1.6,1.6,587.90656,631.952,208.26399999999992,179.0031999999999,-120.35743999999991,-47.05119999999991,-176003.4543599997,-204741.58915999997,-12.646686358974359,-12.657517922121803,4.003615384615388,0.05038102123700707,0.0,1.0,1.0,463.77846153846156,464.22615384615386,1.0,1.0,1.5215384615384615,1.8767054769230775,0.0,1.2461538461538462,1.2969230769230768,0.0,6894.464615384615,0.0,0.0,15.0,0.0,20.0,240.21692307692308,30.0,498.51384615384615,10.0,0.0,0.0,0.0
825,0.2705773148894928,0.2749288373187494,0.2511251143954585,0.2574749513828802,0.9868303803711775,0.9868348615161037,304.0,315.0,3.3400767543859633,3.497724867724867,0.0,0.0,3.346217105263158,3.5,3.4244749596122777,1.6,1.6,568.3990400000001,577.30272,193.45039999999995,332.8214999999999,-125.05135999999982,-255.51877999999988,-176128.50571999972,-204997.10794,-12.257440172320937,-12.65491697594719,3.4203015616585875,-0.020212384773041814,0.0,1.0,1.0,474.5040387722132,474.94507269789983,1.0,1.0,1.5088852988691437,1.8508913731825531,0.0,1.1567043618739903,1.1922455573505655,0.0,6786.630048465267,0.0,0.0,15.0,0.0,20.0,205.21809369951535,30.0,490.4588045234249,10.0,0.0,0.0,0.0
826,0.27060825655845994,0.2748663154629287,0.25112425425897256,0.257361205410384,0.9868472307185155,0.9868519136432589,305.0,318.0,3.7962841530054625,3.9599580712788254,0.0,0.05335429769392034,3.8007103825136612,3.9085429769392035,3.855751738897806,1.6,1.6,566.13472,574.5104000000001,176.14409999999992,222.52449999999993,-110.00937999999991,-148.01409999999981,-176238.51509999973,-205145.12204,-12.320394221508819,-12.675527198222893,3.879828785446762,-0.016222196758327454,0.0,1.0,1.0,485.60674157303373,486.04815409309793,1.0,1.0,1.5104333868378812,1.8308910433386851,0.027233814874264316,1.073836276083467,1.2343499197431782,0.0,6770.290529695024,1.6340288924558588,0.0,14.725521669341894,0.0,20.0,231.15569823434993,30.0,484.2022471910112,10.0,0.0,0.0,0.0
827,0.270591323928901,0.27492363555975946,0.25107479514027836,0.2571966290521678,0.9868645597043738,0.9868688702741495,317.0,331.0,4.259148264984224,3.361681772406851,0.0,0.0,4.263564668769716,3.3626888217522657,3.8033950617283945,1.6,1.6,586.8656000000001,607.2992000000002,229.12249999999997,172.25869999999986,-142.2568999999999,-64.95949999999971,-176380.77199999974,-205210.08153999998,-12.360998971193426,-12.627640511459518,3.800720164609051,-0.00020855863835311794,0.0,1.0,1.0,466.4475308641975,466.87345679012344,1.0,1.0,1.5108024691358024,1.8428469135802472,0.0,1.0617283950617284,1.353395061728395,0.0,6857.1373456790125,0.0,0.0,15.0,0.0,20.0,228.04320987654322,30.0,487.9429012345679,10.0,0.0,0.0,0.0
828,0.27065464088629443,0.27484088744788027,0.2517373600420974,0.2576094671805574,0.9868814297685296,0.9868863397577956,323.0,325.0,4.093240454076367,4.071025641025641,0.0,0.0,4.09576883384933,4.074307692307692,4.085005144032922,1.6,1.6,592.2950400000001,613.3750400000001,258.2023,255.16709999999995,-165.9072599999999,-141.79205999999982,-176546.67925999974,-205351.8736,-12.58079794238683,-12.583973912027725,4.0820987654321,0.0512249830491476,0.0,1.0,1.0,464.6296296296296,465.0401234567901,1.0,1.0,1.501543209876543,1.8606019753086431,0.0,1.3101851851851851,1.4135802469135803,0.0,6883.83950617284,0.0,0.0,15.0,0.0,20.0,244.92592592592592,30.0,493.4845679012346,10.0,0.0,0.0,0.0
829,0.27074708354912747,0.2748768422430575,0.251871203045164,0.257604774313912,0.9868979365140421,0.9869033908724808,295.0,337.0,3.2784180790960447,3.454549950544015,0.0,0.0,3.2882485875706213,3.456528189910979,3.377979957805907,1.6,1.6,530.7660800000001,615.47072,381.4469999999999,194.9829999999999,-350.6809199999998,-79.51227999999986,-176897.36017999976,-205431.38588,-12.013308016877637,-12.533482246238634,3.3723364978902954,-0.026035774618377475,0.0,1.0,1.0,478.08069620253167,478.5,1.0,1.0,1.5332278481012658,1.81366582278481,0.0,0.939873417721519,1.2136075949367089,0.0,6938.776898734177,0.0,0.0,15.0,0.0,20.0,202.34018987341773,30.0,478.8132911392405,10.0,0.0,0.0,0.0
830,0.2706920050236046,0.2747507720995406,0.2517583155946471,0.2573238324612922,0.9869151864866791,0.9869204779099777,313.0,350.0,4.572044728434503,4.397571428571427,0.0,0.0003333333333333333,4.574707135250266,4.400619047619048,4.4828054298642535,1.6,1.6,566.7568,640.7900800000001,199.0218999999999,221.37729999999988,-132.2650999999999,-80.58721999999977,-177029.62527999975,-205511.97309999997,-12.50271151332327,-12.444871708250433,4.479939668174961,0.04058757652297003,0.0,1.0,1.0,464.8325791855204,465.25037707390646,1.0,1.0,1.5279034690799396,1.8213376772247365,0.00017596782302664655,1.2639517345399698,1.3785822021116139,0.0,6800.589743589743,0.010558069381598794,0.0,14.989441930618401,0.0,20.0,268.78582202111613,30.0,481.21417797888387,10.0,0.0,0.0,0.0
831,0.2707138828515996,0.2748358816008483,0.2507343959000682,0.2562648741343998,0.9869323738633778,0.9869373927500518,323.0,310.0,3.721981424148607,3.378709677419355,0.0,0.0,3.7244582043343653,3.38236559139785,3.5569246972090576,1.6,1.6,592.87168,571.47936,149.9867999999999,390.8673999999999,-57.11511999999993,-319.3880399999999,-177086.74039999975,-205831.36113999996,-12.241509004739333,-12.644068698349432,3.5538704581358616,-0.016465209705283805,0.0,1.0,1.0,474.0157977883096,474.4454976303318,1.0,1.0,1.4897314375987363,1.839417124802528,0.0,1.2101105845181674,0.9383886255924171,0.0,6883.579778830964,0.0,0.0,15.0,0.0,20.0,213.23222748815166,30.0,486.86255924170615,10.0,0.0,0.0,0.0
832,0.27075929836073015,0.2747190043219176,0.24933952654073485,0.2547873960977247,0.9869490257577506,0.9869549713637024,341.0,311.0,4.039980449657867,3.590460878885316,0.0,0.0,4.041251221896383,3.5914790996784567,3.8267126789366057,1.6,1.6,618.62752,582.5427200000001,160.7154999999999,221.5383999999999,-42.0879799999999,-138.99567999999977,-177128.82837999976,-205970.35681999996,-12.36749672801636,-12.542583868357893,3.8255623721881413,0.0378864027400343,0.0,1.0,1.0,467.12883435582825,467.5644171779141,1.0,1.0,1.4769938650306749,1.8422856441717794,0.0,1.25920245398773,1.3006134969325154,0.0,6954.691717791411,0.0,0.0,15.0,0.0,20.0,229.53374233128835,30.0,487.75306748466255,10.0,0.0,0.0,0.0
833,0.2706254827810777,0.27462248753203566,0.24968649983342878,0.2552468864936389,0.9869658968925944,0.9869719830823104,322.0,322.0,4.407971014492754,3.850672877846792,0.0,0.0,4.4110248447204965,3.8523291925465837,4.131677018633541,1.6,1.6,606.0720000000001,580.3024,326.24629999999985,223.5804999999999,-220.17429999999973,-143.27809999999985,-177349.00267999977,-206113.63491999995,-12.4884658385093,-12.548471664549592,4.129321946169769,0.04881193304521733,0.0,1.0,1.0,463.30434782608694,463.7453416149068,1.0,1.0,1.5,1.8421962732919275,0.0,1.3928571428571428,1.2872670807453417,0.0,6860.925465838509,0.0,0.0,15.0,0.0,20.0,247.75931677018633,30.0,487.72670807453414,10.0,0.0,0.0,0.0
834,0.270679494680699,0.27467873822258,0.24863704868170525,0.2542506023754951,0.9869826277574691,0.9869884054211209,335.0,319.0,4.166019900497515,4.224451410658304,0.002238805970149254,0.0,4.165820895522388,4.227377220480669,4.195846075433232,1.6,1.6,640.7616,582.74848,172.7691999999999,261.58789999999993,-32.007599999999854,-178.83941999999996,-177381.01027999978,-206292.47433999996,-12.687462385321094,-12.584305714217404,4.194520897043829,0.0759150722739205,0.0,1.0,1.0,465.4189602446483,465.8501529051988,1.0,1.0,1.4877675840978593,1.8708105198776772,0.0011467889908256881,1.3180428134556574,1.3318042813455657,0.0,6816.3899082568805,0.06880733944954129,0.0,14.954128440366972,0.0,20.0,251.60244648318042,30.0,496.68042813455656,10.0,0.0,0.0,0.0
835,0.27064639483201564,0.2746091636913248,0.24813480491121637,0.2539437239696253,0.9869994340989591,0.9870049944416207,342.0,329.0,3.748050682261205,4.195440729483282,0.0,0.0,3.7521929824561404,4.196605876393111,3.970094386487829,1.6,1.6,635.66848,602.2896000000001,180.67369999999994,201.50509999999994,-45.005219999999895,-99.21549999999988,-177426.01549999978,-206391.68983999995,-12.440338400397414,-12.581682150988117,3.967411823149532,0.0008515683792912449,0.0,1.0,1.0,462.67064083457524,463.09090909090907,1.0,1.0,1.4903129657228018,1.8449449776453064,0.0,1.4336810730253353,1.293591654247392,0.0,6869.597615499255,0.0,0.0,15.0,0.0,20.0,238.04470938897168,30.0,488.5946348733234,10.0,0.0,0.0,0.0
836,0.2706956682846114,0.27456736214365995,0.24858575014948883,0.25451103540045794,0.9870161287658867,0.9870217009134005,312.0,331.0,3.4115384615384627,4.089929506545821,0.0,0.0,3.4136217948717946,4.091339375629407,3.7624935199585283,1.6,1.6,568.75776,610.01856,369.07089999999994,225.6968999999999,-300.31314,-115.67833999999993,-177726.3286399998,-206507.36817999996,-12.286964644893727,-12.490686026376995,3.7607568688439668,0.02063404062639836,0.0,1.0,1.0,476.97667185069986,477.37947122861584,1.0,1.0,1.5147744945567652,1.8332446656298595,0.0,1.3468118195956453,1.1228615863141524,0.0,6864.895800933126,0.0,0.0,15.0,0.0,20.0,225.64541213063762,30.0,484.9315707620529,10.0,0.0,0.0,0.0
837,0.27069747299238084,0.2746141738358649,0.2487444134470717,0.2544798387860565,0.987033063947705,0.9870383043898158,331.0,316.0,4.271953675730112,3.7415611814345953,0.0,0.0,4.27250755287009,3.7422995780590713,4.013549716640907,1.6,1.6,615.74784,575.55808,150.78759999999994,274.0444999999999,-35.039759999999944,-198.4864199999999,-177761.3683999998,-206705.85459999996,-12.4363466254508,-12.665269703828134,4.012905718701699,-0.0032443587889624823,0.0,1.0,1.0,481.05255023183923,481.5239567233385,1.0,1.0,1.4884080370942814,1.841276537867078,0.0,1.276661514683153,1.1653786707882534,0.0,6926.265842349305,0.0,0.0,15.0,0.0,20.0,240.774343122102,30.0,487.4404945904173,10.0,0.0,0.0,0.0
838,0.2708044246463676,0.2746444731220805,0.24749699211598056,0.25321006425798703,0.9870498783642102,0.9870552548352627,315.0,341.0,3.252433862433863,3.9354838709677384,0.0,0.0,3.2543386243386236,3.9381720430107525,3.609806910569106,1.6,1.6,570.4032,642.1692800000001,310.4466999999999,149.9942999999999,-240.04349999999994,-7.8250199999998244,-178001.4118999998,-206713.67961999995,-12.317452845528443,-12.568051819089069,3.607494918699188,-0.003431728398154893,0.0,1.0,1.0,466.8551829268293,467.3109756097561,1.0,1.0,1.5198170731707317,1.8484336585365875,0.0,1.1341463414634145,1.4283536585365855,0.0,6978.074695121952,0.0,0.0,15.0,0.0,20.0,216.4496951219512,30.0,489.6859756097561,10.0,0.0,0.0,0.0
839,0.27078952725588357,0.2746582855248552,0.24749629980446708,0.2528888975673267,0.9870665693632672,0.9870718195333407,312.0,316.0,3.699465811965812,3.678006329113923,0.0,0.0,3.7020299145299145,3.6799050632911396,3.69089702760085,1.6,1.6,574.6937600000001,582.4860800000001,236.27439999999987,305.52529999999985,-161.58063999999976,-223.03921999999972,-178162.9925399998,-206936.71883999996,-12.314924416135879,-12.639106980573425,3.6886677282377907,0.0059227189834485175,0.0,1.0,1.0,485.7547770700637,486.1910828025478,1.0,1.0,1.5031847133757963,1.8426430573248405,0.0,1.127388535031847,1.2117834394904459,0.0,6956.4442675159235,0.0,0.0,15.0,0.0,20.0,221.3200636942675,30.0,487.87261146496814,10.0,0.0,0.0,0.0
840,0.2707858277345252,0.2746701232890691,0.24668045697330335,0.2520412023443182,0.9870827998545871,0.9870883833758088,304.0,323.0,3.9888706140350876,3.6024767801857567,0.0,0.0,3.9903508771929825,3.606862745098039,3.7927963849016484,1.6,1.6,549.6492800000001,609.3008000000001,280.8125999999999,211.3967999999999,-231.16331999999983,-102.0959999999998,-178394.1558599998,-207038.81483999995,-12.39019734183945,-12.775935336691658,3.7898192450824006,-0.021135629030288497,0.0,1.0,1.0,487.91866028708137,488.3652312599681,1.0,1.0,1.5151515151515151,1.848405231259968,0.0,1.0940988835725678,1.1770334928229664,0.0,6959.437001594896,0.0,0.0,15.0,0.0,20.0,227.3891547049442,30.0,489.67304625199364,10.0,0.0,0.0,0.0
841,0.2708531719449757,0.2746870158401117,0.24671391639433116,0.2514557560050881,0.9870992177144532,0.9871043782693807,330.0,307.0,4.2105555555555565,3.707166123778502,0.0,0.0,4.2131313131313135,3.7117806731813254,3.971507064364207,1.6,1.6,610.8816000000002,560.1449600000001,140.51219999999995,304.5317999999999,-29.630599999999788,-244.38683999999984,-178423.7864599998,-207283.20167999994,-12.400684667713238,-12.602083488690404,3.9679487179487167,-0.002953526889734889,0.0,1.0,1.0,472.43014128728413,472.87284144427,1.0,1.0,1.4819466248037676,1.838346248037677,0.0,1.4175824175824177,1.0941915227629513,0.0,7011.120879120879,0.0,0.0,15.0,0.0,20.0,238.07692307692307,30.0,486.5321821036107,10.0,0.0,0.0,0.0
842,0.2708388174376451,0.2746738131169144,0.24568527013465885,0.25053274720615615,0.9871158274280795,0.987121091833589,332.0,317.0,3.836897590361448,3.804153522607778,0.0,0.0021556256572029444,3.841315261044176,3.804416403785489,3.8232922444786848,1.6,1.6,596.3888000000002,605.3091200000001,255.36399999999995,157.72139999999996,-158.97519999999977,-52.41227999999984,-178582.7616599998,-207335.61395999993,-12.422012737544929,-12.665725005897825,3.8209039548022554,0.021688860403834834,0.0,1.0,1.0,481.1386748844376,481.5855161787365,1.0,1.0,1.4884437596302003,1.8516146687211106,0.0010529019003595276,1.2865947611710324,1.2080123266563945,0.0,6830.741140215717,0.06317411402157165,0.0,14.970724191063175,0.0,20.0,229.19106317411402,30.0,490.673343605547,10.0,0.0,0.0,0.0
843,0.27092047207797093,0.27471444530594785,0.24599893140354734,0.250950530648618,0.987132107649639,0.9871373375483616,311.0,341.0,3.677920685959271,3.9430107526881706,0.0,0.0,3.679367631296892,3.9469208211143694,3.819299591002044,1.6,1.6,565.4508800000001,627.2195200000001,313.88199999999983,172.2487,-248.43111999999974,-45.02917999999991,-178831.19277999978,-207380.64313999994,-12.285176891615535,-12.5865863366969,3.8165644171779127,0.021682208968039213,0.0,1.0,1.0,483.7622699386503,484.19785276073617,1.0,1.0,1.5230061349693251,1.8292490797546015,0.0,1.01840490797546,1.2607361963190185,0.0,6871.875766871166,0.0,0.0,15.0,0.0,20.0,228.99386503067484,30.0,483.69171779141107,10.0,0.0,0.0,0.0
844,0.2708234779774978,0.27471231348452546,0.24654065520367308,0.2514905125529927,0.9871485683496856,0.9871534535571493,339.0,320.0,4.9262045231071765,3.726510416666666,0.022468043264503437,0.0,4.905801376597837,3.7285937500000004,4.334167931208902,1.6,1.6,629.6896000000002,610.4947199999999,162.6084999999999,278.1902999999999,-32.91889999999975,-167.69558,-178864.11167999977,-207548.33871999994,-12.814205766312602,-12.647546152376481,4.343651997976736,0.05723159294546073,0.0,1.0,1.0,474.0470409711684,474.4992412746586,1.0,1.0,1.4855842185128982,1.881918543247344,0.011557916034395547,1.282245827010622,1.4810318664643398,0.0,6779.801213960546,0.6934749620637329,0.0,14.786039453717754,0.0,20.0,259.9256449165402,30.0,500.14567526555385,10.0,0.0,0.0,0.0
845,0.27087210836864484,0.2747195896227871,0.24567655588139986,0.2506078899185409,0.9871645689887167,0.9871701513369447,314.0,342.0,3.7312101910828024,4.015155945419103,0.0,0.01773879142300195,3.7336518046709126,3.9974171539961016,3.8711636178861792,1.6,1.6,593.5024000000001,618.42976,345.80219999999986,151.51879999999994,-252.29979999999978,-33.089039999999954,-179116.41147999978,-207581.42775999993,-12.420245121951222,-12.617061928457227,3.8792428861788575,-0.0008376628221588799,0.0,1.0,1.0,477.4908536585366,477.9146341463415,1.0,1.0,1.521341463414634,1.8474575609756099,0.009247967479674796,1.3780487804878048,1.211890243902439,0.0,6977.522865853659,0.5548780487804879,0.0,14.908536585365853,0.0,20.0,232.1996951219512,30.0,489.3780487804878,10.0,0.0,0.0,0.0
846,0.27091256453698487,0.2748240799649097,0.24556590423986668,0.25027163907682926,0.9871809111837254,0.9871861817713597,341.0,297.0,4.120527859237537,3.3259259259259237,0.0,0.0,4.121358748778103,3.329405162738496,3.752690700104493,1.6,1.6,614.0041600000002,539.8480000000001,175.79269999999994,397.5028999999999,-61.788539999999756,-357.6548999999998,-179178.2000199998,-207939.08265999993,-12.133731661442004,-12.426949215852938,3.750626959247647,0.02403806276680875,0.0,1.0,1.0,476.77272727272725,477.2115987460815,1.0,1.0,1.4655172413793103,1.8085457053291538,0.0,1.3934169278996866,1.1598746081504703,0.0,7037.3746081504705,0.0,0.0,15.0,0.0,20.0,225.03761755485894,30.0,477.2257053291536,10.0,0.0,0.0,0.0
847,0.2709229775365126,0.274813275367579,0.2463395304335283,0.2511972106877434,0.9871971638548522,0.9872023662954851,338.0,307.0,3.685009861932939,3.6478284473398483,0.0,0.0,3.6889546351084817,3.6516829533116186,3.6712144702842373,1.6,1.6,629.9683200000001,559.3587200000001,243.27539999999996,169.11749999999995,-113.3070799999999,-109.75877999999989,-179291.50709999978,-208048.84143999993,-12.314090749353998,-12.69741879985128,3.667312661498709,-0.008024776607427023,0.0,1.0,1.0,481.85271317829455,482.28682170542635,1.0,1.0,1.475968992248062,1.8439178914728696,0.0,1.254263565891473,1.1813953488372093,0.0,6779.145736434109,0.0,0.0,15.0,0.0,20.0,220.03875968992247,30.0,488.2728682170543,10.0,0.0,0.0,0.0
848,0.27096196957938457,0.27478576605910987,0.24690999160137844,0.25182268822068515,0.9872138224310081,0.9872181254861204,324.0,300.0,3.352520576131688,4.221555555555555,0.0,0.0,3.355349794238683,4.222611111111111,3.7723023504273505,1.6,1.6,585.38112,542.27936,330.70439999999985,281.66949999999986,-245.32327999999984,-239.39013999999986,-179536.8303799998,-208288.23157999993,-12.133128846153847,-12.54543713471561,3.7703258547008534,0.004351092827551649,0.0,1.0,1.0,496.28846153846155,496.75160256410254,1.0,1.0,1.4807692307692308,1.8071482051282048,0.0,1.2003205128205128,1.0208333333333333,0.0,6981.421474358975,0.0,0.0,15.0,0.0,20.0,226.21955128205127,30.0,476.7772435897436,10.0,0.0,0.0,0.0
849,0.2710075194894158,0.27477058826188777,0.24800844979279985,0.2528247974954396,0.9872299735350963,0.9872338663003757,300.0,342.0,3.4821666666666653,4.507212475633526,0.0,0.004824561403508771,3.485888888888889,4.504970760233918,4.028764278296989,1.6,1.6,559.42048,636.2220800000001,276.72259999999994,85.04669999999996,-217.30211999999995,51.17538000000016,-179754.1324999998,-208237.05619999993,-12.56992647975079,-12.76823089201087,4.02821910695743,0.01556164020041886,0.0,1.0,1.0,487.16355140186914,487.59968847352025,1.0,1.0,1.5327102803738317,1.8623715887850478,0.0025700934579439253,1.2133956386292835,1.2866043613707165,0.0,6802.070093457944,0.1542056074766355,0.0,14.93613707165109,0.0,20.0,241.53894080996884,30.0,494.0342679127726,10.0,0.0,0.0,0.0
850,0.2710352590927086,0.274796297665478,0.24873664117131625,0.25356128733965466,0.987246241071023,0.9872499835306168,313.0,322.0,3.67758253461129,3.874171842650102,0.0,0.0,3.681309904153354,3.876449275362319,3.780262467191601,1.6,1.6,566.0854400000001,603.8393599999999,190.88189999999992,291.2125999999999,-124.79645999999985,-187.37323999999995,-179878.92895999982,-208424.42943999992,-12.348888188976373,-12.698600718143416,3.7772703412073474,0.0037955111854181232,0.0,1.0,1.0,491.63937007874017,492.06299212598424,1.0,1.0,1.5070866141732284,1.8424012598425203,0.0,1.1559055118110235,1.2094488188976378,0.0,6918.968503937008,0.0,0.0,15.0,0.0,20.0,226.63622047244095,30.0,487.792125984252,10.0,0.0,0.0,0.0
851,0.2710004333739144,0.27488691525556086,0.24752665945377683,0.2523131766035309,0.9872623807650058,0.9872658548469165,326.0,308.0,4.2745398773006125,3.363149350649349,0.0,0.0,4.275971370143149,3.3679112554112556,3.8348317560462664,1.6,1.6,606.8198400000001,562.0307200000001,149.46719999999996,257.5216999999999,-42.64735999999985,-195.4909799999998,-179921.57631999982,-208619.92041999992,-12.378069610935858,-12.68052179865728,3.831782334384857,-0.012734361192059264,0.0,1.0,1.0,491.8943217665615,492.3312302839117,1.0,1.0,1.4858044164037856,1.8436128706624606,0.0,1.1813880126182965,1.1214511041009463,0.0,6992.72712933754,0.0,0.0,15.0,0.0,20.0,229.90694006309147,30.0,488.18769716088326,10.0,0.0,0.0,0.0
852,0.2709484056913906,0.27487075531613964,0.2476145792595518,0.252200391833689,0.9872783847896058,0.9872817868767692,341.0,305.0,3.9604105571847485,3.870819672131145,0.004154447702834799,0.0,3.9588954056695997,3.8737704918032785,3.9187048503611974,1.6,1.6,641.71712,558.67136,179.65999999999997,286.6050999999999,-37.942879999999946,-227.93373999999983,-179959.5191999998,-208847.85415999993,-12.500576470588229,-12.636686734323614,3.9181114551083627,0.015936800503494,0.0,1.0,1.0,477.2352941176471,477.6377708978328,1.0,1.0,1.4721362229102166,1.858186501547987,0.0021929824561403508,1.2724458204334366,1.348297213622291,0.0,6894.681114551084,0.13157894736842105,0.0,14.953560371517028,0.0,20.0,234.95510835913313,30.0,492.71981424148606,10.0,0.0,0.0,0.0
853,0.2710300211495285,0.2748296314885927,0.24740442799006912,0.25206105400347373,0.9872944393728702,0.9872977810135858,310.0,323.0,3.3848924731182795,4.134726522187824,0.0,0.0,3.387741935483871,4.137667698658411,3.770405476566614,1.6,1.6,574.40896,580.68576,376.12299999999993,224.81689999999992,-301.71403999999995,-144.13113999999996,-180261.2332399998,-208991.98529999994,-12.23862601369141,-12.555139615109544,3.76750921537651,-0.007506099176944126,0.0,1.0,1.0,491.0568720379147,491.47551342812005,1.0,1.0,1.5102685624012637,1.8247941864139021,0.0,1.2259083728278042,0.9826224328593997,0.0,6897.071090047393,0.0,0.0,15.0,0.0,20.0,226.05055292259084,30.0,482.2954186413902,10.0,0.0,0.0,0.0
854,0.2710670014890942,0.2747401616702886,0.24723808974084874,0.2516915639778036,0.9873106387929351,0.9873134819152771,326.0,296.0,4.013241308793454,3.7485923423423437,0.0,0.0,4.0157464212678935,3.751407657657658,3.889951768488746,1.6,1.6,595.79264,545.7808000000001,175.4655999999999,320.0454999999999,-79.6729599999999,-274.2646999999998,-180340.9061999998,-209266.24999999994,-12.350150911039655,-12.518923716323215,3.8872990353697716,0.008700089033675303,0.0,1.0,1.0,488.4147909967846,488.84405144694534,1.0,1.0,1.4758842443729903,1.835327073954985,0.0,1.2057877813504823,1.094855305466238,0.0,6811.930868167203,0.0,0.0,15.0,0.0,20.0,233.2379421221865,30.0,485.57877813504825,10.0,0.0,0.0,0.0
855,0.2710521431239643,0.2746482278501884,0.247113944979143,0.25171127657565984,0.987326458366324,0.9873293641948372,307.0,331.0,3.5298588490770926,4.715206445115811,0.0,0.0,3.532899022801303,4.717019133937563,4.147230929989551,1.6,1.6,580.29632,613.79072,243.9593999999999,127.40159999999997,-163.66307999999987,-13.610880000000009,-180504.5692799998,-209279.86087999993,-12.672416718913267,-12.592440641910072,4.144827586206892,0.06894334157993282,0.0,1.0,1.0,477.12852664576803,477.5846394984326,1.0,1.0,1.5188087774294672,1.871609780564264,0.0,1.329153605015674,1.4137931034482758,0.0,6922.3746081504705,0.0,0.0,15.0,0.0,20.0,248.68965517241378,30.0,496.9310344827586,10.0,0.0,0.0,0.0
856,0.27102520801059127,0.2746038005518867,0.24714459126555385,0.2515006525775341,0.9873424148746559,0.9873447877611458,330.0,327.0,4.137979797979801,3.5103975535168184,0.0,0.0,4.139747474747475,3.5128950050968406,3.8277524099441904,1.6,1.6,602.91488,608.8739200000001,158.15699999999993,226.5185999999999,-55.242119999999886,-117.6446799999998,-180559.8113999998,-209397.50555999993,-12.380477929984774,-12.51406822701924,3.8256215119228827,0.03394784243602709,0.0,1.0,1.0,479.8432267884323,480.2724505327245,1.0,1.0,1.4977168949771689,1.8444273972602754,0.0,1.3820395738203957,1.3774733637747336,0.0,7011.214611872146,0.0,0.0,15.0,0.0,20.0,229.5372907153729,30.0,488.427701674277,10.0,0.0,0.0,0.0
857,0.2710585142678193,0.27433488664702527,0.24695374465595368,0.2512048883230392,0.9873584558155973,0.9873604994334297,306.0,342.0,3.6141067538126355,4.646539961013643,0.0,0.013888888888888888,3.617538126361656,4.632651072124757,4.153292181069959,1.6,1.6,561.69888,639.9552000000001,350.3384,216.4636999999999,-288.63951999999995,-76.5084999999998,-180848.4509199998,-209474.01405999993,-12.574064403292176,-12.557145956658157,4.159002057613168,0.0719190455330013,0.0,1.0,1.0,484.2391975308642,484.6759259259259,1.0,1.0,1.5277777777777777,1.854404444444444,0.0073302469135802465,1.162037037037037,1.5740740740740742,0.0,6881.126543209876,0.4398148148148148,0.0,14.79783950617284,0.0,20.0,249.10030864197532,30.0,491.5324074074074,10.0,0.0,0.0,0.0
858,0.2709069578364172,0.2744364803157114,0.246625579318067,0.25085894641693385,0.9873737807335138,0.9873761553854337,346.0,303.0,5.00081888246628,3.6136963696369624,0.0050578034682080926,0.0,4.996676300578034,3.614906490649065,4.351566512583462,1.6,1.6,629.19424,569.0544,96.99359999999989,328.59239999999994,32.20064000000015,-259.53799999999995,-180816.2502799998,-209733.55205999993,-12.602855469953779,-12.56739455155163,4.353210066769387,0.021568699767637135,0.0,1.0,1.0,491.7149460708783,492.1417565485362,1.0,1.0,1.4668721109399077,1.8462999075500777,0.002696456086286595,1.305084745762712,1.234206471494607,0.0,6716.642526964561,0.1617873651771957,0.0,14.909090909090908,0.0,20.0,261.03081664098613,30.0,489.02157164869027,10.0,0.0,0.0,0.0
859,0.27095314042612295,0.2740625476884887,0.24654551601139493,0.2508055763009398,0.9873891355703521,0.9873916983585529,295.0,354.0,3.1379096045197734,5.17919020715631,0.0,0.13323917137476465,3.143220338983051,5.046704331450094,4.181484334874166,1.6,1.6,535.06848,648.1270400000001,448.50419999999986,92.25829999999996,-413.43571999999983,55.868740000000116,-181229.6859999998,-209677.68331999992,-12.421942886492037,-12.492866797394816,4.25133538777606,0.012464273340886246,0.0,1.0,1.0,491.03697996918334,491.4468412942989,1.0,1.0,1.5454545454545454,1.8231055778120173,0.07267591165896253,1.0030816640986133,1.4268104776579353,0.0,6803.597842835131,4.36055469953775,0.0,14.294298921417566,0.0,20.0,250.7195685670262,30.0,481.7642526964561,10.0,0.0,0.0,0.0
860,0.2709857539934277,0.27410240519557266,0.24628517493631108,0.2505918595327529,0.9874049934832735,0.9874072277575255,318.0,321.0,4.214517819706498,3.590083073727933,0.0,0.0,4.216090146750524,3.5930944963655245,3.9031298904538345,1.6,1.6,571.9488000000001,589.3900800000001,157.84379999999996,346.75099999999986,-85.89499999999984,-257.36091999999974,-181315.5809999998,-209935.04423999993,-12.247487323943659,-12.53719294965123,3.900834637454357,-0.00014103967136611602,0.0,1.0,1.0,487.7323943661972,488.1721439749609,1.0,1.0,1.5023474178403755,1.8174317370892026,0.0,1.2237871674491392,1.3943661971830985,0.0,6959.619718309859,0.0,0.0,15.0,0.0,20.0,234.05007824726135,30.0,479.9984350547731,10.0,0.0,0.0,0.0
861,0.2709907775263605,0.2741511003210219,0.24667942424926906,0.2510522677584449,0.9874202255768119,0.9874229955645728,326.0,299.0,3.836963190184049,3.8772017837235233,0.0,0.0,3.840132924335378,3.8793756967670014,3.858906666666667,1.6,1.6,607.7616,541.7027200000001,226.1792999999999,388.22439999999995,-118.41769999999985,-346.52167999999983,-181433.9986999998,-210281.56591999994,-12.36078656,-12.541560556269328,3.8562133333333315,0.00627792153803993,0.0,1.0,1.0,491.1376,491.5712,1.0,1.0,1.4784,1.8391429120000018,0.0,1.352,1.1808,0.0,6900.6704,0.0,0.0,15.0,0.0,20.0,231.3728,30.0,486.776,10.0,0.0,0.0,0.0
862,0.27100345394640174,0.2740800018012524,0.24686862799883486,0.2511620293999464,0.9874355074340813,0.9874387138013672,311.0,337.0,4.052411575562703,5.0473788328387705,0.0,0.11315529179030664,4.057181136120043,4.936003956478734,4.514223251028806,1.6,1.6,577.7641600000001,624.4073600000002,334.7224999999999,104.47889999999995,-256.95833999999985,19.9284600000002,-181690.9570399998,-210261.63745999994,-12.743278189300417,-12.591432730755832,4.5698559670781895,0.03392421966013459,0.0,1.0,1.0,491.108024691358,491.55555555555554,1.0,1.0,1.5200617283950617,1.8552029629629634,0.058847736625514416,1.162037037037037,1.4475308641975309,0.0,6820.550925925926,3.5308641975308643,0.0,14.356481481481481,0.0,20.0,270.6604938271605,30.0,491.7962962962963,10.0,0.0,0.0,0.0
863,0.2709844875506447,0.2739954169935241,0.24756186574097896,0.2516648898118317,0.9874510383825138,0.9874539904547808,295.0,334.0,3.7081920903954804,3.326047904191619,0.0,0.0,3.7104519774011298,3.327694610778443,3.5072072072072067,1.6,1.6,558.47968,604.2236800000001,265.32849999999996,284.5778999999999,-206.84881999999993,-180.35421999999983,-181897.80585999982,-210441.99167999995,-12.276900052994163,-12.67330828556343,3.5052729199787955,-0.003231985567786255,0.0,1.0,1.0,500.51828298887125,500.97297297297297,1.0,1.0,1.5310015898251192,1.848495007949126,0.0,1.1939586645468998,1.124006359300477,0.0,6908.481717011129,0.0,0.0,15.0,0.0,20.0,210.31637519872814,30.0,489.6947535771065,10.0,0.0,0.0,0.0
864,0.27098804801609966,0.27400299534304756,0.24824410146550047,0.25213459888874307,0.9874663243920512,0.9874696150205804,316.0,327.0,4.426476793248943,3.9601936799184507,0.0,0.0,4.430327004219409,3.964729867482162,4.193545878693624,1.6,1.6,604.3923200000002,600.0435200000002,86.76029999999992,239.86549999999997,17.63202000000024,-139.8219799999998,-181880.17383999983,-210581.81365999996,-12.699511456713319,-12.720905808855768,4.1893468118196,0.03210138377098635,0.0,1.0,1.0,493.27682737169516,493.7107309486781,1.0,1.0,1.5085536547433904,1.8731506065318835,0.0,1.3452566096423018,1.2270606531881805,0.0,6954.830482115086,0.0,0.0,15.0,0.0,20.0,251.36080870917573,30.0,497.4059097978227,10.0,0.0,0.0,0.0
865,0.27113658776754107,0.274024649538018,0.2492813880929684,0.2531640054389028,0.9874815580119974,0.9874850733536202,314.0,334.0,3.3021762208067966,4.086976047904189,0.0,0.0,3.3037154989384283,4.087824351297405,3.7078703703703706,1.6,1.6,571.2499200000001,621.2528000000001,249.0180999999999,222.63099999999994,-177.7681799999998,-101.37819999999985,-182057.94201999984,-210683.19185999996,-12.307860493827155,-12.64936336198964,3.706687242798347,-0.013649846836966427,0.0,1.0,1.0,498.61728395061726,499.05555555555554,1.0,1.0,1.5154320987654322,1.840281975308643,0.0,1.0972222222222223,1.3441358024691359,0.0,6868.183641975309,0.0,0.0,15.0,0.0,20.0,222.40123456790124,30.0,487.13271604938274,10.0,0.0,0.0,0.0
866,0.2712202935955673,0.2741045716793163,0.24997637675885884,0.2536866316883515,0.9874971577014526,0.9875010655023252,315.0,314.0,3.809312169312169,3.289649681528665,0.0,0.0,3.8116402116402117,3.293418259023355,3.552941176470588,1.6,1.6,580.50912,561.17824,188.96229999999989,327.6587999999999,-108.45317999999983,-266.48055999999997,-182166.39519999985,-210949.67241999996,-12.092951987281397,-12.588397898705887,3.549894011658717,-0.017953006829929306,0.0,1.0,1.0,503.23211446740856,503.6740858505564,1.0,1.0,1.4992050874403815,1.8150832432432444,0.0,1.0890302066772655,1.0858505564387917,0.0,6942.848966613673,0.0,0.0,15.0,0.0,20.0,212.99364069952304,30.0,479.27344992050877,10.0,0.0,0.0,0.0
867,0.271107695313594,0.2741503679244687,0.25008489917896815,0.2540437374267943,0.9875124188338905,0.9875165091832743,343.0,332.0,4.751846452866861,4.236144578313251,0.0052478134110787176,0.005471887550200803,4.747327502429544,4.231827309236948,4.493777777777778,1.6,1.6,631.5948800000001,603.0553600000001,185.2094999999999,174.93229999999994,-53.6146199999998,-71.87693999999988,-182220.00981999986,-211021.54935999995,-12.55703387654321,-12.496985005669687,4.498197530864204,0.046182528677819926,0.0,1.0,1.0,480.13925925925923,480.58666666666664,1.0,1.0,1.4918518518518518,1.8291114666666646,0.005358024691358026,1.3792592592592592,1.3688888888888888,0.0,6962.838518518519,0.3214814814814815,0.0,14.878518518518518,0.0,20.0,269.57037037037037,30.0,483.6592592592593,10.0,0.0,0.0,0.0
868,0.2711623466002421,0.27426843984664523,0.2504128220940959,0.25437480580150656,0.9875281067315217,0.9875320044741441,327.0,327.0,3.853873598369009,3.7486238532110074,0.0,0.0,3.856523955147808,3.7504587155963303,3.80349133537207,1.6,1.6,604.90304,604.84608,310.0407999999999,212.3696999999999,-205.13775999999984,-107.52361999999988,-182425.14757999987,-211129.07297999994,-12.403010601427098,-12.656425919994922,3.801248725790009,-6.977677652861183e-05,0.0,1.0,1.0,492.519877675841,492.95871559633025,1.0,1.0,1.5,1.849769296636086,0.0,1.0749235474006116,1.3042813455657492,0.0,6827.854740061162,0.0,0.0,15.0,0.0,20.0,228.0749235474006,30.0,490.09938837920487,10.0,0.0,0.0,0.0
869,0.27116340743894796,0.27435165988247984,0.24985601240067226,0.2538786808450854,0.9875431885156504,0.9875469882183036,310.0,308.0,3.5730645161290333,3.2827922077922076,0.0,0.0,3.5751075268817205,3.2873376623376624,3.4316882416396983,1.6,1.6,558.85504,566.7792000000001,341.5797999999999,325.9872999999999,-282.7247599999999,-259.20809999999983,-182707.87233999989,-211388.28107999993,-12.082547788565261,-12.66124992410805,3.428398058252423,-0.03519518085090539,0.0,1.0,1.0,511.55501618122975,511.9870550161812,1.0,1.0,1.4983818770226538,1.8214146278317147,0.0,1.0436893203883495,1.0566343042071198,0.0,6865.925566343042,0.0,0.0,15.0,0.0,20.0,205.70388349514562,30.0,481.2346278317152,10.0,0.0,0.0,0.0
870,0.2711328610984755,0.27446917090653067,0.24992743124648722,0.2541708333073892,0.9875584612305124,0.9875621577789512,337.0,304.0,4.786844708209692,3.4169956140350863,0.00044510385756676556,0.0,4.788031651829871,3.4179276315789475,4.1382475299011965,1.6,1.6,629.18272,557.8512000000001,166.09379999999996,271.7681999999999,-36.91107999999994,-213.91699999999986,-182744.78341999988,-211602.19807999991,-12.549936973478944,-12.64423721277723,4.1371814872594905,0.004095883855888124,0.0,1.0,1.0,493.3775351014041,493.81435257410294,1.0,1.0,1.4742589703588143,1.8518469890795637,0.00023400936037441496,1.3634945397815912,1.1622464898595943,0.0,6857.438377535102,0.014040561622464899,0.0,14.985959438377535,0.0,20.0,248.21684867394697,30.0,490.74882995319814,10.0,0.0,0.0,0.0
871,0.2711726767926662,0.2744567349737106,0.2495209039986044,0.2538484376016067,0.9875733138106266,0.987577274893098,328.0,310.0,3.4018292682926847,3.830483870967745,0.0,0.0,3.4056402439024387,3.831451612903226,3.612539184952978,1.6,1.6,596.72352,559.4316800000001,302.0445999999999,199.41149999999993,-205.32107999999988,-139.9798199999998,-182950.10449999987,-211742.17789999992,-12.099319749216312,-12.482006800448175,3.6101097178683377,0.012692513424717118,0.0,1.0,1.0,508.87617554858934,509.34326018808775,1.0,1.0,1.4858934169278997,1.8121554858934164,0.0,1.0752351097178683,1.1238244514106583,0.0,6804.94670846395,0.0,0.0,15.0,0.0,20.0,216.6065830721003,30.0,478.34952978056424,10.0,0.0,0.0,0.0
872,0.2712486081223318,0.2744911789853831,0.24948962044896317,0.25394430781032007,0.9875884190821048,0.987592022043006,309.0,309.0,3.3085760517799363,3.3659115426105717,0.0,0.0,3.3101402373247035,3.373139158576052,3.341639697950378,1.6,1.6,556.75936,581.04672,319.1453999999998,183.5369,-262.3860399999998,-102.49017999999995,-183212.49053999988,-211844.66807999992,-12.165070765911539,-12.672837728028707,3.3372437971952524,0.00044959201875290457,0.0,1.0,1.0,520.1569579288026,520.6132686084143,1.0,1.0,1.5,1.8411101618122974,0.0,0.9919093851132686,1.127831715210356,0.0,6928.147249190939,0.0,0.0,15.0,0.0,20.0,200.23462783171522,30.0,487.3867313915858,10.0,0.0,0.0,0.0
873,0.2712118972528544,0.27417934576519076,0.2497227891893662,0.25380144427519075,0.9876036840715446,0.9876071358779663,330.0,344.0,3.6489898989898983,4.652374031007751,0.0,0.0,3.6498989898989898,4.6525678294573645,4.161646884272997,1.6,1.6,601.9273600000001,627.8572800000001,138.83659999999992,133.87039999999996,-36.909239999999784,-6.013119999999901,-183249.3997799999,-211850.6811999999,-12.394940454995066,-12.423127206562514,4.161102868447082,0.027523412315317623,0.0,1.0,1.0,494.1008902077151,494.5281899109792,1.0,1.0,1.510385756676558,1.8246062908011866,0.0,1.2908011869436202,1.3308605341246291,0.0,6793.820474777448,0.0,0.0,15.0,0.0,20.0,249.66617210682492,30.0,482.24035608308606,10.0,0.0,0.0,0.0
874,0.27117994998749567,0.2742409036851071,0.24999259212417485,0.2538093248793068,0.9876189142998036,0.987621949521365,326.0,326.0,4.224284253578733,3.1345092024539865,0.0,0.0,4.227096114519428,3.13721881390593,3.682157464212679,1.6,1.6,600.32704,597.7100800000001,260.4937999999999,313.11149999999986,-160.1667599999999,-215.4014199999998,-183409.56653999988,-212066.0826199999,-12.280049488752558,-12.544620836225683,3.679396728016362,0.013758124716483073,0.0,1.0,1.0,497.58435582822085,498.0092024539877,1.0,1.0,1.5,1.8374802453987722,0.0,1.3604294478527608,1.3297546012269938,0.0,6765.860429447853,0.0,0.0,15.0,0.0,20.0,220.7638036809816,30.0,486.26687116564415,10.0,0.0,0.0,0.0
875,0.2712203718546114,0.27427804575675974,0.2501398286651575,0.2539617955902582,0.9876339425985484,0.9876368523802577,319.0,305.0,3.517868338557993,3.505683060109288,0.0,0.0,3.5188610240334377,3.50896174863388,3.5140224358974366,1.6,1.6,574.1980800000001,557.7491200000002,297.7629999999999,318.80679999999984,-223.5649199999998,-261.05767999999966,-183633.1314599999,-212327.1402999999,-12.071297008547008,-12.41773340182558,3.5119123931623926,0.009936358500249222,0.0,1.0,1.0,504.98878205128204,505.40865384615387,1.0,1.0,1.4887820512820513,1.814017948717949,0.0,1.0592948717948718,1.1666666666666667,0.0,6889.040064102564,0.0,0.0,15.0,0.0,20.0,210.7147435897436,30.0,478.9326923076923,10.0,0.0,0.0,0.0
876,0.2711363051286144,0.27428141073646906,0.2494407109713612,0.25315890361845195,0.9876487406082116,0.9876517716091965,345.0,324.0,4.072657004830915,3.843518518518521,0.0011594202898550724,0.0,4.075990338164251,3.845781893004115,3.9644992526158442,1.6,1.6,636.0486400000001,606.51424,110.91739999999993,128.40449999999996,25.13124000000016,-21.890259999999984,-183608.0002199999,-212349.0305599999,-12.512936322869951,-12.689160514959747,3.9616841056302916,-0.003375434510420543,0.0,1.0,1.0,503.203288490284,503.62481315396116,1.0,1.0,1.484304932735426,1.857343617339313,0.0005979073243647235,1.2720478325859492,1.2944693572496264,0.0,6976.8684603886395,0.03587443946188341,0.0,14.964125560538116,0.0,20.0,237.66517189835577,30.0,492.46337817638266,10.0,0.0,0.0,0.0
877,0.2711558766505481,0.2741851026961503,0.2505304164181002,0.25401037827605494,0.9876640539484813,0.987666700954071,321.0,335.0,3.5318276220145375,4.14189054726368,0.0,0.0,3.534008307372793,4.14412935323383,3.845579268292683,1.6,1.6,612.4425600000001,626.8816000000002,306.90749999999986,183.24569999999994,-194.46493999999979,-56.36409999999978,-183802.4651599999,-212405.3946599999,-12.658156707317081,-12.772038873105267,3.8433689024390216,0.014455292890668478,0.0,1.0,1.0,496.3384146341463,496.780487804878,1.0,1.0,1.5106707317073171,1.8892136585365842,0.0,1.358231707317073,1.361280487804878,0.0,6813.836890243902,0.0,0.0,15.0,0.0,20.0,230.60213414634146,30.0,502.422256097561,10.0,0.0,0.0,0.0
878,0.27120826880086973,0.2742250960040239,0.25131957006205147,0.2546204561019203,0.987678598447181,0.9876820285572208,264.0,358.0,3.0925505050505055,4.048137802607076,0.0,0.0,3.0972853535353537,4.05,3.645632368703108,1.6,1.6,482.54656000000006,653.25376,442.22199999999987,171.4399999999999,-459.6754399999998,-18.186239999999856,-184262.1405999999,-212423.5808999999,-12.19622443729903,-12.654092796780851,3.6425509110396574,0.0162541711689025,0.0,1.0,1.0,517.1270096463022,517.5546623794212,1.0,1.0,1.5755627009646302,1.8260455305466243,0.0,1.0289389067524115,1.3038585209003215,0.0,6985.715434083601,0.0,0.0,15.0,0.0,20.0,218.55305466237942,30.0,482.69292604501607,10.0,0.0,0.0,0.0
879,0.2709525091536204,0.2742744796007802,0.2516176575013587,0.2550115101610877,0.9876936430948366,0.9876969670801484,332.0,305.0,6.536997991967865,3.523879781420765,0.1377008032128514,0.0,6.400301204819278,3.530655737704918,5.026295133437991,1.6,1.6,614.4665600000001,557.2444800000001,37.917399999999944,479.6910999999998,76.54916000000013,-422.4466199999997,-184185.5914399999,-212846.02751999992,-12.857695238095237,-12.610514358053388,5.094296180010458,0.05858269854956783,0.0,1.0,1.0,507.88383045525904,508.3061224489796,1.0,1.0,1.4788069073783359,1.8394207849293562,0.0717687074829932,1.3673469387755102,1.0832025117739403,0.0,6872.276295133438,4.3061224489795915,0.0,14.065934065934066,0.0,20.0,301.35164835164835,30.0,486.861852433281,10.0,0.0,0.0,0.0
880,0.2709701473840108,0.27429008816072714,0.252618858597082,0.25584182931595906,0.9877082464263797,0.9877112606294403,312.0,327.0,3.6783653846153834,4.301019367991844,0.0,0.0,3.6818910256410264,4.304434250764526,4.000469483568075,1.6,1.6,570.21216,604.5744,329.69129999999996,137.2906999999999,-259.4791399999999,-32.71629999999993,-184445.0705799999,-212878.74381999992,-12.413061241523222,-12.68043081230338,3.9970005216484106,-0.005938820809667297,0.0,1.0,1.0,513.341158059468,513.7730829420971,1.0,1.0,1.511737089201878,1.8384766197183098,0.0,1.0657276995305165,1.2112676056338028,0.0,7171.117370892019,0.0,0.0,15.0,0.0,20.0,239.82003129890452,30.0,486.5633802816901,10.0,0.0,0.0,0.0
881,0.2710141829412795,0.2743885974040262,0.253189028690433,0.2562436305102328,0.9877226032502512,0.9877259398532957,324.0,310.0,3.6729938271604907,3.4707526881720425,0.0,0.0,3.673971193415638,3.474354838709678,3.57636698212408,1.6,1.6,597.52448,565.7248,159.53939999999992,352.7515999999998,-62.014919999999876,-287.02679999999987,-184507.0854999999,-213165.7706199999,-12.221561093585692,-12.724307351854714,3.574106203995795,-0.026928654758259833,0.0,1.0,1.0,508.09779179810727,508.52996845425866,1.0,1.0,1.4889589905362777,1.8347780441640387,0.0,1.1561514195583595,1.1876971608832807,0.0,7005.843848580442,0.0,0.0,15.0,0.0,20.0,214.44637223974763,30.0,485.40851735015775,10.0,0.0,0.0,0.0
882,0.27108606039280025,0.2742628826987774,0.25330325755395333,0.2563034679400256,0.9877374543877838,0.9877406277188533,304.0,345.0,3.3600877192982463,4.218454106280194,0.0,0.001207729468599034,3.3610745614035085,4.2181159420289855,3.8166666666666664,1.6,1.6,565.1996800000001,645.2320000000001,255.87129999999985,110.80579999999989,-190.6716199999998,34.42620000000019,-184697.7571199999,-213131.34441999992,-12.501497277863374,-12.711844928007142,3.816384180790958,0.015958177278240376,0.0,1.0,1.0,510.08012326656393,510.5100154083205,1.0,1.0,1.531587057010786,1.865071926040062,0.0006420133538777607,1.1571648690292757,1.231124807395994,0.0,6866.038520801233,0.03852080123266564,0.0,14.976887519260401,0.0,20.0,228.94453004622497,30.0,494.87519260400614,10.0,0.0,0.0,0.0
883,0.2710699274689934,0.2743140601459237,0.25300480785121787,0.2555695468157927,0.9877520054415195,0.9877550865773879,307.0,336.0,4.279261672095547,3.654712301587302,0.0,0.0,4.2828990228013035,3.6575396825396824,3.9561171591498185,1.6,1.6,572.02848,619.64672,211.44239999999985,284.5739999999999,-139.4139199999999,-164.92727999999994,-184837.1710399999,-213296.27169999992,-12.485043027475385,-12.60868571221737,3.95290305857957,0.03708854727816336,0.0,1.0,1.0,505.49766718507,505.93468118195955,1.0,1.0,1.5225505443234837,1.8533051321928469,0.0,1.3483670295489891,1.1586314152410575,0.0,7011.147744945568,0.0,0.0,15.0,0.0,20.0,237.17418351477448,30.0,491.20684292379474,10.0,0.0,0.0,0.0
884,0.2710578500772185,0.27429060483479817,0.25295212998471006,0.25574664857047824,0.9877664315098081,0.9877698512367484,330.0,315.0,4.331262626262628,3.8151851851851837,0.023232323232323233,0.0,4.3112121212121215,3.8166137566137563,4.069664082687337,1.6,1.6,617.0656,578.56352,138.9899999999999,380.5468999999999,-21.924399999999878,-301.98337999999984,-184859.0954399999,-213598.25507999992,-12.537848475452199,-12.639929561186438,4.0792248062015535,0.023477576258047795,0.0,1.0,1.0,507.293023255814,507.7271317829457,1.0,1.0,1.4883720930232558,1.8536885581395353,0.011886304909560724,1.3581395348837209,1.069767441860465,0.0,6933.6651162790695,0.7131782945736435,0.0,14.883720930232558,0.0,20.0,244.0403100775194,30.0,491.31472868217054,10.0,0.0,0.0,0.0
885,0.271138844559441,0.27434818600499694,0.25277644750082506,0.2558071143255694,0.9877808841580757,0.9877843052259263,317.0,322.0,3.560672975814932,3.651190476190477,0.0,0.0,3.5646161934805463,3.6520703933747414,3.6086854460093902,1.6,1.6,578.9910400000001,584.29408,305.47209999999984,229.47579999999994,-226.48105999999973,-145.18171999999993,-185085.57649999988,-213743.4367999999,-12.148047365675524,-12.593871257246992,3.606285863328117,-0.021281681061147178,0.0,1.0,1.0,516.9546165884194,517.3912363067293,1.0,1.0,1.5039123630672926,1.8204774960876369,0.0,1.1533646322378717,1.158059467918623,0.0,6802.729264475744,0.0,0.0,15.0,0.0,20.0,216.377151799687,30.0,480.943661971831,10.0,0.0,0.0,0.0
886,0.27113924481867013,0.27440190963171357,0.2535742858029443,0.2566513011069754,0.9877953828163301,0.9877984502273915,337.0,314.0,3.9319980217606347,3.397717622080679,0.0025717111770524235,0.0,3.932739861523244,3.398938428874734,3.6752688172043015,1.6,1.6,614.5699200000001,572.7840000000001,215.9858999999999,245.13929999999988,-101.41597999999976,-172.35529999999977,-185186.99247999987,-213915.7920999999,-12.195908243727601,-12.445989792141372,3.6742959549411154,0.007833012851831958,0.0,1.0,1.0,508.05222734254994,508.48079877112133,1.0,1.0,1.4823348694316436,1.8238923502304147,0.0013312852022529442,1.1858678955453148,1.1321044546850998,0.0,6801.004608294931,0.07987711213517665,0.0,14.953917050691244,0.0,20.0,220.3778801843318,30.0,482.0184331797235,10.0,0.0,0.0,0.0
887,0.2710822879439324,0.27419208278215157,0.25293985569666483,0.2561796079704768,0.9878102593356601,0.9878129797359498,340.0,319.0,3.912647058823532,4.813793103448279,0.012401960784313725,0.0017763845350052246,3.9023039215686284,4.815047021943574,4.344132524026302,1.6,1.6,630.54624,603.50048,248.89369999999997,170.9536999999999,-118.34745999999996,-67.45321999999987,-185305.33993999986,-213983.2453199999,-12.76000546282246,-12.70582229366624,4.348861911987859,0.027321824160219808,0.0,1.0,1.0,511.68740515933234,512.1213960546282,1.0,1.0,1.4840667678300454,1.872605037936267,0.00725847243297926,1.330804248861912,1.204855842185129,0.0,6749.584218512899,0.4355083459787557,0.0,14.792109256449166,0.0,20.0,260.49620637329286,30.0,497.23065250379364,10.0,0.0,0.0,0.0
888,0.27106789945962195,0.27416425099201275,0.2541717318125044,0.2573200034657666,0.9878242837753676,0.987827375814286,343.0,276.0,4.042419825072887,3.8617753623188418,0.0,0.0,4.044169096209912,3.8647342995169085,3.9641626278944533,1.6,1.6,630.8028800000001,513.0361600000001,274.5995999999999,403.41319999999996,-143.79671999999982,-390.37703999999985,-185449.13665999987,-214373.6223599999,-12.45584038772213,-12.590413887046417,3.961873990306941,0.01030494582579353,0.0,1.0,1.0,520.3683360258482,520.7867528271405,1.0,1.0,1.445880452342488,1.8478821324717294,0.0,1.2907915993537964,1.0436187399030694,0.0,6815.263327948303,0.0,0.0,15.0,0.0,20.0,237.7124394184168,30.0,489.5040387722132,10.0,0.0,0.0,0.0
889,0.2710817829876734,0.27380132189001405,0.25391698294461745,0.25678066461275073,0.9878379485615133,0.987841501896125,283.0,343.0,3.386513545347466,5.741545189504374,0.0,0.21554907677356658,3.3893404004711427,5.527405247813411,4.560835995740149,1.6,1.6,517.0169600000002,630.3376000000001,471.1780999999999,54.88929999999997,-454.16113999999976,75.4483000000001,-185903.29779999988,-214298.1740599999,-12.650925665601699,-12.545511687976912,4.67689030883919,0.0673250875609065,0.0,1.0,1.0,520.3690095846646,520.7843450479234,1.0,1.0,1.5479233226837061,1.832834760383386,0.11810436634717786,1.0638977635782747,1.2252396166134185,0.0,7022.838658146965,7.086261980830671,0.0,14.23003194888179,0.0,20.0,273.5271565495208,30.0,484.79872204472844,10.0,0.0,0.0,0.0
890,0.2710168574560957,0.27383847762910585,0.2530788068601627,0.25603105697054285,0.9878523023918363,0.9878557756006726,316.0,326.0,4.676371308016877,3.3363496932515333,0.004061181434599157,0.0,4.673101265822785,3.3375766871165644,3.99493769470405,1.6,1.6,576.3958399999999,591.00064,106.0209999999999,313.6512999999999,-29.625159999999994,-222.6506599999999,-185932.92295999988,-214520.82471999992,-12.291192731048827,-12.467659004673648,3.9959241952232647,0.018721531483697384,0.0,1.0,1.0,507.3317757009346,507.76791277258565,1.0,1.0,1.5077881619937694,1.8183745794392518,0.0019989615784008308,1.3302180685358256,1.2757009345794392,0.0,6931.909657320873,0.11993769470404984,0.0,14.93613707165109,0.0,20.0,239.6355140186916,30.0,480.28504672897196,10.0,0.0,0.0,0.0
891,0.27106734075741357,0.2738833580313552,0.25249878766267775,0.25586153178577187,0.9878665210765988,0.9878702761651107,349.0,305.0,3.7792263610315215,3.3874316939890705,0.0,0.0,3.780993314231136,3.3923497267759566,3.5997451580020385,1.6,1.6,648.3686400000001,558.1593600000001,133.83229999999995,312.1396999999998,14.536340000000195,-253.98033999999967,-185918.3866199999,-214774.80505999993,-12.29134046890929,-12.623636754929716,3.5965086646279296,-0.014215732906491524,0.0,1.0,1.0,506.2844036697248,506.72935779816515,1.0,1.0,1.466360856269113,1.8448440366972474,0.0,1.379204892966361,1.2553516819571866,0.0,6826.934250764526,0.0,0.0,15.0,0.0,20.0,215.79051987767585,30.0,488.5550458715596,10.0,0.0,0.0,0.0
892,0.27109462693086206,0.27391813535464266,0.25322151405444343,0.2567599273693808,0.9878806586523396,0.9878843512157119,315.0,310.0,3.5442857142857145,4.210752688172041,0.0,0.007580645161290323,3.5495767195767196,4.20483870967742,3.8745866666666666,1.6,1.6,564.95712,573.7564800000001,439.66709999999995,230.0411999999999,-374.7099799999999,-156.28471999999977,-186293.0965999999,-214931.08977999992,-12.264332800000004,-12.520520477939074,3.874853333333332,0.015731820751524853,0.0,1.0,1.0,512.84,513.2944,1.0,1.0,1.496,1.8219417600000005,0.0037600000000000003,1.2704,1.1872,0.0,6904.4736,0.2256,0.0,14.9296,0.0,20.0,232.2656,30.0,481.4048,10.0,0.0,0.0,0.0
893,0.27111036022148505,0.2740023170371668,0.2539136596147267,0.25759282297387204,0.9878954400995784,0.987898385164486,317.0,320.0,3.6241850683491057,3.843541666666668,0.0,0.0,3.62465825446898,3.8452083333333333,3.7354526425955,1.6,1.6,598.0784000000001,582.3580800000001,174.07279999999992,180.39979999999989,-75.99439999999981,-98.0417199999998,-186369.0909999999,-215029.13149999993,-12.396487284144424,-12.636543118862148,3.734379905808474,0.009090054340751372,0.0,1.0,1.0,517.4050235478807,517.8445839874412,1.0,1.0,1.5023547880690737,1.8531184929356366,0.0,1.3532182103610675,1.0470957613814758,0.0,6855.406593406594,0.0,0.0,15.0,0.0,20.0,224.06279434850865,30.0,491.14285714285717,10.0,0.0,0.0,0.0
894,0.2711082600948136,0.27399784075578354,0.2542308930188441,0.2578529528542741,0.9879090767227764,0.9879122841370539,322.0,315.0,3.6221014492753634,3.6738624338624324,0.0,0.0,3.6231884057971007,3.676243386243386,3.649424385138671,1.6,1.6,584.35968,573.9388799999999,202.75429999999992,247.6085999999998,-118.39461999999989,-173.66971999999987,-186487.4856199999,-215202.80121999994,-12.151862061747764,-12.596316849171632,3.6476975405546836,-0.023267264233261382,0.0,1.0,1.0,517.6609105180534,518.0926216640503,1.0,1.0,1.4945054945054945,1.8183650863422285,0.0,1.2668759811616954,1.1758241758241759,0.0,6798.574568288854,0.0,0.0,15.0,0.0,20.0,218.861852433281,30.0,480.287284144427,10.0,0.0,0.0,0.0
895,0.27116895979094224,0.2739832623579775,0.2546045175330877,0.25807316239838884,0.9879232360204414,0.9879255839519133,320.0,324.0,3.8331770833333323,3.5888888888888895,0.0,0.0,3.833645833333333,3.59511316872428,3.7136387163561078,1.6,1.6,583.51968,606.3648000000001,234.61659999999983,207.91939999999994,-151.09691999999984,-101.55459999999988,-186638.58253999992,-215304.35581999994,-12.353808074534163,-12.57282146665504,3.710274327122155,0.02208518373457906,0.0,1.0,1.0,509.0357142857143,509.47360248447205,1.0,1.0,1.5031055900621118,1.8476467080745347,0.0,1.4751552795031055,1.124223602484472,0.0,7044.548136645963,0.0,0.0,15.0,0.0,20.0,222.6164596273292,30.0,489.4394409937888,10.0,0.0,0.0,0.0
896,0.27115465439541336,0.2739525627722243,0.2544262823418735,0.25787950823176775,0.9879377175488995,0.9879394896302427,312.0,317.0,3.9551816239316255,3.9651419558359624,0.0,0.0,3.9565170940170944,3.9660357518401685,3.961314255431902,1.6,1.6,576.2073600000001,584.85152,240.7732999999999,264.1737,-164.56593999999978,-179.32217999999995,-186803.14847999992,-215483.67799999993,-12.443107154213033,-12.577389891671752,3.9602013778484375,0.04238951657151681,0.0,1.0,1.0,522.0540540540541,522.4833068362481,1.0,1.0,1.5039745627980923,1.8458805723370442,0.0,1.1017488076311606,1.3211446740858506,0.0,6890.065182829889,0.0,0.0,15.0,0.0,20.0,237.6120826709062,30.0,488.88712241653417,10.0,0.0,0.0,0.0
897,0.27118537944461074,0.2740282232430074,0.2543290150596198,0.25809962672371445,0.9879515039061525,0.9879536239895016,297.0,326.0,3.4341750841750835,3.9176380368098154,0.0,0.0,3.4346801346801348,3.920296523517382,3.6887907972177634,1.6,1.6,536.19136,598.60832,309.3155999999999,211.59889999999993,-273.1242399999999,-112.99057999999988,-187076.27271999992,-215596.66857999994,-12.18663734617443,-12.492210784194226,3.687158908507222,0.00022242184925875852,0.0,1.0,1.0,521.6083467094703,522.0304975922953,1.0,1.0,1.5232744783306582,1.8215083146067421,0.0,1.1717495987158908,1.1926163723916532,0.0,6796.715890850723,0.0,0.0,15.0,0.0,20.0,221.22953451043338,30.0,481.2696629213483,10.0,0.0,0.0,0.0
898,0.2710316478579606,0.2740639091486732,0.2551623137003311,0.2587206326116463,0.9879657196950435,0.9879671293212654,336.0,316.0,4.821279761904763,3.703375527426159,0.0,0.0,4.822222222222223,3.704324894514767,4.280419222903886,1.6,1.6,626.9654400000001,582.1168,102.29659999999993,260.2397999999999,24.66884000000013,-178.12299999999988,-187051.60387999992,-215774.79157999993,-12.62242515337424,-12.640719062171438,4.279473415132926,0.029999597673735393,0.0,1.0,1.0,517.0352760736197,517.4739263803681,1.0,1.0,1.4846625766871167,1.8544206134969332,0.0,1.3420245398773005,1.2346625766871167,0.0,6891.932515337423,0.0,0.0,15.0,0.0,20.0,256.7684049079755,30.0,491.55981595092027,10.0,0.0,0.0,0.0
899,0.27101089740859324,0.2741116293090624,0.2551080139314404,0.25858570323458024,0.9879800382219468,0.9879808350606875,313.0,315.0,3.4457933972310952,3.441111111111115,0.0,0.0,3.4481895633652826,3.4428571428571426,3.4455148619957545,1.6,1.6,567.2326400000001,576.7388800000001,352.55199999999985,234.30409999999986,-285.3193599999998,-157.56521999999975,-187336.92323999992,-215932.35679999992,-12.089730785562626,-12.518319924823912,3.4434447983014853,-0.02131715758194388,0.0,1.0,1.0,523.0127388535032,523.4140127388536,1.0,1.0,1.5015923566878981,1.821610700636942,0.0,1.269108280254777,1.2213375796178343,0.0,6985.866242038216,0.0,0.0,15.0,0.0,20.0,206.60668789808918,30.0,481.28980891719743,10.0,0.0,0.0,0.0
900,0.2711262213533592,0.2741318569036281,0.254394201246606,0.25799932719836705,0.9879941680261879,0.987994458727032,310.0,332.0,3.643870967741933,4.236044176706827,0.0,0.0,3.64758064516129,4.237198795180723,3.952492211838006,1.6,1.6,565.2073600000001,609.4665600000001,261.08749999999986,196.54059999999993,-195.88013999999976,-87.07403999999985,-187532.8033799999,-216019.43083999993,-12.34135451713395,-12.602933293783837,3.9501038421599226,0.010344493387550658,0.0,1.0,1.0,520.1604361370717,520.6246105919004,1.0,1.0,1.517133956386293,1.8297101557632405,0.0,1.190031152647975,1.3582554517133956,0.0,7020.065420560748,0.0,0.0,15.0,0.0,20.0,237.00623052959503,30.0,483.82866043613706,10.0,0.0,0.0,0.0
901,0.2711417623925538,0.27424458789146255,0.2543770981265086,0.2580454747626042,0.9880078282694341,0.9880082844736152,314.0,337.0,4.330838641188957,3.580514342235409,0.0,0.0,4.331794055201699,3.583926805143422,3.944649257552484,1.6,1.6,587.17184,637.0768,206.49749999999986,224.88069999999993,-119.32565999999989,-87.80389999999989,-187652.1290399999,-216107.23473999993,-12.645575832053252,-12.679275878518315,3.9424219150025612,0.02454902978681051,0.0,1.0,1.0,516.7557603686636,517.1751152073733,1.0,1.0,1.5176651305683564,1.8805662672811057,0.0,1.3348694316436251,1.3010752688172043,0.0,6921.273425499232,0.0,0.0,15.0,0.0,20.0,236.5453149001536,30.0,499.7327188940092,10.0,0.0,0.0,0.0
902,0.27111402479270497,0.27428319890647973,0.25367573941187177,0.257587719031532,0.9880215594343383,0.9880222522534758,313.0,317.0,4.170713525026623,3.647949526813882,0.0,0.0,4.171671991480298,3.6520504731861196,3.91021164021164,1.6,1.6,570.6585600000001,586.5350400000001,288.5099999999999,356.0673999999999,-217.8514399999998,-269.5323599999998,-187869.9804799999,-216376.76709999994,-12.367335449735462,-12.624890283589533,3.907671957671955,0.030694572341787133,0.0,1.0,1.0,532.7968253968254,533.2190476190476,1.0,1.0,1.5031746031746032,1.8368152380952383,0.0,1.2174603174603174,1.146031746031746,0.0,7025.919047619048,0.0,0.0,15.0,0.0,20.0,234.46031746031747,30.0,486.0571428571429,10.0,0.0,0.0,0.0
903,0.271160094676708,0.27422637531861715,0.2540799118015517,0.2580045228449661,0.9880350840706066,0.9880353438875321,307.0,330.0,3.4312703583061905,3.923636363636362,0.0,5.0505050505050505e-05,3.433333333333333,3.925909090909091,3.6885138670852955,1.6,1.6,567.5612800000001,595.71072,208.12289999999993,251.5304999999999,-140.5616199999998,-155.81977999999987,-188010.5420999999,-216532.58687999993,-12.214495028780753,-12.561495877261597,3.6863422291993713,-0.01124589990046379,0.0,1.0,1.0,525.3689167974883,525.7927786499215,1.0,1.0,1.5180533751962324,1.8261726844583979,2.6164311878597592e-05,1.1507064364207222,1.021978021978022,0.0,6899.354788069074,0.0015698587127158557,0.0,14.998430141287285,0.0,20.0,221.1789638932496,30.0,482.72841444270017,10.0,0.0,0.0,0.0
904,0.27114430550196567,0.27424200288096995,0.2544112578681665,0.25853261037839115,0.9880488244216244,0.9880491243843589,319.0,324.0,4.2383490073145245,3.7104938271604917,0.0,0.0,4.239916405433647,3.7141975308641975,3.9750129600829447,1.6,1.6,582.46912,591.6982399999999,229.28009999999995,283.53759999999994,-146.81097999999997,-191.83936,-188157.3530799999,-216724.42623999994,-12.328356868843965,-12.607226074787324,3.972369103162259,0.004391882271091958,0.0,1.0,1.0,525.8475894245723,526.2861586314152,1.0,1.0,1.5038880248833593,1.8260767651632965,0.0,1.2643856920684293,1.062208398133748,0.0,6846.951788491447,0.0,0.0,15.0,0.0,20.0,238.34214618973562,30.0,482.7076205287714,10.0,0.0,0.0,0.0
905,0.2711587377787278,0.2741846164865661,0.2553069357885208,0.25955055259217696,0.9880622532237829,0.98806262423328,311.0,335.0,3.5630225080385864,3.9071144278606953,0.0,0.0,3.567256162915327,3.9094527363184075,3.7447110423116614,1.6,1.6,572.8812800000001,621.8550400000001,235.2664999999999,192.74439999999996,-162.38521999999983,-70.88935999999981,-188319.7382999999,-216795.31559999994,-12.377081940144475,-12.57390732630986,3.7414602683178537,0.027502606609454652,0.0,1.0,1.0,511.28482972136226,511.7105263157895,1.0,1.0,1.5185758513931888,1.8494370278637764,0.0,1.2910216718266254,1.2941176470588236,0.0,6782.318885448916,0.0,0.0,15.0,0.0,20.0,224.4876160990712,30.0,489.99380804953563,10.0,0.0,0.0,0.0
906,0.27115078002748094,0.27409246227079437,0.25412208763048877,0.2583890010056236,0.9880753540370197,0.9880757009322245,321.0,335.0,4.150467289719625,4.078258706467662,0.0,0.0,4.151401869158878,4.07910447761194,4.114481707317073,1.6,1.6,596.0480000000001,616.1552,212.28529999999992,249.91859999999988,-116.2372999999998,-133.76339999999985,-188435.97559999992,-216929.07899999994,-12.516472560975608,-12.53348116449341,4.113592479674804,0.05179948861240384,0.0,1.0,1.0,520.8490853658536,521.3033536585366,1.0,1.0,1.5106707317073171,1.847870731707319,0.0,1.298780487804878,1.2545731707317074,0.0,6887.842987804878,0.0,0.0,15.0,0.0,20.0,246.8155487804878,30.0,489.5045731707317,10.0,0.0,0.0,0.0
907,0.27116502550453275,0.2740755176998533,0.25465502289791464,0.25900274640348014,0.9880887603978894,0.9880892987462752,291.0,353.0,3.595131729667814,4.0925873465533495,0.0,0.0,3.596735395189003,4.093578847969782,3.8690734989648035,1.6,1.6,539.57248,646.5004800000002,330.3528999999999,159.50109999999995,-290.7804199999999,-13.000619999999799,-188726.7560199999,-216942.07961999995,-12.381032298136653,-12.54257182008751,3.8678053830227754,0.04500422238885856,0.0,1.0,1.0,520.0714285714286,520.4953416149068,1.0,1.0,1.5481366459627328,1.8417281987577638,0.0,1.2624223602484472,1.2701863354037266,0.0,7011.027950310559,0.0,0.0,15.0,0.0,20.0,232.06832298136646,30.0,487.5807453416149,10.0,0.0,0.0,0.0
908,0.2709744160348617,0.2741337997923929,0.2548899944197399,0.25897767318103654,0.9881018126404599,0.9881028386937206,340.0,313.0,5.7225,3.288445154419596,0.32509803921568625,0.0,5.429783037475345,3.2912673056443027,4.401587301587302,1.6,1.6,628.5776000000001,584.79232,83.83189999999988,372.8957999999999,44.7457000000002,-288.1034799999999,-188682.0103199999,-217230.18309999994,-12.95280326697295,-12.681047372843324,4.555793772332824,0.024910420415957486,0.0,0.996937212863706,1.0,517.1485451761102,517.6064318529862,1.0,1.0,1.4793261868300154,1.8581468912710568,0.1692700357325166,1.451761102603369,1.2879019908116387,0.0,6900.027565084227,8.272588055130168,0.0,14.234303215926493,0.0,19.93874425727412,263.1914241960184,29.90811638591118,492.99540581929557,9.96937212863706,0.0,0.0,1.883614088820827
909,0.2710068645699812,0.2741393420438619,0.25416178608365514,0.25838683022849396,0.988115022765394,0.9881163893820444,342.0,313.0,3.692397660818713,3.5482960596379103,0.0,0.0,3.6963937621832357,3.552129925452609,3.627455470737914,1.6,1.6,629.3907200000001,571.9766400000001,217.04579999999993,225.13399999999996,-87.65507999999983,-153.15735999999987,-188769.6653999999,-217383.34045999995,-12.237557455470743,-12.576674301921466,3.6235368956743006,4.593748667416128e-05,0.0,1.0,1.0,523.8824427480916,524.3282442748092,1.0,1.0,1.4778625954198474,1.8341486412213743,0.0,1.3587786259541985,1.1740458015267174,0.0,6896.919083969466,0.0,0.0,15.0,0.0,20.0,217.41221374045801,30.0,485.21984732824427,10.0,0.0,0.0,0.0
910,0.2710633273992283,0.2741331755414365,0.2549966490544305,0.2590425323641249,0.9881283736567313,0.9881294223744643,292.0,342.0,3.448972602739726,4.130263157894738,0.0,0.0007309941520467836,3.4510844748858447,4.130360623781677,3.8175078864353313,1.6,1.6,546.8848,624.4723200000001,424.87179999999995,114.29319999999993,-377.9869999999999,10.179120000000154,-189147.6523999999,-217373.16133999996,-12.395797476340693,-12.658132815948084,3.8164826498422664,-0.002296010501393146,0.0,1.0,1.0,535.9085173501577,536.3596214511041,1.0,1.0,1.5394321766561514,1.8475664353312309,0.0003943217665615142,1.0583596214511042,1.1782334384858044,0.0,6901.097791798107,0.02365930599369085,0.0,14.976340694006309,0.0,20.0,228.9652996845426,30.0,489.4116719242902,10.0,0.0,0.0,0.0
911,0.2710403785197204,0.2741217629360752,0.25509443087739847,0.2592126271555477,0.9881413590696138,0.988142835555356,316.0,302.0,4.3452531645569605,3.1977373068432677,0.0,0.0,4.3468881856540085,3.205739514348786,3.7892394822006477,1.6,1.6,566.0896,560.38112,204.47689999999994,364.33439999999985,-138.38729999999993,-303.95327999999984,-189286.0396999999,-217677.11461999995,-12.233193527508101,-12.626452037805274,3.784492988133765,-0.0050842091913229125,0.0,1.0,1.0,540.7184466019418,541.1537216828478,1.0,1.0,1.4886731391585761,1.8227681553398059,0.0,1.1294498381877023,1.0744336569579287,0.0,6931.674757281553,0.0,0.0,15.0,0.0,20.0,227.0695792880259,30.0,481.6666666666667,10.0,0.0,0.0,0.0
912,0.2710220584607334,0.27409185891923876,0.25570140580184936,0.25996599616083116,0.9881547171314095,0.9881560673822718,317.0,305.0,4.240588853838064,3.579945355191255,0.0001577287066246057,0.0,4.241955835962145,3.5829508196721314,3.9188102893890675,1.6,1.6,591.20832,538.6851200000001,195.54989999999992,254.33979999999985,-104.34157999999996,-215.65467999999976,-189390.3812799999,-217892.76929999996,-12.248457449088967,-12.630180907464712,3.9166398713826367,0.0083508756584625,0.0,1.0,1.0,548.652733118971,549.1077170418007,1.0,1.0,1.4903536977491962,1.8165489389067528,8.038585209003216e-05,1.2556270096463023,0.9807073954983923,0.0,6925.811897106109,0.00482315112540193,0.0,14.995176848874598,0.0,20.0,234.9935691318328,30.0,479.7170418006431,10.0,0.0,0.0,0.0
913,0.2710254064073336,0.27416068102512875,0.2553641343288226,0.2595131199895394,0.988168126129987,0.9881693565133017,324.0,312.0,3.9444958847736613,3.468482905982905,0.0,0.0,3.9458333333333333,3.471955128205128,3.7133647798742135,1.6,1.6,592.5286400000001,565.8844800000002,243.1068999999999,182.65209999999982,-150.5782599999998,-116.76761999999965,-189540.95953999992,-218009.53691999995,-12.195548637316572,-12.633271598753376,3.7109800838574416,-0.01286954014142937,0.0,1.0,1.0,538.5550314465409,539.0,1.0,1.0,1.490566037735849,1.8214042767295604,0.0,1.1163522012578617,1.0833333333333333,0.0,6951.905660377359,0.0,0.0,15.0,0.0,20.0,222.65880503144655,30.0,481.24056603773585,10.0,0.0,0.0,0.0
914,0.27108226205451913,0.2741065538505861,0.25665749525757053,0.26052811163921336,0.9881810227607369,0.9881827283086019,334.0,311.0,3.61122754491018,3.686227224008574,0.0,0.0,3.614221556886228,3.687406216505895,3.649509043927649,1.6,1.6,613.0966400000001,570.10944,158.39699999999988,237.8678,-45.300359999999785,-167.75836000000004,-189586.25989999992,-218177.29527999996,-12.248760310077515,-12.593235171012543,3.647390180878549,-0.0050548480399764915,0.0,1.0,1.0,528.4,528.8263565891473,1.0,1.0,1.4821705426356588,1.834428031007753,0.0,1.3069767441860465,1.2,0.0,6941.186046511628,0.0,0.0,15.0,0.0,20.0,218.8434108527132,30.0,485.29922480620155,10.0,0.0,0.0,0.0
915,0.27109083609086687,0.27416457629613405,0.25722641871291735,0.2609697589063264,0.9881936107090908,0.9881956557858533,326.0,319.0,3.8500511247443767,3.7747648902821314,0.0,0.0,3.8528118609406956,3.7750261233019855,3.8143410852713178,1.6,1.6,602.4812800000001,569.8019200000001,263.3288999999999,203.20649999999986,-160.84761999999984,-133.40457999999975,-189747.1075199999,-218310.69985999996,-12.212665633074929,-12.455698561077638,3.8128165374676986,0.029372434776766078,0.0,1.0,1.0,530.3503875968993,530.784496124031,1.0,1.0,1.4945736434108527,1.8174933333333345,0.0,1.3348837209302327,1.0744186046511628,0.0,6914.085271317829,0.0,0.0,15.0,0.0,20.0,228.768992248062,30.0,480.02170542635656,10.0,0.0,0.0,0.0
916,0.27111598594810377,0.2741681245522504,0.25801079842577535,0.26148391283508104,0.9882067275272675,0.9882087524544964,313.0,327.0,4.169755058572948,4.128848114169214,0.0,0.0,4.17310969116081,4.133129459734965,4.152682291666667,1.6,1.6,575.85792,600.6822400000001,307.7514999999999,204.2176999999999,-231.89357999999987,-103.5354599999998,-189979.0010999999,-218414.23531999998,-12.473042916666667,-12.609847112517034,4.148854166666667,0.030469343191733063,0.0,1.0,1.0,530.0671875,530.528125,1.0,1.0,1.5109375,1.8383440000000006,0.0,1.3234375,1.0796875,0.0,6814.9296875,0.0,0.0,15.0,0.0,20.0,248.93125,30.0,486.534375,10.0,0.0,0.0,0.0
917,0.27111572624355634,0.27409895258154576,0.25741655324073454,0.2608580118829532,0.9882200832385738,0.988221864377606,330.0,313.0,3.905959595959596,3.911767838125667,0.0,0.0005324813631522896,3.909242424242424,3.914110756123536,3.9116122343182997,1.6,1.6,611.6051199999999,582.5142400000001,180.77249999999992,296.33459999999985,-69.16737999999998,-213.82035999999977,-190048.1684799999,-218628.05568,-12.4903579056506,-12.678996573221232,3.908786936236391,0.03353223674612818,0.0,1.0,1.0,535.9782270606532,536.4307931570762,1.0,1.0,1.4867807153965786,1.857106314152411,0.0002592016588906169,1.0824261275272162,1.135303265940902,0.0,6799.888024883359,0.015552099533437015,0.0,14.984447900466563,0.0,20.0,234.51166407465007,30.0,492.393468118196,10.0,0.0,0.0,0.0
918,0.271105315356974,0.274103030308242,0.2568307889334454,0.26040057856410875,0.9882333430093899,0.988235133405116,325.0,334.0,3.553948717948718,4.6571357285429125,0.0,0.0007485029940119761,3.5604102564102567,4.656736526946108,4.116059686393526,1.6,1.6,613.7459200000001,611.67488,228.07319999999993,200.38699999999997,-114.32727999999986,-88.71211999999994,-190162.4957599999,-218716.7678,-12.586647445624687,-12.615078431481269,4.113075366717247,0.02156655239366847,0.0,1.0,1.0,521.9468892261001,522.3854324734447,1.0,1.0,1.5068285280728377,1.8595156297420334,0.00037936267071320183,1.3975720789074355,1.2943854324734445,0.0,6827.981790591806,0.02276176024279211,0.0,14.977238239757208,0.0,20.0,246.76176024279212,30.0,493.15174506828527,10.0,0.0,0.0,0.0
919,0.27111778894633337,0.27418136741883986,0.2559345567669273,0.2596944355794118,0.9882464947297877,0.9882481684510213,351.0,288.0,3.9131528964862263,3.4176504629629623,0.0,0.0,3.914197530864197,3.4194444444444447,3.6912102243088163,1.6,1.6,640.3968000000001,531.64768,214.17529999999994,372.5340999999999,-73.77849999999984,-340.8864199999999,-190236.2742599999,-219057.65422,-12.264302138758483,-12.463216421215485,3.6898278560250417,0.0179315646220004,0.0,1.0,1.0,526.0281690140845,526.4757433489827,1.0,1.0,1.4507042253521127,1.8341854147104848,0.0,1.4960876369327074,1.2613458528951487,0.0,6833.051643192488,0.0,0.0,15.0,0.0,20.0,221.38967136150234,30.0,485.23317683881066,10.0,0.0,0.0,0.0
920,0.2711287107578075,0.2740400300189131,0.2551482875162217,0.2588600387401973,0.988259519683596,0.9882610028683797,319.0,319.0,3.23662486938349,4.365673981191222,0.0,0.0,3.238349007314525,4.369174503657262,3.803761755485893,1.6,1.6,581.0038400000001,573.84928,356.3664999999999,172.7152999999999,-275.36265999999983,-98.86601999999988,-190511.6369199999,-219156.52023999998,-12.163399582027163,-12.439941545554138,3.8011494252873574,0.033105592200603794,0.0,1.0,1.0,529.8244514106583,530.2476489028213,1.0,1.0,1.5,1.8101146081504715,0.0,1.2006269592476488,1.311912225705329,0.0,6891.416927899687,0.0,0.0,15.0,0.0,20.0,228.06896551724137,30.0,477.7100313479624,10.0,0.0,0.0,0.0
921,0.27117337548203124,0.2740695440080634,0.2555650045367845,0.25938349907792746,0.9882724082439093,0.9882741677138446,297.0,330.0,3.4783389450056124,3.721414141414142,0.0,0.0,3.480022446689113,3.7228787878787877,3.607841573631047,1.6,1.6,524.7104,612.1168,343.2605999999999,211.48899999999992,-318.55019999999985,-99.3721999999999,-190830.1871199999,-219255.89244,-12.103571504518866,-12.480883263391943,3.606273258904838,-0.013892959116657711,0.0,1.0,1.0,530.7464114832536,531.1722488038278,1.0,1.0,1.5263157894736843,1.8131215311004791,0.0,1.0462519936204147,1.4657097288676235,0.0,6815.336523125997,0.0,0.0,15.0,0.0,20.0,216.37639553429028,30.0,478.6363636363636,10.0,0.0,0.0,0.0
922,0.27111816979972936,0.2741246196658092,0.254140258047937,0.2581968651717665,0.9882850067526052,0.9882866628813133,326.0,288.0,4.479038854805729,3.222569444444444,0.0004601226993865031,0.0,4.480828220858895,3.2257523148148146,3.8921281216069485,1.6,1.6,596.3046400000001,538.5104000000001,164.19999999999993,379.5590999999999,-67.89535999999987,-341.04869999999977,-190898.0824799999,-219596.94114,-12.429123561346369,-12.633157546973582,3.889685124864279,0.009001380300824187,0.0,1.0,1.0,543.0130293159609,543.4348534201954,1.0,1.0,1.4690553745928339,1.8482329641693818,0.000244299674267101,1.1514657980456027,1.3680781758957654,0.0,6716.055374592834,0.014657980456026058,0.0,14.985342019543975,0.0,20.0,233.36644951140065,30.0,489.62540716612375,10.0,0.0,0.0,0.0
923,0.27113210891816286,0.2740520489190697,0.2529134780962672,0.2569809072435953,0.9882977666212531,0.988299345261943,319.0,317.0,4.324712643678161,4.442166140904305,0.013218390804597701,0.0,4.314054336468129,4.444637223974763,4.379140461215933,1.6,1.6,589.47904,585.1350400000001,288.7950999999998,146.64739999999998,-199.31605999999977,-61.51235999999986,-191097.3985399999,-219658.4535,-12.618375890985318,-12.536472633704184,4.383254716981131,0.05379047497187658,0.0,1.0,1.0,527.1163522012579,527.5676100628931,1.0,1.0,1.498427672955975,1.8468774842767297,0.0066299790356394135,1.300314465408805,1.2720125786163523,0.0,6832.847484276729,0.3977987421383648,0.0,14.89308176100629,0.0,20.0,262.5974842767296,30.0,489.2059748427673,10.0,0.0,0.0,0.0
924,0.27120918932720534,0.2739632600683378,0.2519837961210993,0.2559971510420735,0.988310471751526,0.9883118769366589,278.0,345.0,3.434892086330934,4.198019323671498,0.0,0.031159420289855074,3.4387290167865707,4.171980676328503,3.8447833065810593,1.6,1.6,525.73856,627.75648,357.71259999999995,210.40009999999992,-331.97403999999995,-82.64361999999991,-191429.3725799999,-219741.09712,-12.436097164258962,-12.662242747262042,3.85749063670412,0.014138537631043413,0.0,1.0,1.0,539.239165329053,539.7046548956662,1.0,1.0,1.5537720706260032,1.8515169181380395,0.01725521669341894,1.2006420545746388,1.1332263242375602,0.0,6942.913322632424,1.0353130016051364,0.0,14.825040128410915,0.0,20.0,230.41412520064205,30.0,490.6548956661316,10.0,0.0,0.0,0.0
925,0.2710669122953978,0.2740175530690681,0.2525717677054311,0.25637223862433534,0.9883229162696296,0.9883250730317846,335.0,305.0,5.3597014925373125,4.195245901639343,0.0037313432835820895,0.0,5.359353233830847,4.196612021857924,4.8052343749999995,1.6,1.6,619.2368,566.7328,67.92679999999996,449.6096999999999,51.31000000000006,-382.8768999999999,-191378.0625799999,-220123.97402,-12.824397916666666,-12.549733477649148,4.804765624999999,0.058903822013254815,0.0,1.0,1.0,528.6390625,529.08125,1.0,1.0,1.4765625,1.8530774999999995,0.001953125,1.40625,1.2875,0.0,6983.0796875,0.1171875,0.0,14.9578125,0.0,20.0,288.16875,30.0,491.13125,10.0,0.0,0.0,0.0
926,0.27104318043676473,0.27391693862959327,0.252535810784694,0.2560823541457378,0.9883360807180976,0.9883381931314914,318.0,311.0,3.4861111111111125,4.036227224008575,0.00020964360587002095,0.0,3.489308176100628,4.040139335476956,3.7616587175410703,1.6,1.6,587.3587200000001,572.2675200000001,249.9346999999999,252.25229999999988,-162.57597999999984,-179.98477999999977,-191540.6385599999,-220303.9588,-12.348507472178072,-12.611353813332341,3.758108108108112,0.00921209493050878,0.0,1.0,1.0,547.2861685214626,547.7360890302067,1.0,1.0,1.494435612082671,1.8436029252782187,0.00010598834128245893,1.0222575516693164,1.3783783783783783,0.0,6790.868044515103,0.006359300476947536,0.0,14.993640699523052,0.0,20.0,225.48012718600953,30.0,488.17488076311605,10.0,0.0,0.0,0.0
927,0.27096168786830566,0.27403611583595466,0.25243122310716976,0.25582159838872104,0.988348420122675,0.9883508615449904,335.0,320.0,4.308955223880601,3.4864062500000004,0.0,0.0,4.312139303482587,3.48921875,3.910101781170483,1.6,1.6,612.5033600000002,579.0748800000001,200.0976999999999,215.34509999999995,-87.59433999999973,-136.27021999999982,-191628.23289999992,-220440.22902,-12.260688854961833,-12.49859215890426,3.9070992366412223,0.017175689923200885,0.0,1.0,1.0,538.1450381679389,538.5832061068702,1.0,1.0,1.4885496183206106,1.8192034198473301,0.0,1.085496183206107,1.2763358778625955,0.0,6904.775572519084,0.0,0.0,15.0,0.0,20.0,234.42595419847328,30.0,480.5496183206107,10.0,0.0,0.0,0.0
928,0.27100731806606254,0.27404427471174686,0.2519164176100709,0.2550814897214745,0.988361038215038,0.9883635286356772,346.0,310.0,3.868641618497106,4.034516129032256,0.0,0.0,3.8694605009633913,4.038225806451613,3.9492123983739837,1.6,1.6,641.68256,559.9609600000001,212.2385999999999,298.9771999999999,-70.55603999999994,-239.0162399999998,-191698.7889399999,-220679.24526,-12.352613211382119,-12.593044788618407,3.9470274390243945,0.011656805602873967,0.0,1.0,1.0,543.8887195121952,544.314024390244,1.0,1.0,1.4725609756097562,1.8317736585365858,0.0,1.2698170731707317,1.1432926829268293,0.0,6927.606707317073,0.0,0.0,15.0,0.0,20.0,236.8216463414634,30.0,484.4801829268293,10.0,0.0,0.0,0.0
929,0.27109834098695457,0.27387786439621864,0.2519706023092802,0.2553624290073598,0.9883738977352522,0.9883761651013429,331.0,334.0,3.5746727089627393,5.12025948103792,0.0,0.0,3.5771903323262846,5.122205588822355,4.353182957393484,1.6,1.6,612.06816,619.0732800000001,282.7209999999999,231.35629999999992,-170.65283999999986,-112.28301999999985,-191869.4417799999,-220791.52828,-12.632351679198003,-12.526585044825561,4.350952380952384,0.0659785072541748,0.0,1.0,1.0,532.8932330827067,533.3263157894737,1.0,1.0,1.5022556390977444,1.851340511278197,0.0,1.2932330827067668,1.4631578947368422,0.0,6662.32932330827,0.0,0.0,15.0,0.0,20.0,261.0571428571429,30.0,490.5804511278196,10.0,0.0,0.0,0.0
930,0.2711642259693591,0.27394112456708014,0.2517431625313479,0.25513952021913194,0.9883861499030022,0.9883887159322169,324.0,310.0,3.583179012345679,3.635645161290322,0.0,0.0,3.58667695473251,3.6373118279569896,3.6114353312302834,1.6,1.6,592.87936,568.54304,228.08149999999986,274.0339999999999,-135.20213999999984,-205.49095999999986,-192004.64391999991,-220997.01924,-12.218057833859097,-12.594654422870995,3.6088328075709764,-0.013339962136495142,0.0,1.0,1.0,547.3943217665615,547.8280757097792,1.0,1.0,1.4889589905362777,1.8318965299684542,0.0,1.1261829652996846,1.113564668769716,0.0,6918.460567823344,0.0,0.0,15.0,0.0,20.0,216.52996845425866,30.0,484.51261829653,10.0,0.0,0.0,0.0
931,0.2712202668212599,0.2738202832717548,0.25205171378161206,0.255069525477774,0.988398849893831,0.9884011254179633,286.0,357.0,3.2270979020979005,4.03048552754435,0.0,0.013025210084033614,3.2311771561771563,4.018720821661998,3.6684292379471226,1.6,1.6,532.32672,625.96352,354.90109999999993,103.30019999999993,-322.5743799999999,22.663320000000084,-192327.21829999992,-220974.35592,-12.059421254536046,-12.493562987376398,3.6731467081389293,-0.013597622755382652,0.0,1.0,1.0,543.3048211508553,543.7480559875584,1.0,1.0,1.5552099533437014,1.8013845101088637,0.007231726283048212,1.0964230171073095,1.370139968895801,0.0,6807.275272161742,0.43390357698289267,0.0,14.883359253499222,0.0,20.0,219.95489891135304,30.0,474.97200622083983,10.0,0.0,0.0,0.0
932,0.2711060288911871,0.2738623378330938,0.251465695371026,0.25433068448808277,0.9884107844808475,0.9884138261965216,330.0,322.0,4.3321717171717165,3.348913043478262,0.01808080808080808,0.0,4.315808080808081,3.350569358178054,3.839110429447852,1.6,1.6,594.74368,595.1856,125.91469999999993,358.4242999999998,-31.171019999999885,-263.23869999999977,-192358.38931999993,-221237.59462,-12.2717327198364,-12.4965478082438,3.8465746421267895,-0.00018332671043591188,0.0,1.0,1.0,534.9493865030674,535.3773006134969,1.0,1.0,1.4938650306748467,1.8250449079754614,0.009151329243353781,1.1503067484662577,1.2760736196319018,0.0,6896.412576687117,0.549079754601227,0.0,14.828220858895705,0.0,20.0,230.24539877300614,30.0,482.3634969325153,10.0,0.0,0.0,0.0
933,0.2710835655296855,0.27377237555401107,0.2520187986964119,0.2550269667507679,0.9884232671814087,0.9884259780289558,335.0,296.0,4.532089552238806,3.339639639639641,0.0,0.0,4.534925373134328,3.3456644144144145,3.9770470153195983,1.6,1.6,618.2294400000001,529.7875200000001,205.32499999999993,346.5236999999999,-87.09555999999986,-316.7361799999998,-192445.48487999992,-221554.3308,-12.287883993660865,-12.539327001681192,3.9727152667723153,0.058105328860494916,0.0,1.0,1.0,550.1045958795563,550.5483359746435,1.0,1.0,1.4690966719492868,1.8193612678288429,0.0,1.1933438985736926,1.126782884310618,0.0,6841.038034865293,0.0,0.0,15.0,0.0,20.0,238.36291600633913,30.0,480.5974643423138,10.0,0.0,0.0,0.0
934,0.27113932698940085,0.2735697929843621,0.2519460523489804,0.25497913216453433,0.9884354937128575,0.988438370708426,333.0,321.0,3.5381881881881867,4.560747663551404,0.0,0.0,3.542992992992992,4.562305295950155,4.043297655453619,1.6,1.6,598.9228800000001,606.85248,230.90939999999995,118.54359999999994,-131.98651999999987,-11.691119999999927,-192577.47139999992,-221566.02192,-12.461865647298673,-12.611259683748932,4.0400866462793115,0.021892407224647522,0.0,1.0,1.0,547.2400611620795,547.6880733944954,1.0,1.0,1.4908256880733946,1.8436932110091755,0.0,1.091743119266055,1.3409785932721712,0.0,6858.418960244649,0.0,0.0,15.0,0.0,20.0,242.4051987767584,30.0,488.2094801223242,10.0,0.0,0.0,0.0
935,0.2710957504374949,0.27349267133430755,0.2529373492404572,0.25600026568690415,0.9884478828211071,0.9884503964595841,299.0,341.0,3.66014492753623,4.045259042033237,0.0,0.0,3.665105908584169,4.046676441837732,3.8684114583333336,1.6,1.6,560.9552000000001,626.3936000000001,329.38159999999993,178.46469999999997,-268.42639999999983,-52.07109999999986,-192845.89779999992,-221618.09302,-12.461657291666667,-12.643697770739765,3.8653385416666666,0.009542926912691242,0.0,1.0,1.0,545.1,545.5734375,1.0,1.0,1.5328125,1.8552325000000014,0.0,1.1734375,1.328125,0.0,6792.103125,0.0,0.0,15.0,0.0,20.0,231.9203125,30.0,491.8078125,10.0,0.0,0.0,0.0
936,0.27099406452585056,0.27348518851978854,0.25259785527604134,0.2553611012698492,0.9884600950415999,0.9884626089596948,315.0,312.0,4.631005291005288,3.6438568376068385,0.015343915343915344,0.0,4.618201058201057,3.6452991452991452,4.134077618288145,1.6,1.6,582.3904,567.49568,219.40679999999995,360.00729999999993,-137.01639999999995,-292.51161999999994,-192982.9141999999,-221910.60464,-12.442828920786829,-12.643544219278068,4.139792663476873,0.005487282764177644,0.0,1.0,1.0,554.4354066985646,554.8740031897927,1.0,1.0,1.4976076555023923,1.833949090909091,0.007708665603402445,1.2615629984051038,1.0478468899521531,0.0,7077.803827751196,0.4625199362041467,0.0,14.904306220095695,0.0,20.0,247.9250398724083,30.0,485.1499202551834,10.0,0.0,0.0,0.0
937,0.2710661637389188,0.27353392259612724,0.25266893455606204,0.2552554470434629,0.988472067309339,0.9884742291381607,338.0,303.0,3.537031558185409,3.395544554455446,0.0,0.0,3.539102564102564,3.396699669966997,3.471788871554862,1.6,1.6,630.34688,538.1020800000001,109.58969999999997,261.29789999999986,20.75718000000009,-223.19581999999974,-192962.15701999993,-222133.80046,-12.107989807592292,-12.537519459279169,3.4701508060322364,0.010806209633868642,0.0,1.0,1.0,558.3634945397816,558.792511700468,1.0,1.0,1.4726989079563182,1.82285329173167,0.0,1.140405616224649,1.0920436817472698,0.0,6915.447737909516,0.0,0.0,15.0,0.0,20.0,208.20904836193446,30.0,481.69890795631824,10.0,0.0,0.0,0.0
938,0.2710721247344561,0.27336237943667535,0.25268892401242704,0.25553185192743766,0.9884841239543614,0.9884867665020118,302.0,334.0,3.6093267108167786,5.204690618762475,0.0,0.004540918163672655,3.61158940397351,5.201297405189622,4.446436058700209,1.6,1.6,557.1177600000001,622.57376,410.5835999999998,132.01229999999993,-353.46583999999973,-9.438539999999932,-193315.62285999992,-222143.239,-12.692166037735843,-12.61620684455867,4.4471436058700204,0.05050108850704996,0.0,1.0,1.0,549.877358490566,550.3003144654089,1.0,1.0,1.5251572327044025,1.8548608805031437,0.0023846960167714887,1.3018867924528301,1.139937106918239,0.0,6785.867924528302,0.1430817610062893,0.0,14.935534591194969,0.0,20.0,266.685534591195,30.0,491.7012578616352,10.0,0.0,0.0,0.0
939,0.2710478784316207,0.2734242359466892,0.25202883322131403,0.25470082762271656,0.9884957739706836,0.9884984246212901,310.0,341.0,4.051505376344086,3.9613391984359723,0.0,0.0,4.05252688172043,3.96524926686217,4.006810035842294,1.6,1.6,560.56064,637.6284800000001,204.88599999999997,195.88619999999995,-144.32535999999993,-58.257719999999864,-193459.9482199999,-222201.49672,-12.428426420890931,-12.558851927510482,4.004275473630311,0.028942714401260693,0.0,1.0,1.0,544.9938556067589,545.4239631336405,1.0,1.0,1.5238095238095237,1.8405362826420901,0.0,1.1505376344086022,1.3410138248847927,0.0,6989.403993855607,0.0,0.0,15.0,0.0,20.0,240.25652841781874,30.0,487.21044546851,10.0,0.0,0.0,0.0
940,0.2710781126652953,0.27353260447230776,0.25192619847271147,0.2547050148640463,0.9885074447376813,0.9885104066352481,334.0,296.0,3.7592814371257455,3.268693693693694,0.0,0.0,3.7599800399201597,3.272297297297297,3.5308465608465607,1.6,1.6,610.2169600000001,546.04672,203.86589999999995,383.73789999999985,-93.64893999999987,-337.6911799999998,-193553.59715999992,-222539.1879,-12.206828148148135,-12.57441332770851,3.5287830687830706,0.008595997465194651,0.0,1.0,1.0,548.2587301587301,548.6936507936508,1.0,1.0,1.46984126984127,1.835339174603174,0.0,1.2603174603174603,1.2285714285714286,0.0,7006.5952380952385,0.0,0.0,15.0,0.0,20.0,211.72698412698412,30.0,485.5857142857143,10.0,0.0,0.0,0.0
941,0.27108976375269195,0.273530283744043,0.2514290351577209,0.25426835892584504,0.988519087754054,0.9885224656585988,338.0,282.0,3.735700197238663,3.625295508274233,0.002169625246548323,0.0,3.735502958579881,3.6268912529550823,3.686102150537635,1.6,1.6,621.36256,515.7011200000001,201.54669999999987,277.90329999999994,-80.18413999999984,-262.2021799999999,-193633.78129999992,-222801.39007999998,-12.261293118279577,-12.60950532447919,3.685483870967739,-0.005678822212413113,0.0,1.0,1.0,555.6193548387097,556.0338709677419,1.0,1.0,1.4548387096774194,1.8339736774193545,0.0011827956989247312,1.3193548387096774,1.0096774193548388,0.0,6949.183870967742,0.07096774193548387,0.0,14.975806451612904,0.0,20.0,221.05806451612904,30.0,485.1693548387097,10.0,0.0,0.0,0.0
942,0.2711233021074785,0.27337423421518076,0.2515111444041035,0.25468698321253735,0.9885313840214837,0.9885343033032427,304.0,342.0,3.1388706140350884,5.482066276803119,0.0,0.04770955165692007,3.1428179824561404,5.434649122807018,4.356140350877193,1.6,1.6,551.77696,639.8873600000001,355.4827999999998,34.294699999999985,-303.7058399999998,105.59266000000008,-193937.48713999992,-222695.79742,-12.603537048503622,-12.586434937326798,4.379385964912273,0.06369993183472467,0.0,1.0,1.0,552.5294117647059,552.9256965944272,1.0,1.0,1.5294117647058822,1.8446816099071226,0.025257997936016505,1.1656346749226005,1.3529411764705883,0.0,6861.927244582043,1.5154798761609907,0.0,14.551083591331269,0.0,20.0,261.24767801857587,30.0,488.5123839009288,10.0,0.0,0.0,0.0
943,0.2710720195598902,0.27339369805679004,0.2508858228825039,0.2539376111759113,0.9885431600064252,0.9885457214338326,329.0,316.0,4.361448834853088,3.841139240506331,0.0008611955420466059,0.0,4.36225937183384,3.843459915611815,4.108087855297158,1.6,1.6,601.29952,565.10432,120.27419999999995,429.8360999999999,-18.97467999999992,-364.73177999999984,-193956.46181999994,-223060.5292,-12.275042687338498,-12.58423755559126,4.106537467700258,-0.000925670614510496,0.0,1.0,1.0,561.4635658914729,561.939534883721,1.0,1.0,1.489922480620155,1.8083780465116295,0.0004392764857881137,1.1922480620155038,1.0775193798449612,0.0,6772.719379844962,0.02635658914728682,0.0,14.973643410852713,0.0,20.0,246.3658914728682,30.0,477.1612403100775,10.0,0.0,0.0,0.0
944,0.2710359918842833,0.2733385142257682,0.2506767478878801,0.253924330469731,0.9885545255460413,0.9885574280351932,290.0,335.0,3.782241379310343,4.054278606965176,0.0,0.0,3.783850574712644,4.055572139303482,3.929493333333333,1.6,1.6,521.01792,626.48288,408.8707999999999,200.7915999999999,-387.8528799999999,-74.30871999999988,-194344.31469999993,-223134.83792,-12.370550400000003,-12.655558265073472,3.928053333333333,0.021851174315250514,0.0,1.0,1.0,563.56,564.0016,1.0,1.0,1.536,1.8360012799999996,0.0,1.0032,1.3344,0.0,6830.4544,0.0,0.0,15.0,0.0,20.0,235.6832,30.0,485.7968,10.0,0.0,0.0,0.0
945,0.2710640560271436,0.27338873557167337,0.2513603854779876,0.25461318528548854,0.9885662296800943,0.9885687167742612,302.0,323.0,4.08636865342163,3.7456656346749204,0.0,0.0,4.089790286975717,3.7456656346749226,3.9119466666666667,1.6,1.6,549.6348800000001,579.0454400000001,168.10049999999993,315.3674999999999,-118.46561999999986,-236.3220599999998,-194462.78031999993,-223371.15998,-12.181533226666666,-12.540010556937473,3.9102933333333314,0.010129540914485159,0.0,1.0,1.0,563.4464,563.8624,1.0,1.0,1.5168,1.8058885120000003,0.0,1.1264,1.0608,0.0,6989.5552,0.0,0.0,15.0,0.0,20.0,234.6176,30.0,476.392,10.0,0.0,0.0,0.0
946,0.2709028821029181,0.27335186851581045,0.25161263898230063,0.2549380333297437,0.9885776266872466,0.988580397449639,334.0,315.0,4.653493013972056,4.141058201058201,0.0,0.0,4.65429141716567,4.1410582010582,4.405187467899332,1.6,1.6,627.99264,579.7952,91.19509999999997,239.85049999999995,36.79754000000008,-160.05529999999993,-194425.98277999993,-223531.21528,-12.712279198767336,-12.600147094955332,4.404776579352855,0.07477900822598416,0.0,1.0,1.0,543.5947611710324,544.0508474576271,1.0,1.0,1.4853620955315872,1.860998212634823,0.0,1.5408320493066257,1.177195685670262,0.0,6971.597842835131,0.0,0.0,15.0,0.0,20.0,264.28659476117105,30.0,493.613251155624,10.0,0.0,0.0,0.0
947,0.2708438955365838,0.27332350675423145,0.2510038493208834,0.2544191354807255,0.9885890577888433,0.9885922119071784,306.0,319.0,3.8688997821350757,3.758045977011492,0.0,0.0,3.8703159041394337,3.761389759665622,3.8147200000000003,1.6,1.6,581.49152,577.1510400000002,276.6448999999999,199.6720999999999,-195.15337999999986,-122.5210599999997,-194621.13615999994,-223653.73634,-12.431961813333333,-12.656795945007305,3.8123200000000033,0.027924547399284877,0.0,1.0,1.0,561.6832,562.0992,1.0,1.0,1.5104,1.8538280959999995,0.0,1.2496,1.08,0.0,6836.128,0.0,0.0,15.0,0.0,20.0,228.7392,30.0,491.368,10.0,0.0,0.0,0.0
948,0.2708114718017917,0.27334656220663645,0.2504906104943729,0.25386809836015634,0.9886005596372484,0.988604054081859,324.0,327.0,3.9151234567901256,3.762895005096843,0.0,0.0,3.9176954732510287,3.7647298674821617,3.8408602150537634,1.6,1.6,590.6374400000001,598.35616,192.69449999999995,255.61989999999992,-102.05705999999986,-157.26373999999987,-194723.19321999993,-223811.00008,-12.27687864823349,-12.530525329141687,3.8386584741423424,0.003736859160938704,0.0,1.0,1.0,549.1351766513056,549.5960061443932,1.0,1.0,1.5023041474654377,1.8264110599078345,0.0,1.3410138248847927,1.2258064516129032,0.0,6821.337941628264,0.0,0.0,15.0,0.0,20.0,230.31950844854072,30.0,482.8079877112135,10.0,0.0,0.0,0.0
949,0.2708292005357216,0.2733941704397987,0.2515075814550165,0.25488863883692364,0.9886120057911003,0.9886156911775794,320.0,323.0,3.92869791666667,3.924974200206399,0.0,0.0,3.9297916666666666,3.9280701754385965,3.928926905132193,1.6,1.6,591.7984,596.1894400000001,239.82609999999997,285.7051999999999,-148.02769999999995,-189.51575999999977,-194871.22091999993,-224000.51584,-12.439952099533436,-12.642425048114143,3.9268273716951745,0.00476736952877969,0.0,1.0,1.0,553.6905132192846,554.1057542768274,1.0,1.0,1.5023328149300155,1.8475705132192835,0.0,1.2892690513219285,1.359253499222395,0.0,6802.892690513219,0.0,0.0,15.0,0.0,20.0,235.60964230171072,30.0,489.4105754276827,10.0,0.0,0.0,0.0
950,0.27092280550314296,0.2733910110317744,0.2515249550460981,0.25507293035366535,0.9886237841214428,0.9886274750538846,319.0,342.0,3.806792058516196,3.8566276803118904,0.0,0.0,3.8077847439916406,3.8585769980506828,3.8340645486636404,1.6,1.6,565.82176,647.848,277.4323,101.52459999999991,-211.61053999999996,46.32340000000005,-195082.83145999993,-223954.19244,-12.333023903177011,-12.626648668009034,3.8325769036812893,-0.00915279061243362,0.0,1.0,1.0,554.9546142208775,555.3978819969743,1.0,1.0,1.5173978819969742,1.8361115885022692,0.0,1.0968229954614221,1.394856278366112,0.0,7086.428139183056,0.0,0.0,15.0,0.0,20.0,229.95461422087746,30.0,485.8305597579425,10.0,0.0,0.0,0.0
951,0.27094171048934385,0.2733233311286211,0.25055897523360715,0.25398005078370967,0.9886351212007595,0.9886395593256977,313.0,332.0,3.918423855165068,3.7689759036144577,0.0,0.0,3.922790202342919,3.7711345381526105,3.8447286821705435,1.6,1.6,590.4553600000002,606.40544,234.34189999999995,311.2211999999999,-143.8865399999998,-204.8157599999999,-195226.71799999994,-224159.0082,-12.454311111111107,-12.621670046832305,3.841498708010335,0.0022901632670357724,0.0,1.0,1.0,544.8759689922481,545.3271317829457,1.0,1.0,1.5147286821705426,1.8555981395348835,0.0,1.4542635658914729,1.3534883720930233,0.0,6924.438759689922,0.0,0.0,15.0,0.0,20.0,230.48992248062015,30.0,491.9162790697674,10.0,0.0,0.0,0.0
952,0.2708654922513131,0.27324209355849305,0.25023188537316104,0.25326048569106135,0.9886462502607487,0.988650933590474,318.0,321.0,4.197693920335428,3.7230529595015573,0.0,0.0,4.1994234800838575,3.7245067497403945,3.9608502869066253,1.6,1.6,585.30368,593.82848,230.6069,263.3910999999998,-145.30322,-169.5626199999998,-195372.02121999994,-224328.57082000002,-12.439077934272305,-12.603419190134602,3.959259259259264,0.015280542600967464,0.0,1.0,1.0,558.0062597809076,558.4366197183099,1.0,1.0,1.5023474178403755,1.8452772456964015,0.0,1.2410015649452268,1.2785602503912363,0.0,6862.239436619719,0.0,0.0,15.0,0.0,20.0,237.55555555555554,30.0,488.6964006259781,10.0,0.0,0.0,0.0
953,0.27088937880549663,0.27323496070385545,0.24951477096117983,0.25244700468081466,0.9886578409687118,0.988662608381667,329.0,308.0,3.9131712259371856,3.683116883116885,0.0,0.0,3.9136271529888553,3.686850649350649,3.803976975405547,1.6,1.6,614.4358400000001,549.4396800000001,150.97259999999994,291.23239999999987,-36.536759999999845,-241.7927199999998,-195408.55797999993,-224570.36354000002,-12.266464050235477,-12.495107835205653,3.801936159079013,0.020904781150481958,0.0,1.0,1.0,552.3390894819466,552.7676609105181,1.0,1.0,1.4835164835164836,1.8271201255886966,0.0,1.4301412872841444,1.097331240188383,0.0,7129.152276295134,0.0,0.0,15.0,0.0,20.0,228.11616954474098,30.0,483.02668759811615,10.0,0.0,0.0,0.0
954,0.27091396685454083,0.27318553945934193,0.24995891514747093,0.25305879909768236,0.9886686944153362,0.9886738183059078,332.0,322.0,3.541767068273091,4.017287784679092,0.0,0.0,3.5420682730923683,4.01899585921325,3.7768858307849134,1.6,1.6,611.0038400000001,603.4336000000001,224.11649999999992,126.17619999999994,-113.11265999999983,-22.742599999999868,-195521.67063999994,-224593.10614000002,-12.436178185524975,-12.640099691387261,3.7758919469928647,0.007849182638078489,0.0,1.0,1.0,550.6253822629969,551.0642201834862,1.0,1.0,1.492354740061162,1.8569379816513767,0.0,1.3944954128440368,1.162079510703364,0.0,6817.029051987767,0.0,0.0,15.0,0.0,20.0,226.55351681957185,30.0,492.3394495412844,10.0,0.0,0.0,0.0
955,0.27091938542282473,0.27321082294829424,0.24994960104660174,0.2530320416428258,0.9886803312132147,0.9886851260918403,348.0,308.0,4.245833333333334,3.793235930735931,0.0,0.0,4.248754789272031,3.794155844155844,4.035315040650406,1.6,1.6,652.78304,550.8144,173.75949999999986,304.5043999999998,-20.976459999999832,-253.68999999999983,-195542.64709999994,-224846.79614000002,-12.405132926829278,-12.51476644731449,4.033333333333333,0.02791895983667897,0.0,1.0,1.0,552.5533536585366,553.0,1.0,1.0,1.4695121951219512,1.834752195121951,0.0,1.3140243902439024,1.141768292682927,0.0,6979.102134146341,0.0,0.0,15.0,0.0,20.0,242.0,30.0,485.4115853658537,10.0,0.0,0.0,0.0
956,0.2709547653920386,0.2732688128783367,0.25002957914034735,0.25304388905233666,0.98869127661364,0.9886960040972221,329.0,309.0,3.9164133738601823,3.846062567421793,0.0,0.0,3.919858156028368,3.847411003236246,3.884770114942528,1.6,1.6,618.08608,570.1987200000001,341.3710999999999,223.22699999999992,-223.28501999999986,-153.02827999999982,-195765.93211999995,-224999.82442000002,-12.512487983281089,-12.649075431861924,3.882340647857887,0.011107679027389303,0.0,1.0,1.0,558.3213166144201,558.7586206896551,1.0,1.0,1.4843260188087775,1.8625153605015672,0.0,1.371473354231975,1.1849529780564263,0.0,6865.23197492163,0.0,0.0,15.0,0.0,20.0,232.94043887147336,30.0,494.09247648902823,10.0,0.0,0.0,0.0
957,0.27100266526459693,0.27321026943124577,0.25120233332155517,0.2541213729254478,0.9887022342114545,0.9887075248181897,305.0,323.0,3.5087978142076497,4.111558307533537,0.0,0.0,3.51431693989071,4.111971104231166,3.821709129511677,1.6,1.6,559.90656,582.7481600000001,373.75079999999986,207.70589999999987,-313.84423999999984,-124.95773999999977,-196079.77635999996,-225124.78216000003,-12.227208492569005,-12.564290623929692,3.8188163481953277,-0.007770534133397982,0.0,1.0,1.0,575.0143312101911,575.4363057324841,1.0,1.0,1.5143312101910829,1.8195138853503192,0.0,1.2006369426751593,0.9522292993630573,0.0,6861.425159235669,0.0,0.0,15.0,0.0,20.0,229.12898089171975,30.0,480.63375796178343,10.0,0.0,0.0,0.0
958,0.27101327930230296,0.27320598831427423,0.25152926381542573,0.25449393183089475,0.9887129716276449,0.9887182987565707,328.0,272.0,3.838871951219509,3.750183823529413,0.0,0.0,3.8451727642276423,3.7520833333333337,3.802972222222222,1.6,1.6,613.38464,490.1856000000001,136.3909999999999,483.06949999999995,-23.006359999999916,-492.88389999999987,-196102.78271999996,-225617.66606000002,-12.338657555555566,-12.671333138972441,3.798666666666664,-0.001921402427373133,0.0,1.0,1.0,578.3316666666667,578.7866666666666,1.0,1.0,1.4533333333333334,1.8392837333333338,0.0,1.09,1.185,0.0,6843.32,0.0,0.0,15.0,0.0,20.0,227.92,30.0,486.83166666666665,10.0,0.0,0.0,0.0
959,0.27102157596204135,0.27293793175053915,0.2516245893818321,0.2547958907025214,0.9887237696081577,0.9887293638077276,330.0,312.0,3.820151515151512,4.595779914529917,0.0,0.0,3.8219191919191924,4.597863247863248,4.199013499480789,1.6,1.6,607.13248,566.74432,219.18319999999986,97.4522,-112.05071999999987,-30.70787999999999,-196214.83343999996,-225648.37394000002,-12.43268535825546,-12.620930123214848,4.197092419522321,-0.005599422896133637,0.0,1.0,1.0,569.7383177570093,570.1760124610591,1.0,1.0,1.485981308411215,1.8284685358255452,0.0,1.1822429906542056,1.1433021806853583,0.0,6843.303738317757,0.0,0.0,15.0,0.0,20.0,251.82554517133957,30.0,483.45171339563865,10.0,0.0,0.0,0.0
960,0.27095471155111595,0.272852503676444,0.25189273803920814,0.2550598067966265,0.9887345909033417,0.9887402733941498,322.0,312.0,3.5741718426501037,3.719818376068374,0.0,0.0,3.576086956521739,3.7223824786324786,3.6480809674027337,1.6,1.6,591.87328,558.3040000000001,258.6956999999999,235.21339999999987,-166.82241999999985,-176.90939999999978,-196381.65585999997,-225825.28334000002,-12.125719873817031,-12.480017172937881,3.645846477392213,0.01609951624790288,0.0,1.0,1.0,565.5520504731861,565.9842271293376,1.0,1.0,1.4921135646687698,1.814159747634069,0.0,1.137223974763407,1.2618296529968454,0.0,7004.094637223975,0.0,0.0,15.0,0.0,20.0,218.75078864353313,30.0,478.97476340694004,10.0,0.0,0.0,0.0
961,0.2710144297989094,0.27282994539351874,0.2509119642991281,0.2538883543700904,0.9887453257081522,0.9887510856822267,307.0,298.0,3.778501628664495,3.7256711409395975,0.0,0.0,3.7843105320304025,3.7259507829977627,3.755564738292011,1.6,1.6,567.48576,543.89696,315.0426999999999,286.57909999999987,-247.55693999999988,-242.68213999999983,-196629.21279999998,-226067.96548,-12.306314490358128,-12.516026417434311,3.752479338842973,0.050094160536428595,0.0,1.0,1.0,577.4578512396694,577.8776859504133,1.0,1.0,1.4925619834710744,1.8369962314049588,0.0,1.1570247933884297,1.112396694214876,0.0,6630.859504132231,0.0,0.0,15.0,0.0,20.0,225.1487603305785,30.0,486.10247933884295,10.0,0.0,0.0,0.0
962,0.2710131670997644,0.2728216019388854,0.25066641905302833,0.2535028117523561,0.9887555361668581,0.9887619607438383,343.0,299.0,4.0927599611273076,4.059030100334447,0.0,0.0,4.095821185617104,4.06304347826087,4.080555555555557,1.6,1.6,629.1776000000001,561.61504,128.86419999999995,208.18139999999994,0.31340000000014356,-146.56635999999992,-196628.89939999997,-226214.53184,-12.543815991692627,-12.58231354139157,4.07705088265836,0.04084381181868168,0.0,1.0,1.0,546.3442367601247,546.7990654205607,1.0,1.0,1.4657320872274144,1.854817196261684,0.0,1.381619937694704,1.3878504672897196,0.0,6893.420560747663,0.0,0.0,15.0,0.0,20.0,244.62305295950156,30.0,491.67289719626166,10.0,0.0,0.0,0.0
963,0.27102264658820086,0.27284423852146455,0.2505714399237312,0.2534675426583462,0.9887663013494475,0.9887726553443534,326.0,313.0,3.6471881390593053,3.4325346112886037,0.0,0.0,3.6499488752556233,3.434984025559105,3.5446531038080336,1.6,1.6,598.12832,566.5449600000001,285.2967999999999,163.22389999999993,-187.16847999999987,-96.67893999999987,-196816.06787999996,-226311.21078000002,-12.135508189880026,-12.527599946604063,3.5420448617631712,-0.017361840180837636,0.0,1.0,1.0,569.1737089201878,569.5978090766823,1.0,1.0,1.489827856025039,1.8226498904538324,0.0,1.1768388106416277,1.1502347417840375,0.0,6921.02503912363,0.0,0.0,15.0,0.0,20.0,212.5226917057903,30.0,481.6322378716745,10.0,0.0,0.0,0.0
964,0.2710745594784257,0.2729140768599054,0.25147494138148135,0.2542087835908825,0.9887771447390274,0.9887825740360936,303.0,318.0,3.39064906490649,3.6835953878406698,0.0,0.0,3.392794279427943,3.686006289308176,3.542941492216855,1.6,1.6,550.39648,581.0828800000002,359.19329999999997,213.28359999999992,-308.79681999999997,-132.20071999999976,-197124.86469999995,-226443.41150000002,-12.131170370370356,-12.563029385135936,3.540660225442829,-0.01797406386988076,0.0,1.0,1.0,568.1755233494364,568.6022544283414,1.0,1.0,1.5120772946859904,1.8220279549114335,0.0,1.1288244766505635,1.210950080515298,0.0,6896.570048309179,0.0,0.0,15.0,0.0,20.0,212.43961352657004,30.0,481.42995169082127,10.0,0.0,0.0,0.0
965,0.2710783389406538,0.2728740155660242,0.25100303706490135,0.2537722526819955,0.9887882484753192,0.9887929987196479,303.0,336.0,4.165951595159515,3.987648809523807,0.0,0.0,4.1695819581958204,3.988293650793651,4.0742566510172145,1.6,1.6,559.05344,624.5017600000001,213.61119999999997,143.51469999999986,-154.55775999999994,-19.01293999999976,-197279.42245999994,-226462.42444,-12.526070944183624,-12.595288533878142,4.0721961398017745,0.024825145858109247,0.0,1.0,1.0,559.4319248826291,559.8638497652582,1.0,1.0,1.5258215962441315,1.8521990610328654,0.0,1.165884194053208,1.3849765258215962,0.0,6869.713615023475,0.0,0.0,15.0,0.0,20.0,244.3317683881064,30.0,490.85915492957747,10.0,0.0,0.0,0.0
966,0.2710429388835162,0.27294947451697266,0.25181290505476056,0.2542527151389554,0.9887985606838808,0.988803677670884,308.0,332.0,4.16845238095238,3.163504016064257,0.0,0.0,4.171374458874459,3.1667670682730926,3.650234375,1.6,1.6,556.7187200000001,606.6176,246.74729999999994,279.19449999999995,-190.02857999999986,-172.5768999999999,-197469.45103999996,-226635.00134,-12.147710833333333,-12.496857417054084,3.647135416666667,-0.0017942533395816352,0.0,1.0,1.0,563.9171875,564.3515625,1.0,1.0,1.51875,1.8177130000000006,0.0,1.2546875,1.290625,0.0,6837.8,0.0,0.0,15.0,0.0,20.0,218.828125,30.0,480.0875,10.0,0.0,0.0,0.0
967,0.2710724162309062,0.27298737595908945,0.2514572051127087,0.25418130197331484,0.9888092043158712,0.9888138446602028,314.0,300.0,3.911146496815287,3.7992222222222236,0.0,0.0,3.911783439490446,3.801277777777777,3.857790445168296,1.6,1.6,591.7363200000001,548.66176,195.8442999999999,381.4730999999999,-104.1079799999998,-332.8113399999999,-197573.55901999996,-226967.81267999997,-12.470744408251909,-12.708978069915979,3.8564603691639516,-0.002984441551498754,0.0,1.0,1.0,579.2557003257328,579.6905537459284,1.0,1.0,1.488599348534202,1.8573258631921823,0.0,1.213355048859935,0.9755700325732899,0.0,6774.760586319218,0.0,0.0,15.0,0.0,20.0,231.38762214983714,30.0,492.4592833876221,10.0,0.0,0.0,0.0
968,0.2710739823162274,0.27285289750921143,0.25196201813121016,0.25452405369787134,0.9888197064745291,0.9888246131767083,315.0,319.0,4.433386243386242,4.060710553814003,0.02259259259259259,0.0,4.411693121693122,4.063584117032392,4.236540483701367,1.6,1.6,588.93888,562.92736,171.2965999999999,198.70329999999987,-82.35771999999986,-135.77593999999985,-197655.91673999996,-227103.58861999997,-12.38182103049422,-12.522003121181687,4.245872765509992,0.038399335187887816,0.0,1.0,1.0,558.564668769716,559.0141955835962,1.0,1.0,1.503154574132492,1.8168237223974768,0.01122502628811777,1.361198738170347,1.361198738170347,0.0,7018.654574132492,0.6735015772870663,0.0,14.861198738170348,0.0,20.0,254.0788643533123,30.0,479.8059936908517,10.0,0.0,0.0,0.0
969,0.2710040886771407,0.2728390174854133,0.25113756829218026,0.25364401181075724,0.9888300734410911,0.9888350050840987,333.0,313.0,4.640240240240246,3.841693290734826,0.00995995995995996,0.0,4.633683683683683,3.842119275825347,4.25015479876161,1.6,1.6,613.10944,601.2633600000001,160.99669999999986,245.1799999999999,-47.88725999999991,-143.91663999999975,-197703.80399999995,-227247.50525999998,-12.765496388028883,-12.738818116895539,4.253328173374615,0.012694157261089297,0.0,1.0,1.0,559.5820433436533,560.0325077399381,1.0,1.0,1.4845201238390093,1.8798340557275544,0.005134158926728586,1.3653250773993808,1.3637770897832817,0.0,6735.1919504643965,0.3080495356037152,0.0,14.860681114551083,0.0,20.0,254.89164086687308,30.0,499.4984520123839,10.0,0.0,0.0,0.0
970,0.27106654055622975,0.2728140089576676,0.25123454755534697,0.25378207979847384,0.9888402284112439,0.9888452530388921,324.0,330.0,3.4577674897119324,3.92141414141414,0.0,0.0,3.4601851851851855,3.9214141414141412,3.692915392456677,1.6,1.6,593.19136,614.8528000000001,223.44149999999988,179.63039999999992,-130.25013999999985,-64.77759999999981,-197834.05413999993,-227312.28285999998,-12.343461977573911,-12.702911756910579,3.691717635066256,-0.014925816876022612,0.0,1.0,1.0,567.6544342507646,568.1177370030581,1.0,1.0,1.5045871559633028,1.847162324159021,0.0,1.146788990825688,1.327217125382263,0.0,6984.665137614679,0.0,0.0,15.0,0.0,20.0,221.50305810397555,30.0,489.2889908256881,10.0,0.0,0.0,0.0
971,0.27115809647561206,0.2728391623802015,0.2513270450013926,0.25409701032578313,0.9888503565996138,0.988855320068357,312.0,309.0,3.5038995726495763,3.413592233009708,0.0,0.0,3.5053952991452992,3.4168284789644017,3.461325818572196,1.6,1.6,569.7129600000001,558.7638400000001,251.21509999999986,337.38839999999993,-181.5021399999998,-278.62455999999986,-198015.55627999993,-227590.90741999997,-12.069287171229199,-12.583647649261064,3.4589640365002645,0.008270690329336305,0.0,1.0,1.0,578.9790660225443,579.4299516908212,1.0,1.0,1.497584541062802,1.8171929146537849,0.0,1.21256038647343,1.1529790660225443,0.0,6911.619967793881,0.0,0.0,15.0,0.0,20.0,207.5378421900161,30.0,479.9210950080515,10.0,0.0,0.0,0.0
972,0.2711978087210049,0.2728695601332069,0.2503316626343467,0.25296344145152916,0.9888607260372357,0.988865416780109,317.0,288.0,3.946582544689802,3.4812499999999993,0.0,0.0,3.9484752891692954,3.482928240740741,3.726859504132231,1.6,1.6,570.42752,522.6982399999999,221.9456999999999,306.8966999999999,-151.51817999999994,-284.19845999999995,-198167.07445999995,-227875.10588,-12.113061377410457,-12.619435524223984,3.725068870523417,-0.02455068147736331,0.0,1.0,1.0,587.8776859504133,588.3223140495868,1.0,1.0,1.4760330578512397,1.8068194380165283,0.0,1.2297520661157024,1.0545454545454545,0.0,6874.047933884298,0.0,0.0,15.0,0.0,20.0,223.50413223140495,30.0,476.6809917355372,10.0,0.0,0.0,0.0
973,0.27117538101378086,0.27280002084441396,0.24992969303415136,0.2523202167217007,0.9888710507838318,0.9888743418275011,327.0,293.0,3.8454638124362868,4.185551763367463,0.0,0.0,3.846432212028543,4.186860068259386,4.007311827956989,1.6,1.6,597.16832,541.0614400000001,208.71059999999989,187.59609999999998,-111.54227999999989,-146.53465999999992,-198278.61673999994,-228021.64054,-12.4009335483871,-12.590164080846183,4.006182795698928,0.021660086189926646,0.0,1.0,1.0,581.85,582.2774193548387,1.0,1.0,1.4725806451612904,1.8358544516129025,0.0,1.0870967741935484,1.0919354838709678,0.0,6878.0887096774195,0.0,0.0,15.0,0.0,20.0,240.3709677419355,30.0,485.7564516129032,10.0,0.0,0.0,0.0
974,0.2711753733975809,0.2728191985309405,0.25034226149647393,0.2527495563143056,0.988881070642961,0.9888848377695054,333.0,291.0,4.127677677677675,3.990034364261171,0.0,0.0,4.132182182182182,3.993241695303551,4.06738782051282,1.6,1.6,606.50848,529.56224,289.32689999999997,202.56389999999993,-182.81842,-173.00165999999996,-198461.43515999994,-228194.6422,-12.331795299145293,-12.58473740134129,4.063488247863249,0.0027615719634930544,0.0,1.0,1.0,584.7115384615385,585.1394230769231,1.0,1.0,1.4663461538461537,1.8206261538461546,0.0,1.126602564102564,1.0048076923076923,0.0,6971.2307692307695,0.0,0.0,15.0,0.0,20.0,243.80929487179486,30.0,480.9807692307692,10.0,0.0,0.0,0.0
975,0.27119710083950793,0.2725546770952289,0.24898417384885113,0.2514381356494754,0.9888908443303132,0.9888947343555883,340.0,316.0,3.3801470588235287,4.993512658227846,0.0,0.03217299578059071,3.3834803921568626,4.96292194092827,4.144308943089431,1.6,1.6,614.0915200000001,572.20352,183.95369999999983,183.41359999999997,-69.86217999999977,-111.21007999999995,-198531.29733999993,-228305.85228,-12.29535345528456,-12.418280077362192,4.157317073170728,0.0410286251798247,0.0,1.0,1.0,577.9435975609756,578.3368902439024,1.0,1.0,1.4817073170731707,1.8083765853658533,0.015497967479674796,1.228658536585366,1.1783536585365855,0.0,6724.4359756097565,0.9298780487804879,0.0,14.850609756097562,0.0,20.0,248.5091463414634,30.0,477.1631097560976,10.0,0.0,0.0,0.0
976,0.27123574822091107,0.2726329023925127,0.24923522458666866,0.25213832416364756,0.9889011731032946,0.9889047035396974,309.0,303.0,3.0826860841423964,3.490869086908692,0.0,0.0,3.085113268608414,3.4933993399339935,3.287254901960784,1.6,1.6,562.4144,555.6176,425.38649999999996,272.9699999999999,-362.97209999999995,-217.35239999999988,-198894.26943999995,-228523.20468,-12.057984749455343,-12.613462123526961,3.2847766884531584,0.0001380314677759812,0.0,1.0,1.0,590.8464052287582,591.2908496732026,1.0,1.0,1.4950980392156863,1.8268496732026147,0.0,1.2058823529411764,1.1176470588235294,0.0,6794.950980392156,0.0,0.0,15.0,0.0,20.0,197.08660130718954,30.0,482.9477124183006,10.0,0.0,0.0,0.0
977,0.2713136328747443,0.2725681950532977,0.24972265740176042,0.25265663004343886,0.988911154766389,0.9889146904643145,327.0,343.0,3.943577981651376,4.526967930029157,0.0,0.0,3.9444954128440366,4.526967930029155,4.24268656716418,1.6,1.6,604.90976,629.6499200000001,167.49759999999992,115.65099999999995,-62.587839999999915,13.998920000000112,-198956.85727999994,-228509.20575999998,-12.536236417910445,-12.574757132452534,4.242238805970148,0.017779942885527394,0.0,1.0,1.0,563.1955223880597,563.6119402985074,1.0,1.0,1.5119402985074626,1.842626388059702,0.0,1.335820895522388,1.2895522388059701,0.0,6970.755223880597,0.0,0.0,15.0,0.0,20.0,254.53432835820897,30.0,487.8626865671642,10.0,0.0,0.0,0.0
978,0.2712554767519321,0.2726336996484676,0.25001464793826783,0.2529785446890508,0.9889206749543772,0.9889247088067874,325.0,309.0,4.127333333333332,3.103236245954693,0.0,0.0,4.130051282051282,3.108899676375404,3.632360672975815,1.6,1.6,611.80064,538.7430400000001,241.1787999999999,386.93319999999983,-129.37815999999987,-348.19015999999976,-199086.23543999993,-228857.39591999998,-12.122158359621455,-12.511363576274558,3.628207150368034,0.0027514211335222093,0.0,1.0,1.0,585.5394321766562,585.9873817034701,1.0,1.0,1.4873817034700316,1.8147376656151424,0.0,1.3312302839116719,0.8958990536277602,0.0,6927.768138801262,0.0,0.0,15.0,0.0,20.0,217.69242902208202,30.0,479.15615141955834,10.0,0.0,0.0,0.0
979,0.27123778863221704,0.27255025773726205,0.2502184564811112,0.2531335418595294,0.9889309127275074,0.9889350600101393,339.0,329.0,3.991838741396263,4.125025329280648,0.0,0.0,3.9970009832841686,4.125025329280648,4.060054890219561,1.6,1.6,613.19584,611.5340800000001,270.2173999999999,149.64399999999995,-157.0215599999999,-38.10991999999982,-199243.25699999993,-228895.50583999997,-12.406750898203606,-12.540031777367838,4.057435129740517,0.005175928376659468,0.0,1.0,1.0,570.6901197604791,571.1167664670659,1.0,1.0,1.4925149700598803,1.8334280239520968,0.0,1.2619760479041917,1.31437125748503,0.0,6745.761976047904,0.0,0.0,15.0,0.0,20.0,243.44610778443115,30.0,484.99101796407183,10.0,0.0,0.0,0.0
980,0.27128274461273716,0.27244806961892293,0.25015140544071957,0.2528178887401087,0.9889408461592318,0.988944884069397,314.0,333.0,3.558067940552017,3.8124124124124115,0.0,0.0,3.561464968152866,3.8154654654654645,3.6921947449768164,1.6,1.6,579.8819199999999,621.15168,328.87,243.44559999999993,-248.98808000000008,-122.29391999999987,-199492.24507999994,-229017.79975999997,-12.39759608449253,-12.567787063172021,3.688974755280785,0.025753155535189302,0.0,1.0,1.0,570.7449768160742,571.1823802163833,1.0,1.0,1.5146831530139104,1.8563115919629074,0.0,1.230293663060278,1.3693972179289027,0.0,6854.109737248841,0.0,0.0,15.0,0.0,20.0,221.338485316847,30.0,492.13446676970636,10.0,0.0,0.0,0.0
981,0.2712477571576475,0.272508192368474,0.2497996360919975,0.2522677312350389,0.9889497612422471,0.9889553190617204,306.0,320.0,4.119281045751636,3.580104166666666,0.0,0.0,4.121459694989107,3.5824479166666663,3.8459265175718853,1.6,1.6,563.6832,584.3660800000001,239.53669999999994,251.03919999999982,-175.85349999999988,-166.6731199999997,-199668.09857999993,-229184.47287999996,-12.324365921192761,-12.620709335249503,3.8436634717784868,0.018062320372143566,0.0,1.0,1.0,589.3546325878594,589.7907348242811,1.0,1.0,1.511182108626198,1.8339445367412137,0.0,1.0527156549520766,1.15814696485623,0.0,6824.870607028754,0.0,0.0,15.0,0.0,20.0,230.61980830670927,30.0,485.1533546325879,10.0,0.0,0.0,0.0
982,0.2712434179430094,0.272532049599244,0.2504611302490265,0.2530164797028018,0.9889595319933624,0.9889651587445016,343.0,304.0,4.066958211856171,3.7495614035087725,0.0,0.0,4.06885325558795,3.753508771929824,3.9206852138073156,1.6,1.6,623.39328,566.7724800000001,139.37319999999988,295.74589999999995,-15.979919999999879,-228.97341999999986,-199684.07849999995,-229413.44629999995,-12.387674600721272,-12.6562675924831,3.9178258629572373,-0.00500115991244733,0.0,1.0,1.0,574.9319938176197,575.3987635239567,1.0,1.0,1.4698608964451314,1.8395143122102022,0.0,1.293663060278207,1.1746522411128284,0.0,6984.496136012364,0.0,0.0,15.0,0.0,20.0,235.0695517774343,30.0,486.8918083462133,10.0,0.0,0.0,0.0
983,0.2712362350161627,0.2725190735495388,0.251759519762608,0.2540238373539607,0.9889697522416112,0.9889745606303542,310.0,326.0,3.6554838709677413,4.438036809815952,0.0,0.0016871165644171781,3.6590322580645163,4.436758691206544,4.057678197064989,1.6,1.6,563.7731200000001,607.0272,391.1326999999999,113.56579999999997,-327.3595799999998,-6.538599999999974,-200011.43807999993,-229419.98489999995,-12.451417610062899,-12.634918521746613,4.056603773584904,0.00485980414355461,0.0,1.0,1.0,580.3584905660377,580.7767295597484,1.0,1.0,1.5125786163522013,1.8408810062893082,0.0008647798742138365,1.2657232704402517,1.4591194968553458,0.0,6870.24213836478,0.05188679245283019,0.0,14.976415094339623,0.0,20.0,243.3443396226415,30.0,487.311320754717,10.0,0.0,0.0,0.0
984,0.2712031496950254,0.272517457407885,0.25185678859846866,0.2541550025968859,0.9889788879177343,0.9889839834412519,324.0,331.0,4.430761316872425,3.5067472306143,0.0,0.0,4.432407407407408,3.5102719033232637,3.9664122137404587,1.6,1.6,608.1715200000001,624.1094400000001,164.40439999999995,166.88019999999992,-56.23287999999985,-42.770759999999854,-200067.67095999993,-229462.75565999997,-12.658806310432578,-12.6736751944832,3.9638167938931246,0.04423125522779131,0.0,1.0,1.0,564.4259541984733,564.8503816793893,1.0,1.0,1.5053435114503817,1.881344977099237,0.0,1.2748091603053435,1.4793893129770992,0.0,6761.511450381679,0.0,0.0,15.0,0.0,20.0,237.8290076335878,30.0,499.96641221374045,10.0,0.0,0.0,0.0
985,0.2712566769077529,0.2724621064101776,0.25194446042981805,0.25422157860078615,0.9889889910798442,0.9889937032476445,284.0,316.0,3.3991784037558697,3.603797468354431,0.0,0.0,3.4015258215962443,3.6060126582278476,3.5092222222222222,1.6,1.6,517.6793600000001,566.7552000000001,374.15279999999996,323.90099999999984,-356.47343999999987,-257.1457999999998,-200424.14439999993,-229719.90145999996,-12.02922133333334,-12.594517500361436,3.506944444444444,-0.026463768774001813,0.0,1.0,1.0,604.2716666666666,604.695,1.0,1.0,1.5266666666666666,1.8073909333333331,0.0,0.9533333333333334,1.21,0.0,6812.421666666667,0.0,0.0,15.0,0.0,20.0,210.41666666666666,30.0,476.8466666666667,10.0,0.0,0.0,0.0
986,0.27105854100122645,0.27255119972807035,0.25193429066029144,0.25395500327540227,0.9889980378377503,0.9890033513643998,315.0,324.0,4.552486772486771,3.8820987654320986,0.0,0.0,4.553862433862434,3.8827160493827164,4.213562858633281,1.6,1.6,582.84384,575.4604800000001,140.37879999999996,247.1613999999999,-57.534959999999955,-171.70091999999983,-200481.67935999992,-229891.60237999997,-12.34348711528431,-12.492768155271094,4.212571726656231,0.028268114869800933,0.0,1.0,1.0,584.1768388106416,584.5790297339593,1.0,1.0,1.5070422535211268,1.8126828169014084,0.0,1.161189358372457,1.2769953051643192,0.0,6787.593114241002,0.0,0.0,15.0,0.0,20.0,252.75430359937403,30.0,478.5133020344288,10.0,0.0,0.0,0.0
987,0.27109586130315366,0.2723457903331573,0.25124505365819627,0.253289037995303,0.9890071603357817,0.9890131145022314,329.0,325.0,3.77370820668693,4.483897435897437,0.0,0.0012307692307692308,3.7767983789260384,4.484307692307693,4.128389398572885,1.6,1.6,599.74048,611.0396800000001,156.45829999999992,208.28139999999996,-56.717819999999875,-97.24171999999987,-200538.3971799999,-229988.84409999996,-12.542687257900093,-12.560965375667232,4.126630988786952,0.04266608279900141,0.0,1.0,1.0,571.1467889908257,571.5932721712538,1.0,1.0,1.496941896024465,1.8513458103975535,0.0006116207951070337,1.3623853211009174,1.261467889908257,0.0,6999.247706422018,0.03669724770642202,0.0,14.963302752293577,0.0,20.0,247.5611620795107,30.0,490.591743119266,10.0,0.0,0.0,0.0
988,0.27108257025689675,0.2722817193541488,0.25049405980549994,0.25238534726291395,0.9890172568378494,0.9890225952250477,332.0,311.0,3.860240963855425,4.03269024651661,0.0,0.0,3.862600401606425,4.035584137191855,3.9462674961119757,1.6,1.6,631.6656,584.4451200000001,171.48079999999993,244.6185999999999,-39.81519999999989,-160.1734799999998,-200578.21237999992,-230149.01757999996,-12.710912804561946,-12.621040294629827,3.943649559357178,0.0536392513554007,0.0,1.0,1.0,573.3452566096423,573.7853810264386,1.0,1.0,1.483670295489891,1.891307496111975,0.0,1.3763608087091757,1.2674961119751167,0.0,7015.9191290824265,0.0,0.0,15.0,0.0,20.0,236.6189735614308,30.0,503.0746500777605,10.0,0.0,0.0,0.0
989,0.271060894830313,0.2723643046713594,0.25022059871475244,0.25206056710718266,0.9890261987555259,0.9890323830234659,332.0,288.0,4.1351405622489965,3.424942129629629,0.0,0.0,4.138152610441766,3.4267939814814814,3.8077150537634408,1.6,1.6,620.73792,519.1657600000001,221.1966999999999,309.4438999999999,-100.45877999999988,-290.27813999999984,-200678.6711599999,-230439.29571999997,-12.336906021505373,-12.658497543804698,3.805241935483874,0.003429019558211664,0.0,1.0,1.0,591.2032258064517,591.6129032258065,1.0,1.0,1.4645161290322581,1.8385543225806442,0.0,1.353225806451613,1.0241935483870968,0.0,6870.214516129032,0.0,0.0,15.0,0.0,20.0,228.31451612903226,30.0,486.61129032258066,10.0,0.0,0.0,0.0
990,0.2709889503799051,0.2722826515176387,0.2501070722365429,0.252101737798091,0.9890355455123383,0.9890420315973573,308.0,314.0,3.8592532467532483,4.045912951167728,0.0,0.0,3.862662337662338,4.047292993630573,3.9558681672025724,1.6,1.6,557.52928,563.5955200000001,334.8230999999999,138.5184999999999,-277.2938199999999,-74.92297999999982,-200955.9649799999,-230514.21869999997,-12.178018220793142,-12.596071564640598,3.953483386923899,-0.018635614720900633,0.0,1.0,1.0,596.6784565916398,597.1125401929261,1.0,1.0,1.504823151125402,1.802451446945338,0.0,1.144694533762058,1.0707395498392283,0.0,6762.86655948553,0.0,0.0,15.0,0.0,20.0,237.20900321543408,30.0,475.3102893890675,10.0,0.0,0.0,0.0
991,0.2710405864537042,0.27207831053659803,0.2490098574034884,0.2508398182115499,0.9890443772089262,0.9890516152142165,323.0,332.0,3.9705366357069156,4.405522088353415,0.0,0.0,3.97203302373581,4.41004016064257,4.194045801526718,1.6,1.6,579.9590400000001,627.66912,217.98279999999994,141.40429999999995,-138.02375999999987,-13.735179999999929,-201093.9887399999,-230527.95387999996,-12.52230147582698,-12.610399988657143,4.1910178117048345,0.02123032391837112,0.0,1.0,1.0,582.9526717557252,583.375572519084,1.0,1.0,1.5068702290076337,1.8437071145038175,0.0,1.2564885496183207,1.2687022900763358,0.0,6966.025954198473,0.0,0.0,15.0,0.0,20.0,251.46106870229008,30.0,488.20763358778623,10.0,0.0,0.0,0.0
992,0.2710725801393294,0.27212495553907484,0.2503512571409875,0.2522790077162633,0.9890532490468488,0.9890607997979824,302.0,336.0,4.019094922737303,3.73645833333333,0.0,0.0,4.022019867549669,3.7379960317460315,3.8724399164054333,1.6,1.6,568.3728000000001,613.62944,239.32579999999993,208.3452999999999,-170.95299999999983,-94.71585999999985,-201264.94173999992,-230622.66973999995,-12.448152351097175,-12.648562472021021,3.870245559038664,0.024296716115252043,0.0,1.0,1.0,573.935736677116,574.3855799373041,1.0,1.0,1.5266457680250785,1.852668087774297,0.0,1.4702194357366771,1.2523510971786833,0.0,6992.065830721003,0.0,0.0,15.0,0.0,20.0,232.21473354231975,30.0,491.0141065830721,10.0,0.0,0.0,0.0
993,0.27102927830298706,0.27216426728507803,0.25004274161141604,0.2517908831572574,0.9890626765724496,0.9890703234292804,306.0,306.0,4.156971677559913,3.852505446623098,0.0,0.0,4.157788671023965,3.854411764705883,4.006100217864924,1.6,1.6,560.1363200000001,552.6966400000001,201.7707,416.82299999999987,-141.63437999999994,-364.12635999999975,-201406.57611999993,-230986.79609999995,-12.294610239651421,-12.583981011091103,4.004738562091502,0.002377780438628143,0.0,1.0,1.0,601.2173202614379,601.6209150326797,1.0,1.0,1.5,1.8183545098039229,0.0,1.1372549019607843,1.0326797385620916,0.0,6803.145424836602,0.0,0.0,15.0,0.0,20.0,240.2843137254902,30.0,480.2826797385621,10.0,0.0,0.0,0.0
994,0.27094760246754374,0.2722255386564219,0.24947293014345695,0.25121192035838014,0.9890729203078386,0.9890800946653959,327.0,309.0,4.958562691131497,3.6688781014023735,0.0,0.0,4.9594291539245665,3.6733009708737865,4.33456498951782,1.6,1.6,606.4953600000001,564.8688000000001,196.38119999999995,219.99139999999989,-89.88583999999983,-155.1225999999998,-201496.46195999993,-231141.91869999995,-12.5669247379455,-12.642100913916689,4.331970649895172,0.009746183492481611,0.0,1.0,1.0,586.6069182389937,587.0235849056604,1.0,1.0,1.4858490566037736,1.8417675471698114,0.0,1.2735849056603774,1.20125786163522,0.0,6836.979559748428,0.0,0.0,15.0,0.0,20.0,259.9182389937107,30.0,487.58962264150944,10.0,0.0,0.0,0.0
995,0.27091958330498583,0.2722285833845282,0.2508944428084796,0.2529679076566377,0.9890819730528949,0.9890897324432385,331.0,323.0,4.168479355488419,3.5971104231166153,0.0,0.0,4.172054380664654,3.5987100103199174,3.888888888888889,1.6,1.6,609.0102400000001,592.6908800000001,262.3076999999999,165.78829999999994,-153.29745999999983,-73.09741999999983,-201649.75941999993,-231215.01611999996,-12.362674209989814,-12.461895184963481,3.886289500509683,0.058527845559750824,0.0,1.0,1.0,577.1773700305811,577.6070336391438,1.0,1.0,1.4938837920489296,1.8374634862385326,0.0,1.353211009174312,1.3516819571865444,0.0,6950.053516819572,0.0,0.0,15.0,0.0,20.0,233.17737003058105,30.0,486.2522935779817,10.0,0.0,0.0,0.0
996,0.270975782781993,0.27227183576364333,0.24980602302756344,0.2520598757894782,0.9890922559163695,0.9890989848107693,330.0,316.0,3.233383838383839,4.014029535864976,0.0,0.0,3.2383333333333337,4.017457805907172,3.619453044375645,1.6,1.6,607.9232000000001,588.41376,208.55619999999982,228.7283999999999,-100.63299999999975,-140.31463999999988,-201750.39241999993,-231355.33075999995,-12.341565737874097,-12.657195186828586,3.6152476780185796,0.012644174825436259,0.0,1.0,1.0,585.5247678018576,585.9674922600619,1.0,1.0,1.4891640866873066,1.8519147987616094,0.0,1.1284829721362228,1.3173374613003095,0.0,6769.3421052631575,0.0,0.0,15.0,0.0,20.0,216.91486068111456,30.0,490.76780185758514,10.0,0.0,0.0,0.0
997,0.271021976724104,0.2722912027203209,0.24978068993576924,0.25184391483898405,0.9891019418694359,0.9891081675528394,326.0,317.0,3.558333333333332,3.683648790746582,0.0,0.0,3.5614008179959105,3.685856992639327,3.6227579056505967,1.6,1.6,590.01088,575.45888,268.6885999999999,249.53649999999993,-178.67771999999985,-174.0776199999999,-201929.07013999994,-231529.40837999995,-12.105685018144131,-12.436489483763188,3.6201140487299144,0.010142825189391736,0.0,1.0,1.0,590.3063763608087,590.710730948678,1.0,1.0,1.4930015552099534,1.8125501710730945,0.0,1.2068429237947123,1.115085536547434,0.0,6911.940902021773,0.0,0.0,15.0,0.0,20.0,217.2068429237947,30.0,478.4665629860031,10.0,0.0,0.0,0.0
998,0.27104095541039064,0.27229986993515876,0.2508665887536229,0.2528993908024718,0.9891114137931564,0.9891169524805024,327.0,290.0,3.726197757390421,3.3059770114942526,0.0,0.0,3.729459734964322,3.3102873563218393,3.532441923284711,1.6,1.6,598.9705600000001,517.2316800000001,259.3961999999999,353.42079999999993,-160.42563999999982,-336.18911999999983,-202089.49577999994,-231865.59749999995,-12.048154294975683,-12.582503625567417,3.5286871961102126,-0.003919194120931331,0.0,1.0,1.0,600.4635332252836,600.8962722852513,1.0,1.0,1.4700162074554295,1.8090798055105335,0.0,1.2188006482982172,1.0016207455429498,0.0,6887.374392220421,0.0,0.0,15.0,0.0,20.0,211.72123176661265,30.0,477.3841166936791,10.0,0.0,0.0,0.0
999,0.27106710774079856,0.27222598943578874,0.2502768293577337,0.2526224335709213,0.9891203335771424,0.9891252139584691,334.0,317.0,3.734580838323351,4.59710830704521,0.0,0.0,3.736526946107784,4.59863301787592,4.1563236047107015,1.6,1.6,617.85536,575.27488,225.3572999999999,174.24599999999992,-107.50193999999988,-98.97111999999987,-202196.99771999993,-231964.56861999995,-12.441578904249871,-12.51274921611139,4.154582693292375,0.04249680756029932,0.0,1.0,1.0,583.3195084485407,583.7480798771121,1.0,1.0,1.4869431643625193,1.8327653456221185,0.0,1.3440860215053763,1.2258064516129032,0.0,7004.301075268817,0.0,0.0,15.0,0.0,20.0,249.27496159754224,30.0,484.7757296466974,10.0,0.0,0.0,0.0
