,P1_EXPERIENCE_U,P2_EXPERIENCE_U,P1_WOM_U,P2_WOM_U,P1_MARKETING_U,P2_MARKETING_U,P1_OUT,P2_OUT,P1_IDLE_TIME,P2_IDLE_TIME,P1_REVENUE,P2_REVENUE,P1_ACTUAL_INC,P2_ACTUAL_INC,P1_COST,P2_COST,nRIDES,nREJECTED,nDAYS_WORKED,DRIVING_TIME,IDLE_TIME,PICKUP_DIST,DRIVING_DIST,REVENUE,COST,COMMISSION,TRIP_FARE,ACTUAL_INC,OUT,mu,P1_INFORMED,P2_INFORMED,inc_dif,platform_id,P1_hate,P2_hate,MIN_WAGE_SUB,TOM_OUT,TOM_platform_id,P1_U,P2_U,STARTS_DAY,OPENS_APP,RECEIVES_REQUEST,ACCEPTS_REQUEST,REJECTS_REQUEST,IS_ACCEPTED_BY_TRAVELLER,IS_REJECTED_BY_TRAVELLER,ARRIVES_AT_PICKUP,MEETS_TRAVELLER_AT_PICKUP,DEPARTS_FROM_PICKUP,ARRIVES_AT_DROPOFF,CONTINUES_SHIFT,STARTS_REPOSITIONING,REPOSITIONED,DECIDES_NOT_TO_DRIVE,ENDS_SHIFT
0,0.010000000000000007,0.010000000000000007,0.010000000000000007,0.010000000000000007,0.01164647635198195,0.011646476351981952,0.0,0.0,,,,,,,,,,,,,,,,,,,,,,,,,,,,,,,,,,,,,,,,,,,,,,,,,
1,0.010000000000000007,0.010000000000000007,0.008250000000000006,0.008300000000000007,0.013292952703963891,0.01353498887382021,2.0,0.0,188.5,,44.260000000000005,,48.0,,24.478749999999998,,8.0,0.0,1.0,9791.5,11310.0,53.790000000000006,97.91499999999999,44.260000000000005,24.478749999999998,11.064999999999998,55.325,48.0,0.0,1.0,1.0,0.0,0.0,1.0,0.0,0.0,28.218749999999993,1.0,1.0,0.009000000000000001,,0.0,0.0,3814.0,97.5,0.0,160.0,0.0,5379.0,0.0,240.0,4412.5,0.0,0.0,0.0,0.0,7496.0
2,0.010000000000000007,0.010000000000000007,0.006950000000000005,0.007049802193915902,0.015423501395658467,0.015423501395658479,3.0,3.0,157.9388888888889,168.29444444444442,59.437333333333335,55.75733333333333,48.0,48.0,28.760833333333334,27.374166666666667,10.0,0.0,1.0,11227.0,9787.0,54.27333333333334,112.27,57.59733333333333,28.0675,14.39933333333333,71.99666666666667,48.0,0.0,1.0,0.8333333333333334,0.6666666666666666,0.0,1.5,0.0,0.0,18.470166666666668,1.0,1.0,0.009600000000000001,0.009500000000000001,0.0,0.0,3355.8333333333335,85.0,0.0,200.0,0.0,5427.333333333333,0.0,300.0,5799.666666666667,0.0,0.0,0.0,0.0,6431.166666666667
3,0.010000000000000007,0.010000000000000007,0.005949802193915902,0.006049307678705647,0.017796086257209357,0.017554050087353067,5.0,4.0,195.82000000000002,221.90416666666667,45.851200000000006,42.936,48.0,48.0,23.259500000000003,19.501875,8.555555555555555,0.0,1.0,8635.777777777777,12444.777777777777,42.64111111111112,86.35777777777778,44.555555555555564,21.589444444444446,11.138888888888886,55.69444444444445,48.0,0.0,1.0,0.5555555555555556,0.7777777777777778,0.0,1.4444444444444444,0.0,0.0,25.03388888888889,0.7777777777777778,1.0,0.009200000000000002,0.009714285714285715,0.0,0.0,4866.777777777777,90.66666666666667,0.0,171.11111111111111,0.0,4264.111111111111,0.0,256.6666666666667,4371.666666666667,0.0,0.0,0.0,0.0,7578.0
4,0.010000000000000007,0.010000000000000007,0.005249406581747697,0.005599109676793901,0.020523845618573993,0.020879020118387773,6.0,4.0,194.2611111111111,132.8375,48.43333333333334,66.668,48.0,48.0,23.54375,32.549375,9.4,0.0,1.2,10858.4,10181.5,52.085,108.58400000000002,55.7272,27.146000000000004,13.931799999999999,69.65900000000002,48.0,0.0,1.0,0.9,0.8,0.0,1.4,0.0,0.0,19.418799999999997,1.0,1.0,0.008444444444444445,0.00825,0.0,0.0,2822.0,89.1,0.0,188.0,0.0,5208.5,0.0,282.0,5649.9,0.0,0.0,0.0,0.0,7359.5
5,0.010000000000000007,0.010000000000000007,0.004998715429439959,0.00514881296998609,0.023130586895010498,0.02336474330989611,6.0,5.0,189.225,132.72666666666666,51.925333333333334,67.54240000000001,48.0,48.0,24.218333333333334,32.426,10.454545454545455,0.0,1.0909090909090908,11179.636363636364,9812.636363636364,52.65272727272727,111.79636363636364,59.024,27.94909090909091,14.755999999999998,73.78,48.0,0.0,1.0,0.9090909090909091,0.5454545454545454,0.0,1.4545454545454546,0.0,0.0,16.9250909090909,1.0,1.0,0.008800000000000002,0.008666666666666668,0.0,0.0,2977.5454545454545,84.0,0.0,209.0909090909091,0.0,5265.272727272727,0.0,313.6363636363636,5914.363636363636,0.0,0.0,0.0,0.0,6835.090909090909
6,0.010000000000000007,0.010000000000000007,0.004648124135782799,0.0048981226013664865,0.025858346256375155,0.02715802617070199,5.0,8.0,147.38,190.2625,66.26720000000002,52.554000000000016,48.0,48.0,30.262,23.9840625,10.307692307692308,0.0,1.2307692307692308,10559.461538461539,10426.153846153846,47.74,105.59461538461541,57.8283076923077,26.398653846153852,14.457076923076919,72.28538461538461,48.0,0.0,1.0,0.8461538461538461,1.0,0.0,1.6153846153846154,0.0,0.0,16.57034615384615,0.9230769230769231,1.0769230769230769,0.008181818181818184,0.008615384615384618,0.0,0.0,3704.3846153846152,98.0,0.0,206.15384615384616,0.0,4774.0,0.0,309.2307692307692,5785.461538461538,0.0,0.0,0.0,0.0,6721.7692307692305
7,0.010000000000000007,0.010000000000000007,0.004347432787647418,0.004647333327421369,0.030652847880239902,0.03064496812526918,7.0,8.0,165.85,169.7125,58.39085714285714,54.554,48.0,48.0,27.599999999999998,27.03,10.133333333333333,0.0,1.3333333333333333,10918.4,10074.6,52.940000000000005,109.18400000000001,56.34453333333334,27.296000000000003,14.086133333333335,70.43066666666665,48.0,0.0,1.0,0.8666666666666667,0.7333333333333333,0.0,1.5333333333333334,0.0,0.0,18.951466666666665,0.8,1.0,0.008922468288971995,0.008908731261665269,0.0,0.0,3490.2,100.46666666666667,0.0,201.53333333333333,0.0,5294.0,0.0,304.0,5624.4,0.0,0.0,0.0,0.0,6584.4
8,0.010000000000000007,0.010000000000000007,0.004246842675294288,0.004396548312758506,0.03520531333424834,0.03473700050447715,9.0,8.0,170.38333333333333,155.54375,55.704000000000015,58.286,48.0,48.0,26.803888888888892,28.991875,10.823529411764707,0.0,1.588235294117647,11133.411764705883,9804.0,55.33823529411765,111.33411764705882,56.91905882352941,27.833529411764705,14.229764705882353,71.14882352941176,48.0,0.0,1.0,0.9411764705882353,0.8823529411764706,0.0,1.4705882352941178,0.0,0.0,18.914470588235293,0.8823529411764706,1.0588235294117647,0.008874753724443777,0.00893254731004037,0.0,0.0,3158.0,120.41176470588235,0.0,216.47058823529412,0.0,5533.823529411765,0.0,324.70588235294116,5599.588235294118,0.0,0.0,0.0,0.0,6646.0
9,0.010000000000000007,0.010000000000000007,0.003996253545406516,0.004246063080452183,0.04034710970295608,0.03818298862044003,10.0,10.0,192.8,171.37333333333333,51.794399999999996,56.2368,48.0,48.0,23.7155,26.765500000000003,9.25,0.0,1.35,10096.2,10925.2,46.39249999999999,100.96200000000002,54.015600000000006,25.240500000000004,13.503899999999998,67.51950000000001,48.0,0.0,1.0,1.0,0.9,0.0,1.5,0.0,0.0,19.224899999999998,0.85,1.15,0.00899881863322767,0.008887792563947483,0.0,0.0,4088.75,115.1,0.0,185.0,0.0,4639.25,0.0,277.5,5456.95,0.0,0.0,0.0,0.0,6836.45
10,0.010000000000000007,0.010000000000000007,0.003945569352953356,0.004045965740983394,0.04396294949742217,0.04321164665919036,7.0,11.0,140.10238095238094,196.91060606060606,69.03085714285714,50.736,48.0,48.0,31.285,23.04977272727273,10.555555555555555,0.0,1.6666666666666667,10500.944444444445,10489.111111111111,47.473888888888894,105.00944444444444,57.850666666666676,26.25236111111111,14.462666666666662,72.31333333333332,48.0,0.0,1.0,0.9444444444444444,0.9444444444444444,0.0,1.6111111111111112,0.0,0.0,16.401694444444445,1.0,1.0,0.008470355061483074,0.008470355065123484,0.0,0.0,3567.9444444444443,81.94444444444444,0.0,210.33333333333334,0.0,4747.388888888889,0.0,316.6666666666667,5753.555555555556,0.0,0.0,0.0,0.0,6921.166666666667
11,0.010000000000000007,0.010000000000000007,0.003894880880666246,0.0039453777358761126,0.0484744611128263,0.04961275728115262,13.0,12.0,245.07820512820516,234.6888888888889,37.274461538461544,40.33800000000001,48.0,48.0,16.22230769230769,17.656666666666666,6.64,0.0,1.48,6764.32,14405.48,28.507999999999996,67.6432,38.74496,16.9108,9.686239999999996,48.43120000000001,48.0,0.0,1.0,0.88,0.88,0.0,1.48,0.0,0.0,26.16584,1.0,1.0,0.008817284824342962,0.008817470250352124,0.0,0.0,6808.76,97.2,0.0,132.8,0.0,2850.8,0.0,199.2,3913.52,0.0,0.0,0.0,0.0,7596.72
12,0.010000000000000007,0.010000000000000007,0.0038939992879742547,0.003944595747470759,0.05239664181353106,0.05611912647810163,9.0,8.0,152.42222222222225,140.86458333333334,65.456,66.926,48.0,48.0,29.443333333333335,31.126562500000002,11.823529411764707,0.0,1.5294117647058822,12094.176470588236,8819.0,54.81,120.94176470588236,66.14776470588237,30.23544117647059,16.536941176470584,82.68470588235294,48.0,0.0,1.0,0.8823529411764706,0.9411764705882353,0.0,1.4705882352941178,0.0,0.0,12.087676470588233,0.8235294117647058,1.0588235294117647,0.008799211381616434,0.008749507443138706,0.0,0.0,2191.5882352941176,94.6470588235294,0.0,236.47058823529412,0.0,5481.0,0.0,354.70588235294116,6613.176470588235,0.0,0.0,0.0,0.0,6627.411764705882
13,0.010000000000000007,0.010000000000000007,0.0038433190199906025,0.003893812714602832,0.05797367692837639,0.0630124890051452,13.0,6.0,206.71794871794873,128.53611111111113,51.14276923076924,69.94933333333334,48.0,48.0,21.543461538461543,33.06666666666666,9.789473684210526,0.0,1.7894736842105263,10072.947368421053,10921.736842105263,43.082631578947364,100.72947368421052,57.081684210526326,25.18236842105263,14.270421052631574,71.3521052631579,48.0,0.0,1.0,0.9473684210526315,1.0,0.0,1.3157894736842106,0.0,0.0,16.100684210526314,0.8947368421052632,1.0,0.00833289982169138,0.008525077076285333,0.0,0.0,3745.5263157894738,115.47368421052632,0.0,195.1578947368421,0.0,4308.263157894737,0.0,293.6842105263158,5764.684210526316,0.0,0.0,0.0,0.0,7176.210526315789
14,0.010000000000000007,0.010000000000000007,0.003842436282042689,0.0038433305676541167,0.06411573661718814,0.0693174760604443,12.0,8.0,223.5,129.925,44.906666666666666,70.495,48.0,48.0,19.16395833333333,32.8665625,9.65,0.0,1.75,9858.0,11164.2,43.1625,98.58,55.14200000000001,24.645,13.785499999999995,68.9275,48.0,0.0,1.0,1.0,0.95,0.0,1.4,0.0,0.0,17.502999999999997,0.95,1.0,0.008798616929004252,0.008841066254730074,0.0,0.0,3456.4,95.0,0.0,192.3,0.0,4316.25,0.0,289.5,5541.75,0.0,0.0,0.0,0.0,7707.8
15,0.010000000000000007,0.010000000000000007,0.0038415593374980382,0.003842158795394829,0.0708890365022584,0.07482232668393653,11.0,12.0,178.86666666666667,194.05833333333334,56.73890909090908,48.98600000000001,48.0,48.0,25.671136363636364,23.47520833333333,9.347826086956522,0.0,1.8695652173913044,9810.173913043478,11207.565217391304,45.32130434782609,98.10173913043477,52.693913043478275,24.52543478260869,13.173478260869564,65.86739130434783,48.0,0.0,1.0,0.9565217391304348,0.9565217391304348,0.0,1.5217391304347827,0.0,0.0,19.83152173913043,0.9130434782608695,1.0434782608695652,0.008635645762233444,0.008907301136831407,0.0,0.0,4334.913043478261,113.8695652173913,0.0,186.95652173913044,0.0,4532.130434782609,0.0,280.4347826086956,5278.04347826087,0.0,0.0,0.0,0.0,6872.652173913043
16,0.010000000000000007,0.010000000000000007,0.003790587700513683,0.003841187162254101,0.07818736256564561,0.08117460371232375,12.0,11.0,230.08055555555558,224.5439393939394,42.72133333333334,44.80436363636364,48.0,48.0,18.28291666666667,19.01931818181818,7.695652173913044,0.0,2.0434782608695654,7454.04347826087,13645.95652173913,30.667391304347827,74.5404347826087,43.71756521739131,18.635108695652175,10.929391304347828,54.646956521739135,48.0,0.0,1.0,1.0,1.0,0.0,1.4782608695652173,0.0,0.0,22.91754347826087,0.9565217391304348,1.0434782608695652,0.008693095998204196,0.008780234436957787,0.0,0.0,6355.086956521739,114.78260869565217,0.0,153.34782608695653,0.0,3066.7391304347825,0.0,230.8695652173913,4387.304347826087,0.0,0.0,0.0,0.0,7290.869565217391
17,0.010000000000000007,0.010000000000000007,0.003790016598368077,0.003840121601783215,0.0859369866955097,0.08787657202644308,10.0,7.0,147.025,126.39047619047619,62.2912,73.25257142857143,48.0,48.0,30.328750000000003,33.20928571428571,11.941176470588236,0.0,2.411764705882353,12605.941176470587,8311.70588235294,59.27117647058824,126.05941176470593,66.80470588235296,31.514852941176482,16.701176470588234,83.50588235294117,48.0,0.0,1.0,1.0,1.0,0.0,1.411764705882353,0.0,0.0,12.710147058823523,0.8823529411764706,1.0,0.008702897645485127,0.008469208814452525,0.0,0.0,1733.4705882352941,84.29411764705883,0.0,238.8235294117647,0.0,5927.117647058823,0.0,358.2352941176471,6678.823529411765,0.0,0.0,0.0,0.0,6578.235294117647
18,0.010000000000000007,0.010000000000000007,0.0037891403371925147,0.0038392445059862485,0.0938958727219944,0.09569108907022153,12.0,5.0,227.7875,113.35,43.89333333333334,76.27680000000001,48.0,48.0,18.584791666666664,35.314499999999995,9.176470588235293,0.0,2.2941176470588234,9402.117647058823,11647.764705882353,40.095882352941175,94.02117647058824,53.41788235294117,23.50529411764706,13.354470588235289,66.77235294117646,48.0,0.0,1.0,1.0,1.0,0.0,1.2941176470588236,0.0,0.0,18.08741176470588,0.8235294117647058,1.0588235294117647,0.008820771392768701,0.008469667926591968,0.0,0.0,4910.705882352941,90.6470588235294,0.0,183.1764705882353,0.0,4009.5882352941176,0.0,275.29411764705884,5392.529411764706,0.0,0.0,0.0,0.0,6737.058823529412
19,0.010000000000000007,0.010000000000000007,0.0037886646810765777,0.003788772836587904,0.10208257902888093,0.10398630341338602,10.0,11.0,182.05333333333334,185.65151515151516,55.17840000000001,55.062545454545464,48.0,48.0,25.08325,24.602954545454544,10.0,0.0,2.761904761904762,9932.666666666666,11036.285714285714,44.429523809523815,99.32666666666667,55.117714285714285,24.831666666666667,13.779428571428568,68.89714285714285,48.0,0.0,1.0,1.0,1.0,0.0,1.5238095238095237,0.0,0.0,17.713952380952374,0.7619047619047619,1.0952380952380953,0.0090446577298852,0.008759668856746023,0.0,0.0,4087.8571428571427,130.04761904761904,0.0,200.0,0.0,4442.952380952381,0.0,300.0,5489.714285714285,0.0,0.0,0.0,0.0,6948.428571428572
20,0.010000000000000007,0.010000000000000007,0.0037874144112634207,0.0037879988714673257,0.11224404148082551,0.11215695039993318,11.0,9.0,169.08636363636364,167.52222222222224,57.95127272727272,59.17777777777778,48.0,48.0,27.14727272727273,27.289166666666667,10.15,0.0,2.85,10884.45,10102.95,49.9255,108.84450000000001,58.50319999999999,27.211125000000003,14.625799999999998,73.12899999999999,48.0,0.0,1.0,1.0,1.0,0.0,1.45,0.0,0.0,16.707924999999996,0.9,1.05,0.008697082941714156,0.008798237630132835,0.0,0.0,3026.9,104.8,0.0,202.3,0.0,4992.55,0.0,304.5,5891.9,0.0,0.0,0.0,0.0,7076.05
21,0.010000000000000007,0.010000000000000007,0.0037866336590836845,0.0037868328316133936,0.12085357310577875,0.12061758527105353,12.0,11.0,205.9111111111111,214.8,51.13933333333333,47.30109090909091,48.0,48.0,21.692708333333332,20.380909090909093,8.91304347826087,0.0,2.260869565217391,8426.130434782608,12609.739130434782,35.11,84.26130434782608,49.30365217391306,21.06532608695652,12.325913043478257,61.6295652173913,48.0,0.0,1.0,1.0,1.0,0.0,1.4782608695652173,0.0,0.0,19.761673913043474,0.9130434782608695,1.0434782608695652,0.008693104633009435,0.008607333755352832,0.0,0.0,5305.086956521739,117.56521739130434,0.0,178.17391304347825,0.0,3511.0,0.0,267.39130434782606,4915.130434782609,0.0,0.0,0.0,0.0,7304.652173913043
22,0.010000000000000007,0.010000000000000007,0.0037855733340083587,0.0037856783872647353,0.12922702027542735,0.13004869924165527,12.0,11.0,215.45833333333334,236.45,45.898666666666664,44.43709090909091,48.0,48.0,20.40583333333333,17.33068181818182,7.6521739130434785,0.0,2.9565217391304346,7574.04347826087,13529.869565217392,29.95391304347827,75.74043478260867,45.19965217391304,18.93510869565217,11.299913043478258,56.499565217391314,48.0,0.0,1.0,1.0,1.0,0.0,1.4782608695652173,0.0,0.0,21.735456521739128,0.9565217391304348,1.0869565217391304,0.008520202262611238,0.008692277769403895,0.0,0.0,6346.565217391304,112.8695652173913,0.0,152.65217391304347,0.0,2995.391304347826,0.0,229.56521739130434,4578.652173913043,0.0,0.0,0.0,0.0,7183.304347826087
23,0.010000000000000007,0.010000000000000007,0.0037848023846919097,0.00378480451248351,0.13932561577674069,0.13927948313414137,8.0,9.0,158.68333333333334,154.5962962962963,59.181,61.60800000000001,48.0,48.0,28.564062500000002,29.141666666666666,11.058823529411764,0.0,3.1176470588235294,11547.941176470587,9391.176470588236,55.37941176470588,115.47941176470587,60.46588235294118,28.869852941176468,15.116470588235295,75.58235294117648,48.0,0.0,1.0,1.0,1.0,0.0,1.5294117647058822,0.0,0.0,16.403970588235293,0.9411764705882353,1.0,0.008939324428017937,0.009405787352507597,0.0,0.0,2767.529411764706,106.94117647058823,0.0,221.1764705882353,0.0,5537.941176470588,0.0,331.7647058823529,6010.0,0.0,0.0,0.0,0.0,6623.64705882353
24,0.010000000000000007,0.010000238527956111,0.0037839342965539004,0.0037839417227767697,0.1491687142162813,0.14771571173176634,7.0,6.0,151.94285714285715,131.88888888888889,61.24342857142858,68.61733333333332,48.0,48.01925,29.653928571428573,32.53916666666667,11.384615384615385,0.0,3.3846153846153846,12394.23076923077,8561.23076923077,59.07230769230769,123.94230769230771,64.64676923076924,30.985576923076927,16.161692307692302,80.80846153846154,48.008884615384616,0.0,1.0,1.0,1.0,-0.00018509615384614946,1.4615384615384615,0.0,0.0,14.347692307692302,0.9230769230769231,1.0769230769230769,0.008766509257779557,0.008769171122521398,0.0,0.0,2281.5384615384614,74.3076923076923,0.0,227.69230769230768,0.0,5907.2307692307695,0.0,341.53846153846155,6487.0,0.0,0.0,0.0,0.0,6279.692307692308
25,0.010000000000000007,0.010000238527956111,0.0037833750280484783,0.0037829847459334097,0.1585355234505007,0.15614856685510398,9.0,9.0,184.85925925925923,189.02222222222224,50.73066666666668,52.387555555555565,48.0,48.0,24.901944444444442,24.239166666666666,8.944444444444445,0.0,2.8333333333333335,9828.222222222223,11216.444444444445,46.35555555555556,98.28222222222222,51.559111111111115,24.570555555555554,12.889777777777775,64.44888888888889,48.0,0.0,1.0,1.0,1.0,0.0,1.5,0.0,0.0,21.011444444444447,1.0,1.0,0.008551894514178676,0.008551916161580025,0.0,0.0,4193.055555555556,107.38888888888889,0.0,178.61111111111111,0.0,4635.555555555556,0.0,268.3333333333333,5192.666666666667,0.0,0.0,0.0,0.0,7023.388888888889
26,0.010000000000000007,0.010000238527956111,0.0037827122295005567,0.0037820249340933757,0.16895360959010702,0.16591889262575943,9.0,10.0,173.8462962962963,173.29,58.696,57.48,48.0,48.0,26.269444444444442,26.530250000000002,10.263157894736842,0.0,3.6315789473684212,10562.684210526315,10413.21052631579,47.42526315789475,105.62684210526315,58.05599999999999,26.406710526315788,14.513999999999998,72.56999999999998,48.0,0.0,1.0,1.0,1.0,0.0,1.5263157894736843,0.0,0.0,16.35071052631579,0.9473684210526315,1.0,0.009048331844250895,0.009152563498283648,0.0,0.0,3603.5263157894738,109.94736842105263,0.0,205.26315789473685,0.0,4742.526315789473,0.0,307.89473684210526,5820.1578947368425,0.0,0.0,0.0,0.0,6809.684210526316
27,0.010000000000000007,0.010000238527956111,0.0037817684420452134,0.0037811807772112852,0.17934603464672416,0.17593103745210262,8.0,11.0,132.00416666666666,163.87575757575758,66.679,59.26400000000001,48.0,48.0,32.4775,27.905909090909088,10.947368421052632,0.0,3.210526315789474,11932.315789473685,9027.368421052632,56.666842105263164,119.32315789473688,62.386105263157894,29.83078947368422,15.59652631578947,77.98263157894738,48.0,0.0,1.0,1.0,1.0,0.0,1.5789473684210527,0.0,0.0,15.444684210526313,0.8947368421052632,1.105263157894737,0.008629112494127556,0.00862952809177129,0.0,0.0,2444.1052631578946,92.84210526315789,0.0,218.05263157894737,0.0,5666.684210526316,0.0,328.42105263157896,6265.631578947368,0.0,0.0,0.0,0.0,6583.263157894737
28,0.010000000000000007,0.010000238527956111,0.0037805292517809545,0.003780231064323303,0.19098606117726966,0.1852801487434425,12.0,12.0,176.86111111111111,168.43194444444444,54.97666666666667,55.172666666666665,48.0,48.0,25.926041666666666,27.286249999999995,9.541666666666666,0.0,2.9583333333333335,10642.458333333334,10358.791666666666,50.93958333333333,106.42458333333333,55.07466666666667,26.606145833333333,13.768666666666663,68.84333333333335,48.0,0.0,1.0,1.0,1.0,0.0,1.5,0.0,0.0,19.531479166666667,0.9166666666666666,1.0416666666666667,0.008830567566239308,0.009078651198853234,0.0,0.0,3756.3333333333335,120.66666666666667,0.0,190.83333333333334,0.0,5093.958333333333,0.0,286.25,5548.5,0.0,0.0,0.0,0.0,6602.458333333333
29,0.010000000000000007,0.010000238527956111,0.0037798757305175,0.00377957721179232,0.20348339547219654,0.19627760857362225,12.0,12.0,225.85555555555555,229.42777777777778,43.349333333333334,42.87800000000001,48.0,48.0,18.811875,18.30541666666667,8.041666666666666,0.0,3.4583333333333335,7423.458333333333,13658.5,31.600833333333338,74.23458333333335,43.11366666666667,18.558645833333337,10.778416666666663,53.892083333333325,48.0,0.0,1.0,1.0,1.0,0.0,1.5,0.0,0.0,23.44497916666666,0.8333333333333334,1.125,0.008745957570940351,0.009078579167247424,0.0,0.0,6453.791666666667,114.95833333333333,0.0,160.83333333333334,0.0,3160.0833333333335,0.0,241.25,4263.375,0.0,0.0,0.0,0.0,7204.708333333333
30,0.010000000000000007,0.010000238527956111,0.003778745446627535,0.0037789283729144467,0.2162120316570912,0.20609857039923654,11.0,11.0,201.56818181818184,183.63181818181818,49.723636363636366,53.584727272727285,48.0,48.0,22.314545454545456,25.06863636363636,8.909090909090908,0.0,4.0,9476.636363636364,11556.0,42.67136363636364,94.76636363636364,51.65418181818182,23.69159090909091,12.913545454545453,64.56772727272727,48.0,0.0,1.0,1.0,1.0,0.0,1.5,0.0,0.0,20.037409090909087,0.9090909090909091,1.0454545454545454,0.008814129203050726,0.008905637482647931,0.0,0.0,4968.363636363636,122.5909090909091,0.0,176.5,0.0,4267.136363636364,0.0,267.27272727272725,5209.5,0.0,0.0,0.0,0.0,6587.636363636364
31,0.010000000000000007,0.010000238527956111,0.0037777038048425198,0.0037778866476196765,0.22583240270840618,0.21852174165477734,6.0,9.0,135.1888888888889,159.16666666666666,69.41733333333333,61.780444444444456,48.0,48.0,31.94125,28.45138888888889,12.0,0.0,3.2666666666666666,11938.933333333332,8974.533333333333,55.14533333333334,119.38933333333333,64.83520000000001,29.84733333333333,16.208799999999997,81.04400000000003,48.0,0.0,1.0,1.0,1.0,0.0,1.6,0.0,0.0,13.012133333333326,0.8666666666666667,1.0,0.008926909277096929,0.008664467820981698,0.0,0.0,2329.6,85.53333333333333,0.0,240.0,0.0,5514.533333333334,0.0,360.0,6424.4,0.0,0.0,0.0,0.0,6644.933333333333
32,0.010000000000000007,0.010000238527956111,0.003776848470116788,0.0037766429990066346,0.23543503317079637,0.22850815701348992,9.0,10.0,180.92592592592592,143.49833333333333,57.802666666666674,62.980000000000004,48.0,48.0,25.33361111111111,30.794500000000006,10.894736842105264,0.0,3.5789473684210527,11283.105263157895,9673.631578947368,52.42421052631579,112.83105263157897,60.527578947368426,28.207763157894743,15.131894736842105,75.65947368421054,48.0,0.0,1.0,1.0,1.0,0.0,1.5263157894736843,0.0,0.0,15.680184210526312,0.9473684210526315,1.0,0.008730785705882104,0.008729566969830176,0.0,0.0,2769.0526315789475,98.47368421052632,0.0,216.94736842105263,0.0,5242.421052631579,0.0,326.8421052631579,6040.684210526316,0.0,0.0,0.0,0.0,6904.578947368421
33,0.010000000000000007,0.010006885915070585,0.003776092937899744,0.0037756980658580686,0.2477261848982047,0.23886925479677898,11.0,7.0,220.94848484848484,128.62142857142857,47.110545454545466,69.29714285714286,48.0,48.43257142857143,19.545,32.92250000000001,9.944444444444445,0.0,3.9444444444444446,9898.944444444445,11102.611111111111,43.23833333333333,98.98944444444446,55.738666666666674,24.747361111111115,13.934666666666667,69.67333333333333,48.16822222222223,0.0,1.0,1.0,1.0,-0.003504629629629636,1.3888888888888888,0.0,0.0,17.176916666666664,0.9444444444444444,1.0555555555555556,0.008552960152842223,0.008831933498488828,0.0,0.0,3872.5,100.5,0.0,198.61111111111111,0.0,4323.833333333333,0.0,298.3333333333333,5575.111111111111,0.0,0.0,0.0,0.0,7230.111111111111
34,0.010000000000000007,0.010006885915070585,0.003775251450847293,0.00377484778948347,0.25968833802771263,0.25106583522438625,9.0,7.0,144.15555555555557,125.35,62.04977777777779,70.52457142857142,48.0,48.0,30.75722222222222,33.40928571428571,11.875,0.0,3.125,12767.0,8155.6875,62.098125,127.67000000000002,65.7575,31.917500000000004,16.439375,82.19687499999998,48.0,0.0,1.0,1.0,1.0,0.0,1.4375,0.0,0.0,14.159999999999997,0.75,1.0625,0.008867800687766898,0.009116315700446284,0.0,0.0,1863.125,83.625,0.0,236.4375,0.0,6209.8125,0.0,356.25,6557.1875,0.0,0.0,0.0,0.0,6292.5625
35,0.010000000000000007,0.010006885915070585,0.0037743163873273726,0.003774014654158884,0.2708770357871815,0.26315272867086126,12.0,9.0,223.01944444444445,152.45370370370372,42.09133333333333,59.68177777777779,48.0,48.0,19.323958333333334,29.56666666666667,9.0,0.0,4.238095238095238,9485.47619047619,11566.619047619048,45.417142857142856,94.8547619047619,49.63009523809524,23.713690476190475,12.40752380952381,62.03761904761906,48.0,0.0,1.0,1.0,1.0,0.0,1.4285714285714286,0.0,0.0,22.08359523809524,0.8571428571428571,1.0952380952380953,0.008947962806135159,0.008946677067357536,0.0,0.0,3998.285714285714,96.9047619047619,0.0,180.0,0.0,4541.714285714285,0.0,270.0,4943.761904761905,0.0,0.0,0.0,0.0,7568.333333333333
36,0.010000000000000007,0.010006885915070585,0.003773478825922555,0.0037728893821030334,0.2809896526869927,0.2767082961900754,10.0,8.0,168.48999999999998,142.79375,57.996,67.203,48.0,48.0,27.172500000000003,30.859687500000003,10.833333333333334,0.0,3.7777777777777777,11524.5,9424.166666666666,52.801666666666655,115.24500000000002,62.088000000000015,28.811250000000005,15.521999999999998,77.60999999999999,48.0,0.0,1.0,1.0,1.0,0.0,1.4444444444444444,0.0,0.0,14.723249999999995,0.9444444444444444,1.0555555555555556,0.008995503892830646,0.008773493838410404,0.0,0.0,2956.0,108.66666666666667,0.0,216.66666666666666,0.0,5280.166666666667,0.0,325.0,6244.333333333333,0.0,0.0,0.0,0.0,6468.166666666667
37,0.010000000000000007,0.010006885915070585,0.0037726336119284537,0.0037717543452331194,0.2907559679686715,0.2902698141215566,9.0,11.0,147.35925925925923,229.57878787878786,62.917333333333346,46.148363636363634,48.0,48.0,30.36361111111111,18.237272727272728,9.6,0.0,4.5,9477.65,11554.8,41.0985,94.7765,53.694399999999995,23.694125,13.423599999999997,67.11799999999998,48.0,0.0,1.0,1.0,1.0,0.0,1.55,0.0,0.0,17.999724999999998,0.9,1.05,0.008595414543484468,0.008947013091647587,0.0,0.0,4274.7,87.15,0.0,191.4,0.0,4109.85,0.0,288.0,5367.8,0.0,0.0,0.0,0.0,7280.1
38,0.010000000000000007,0.010006885915070585,0.0037717955755216383,0.003770904538605854,0.3011142540865395,0.30172450587223326,12.0,9.0,195.30277777777778,174.15,49.08666666666668,55.552888888888894,48.0,48.0,23.382291666666664,26.41777777777778,8.952380952380953,0.0,4.476190476190476,9873.285714285714,11174.238095238095,46.443809523809534,98.73285714285714,51.85790476190476,24.683214285714286,12.964476190476185,64.82238095238094,48.0,0.0,1.0,1.0,1.0,0.0,1.4285714285714286,0.0,0.0,20.82530952380952,0.8571428571428571,1.0952380952380953,0.008567230517705781,0.008662081461874254,0.0,0.0,4701.380952380952,103.85714285714286,0.0,179.04761904761904,0.0,4644.380952380952,0.0,268.57142857142856,5228.9047619047615,0.0,0.0,0.0,0.0,6472.857142857143
39,0.010000000000000007,0.010006885915070585,0.0037713358618591862,0.0037701701158130885,0.3128378513614351,0.3145620258669628,11.0,10.0,178.17575757575756,151.16,56.54618181818182,62.1392,48.0,48.0,25.75409090909091,29.5765,10.571428571428571,0.0,5.095238095238095,11029.714285714286,9918.666666666666,51.0852380952381,110.29714285714284,59.20952380952382,27.57428571428571,14.802380952380949,74.01190476190476,48.0,0.0,1.0,1.0,1.0,0.0,1.4761904761904763,0.0,0.0,16.3647619047619,0.8571428571428571,1.0,0.008756773467797404,0.008944546705492138,0.0,0.0,3445.809523809524,122.0952380952381,0.0,211.38095238095238,0.0,5108.523809523809,0.0,317.14285714285717,5921.190476190476,0.0,0.0,0.0,0.0,6472.857142857143
40,0.010000000000000007,0.010006885915070585,0.0037704064313491357,0.003769516555299923,0.3241393471673082,0.32846623130609026,12.0,13.0,220.25277777777777,211.05897435897435,47.12533333333334,49.36000000000001,48.0,48.0,19.591875,20.952500000000004,8.64,0.0,4.64,8119.76,12928.32,32.9344,81.1976,48.28736000000001,20.2994,12.071840000000002,60.35920000000001,48.0,0.0,1.0,1.0,1.0,0.0,1.52,0.0,0.0,20.012039999999995,0.96,1.0,0.008633764321614494,0.008915967009684436,0.0,0.0,5694.24,119.4,0.0,172.32,0.0,3293.44,0.0,259.2,4826.32,0.0,0.0,0.0,0.0,7234.08
41,0.010000000000000007,0.010006885915070585,0.003769683131838167,0.003768491887544975,0.33524251308818864,0.3403048080993034,11.0,13.0,183.05757575757576,235.55641025641026,55.69018181818182,42.190153846153855,48.0,48.0,25.02568181818182,17.41692307692308,8.625,0.0,4.75,8361.708333333334,12689.666666666666,35.22,83.61708333333333,48.37766666666668,20.90427083333333,12.094416666666666,60.47208333333335,48.0,0.0,1.0,1.0,1.0,0.0,1.5416666666666667,0.0,0.0,20.52660416666666,0.8333333333333334,1.0833333333333333,0.008910889422763567,0.00882684719576375,0.0,0.0,5577.416666666667,117.0,0.0,171.875,0.0,3522.0,0.0,258.75,4839.708333333333,0.0,0.0,0.0,0.0,7112.25
42,0.010000000000000007,0.010006885915070585,0.0037687562175717864,0.0037677459711778854,0.34654521219768336,0.35184296041569746,12.0,11.0,195.21666666666667,177.87575757575758,51.17200000000002,58.40145454545454,48.0,48.0,23.309791666666666,25.724999999999998,9.565217391304348,0.0,4.869565217391305,9785.95652173913,11215.391304347826,42.96391304347826,97.8595652173913,54.6295652173913,24.464891304347827,13.657391304347826,68.28695652173913,48.0,0.0,1.0,1.0,1.0,0.0,1.4782608695652173,0.0,0.0,17.835326086956517,0.8695652173913043,1.0869565217391304,0.008518250696063743,0.008778209845190194,0.0,0.0,4119.130434782609,119.95652173913044,0.0,190.7391304347826,0.0,4296.391304347826,0.0,286.95652173913044,5489.565217391304,0.0,0.0,0.0,0.0,7096.260869565217
43,0.010000000000000007,0.010006885915070585,0.003767633162655798,0.003767023112879151,0.3564519352832465,0.3620370729282726,10.0,11.0,169.61166666666668,219.59545454545454,57.6288,47.75781818181818,48.0,48.0,27.04475,19.69454545454545,9.238095238095237,0.0,5.285714285714286,9277.857142857143,11747.619047619048,40.13904761904763,92.77857142857142,52.45828571428573,23.194642857142856,13.114571428571427,65.57285714285715,48.0,0.0,1.0,1.0,1.0,0.0,1.5238095238095237,0.0,0.0,18.736357142857138,0.8095238095238095,1.0952380952380953,0.00885038052232506,0.009038662884082208,0.0,0.0,4875.666666666667,111.71428571428571,0.0,184.66666666666666,0.0,4013.904761904762,0.0,277.14285714285717,5263.952380952381,0.0,0.0,0.0,0.0,6871.952380952381
44,0.010000000000000007,0.010006885915070585,0.0037672708040149432,0.0037663773143657734,0.36754139516584466,0.3741279645402313,10.0,10.0,168.63666666666668,185.715,58.796800000000005,54.09680000000001,48.0,48.0,27.124250000000007,24.72075,9.8,0.0,5.65,10369.0,10630.55,46.8515,103.68999999999998,56.44680000000001,25.922499999999996,14.111699999999999,70.55850000000001,48.0,0.0,1.0,1.0,1.0,0.0,1.5,0.0,0.0,17.475699999999996,0.95,1.0,0.008594814397932358,0.008746504264943939,0.0,0.0,4163.35,110.5,0.0,194.95,0.0,4685.15,0.0,294.0,5683.85,0.0,0.0,0.0,0.0,6467.2
45,0.010000000000000007,0.010006885915070585,0.0037666433155491047,0.003765174593391721,0.37782488050340485,0.3852619201550969,12.0,8.0,208.39722222222224,121.84166666666667,52.02533333333334,69.159,48.0,48.0,21.35375,33.975312499999994,10.2,0.0,5.3,10560.95,10426.5,46.29100000000001,105.6095,58.8788,26.402375,14.719699999999994,73.5985,48.0,0.0,1.0,1.0,1.0,0.0,1.4,0.0,0.0,15.523574999999997,0.95,1.0,0.008693917791447039,0.0085948329268619,0.0,0.0,3182.0,101.55,0.0,204.0,0.0,4629.1,0.0,306.0,5931.85,0.0,0.0,0.0,0.0,7244.5
46,0.010000000000000007,0.010006885915070585,0.0037661279382098863,0.0037643442048433235,0.3882976557257408,0.39586875819703865,12.0,8.0,187.7513888888889,149.86041666666668,55.79933333333333,64.308,48.0,48.0,24.25458333333333,29.751875000000002,10.7,0.0,5.05,10581.4,10355.7,46.7905,105.81400000000001,59.20279999999999,26.453500000000002,14.800699999999996,74.0035,48.0,0.0,1.0,1.0,1.0,0.0,1.4,0.0,0.0,15.250699999999995,0.95,1.0,0.008793532219755259,0.009088227036119079,0.0,0.0,3798.4,126.9,0.0,214.0,0.0,4679.05,0.0,321.0,5902.35,0.0,0.0,0.0,0.0,6557.3
47,0.010000000000000007,0.010006885915070585,0.0037652002655988235,0.0037635193433914207,0.39885047738254575,0.4061712253126757,7.0,7.0,124.40238095238095,125.88809523809525,71.12114285714286,68.30857142857144,48.0,48.0,33.532500000000006,33.4725,12.928571428571429,0.0,4.642857142857143,13401.0,7508.714285714285,64.96642857142857,134.01,69.71485714285714,33.5025,17.428714285714282,87.14357142857146,48.0,0.0,1.0,1.0,1.0,0.0,1.5,0.0,0.0,11.787642857142854,0.8571428571428571,1.0,0.00856681624785526,0.008424213048931099,0.0,0.0,959.8571428571429,43.57142857142857,0.0,257.85714285714283,0.0,6496.642857142857,0.0,387.85714285714283,6904.357142857143,0.0,0.0,0.0,0.0,6548.857142857143
48,0.010000000000000007,0.010006885915070585,0.0037642855263829746,0.0037627034218234083,0.4089519131184391,0.41672283389733844,11.0,11.0,165.12727272727273,167.67272727272726,59.05163636363637,57.980363636363634,48.0,48.0,27.68159090909091,27.306136363636366,10.136363636363637,0.0,5.0,10997.545454545454,9984.0,51.021363636363624,109.97545454545455,58.51599999999999,27.49386363636364,14.628999999999998,73.145,48.0,0.0,1.0,1.0,1.0,0.0,1.5,0.0,0.0,16.977863636363633,1.0,1.0,0.008990355753399378,0.008720697687460432,0.0,0.0,3125.7272727272725,110.63636363636364,0.0,202.72727272727272,0.0,5102.136363636364,0.0,304.09090909090907,5895.409090909091,0.0,0.0,0.0,0.0,6858.272727272727
49,0.010000000000000007,0.010006885915070585,0.0037634629651700936,0.0037620893512685266,0.42002711659390335,0.42834608132138635,9.0,12.0,152.57777777777775,211.52916666666667,61.78666666666667,46.662000000000006,48.0,48.0,29.457222222222217,20.978333333333335,9.428571428571429,0.0,5.238095238095238,9844.857142857143,11175.857142857143,45.21857142857142,98.44857142857143,53.14399999999999,24.612142857142857,13.285999999999998,66.42999999999999,48.0,0.0,1.0,1.0,1.0,0.0,1.5714285714285714,0.0,0.0,19.468142857142855,0.8571428571428571,1.0476190476190477,0.008752911286410594,0.008942785529563773,0.0,0.0,4146.714285714285,107.95238095238095,0.0,187.47619047619048,0.0,4521.857142857143,0.0,282.85714285714283,5323.0,0.0,0.0,0.0,0.0,7029.142857142857
50,0.010000000000000007,0.010006885915070585,0.0037627395257279644,0.003761217530697404,0.4306676703954569,0.4400762712711196,12.0,11.0,191.20555555555558,165.75,53.05533333333333,57.71709090909091,48.0,48.0,23.875833333333336,27.586363636363636,9.782608695652174,0.0,5.0,10260.173913043478,10741.869565217392,47.19130434782609,102.6017391304348,55.28486956521738,25.6504347826087,13.821217391304343,69.10608695652174,48.0,0.0,1.0,1.0,1.0,0.0,1.4782608695652173,0.0,0.0,18.365565217391303,0.9565217391304348,1.0,0.008516339034024153,0.008775146424737366,0.0,0.0,3380.391304347826,108.6086956521739,0.0,194.8695652173913,0.0,4719.130434782609,0.0,293.4782608695652,5541.04347826087,0.0,0.0,0.0,0.0,7361.478260869565
51,0.010000000000000007,0.010006885915070585,0.00376212835894298,0.003760316291919825,0.44192882689346147,0.4507615612625059,13.0,10.0,234.40128205128207,173.525,43.971076923076936,55.715999999999994,48.0,48.0,17.501153846153848,26.428250000000002,9.08695652173913,0.0,6.0,8553.0,12476.0,36.90478260869565,85.53,49.07756521739132,21.3825,12.269391304347822,61.34695652173914,48.0,0.0,1.0,1.0,1.0,0.0,1.434782608695652,0.0,0.0,20.304934782608694,0.7391304347826086,1.0869565217391304,0.008689527690245172,0.00860321674145593,0.0,0.0,4680.869565217391,116.78260869565217,0.0,180.6086956521739,0.0,3690.478260869565,0.0,272.60869565217394,4862.521739130435,0.0,0.0,0.0,0.0,7795.130434782609
52,0.010000000000000007,0.010006885915070585,0.0037611973867612285,0.0037592064909845167,0.4529274062528269,0.4623844684030005,8.0,9.0,145.20625,144.42592592592592,61.259,65.3608888888889,48.0,48.0,30.5209375,30.662500000000005,11.647058823529411,0.0,6.764705882352941,12238.35294117647,8687.588235294117,59.40117647058824,122.3835294117647,63.430588235294124,30.595882352941175,15.857647058823526,79.28823529411765,48.0,0.0,1.0,1.0,1.0,0.0,1.5294117647058822,0.0,0.0,15.165294117647063,0.9411764705882353,1.0588235294117647,0.008583333216520784,0.008699395768879676,0.0,0.0,2227.0588235294117,91.82352941176471,0.0,231.8235294117647,0.0,5940.117647058823,0.0,349.4117647058824,6298.235294117647,0.0,0.0,0.0,0.0,6460.529411764706
53,0.010000000000000007,0.010006885915070585,0.0037603619825143375,0.0037577214100726307,0.4642931912268221,0.47434015952292524,11.0,13.0,189.70757575757577,223.4628205128205,54.71418181818183,43.43138461538461,48.0,48.0,24.035227272727276,19.240576923076922,8.458333333333334,0.0,5.833333333333333,8575.25,12479.5,36.84083333333334,85.75249999999998,48.60266666666667,21.438124999999996,12.15066666666666,60.75333333333333,48.0,0.0,1.0,1.0,1.0,0.0,1.5416666666666667,0.0,0.0,20.835458333333328,0.7916666666666666,1.1666666666666667,0.008824090177505343,0.009116039640542148,0.0,0.0,5796.0,121.33333333333333,0.0,169.16666666666666,0.0,3684.0833333333335,0.0,253.75,4891.166666666667,0.0,0.0,0.0,0.0,6683.5
54,0.010000000000000007,0.010006885915070585,0.003759743914019844,0.0037568238705910023,0.474390959490017,0.4854974364973464,11.0,11.0,177.8348484848485,180.12424242424242,57.43563636363638,54.81963636363637,48.0,48.0,25.798863636363635,25.38909090909091,10.136363636363637,0.0,6.909090909090909,10237.59090909091,10738.772727272728,46.407272727272726,102.37590909090909,56.12763636363638,25.593977272727273,14.031909090909089,70.15954545454547,48.0,0.0,1.0,1.0,1.0,0.0,1.5,0.0,0.0,17.466340909090906,0.7727272727272727,1.0909090909090908,0.008810124336542822,0.00890030971593856,0.0,0.0,3698.3636363636365,116.72727272727273,0.0,201.8181818181818,0.0,4640.727272727273,0.0,304.09090909090907,5596.863636363636,0.0,0.0,0.0,0.0,7040.409090909091
55,0.010000000000000007,0.010006885915070585,0.003758848194193377,0.0037556331140117818,0.4852136114168452,0.49691562409463125,12.0,12.0,188.4375,167.36111111111111,53.952,58.411333333333324,48.0,48.0,24.237083333333334,27.33395833333334,10.041666666666666,0.0,6.458333333333333,10314.208333333334,10673.958333333334,46.973333333333336,103.14208333333333,56.18166666666667,25.785520833333333,14.045416666666666,70.22708333333334,48.0,0.0,1.0,1.0,1.0,0.0,1.5,0.0,0.0,17.603854166666668,0.9166666666666666,1.0833333333333333,0.008658795492917688,0.008823265458326552,0.0,0.0,3196.9583333333335,108.75,0.0,200.83333333333334,0.0,4697.333333333333,0.0,301.25,5616.875,0.0,0.0,0.0,0.0,7477.0
56,0.010000000000000007,0.010006885915070585,0.0037582059560252856,0.0037545344005148738,0.4933697080863799,0.5043614809071975,7.0,11.0,146.3452380952381,186.93939393939394,64.25828571428572,53.62763636363636,48.0,48.0,30.23107142857143,24.49318181818182,10.61111111111111,0.0,5.055555555555555,10689.833333333334,10269.166666666666,49.55166666666667,106.89833333333334,57.76177777777779,26.724583333333335,14.440444444444445,72.20222222222222,48.0,0.0,1.0,1.0,1.0,0.0,1.6111111111111112,0.0,0.0,16.962805555555555,0.8888888888888888,1.0555555555555556,0.008440643670570194,0.008877387189637098,0.0,0.0,3344.3888888888887,109.44444444444444,0.0,212.22222222222223,0.0,4955.166666666667,0.0,318.3333333333333,5734.666666666667,0.0,0.0,0.0,0.0,6924.777777777777
57,0.010000000000000007,0.010006885915070585,0.003757586880906631,0.0037537377453321146,0.5029896077776091,0.5153789897902769,10.0,9.0,185.35833333333332,143.32777777777775,55.5976,65.98133333333334,48.0,48.0,24.627,30.811944444444446,10.947368421052632,0.0,5.578947368421052,11022.684210526315,9926.947368421053,49.90789473684211,110.22684210526316,60.51621052631577,27.55671052631579,15.129052631578942,75.64526315789473,48.0,0.0,1.0,1.0,1.0,0.0,1.4736842105263157,0.0,0.0,15.040499999999996,0.9473684210526315,1.0,0.008936629969403474,0.008726186061400784,0.0,0.0,3678.5263157894738,102.94736842105263,0.0,218.0,0.0,4990.789473684211,0.0,328.42105263157896,6031.894736842105,0.0,0.0,0.0,0.0,6248.421052631579
58,0.010000000000000007,0.010006885915070585,0.0037566976161890653,0.003752925279296933,0.5134361196074458,0.5257988887383204,9.0,8.0,183.75555555555556,154.74583333333334,53.72977777777779,61.154,48.0,48.0,24.91388888888889,29.115937499999998,10.352941176470589,0.0,6.0,10756.529411764706,10206.235294117647,50.53000000000001,107.56529411764707,57.22352941176471,26.891323529411768,14.305882352941175,71.52941176470587,48.0,0.0,1.0,1.0,1.0,0.0,1.4705882352941178,0.0,0.0,17.667794117647055,0.9411764705882353,1.0588235294117647,0.008464196208336097,0.008642838881069011,0.0,0.0,3499.0588235294117,118.58823529411765,0.0,207.05882352941177,0.0,5053.0,0.0,310.5882352941176,5703.529411764706,0.0,0.0,0.0,0.0,6707.176470588235
59,0.010000000000000007,0.010006885915070585,0.0037554149298532997,0.003752194998971801,0.5230972864621038,0.5341077154261744,10.0,11.0,128.06166666666667,227.6469696969697,70.6736,42.00945454545455,48.0,48.0,33.05075000000001,18.531136363636364,10.285714285714286,0.0,7.0476190476190474,10178.095238095239,10813.52380952381,46.607142857142854,101.78095238095239,55.65904761904763,25.445238095238096,13.914761904761901,69.57380952380953,48.0,0.0,1.0,1.0,1.0,0.0,1.5238095238095237,0.0,0.0,17.786190476190477,0.8571428571428571,1.0,0.009035899554926482,0.009316433037582788,0.0,0.0,4214.809523809524,93.0952380952381,0.0,205.71428571428572,0.0,4660.714285714285,0.0,308.57142857142856,5517.380952380952,0.0,0.0,0.0,0.0,6598.714285714285
60,0.010000000000000007,0.010006885915070585,0.0037545318894455716,0.0037509281863803297,0.5331196717101575,0.5439371896126166,15.0,10.0,251.79,143.90666666666667,39.45706666666668,63.729600000000005,48.0,48.0,15.084499999999998,30.74875,8.76,0.0,6.56,8540.08,12518.2,36.2072,85.40080000000002,49.16608000000001,21.350200000000005,12.29152,61.4576,48.0,0.0,1.0,1.0,1.0,0.0,1.4,0.0,0.0,20.184119999999997,0.84,1.08,0.008871385920395635,0.008868886348861899,0.0,0.0,5061.8,103.64,0.0,174.28,0.0,3620.72,0.0,262.8,4919.36,0.0,0.0,0.0,0.0,7456.4
61,0.010000000000000007,0.010006885915070585,0.0037535439174684938,0.0037499416122667873,0.5428795450850669,0.552446260150875,9.0,11.0,148.22777777777776,155.9151515151515,60.44888888888889,59.597818181818184,48.0,48.0,30.10694444444444,28.95431818181818,10.95,0.0,6.2,11789.2,9147.35,58.246,117.89200000000001,59.9808,29.473000000000003,14.995199999999997,74.976,48.0,0.0,1.0,1.0,1.0,0.0,1.55,0.0,0.0,17.492199999999997,0.85,1.1,0.008692809412198865,0.008790202614136943,0.0,0.0,2680.25,114.95,0.0,219.0,0.0,5824.6,0.0,328.5,5964.6,0.0,0.0,0.0,0.0,6467.1
62,0.010000000000000007,0.010017707010508341,0.0037528491172775427,0.003749520330787758,0.5518052344251804,0.5618024134314322,12.0,10.0,206.00833333333333,167.47833333333335,48.91866666666666,60.670399999999994,48.0,48.47475,21.637500000000003,27.4235,9.5,0.0,7.7727272727272725,9707.0,11309.681818181818,42.54454545454545,97.07000000000002,54.26036363636364,24.267500000000005,13.565090909090907,67.82545454545453,48.21579545454545,0.0,1.0,1.0,1.0,-0.004495738636363638,1.4545454545454546,0.0,0.0,18.222931818181813,0.9090909090909091,1.0909090909090908,0.008809115269717817,0.008976296067831567,0.0,0.0,3826.5,107.31818181818181,0.0,190.0,0.0,4254.454545454545,0.0,285.0,5452.545454545455,0.0,0.0,0.0,0.0,7483.181818181818
63,0.010000000000000007,0.010017707010508341,0.0037516567070770097,0.0037485231778249632,0.56218288463987,0.5692035452956057,10.0,11.0,148.84,155.58636363636364,61.70399999999999,61.59709090909093,48.0,48.0,30.056250000000006,29.012045454545454,10.857142857142858,0.0,7.523809523809524,11803.714285714286,9142.42857142857,56.17714285714286,118.03714285714287,61.64800000000001,29.509285714285717,15.411999999999999,77.05999999999999,48.0,0.0,1.0,1.0,1.0,0.0,1.5238095238095237,0.0,0.0,15.861285714285708,0.9047619047619048,1.0952380952380953,0.008750405484910087,0.008614727006249037,0.0,0.0,2724.3333333333335,110.0,0.0,217.14285714285714,0.0,5617.714285714285,0.0,325.7142857142857,6186.0,0.0,0.0,0.0,0.0,6418.0952380952385
64,0.010000000000000007,0.010017707010508341,0.003750844580871168,0.0037474557363078084,0.5720906447676214,0.5781006459236863,12.0,9.0,191.23194444444442,161.11111111111111,53.83933333333334,59.36,48.0,48.0,23.875,28.350000000000005,10.0,0.0,7.142857142857143,10317.142857142857,10699.380952380952,46.91476190476191,103.17142857142856,56.20533333333333,25.79285714285714,14.051333333333332,70.25666666666666,48.0,0.0,1.0,1.0,1.0,0.0,1.4285714285714286,0.0,0.0,17.58752380952381,0.7142857142857143,1.1428571428571428,0.008468901868445912,0.00875125389265288,0.0,0.0,2826.5238095238096,82.47619047619048,0.0,200.0,0.0,4691.476190476191,0.0,300.0,5625.666666666667,0.0,0.0,0.0,0.0,7872.857142857143
65,0.010000000000000007,0.010017707010508341,0.00374958374997723,0.003746469978217455,0.5798890415966494,0.5866288293733031,10.0,12.0,132.71666666666667,215.10277777777776,65.6944,50.635999999999996,48.0,48.0,32.48725,20.201874999999998,10.318181818181818,0.0,7.2727272727272725,10314.454545454546,10659.272727272728,45.73909090909092,103.14454545454547,57.48072727272727,25.786136363636366,14.370181818181818,71.8509090909091,48.0,0.0,1.0,1.0,1.0,0.0,1.5454545454545454,0.0,0.0,16.30540909090909,0.9545454545454546,1.0909090909090908,0.008808161695687024,0.008717712722024226,0.0,0.0,3637.4545454545455,109.36363636363636,0.0,206.36363636363637,0.0,4573.909090909091,0.0,309.54545454545456,5740.545454545455,0.0,0.0,0.0,0.0,7021.818181818182
66,0.010000000000000007,0.010017707010508341,0.003748537961441761,0.003745302508558094,0.5875629675381131,0.5949989723192369,8.0,12.0,164.73541666666668,158.71944444444443,57.769000000000005,60.042,48.0,48.0,27.6984375,28.5625,10.6,0.0,7.2,11286.75,9667.55,53.7915,112.86749999999999,59.13280000000001,28.216874999999998,14.783199999999999,73.916,48.0,0.0,1.0,1.0,1.0,0.0,1.6,0.0,0.0,17.08407499999999,0.85,1.15,0.00859285634487174,0.008886876517007121,0.0,0.0,2828.35,115.55,0.0,211.15,0.0,5379.15,0.0,318.0,5907.6,0.0,0.0,0.0,0.0,6839.2
67,0.010000000000000007,0.010017707010508341,0.0037476966436807892,0.0037447401968821454,0.595956410617922,0.6034593758769706,8.0,13.0,141.2,199.4128205128205,64.638,51.87015384615385,48.0,48.0,31.178749999999997,22.592500000000005,10.285714285714286,0.0,8.142857142857142,10345.380952380952,10634.190476190477,46.93619047619047,103.45380952380951,56.73409523809522,25.863452380952378,14.183523809523805,70.91761904761904,48.0,0.0,1.0,1.0,1.0,0.0,1.619047619047619,0.0,0.0,17.129357142857142,0.8095238095238095,1.0952380952380953,0.009030821416862586,0.008846037343549027,0.0,0.0,3199.4285714285716,105.14285714285714,0.0,205.71428571428572,0.0,4693.619047619048,0.0,308.57142857142856,5651.761904761905,0.0,0.0,0.0,0.0,7434.761904761905
68,0.010000000000000007,0.010017707010508341,0.003746835001151045,0.0037439838219287453,0.6044177490655871,0.6111565132452597,12.0,10.0,187.34722222222223,160.93833333333333,53.55533333333333,57.012800000000006,48.0,48.0,24.361875,28.25725,10.136363636363637,0.0,8.090909090909092,10453.0,10520.59090909091,49.812272727272735,104.53000000000002,55.12690909090909,26.132500000000004,13.781727272727272,68.90863636363635,48.0,0.0,1.0,1.0,1.0,0.0,1.4545454545454546,0.0,0.0,19.005590909090902,0.8181818181818182,1.0,0.008807780971436193,0.00844742277386246,0.0,0.0,3556.1363636363635,119.04545454545455,0.0,202.27272727272728,0.0,4981.227272727273,0.0,304.09090909090907,5471.772727272727,0.0,0.0,0.0,0.0,6964.454545454545
69,0.010000000000000007,0.010017707010508341,0.003746031673955536,0.003743589503267066,0.6117721032156009,0.6181452312364062,13.0,8.0,187.52179487179487,143.1625,53.184000000000005,67.41000000000001,48.0,48.0,24.335961538461543,30.7565625,10.619047619047619,0.0,7.9523809523809526,10712.761904761905,10237.380952380952,48.74000000000001,107.12761904761904,58.60342857142858,26.78190476190476,14.650857142857145,73.25428571428571,48.0,0.0,1.0,1.0,1.0,0.0,1.380952380952381,0.0,0.0,16.178476190476186,0.9047619047619048,1.0,0.008939230816606206,0.00902199004648704,0.0,0.0,3724.6190476190477,117.9047619047619,0.0,212.38095238095238,0.0,4874.0,0.0,318.57142857142856,5838.761904761905,0.0,0.0,0.0,0.0,6512.761904761905
70,0.010000000000000007,0.010017707010508341,0.00374533749273575,0.0037428080612070145,0.6188994826648967,0.6268128862887287,10.0,8.0,146.29666666666665,150.825,61.0312,65.063,48.0,48.0,30.335,29.706875,11.722222222222221,0.0,8.555555555555555,12022.333333333334,8898.555555555555,58.10555555555555,120.22333333333336,62.82311111111111,30.05583333333334,15.705777777777772,78.52888888888889,48.0,0.0,1.0,1.0,1.0,0.0,1.4444444444444444,0.0,0.0,15.23272222222222,0.8888888888888888,1.0,0.00865634962939575,0.008765173655105275,0.0,0.0,2260.222222222222,92.0,0.0,234.44444444444446,0.0,5810.555555555556,0.0,351.6666666666667,6211.777777777777,0.0,0.0,0.0,0.0,6638.333333333333
71,0.010000000000000007,0.010017707010508341,0.0037448243395866577,0.0037418232164669048,0.6278308994392114,0.6350786500551958,14.0,8.0,245.5702380952381,157.15416666666667,40.08457142857143,59.741,48.0,48.0,15.954821428571432,28.8903125,8.590909090909092,0.0,7.7272727272727275,8263.454545454546,12805.136363636364,35.62136363636363,82.63454545454543,47.23236363636364,20.658636363636358,11.808090909090907,59.04045454545455,48.0,0.0,1.0,1.0,1.0,0.0,1.3636363636363635,0.0,0.0,21.426272727272725,1.0,1.0,0.008896382965342363,0.00861765303652658,0.0,0.0,5005.590909090909,100.86363636363636,0.0,171.8181818181818,0.0,3562.1363636363635,0.0,257.72727272727275,4701.318181818182,0.0,0.0,0.0,0.0,7799.545454545455
72,0.010000000000000007,0.010017707010508341,0.0037440431670882103,0.0037409442956123167,0.6346828740146544,0.6421339907929261,8.0,11.0,132.52916666666667,175.8621212121212,71.15500000000002,56.229818181818175,48.0,48.0,32.3134375,25.979999999999997,11.526315789473685,0.0,7.421052631578948,11458.684210526315,9457.0,52.58105263157895,114.58684210526316,62.514105263157894,28.64671052631579,15.628526315789468,78.14263157894737,48.0,0.0,1.0,1.0,1.0,0.0,1.5789473684210527,0.0,0.0,14.132605263157894,1.0,1.0,0.008727247232813895,0.00851699113346501,0.0,0.0,2952.5263157894738,107.0,0.0,230.52631578947367,0.0,5258.105263157895,0.0,345.7894736842105,6200.578947368421,0.0,0.0,0.0,0.0,6504.473684210527
73,0.010000000000000007,0.010017707010508341,0.003742981370274994,0.0037397924987419627,0.6426181502470542,0.6475353152600286,13.0,8.0,202.6705128205128,131.36875,51.83815384615385,69.035,48.0,48.0,22.043653846153845,32.5159375,10.904761904761905,0.0,7.904761904761905,10413.238095238095,10530.47619047619,46.41238095238094,104.13238095238096,58.38933333333334,26.03309523809524,14.59733333333333,72.98666666666665,48.0,0.0,1.0,1.0,1.0,0.0,1.380952380952381,0.0,0.0,15.643761904761902,0.9047619047619048,1.0476190476190477,0.008562936599455638,0.008749072573939717,0.0,0.0,3381.1428571428573,110.52380952380952,0.0,217.61904761904762,0.0,4641.238095238095,0.0,327.14285714285717,5772.0,0.0,0.0,0.0,0.0,7149.333333333333
74,0.010000000000000007,0.010017707010508341,0.0037423432015729606,0.0037390173577769793,0.6512741314323125,0.6548176217766705,14.0,6.0,179.93571428571428,111.38055555555555,56.63828571428572,76.40666666666667,48.0,48.0,25.43732142857143,35.36375,11.35,0.0,8.45,11366.1,9562.15,51.339999999999996,113.66100000000003,62.56880000000001,28.415250000000007,15.642199999999999,78.21099999999998,48.0,0.0,1.0,1.0,1.0,0.0,1.3,0.0,0.0,13.846449999999995,0.65,1.2,0.009083056398705349,0.008775504369571707,0.0,0.0,3152.7,103.8,0.0,226.45,0.0,5134.0,0.0,340.5,6232.1,0.0,0.0,0.0,0.0,6409.45
75,0.010000000000000007,0.010017707010508341,0.0037412954859354563,0.003738060026157452,0.6592115500359683,0.6609859132343072,10.0,12.0,138.91833333333335,220.4013888888889,63.72800000000001,46.54266666666667,48.0,48.0,31.46,19.658541666666668,9.818181818181818,0.0,8.136363636363637,10009.136363636364,11001.818181818182,45.8940909090909,100.09136363636365,54.354181818181814,25.022840909090913,13.588545454545454,67.94272727272727,48.0,0.0,1.0,1.0,1.0,0.0,1.5454545454545454,0.0,0.0,18.668659090909088,0.9090909090909091,1.0454545454545454,0.008804297034423621,0.008674635702942185,0.0,0.0,3774.2727272727275,97.9090909090909,0.0,195.5909090909091,0.0,4589.409090909091,0.0,294.54545454545456,5419.727272727273,0.0,0.0,0.0,0.0,7227.545454545455
76,0.010000000000000007,0.010017707010508341,0.003740727636511491,0.0037370231536891464,0.6651911915835537,0.6670997441192089,12.0,6.0,148.225,118.325,65.98600000000002,76.68400000000001,48.0,48.0,30.156666666666666,34.33833333333333,12.0,0.0,7.722222222222222,12620.222222222223,8295.5,56.06222222222223,126.20222222222225,69.552,31.55055555555556,17.387999999999995,86.94,48.0,0.0,1.0,1.0,1.0,0.0,1.3333333333333333,0.0,0.0,9.998555555555546,0.8888888888888888,1.0,0.008762790010205952,0.00865523090344969,0.0,0.0,2074.0555555555557,83.27777777777777,0.0,240.0,0.0,5606.222222222223,0.0,360.0,7014.0,0.0,0.0,0.0,0.0,6221.444444444444
77,0.010000000000000007,0.010017707010508341,0.0037398524123729176,0.003736081726827428,0.6705818839853552,0.6740407922847987,11.0,13.0,150.44545454545454,210.01410256410256,62.96654545454545,49.135999999999996,48.0,48.0,29.793409090909087,21.06519230769231,10.041666666666666,0.0,8.708333333333334,10026.25,10962.708333333334,44.97708333333333,100.2625,55.475,25.065625,13.868749999999997,69.34375,48.0,0.0,1.0,1.0,1.0,0.0,1.5416666666666667,0.0,0.0,17.590624999999996,0.875,1.0833333333333333,0.008657356874276113,0.008900841178301406,0.0,0.0,4073.7083333333335,108.58333333333333,0.0,200.20833333333334,0.0,4497.708333333333,0.0,301.25,5528.541666666667,0.0,0.0,0.0,0.0,6889.0
78,0.010005035823859558,0.010017707010508341,0.0037395280514842914,0.0037354505189078698,0.6766890128519603,0.6813828092363617,10.0,8.0,154.55333333333334,126.35416666666667,60.43920000000001,69.25800000000001,48.232749999999996,48.0,29.122000000000003,33.2178125,12.166666666666666,0.0,8.222222222222221,12376.944444444445,8521.222222222223,60.35444444444444,123.76944444444446,64.35866666666668,30.942361111111115,16.08966666666667,80.44833333333334,48.129305555555554,0.0,1.0,1.0,1.0,-0.0026938657407407415,1.4444444444444444,0.0,0.0,14.713000000000001,0.8333333333333334,1.1666666666666667,0.00859091973743444,0.008656415112640937,0.0,0.0,1707.7777777777778,94.11111111111111,0.0,241.72222222222223,0.0,6035.444444444444,0.0,365.0,6341.5,0.0,0.0,0.0,0.0,6813.444444444444
79,0.010005715828882938,0.010017707010508341,0.0037390217075291797,0.003734942148458979,0.6832609033459159,0.6862312796877102,8.0,14.0,121.8375,227.89404761904763,74.35399999999998,44.012,48.0409375,48.0,33.8015625,18.47,10.318181818181818,0.0,8.545454545454545,9618.045454545454,11359.681818181818,41.81909090909091,96.18045454545455,55.045454545454554,24.045113636363638,13.761363636363637,68.80681818181819,48.01488636363636,0.0,1.0,1.0,1.0,-0.0003101325757575763,1.6363636363636365,0.0,0.0,17.01454545454546,0.8181818181818182,1.0454545454545454,0.00880842915336985,0.00880231246779962,0.0,0.0,4618.363636363636,106.36363636363636,0.0,205.36363636363637,0.0,4181.909090909091,0.0,309.54545454545456,5436.136363636364,0.0,0.0,0.0,0.0,6741.318181818182
80,0.010005715828882938,0.010031068772465745,0.003738450861141846,0.003734189833348772,0.691073964294735,0.6929563934452073,11.0,7.0,174.12575757575758,117.06666666666666,55.72,77.54057142857143,48.0,48.881071428571424,26.322954545454547,34.50428571428572,11.722222222222221,0.0,10.222222222222221,11801.833333333334,9116.166666666666,54.172222222222224,118.01833333333333,64.20577777777778,29.504583333333333,16.051444444444446,80.25722222222221,48.342638888888885,0.0,1.0,1.0,1.0,-0.007138310185185174,1.3888888888888888,0.0,0.0,13.641444444444442,0.8333333333333334,1.1666666666666667,0.008326804586869593,0.008772943169255299,0.0,0.0,2747.0,95.5,0.0,233.83333333333334,0.0,5417.222222222223,0.0,351.6666666666667,6384.611111111111,0.0,0.0,0.0,0.0,6369.166666666667
81,0.010005929749342073,0.010031068772465745,0.003737861610507388,0.0037339352211934484,0.697335163885531,0.6986782732271191,7.0,9.0,115.39761904761905,128.69814814814814,76.08114285714285,70.75377777777777,48.014785714285715,48.0,34.86642857142857,32.856944444444444,13.5625,0.0,8.125,13494.4375,7372.75,62.57625,134.944375,73.0845,33.73609375,18.271124999999994,91.355625,48.00646875,0.0,1.0,1.0,1.0,-0.00013476562500001435,1.5625,0.0,0.0,8.658062499999994,0.75,1.25,0.00837006683128182,0.008768107837340885,0.0,0.0,1144.8125,53.6875,0.0,271.25,0.0,6257.625,0.0,406.875,7236.8125,0.0,0.0,0.0,0.0,6227.9375
82,0.010005929749342073,0.010031068772465745,0.003736826976077468,0.0037332750719056913,0.7045575658788781,0.703753050447023,12.0,14.0,177.8625,221.775,58.37799999999999,47.146285714285725,48.0,48.0,25.772083333333327,19.281964285714285,9.653846153846153,0.0,8.73076923076923,8910.961538461539,12090.461538461539,37.21230769230769,89.1096153846154,52.33015384615385,22.27740384615385,13.08253846153846,65.41269230769232,48.0,0.0,1.0,1.0,1.0,0.0,1.5384615384615385,0.0,0.0,17.947250000000004,0.9615384615384616,1.0,0.008530666507399757,0.008530492845601888,0.0,0.0,4511.2307692307695,114.88461538461539,0.0,193.07692307692307,0.0,3721.230769230769,0.0,289.61538461538464,5189.7307692307695,0.0,0.0,0.0,0.0,7579.2307692307695
83,0.010005929749342073,0.010031068772465745,0.0037360716097329643,0.003732613490483551,0.7097946285543787,0.7092034837831439,9.0,7.0,138.53703703703704,139.80238095238096,64.71555555555557,68.71314285714286,48.0,48.0,31.595555555555556,31.240714285714287,12.0625,0.0,8.5625,12576.125,8345.4375,59.568125000000016,125.76125,66.4645,31.4403125,16.616124999999997,83.080625,48.0,0.0,1.0,1.0,1.0,0.0,1.4375,0.0,0.0,12.975812499999996,0.9375,1.0,0.0087365277498304,0.008803707336620637,0.0,0.0,1499.875,74.75,0.0,240.8125,0.0,5956.8125,0.0,361.875,6619.3125,0.0,0.0,0.0,0.0,6845.5625
84,0.010005929749342073,0.010057258934889948,0.0037352729073210746,0.003731723099291233,0.7154643917631411,0.713981211888776,11.0,5.0,158.21818181818182,113.66666666666667,62.313454545454555,84.376,48.0,50.25840000000001,28.562045454545455,34.862,12.75,0.0,8.75,12212.3125,8657.75,53.463125000000005,122.123125,69.208,30.53078125,17.302,86.51000000000002,48.70575,0.0,1.0,1.0,1.0,-0.014703125000000039,1.3125,0.0,0.0,10.028531249999993,1.0,1.0,0.008665682097115959,0.00875274163717945,0.0,0.0,2205.5625,91.6875,0.0,254.75,0.0,5346.3125,0.0,382.5,6866.0,0.0,0.0,0.0,0.0,6452.1875
85,0.010005929749342073,0.010057258934889948,0.00373412793635296,0.003730747707123235,0.7193764599997583,0.7188423383796215,13.0,15.0,191.46794871794873,201.68777777777777,55.01907692307691,53.57066666666667,48.0,48.0,23.69807692307692,22.23266666666666,9.642857142857142,0.0,8.964285714285714,9165.214285714286,11816.57142857143,37.348214285714285,91.65214285714286,54.243142857142864,22.913035714285716,13.560785714285712,67.80392857142857,48.0,0.0,1.0,1.0,1.0,0.0,1.5357142857142858,0.0,0.0,16.66989285714286,0.9285714285714286,1.0357142857142858,0.009056775258188179,0.00887356089051523,0.0,0.0,4451.678571428572,135.21428571428572,0.0,192.71428571428572,0.0,3734.8214285714284,0.0,289.2857142857143,5430.392857142857,0.0,0.0,0.0,0.0,7364.892857142857
86,0.01000735189837326,0.010057258934889948,0.0037335623775472198,0.0037302297737947087,0.7247061591183794,0.7247440739905412,10.0,10.0,133.20333333333332,148.13666666666668,67.648,63.20000000000001,48.068,48.0,32.22425,30.00925000000001,12.2,0.0,8.8,12446.7,8440.2,59.76700000000001,124.46700000000001,65.42400000000002,31.116750000000003,16.356,81.78,48.034000000000006,0.0,1.0,1.0,1.0,-0.0007083333333333404,1.5,0.0,0.0,13.726749999999992,0.95,1.0,0.008110445031587137,0.00867173083815449,0.0,0.0,2173.4,102.1,0.0,244.0,0.0,5976.7,0.0,366.0,6470.0,0.0,0.0,0.0,0.0,6266.8
87,0.010013438491414332,0.010057258934889948,0.0037330093860647624,0.003729281275013127,0.7315110121915746,0.7296996487193727,7.0,9.0,118.92857142857142,121.13333333333334,76.08685714285714,73.51644444444445,48.39807142857143,48.0,34.298928571428576,34.121388888888895,13.25,0.0,9.125,13679.625,7210.125,62.04500000000001,136.79625,74.64099999999999,34.1990625,18.660249999999998,93.30125,48.17415625,0.0,1.0,1.0,1.0,-0.0036282552083333475,1.5625,0.0,0.0,7.732218750000001,0.875,1.0625,0.008806065368760337,0.00880800281102076,0.0,0.0,838.75,47.875,0.0,263.875,0.0,6204.5,0.0,397.5,7475.125,0.0,0.0,0.0,0.0,6371.375
88,0.010013438491414332,0.010057258934889948,0.0037326469984532685,0.003728607006133565,0.7364604727560995,0.7353372015302,10.0,14.0,120.30833333333334,208.7702380952381,73.2208,49.08971428571429,48.0,48.0,34.10275,21.268392857142857,10.833333333333334,0.0,10.458333333333334,10646.416666666666,10314.666666666666,47.700416666666676,106.46416666666669,59.14433333333332,26.61604166666667,14.786083333333332,73.93041666666667,48.0,0.0,1.0,1.0,1.0,0.0,1.5833333333333333,0.0,0.0,15.471708333333334,0.9583333333333334,1.0416666666666667,0.008574941167843003,0.008740472207303056,0.0,0.0,3222.4583333333335,96.25,0.0,216.66666666666666,0.0,4770.041666666667,0.0,325.0,5876.375,0.0,0.0,0.0,0.0,7092.208333333333
89,0.010013438491414332,0.010066721015654694,0.0037317712323627662,0.003727782023737092,0.7419702000823668,0.7420694303515344,9.0,7.0,127.33703703703705,124.85952380952381,69.616,74.77142857142857,48.0,48.60078571428572,33.03861111111111,33.49071428571429,13.375,0.0,8.8125,13294.5625,7575.1875,61.831250000000004,132.94562499999998,71.87149999999998,33.236406249999995,17.967875,89.83937499999999,48.26284375,0.0,1.0,1.0,1.0,-0.0054759114583333435,1.4375,0.0,0.0,9.627749999999995,0.875,1.0,0.008857021541971604,0.008951945456459227,0.0,0.0,1163.5625,60.625,0.0,267.375,0.0,6183.125,0.0,401.25,7111.4375,0.0,0.0,0.0,0.0,6411.625
90,0.010013438491414332,0.01007001788445637,0.0037311326828899597,0.0037271941618178396,0.7462183329407602,0.7478371333855823,14.0,10.0,199.7642857142857,129.555,52.54000000000001,69.9384,48.0,48.154849999999996,22.490000000000002,32.7255,11.041666666666666,0.0,9.25,10701.916666666666,10230.625,47.740833333333335,107.01916666666666,59.78933333333335,26.754791666666666,14.947333333333333,74.73666666666668,48.064520833333326,0.0,1.0,1.0,1.0,-0.0013441840277777816,1.4166666666666667,0.0,0.0,15.029979166666669,0.9583333333333334,1.0416666666666667,0.008654408207091568,0.008593178438662667,0.0,0.0,3179.7083333333335,114.58333333333333,0.0,220.625,0.0,4774.083333333333,0.0,331.25,5927.833333333333,0.0,0.0,0.0,0.0,7050.916666666667
91,0.010013438491414332,0.01007001788445637,0.003730655796858454,0.0037266640395293943,0.7513212624464642,0.753902888820845,13.0,9.0,170.27948717948718,133.4851851851852,57.658461538461545,67.61955555555556,48.0,48.0,26.953461538461543,32.13638888888889,11.409090909090908,0.0,9.772727272727273,11629.5,9313.636363636364,55.10090909090909,116.29500000000002,61.73345454545454,29.073750000000004,15.433363636363634,77.16681818181819,48.0,0.0,1.0,1.0,1.0,0.0,1.4090909090909092,0.0,0.0,15.340295454545451,0.9545454545454546,1.0,0.008894775132802164,0.008894077803375077,0.0,0.0,2254.909090909091,85.68181818181819,0.0,227.9090909090909,0.0,5510.090909090909,0.0,342.27272727272725,6119.409090909091,0.0,0.0,0.0,0.0,7058.727272727273
92,0.010013438491414332,0.01007001788445637,0.003730013642916541,0.003726372479449517,0.7564833144346785,0.7585415334051056,11.0,14.0,164.24848484848482,217.57261904761904,56.660363636363634,46.92857142857143,48.0,48.0,27.82659090909091,19.957142857142856,9.4,0.0,10.92,9367.88,11646.6,42.825600000000016,93.6788,51.210559999999994,23.4197,12.802639999999995,64.0132,48.0,0.0,1.0,1.0,1.0,0.0,1.56,0.0,0.0,20.209140000000005,0.84,1.0,0.0089803598207835,0.00880503357796299,0.0,0.0,4674.36,114.52,0.0,188.0,0.0,4282.56,0.0,282.0,5085.32,0.0,0.0,0.0,0.0,6972.24
93,0.010013438491414332,0.010091200907467885,0.0037293518358745086,0.00372581789718043,0.7606151013744267,0.7634380553754451,13.0,6.0,216.36025641025643,117.62777777777778,48.694153846153846,83.20933333333333,48.0,49.597,20.117500000000003,34.46,10.631578947368421,0.0,10.526315789473685,9858.684210526315,11110.894736842105,38.97894736842106,98.58684210526316,59.59368421052633,24.64671052631579,14.898421052631576,74.4921052631579,48.50431578947369,0.0,1.0,1.0,1.0,-0.010506578947368436,1.3157894736842106,0.0,0.0,13.557342105263157,0.8947368421052632,1.0526315789473684,0.00851446272301985,0.008822910744792562,0.0,0.0,3662.4210526315787,97.84210526315789,0.0,212.6315789473684,0.0,3897.8947368421054,0.0,318.94736842105266,5960.789473684211,0.0,0.0,0.0,0.0,7448.473684210527
94,0.010017643563160088,0.010091200907467885,0.003728651243564081,0.003725712445652426,0.7642145409912312,0.768201842776304,12.0,10.0,175.41527777777776,136.925,58.634666666666675,68.29120000000002,48.16254166666667,48.0,26.05395833333333,31.683500000000002,11.545454545454545,0.0,9.045454545454545,11445.136363636364,9475.181818181818,51.834999999999994,114.45136363636365,63.024,28.612840909090913,15.756,78.78000000000002,48.08865909090909,0.0,1.0,1.0,1.0,-0.0018470643939394122,1.4545454545454546,0.0,0.0,13.677499999999993,0.9090909090909091,1.0909090909090908,0.009017302228314795,0.008848864722465115,0.0,0.0,2687.590909090909,101.4090909090909,0.0,230.9090909090909,0.0,5183.5,0.0,346.3636363636364,6261.636363636364,0.0,0.0,0.0,0.0,6787.590909090909
95,0.010017643563160088,0.010091200907467885,0.003728056513543855,0.0037251279900690436,0.7692974061925543,0.7713670990084818,13.0,15.0,190.50897435897434,213.38666666666668,53.26153846153846,50.082666666666675,48.0,48.0,23.836538461538467,20.50433333333334,9.571428571428571,0.0,10.821428571428571,8820.57142857143,12165.892857142857,37.15749999999999,88.2057142857143,51.55857142857144,22.051428571428573,12.889642857142857,64.44821428571429,48.0,0.0,1.0,1.0,1.0,0.0,1.5357142857142858,0.0,0.0,18.49285714285714,0.8571428571428571,1.1428571428571428,0.008630625009625779,0.00888275976518407,0.0,0.0,5185.285714285715,134.46428571428572,0.0,190.92857142857142,0.0,3715.75,0.0,287.14285714285717,5104.821428571428,0.0,0.0,0.0,0.0,6980.607142857143
96,0.010017643563160088,0.010091200907467885,0.0037274248426351665,0.0037243888890931788,0.7729438770831745,0.775173554119921,11.0,15.0,153.9151515151515,222.19444444444443,62.81745454545455,47.05813333333333,48.0,48.0,29.197045454545457,19.270000000000003,9.923076923076923,0.0,10.961538461538462,9387.961538461539,11598.423076923076,40.61500000000001,93.87961538461539,53.72553846153846,23.469903846153848,13.431384615384612,67.15692307692308,48.0,0.0,1.0,1.0,1.0,0.0,1.5769230769230769,0.0,0.0,17.74436538461538,0.9230769230769231,1.0384615384615385,0.008980514492214438,0.009292707679484083,0.0,0.0,4437.576923076923,116.84615384615384,0.0,198.07692307692307,0.0,4061.5,0.0,297.6923076923077,5326.461538461538,0.0,0.0,0.0,0.0,7160.846153846154
97,0.010017643563160088,0.010091200907467885,0.003726687228835393,0.003723990317695373,0.7770413621165848,0.7793646016389151,14.0,8.0,204.82857142857145,125.21041666666666,48.958285714285715,74.057,48.0,48.0,21.78392857142857,33.351875,10.954545454545455,0.0,11.409090909090908,10396.181818181818,10552.59090909091,46.691818181818185,103.96181818181817,58.085090909090916,25.990454545454543,14.521272727272725,72.60636363636364,48.0,0.0,1.0,1.0,1.0,0.0,1.3636363636363635,0.0,0.0,15.90536363636363,0.9545454545454546,1.0,0.008533697146065012,0.00880319954615369,0.0,0.0,3774.3636363636365,102.5,0.0,219.0909090909091,0.0,4669.181818181818,0.0,328.6363636363636,5727.0,0.0,0.0,0.0,0.0,6778.227272727273
98,0.010017643563160088,0.010111203941895169,0.0037261961619026772,0.0037238207201119745,0.7799409333837788,0.7829513780051574,13.0,5.0,192.48205128205126,105.69333333333334,51.8763076923077,82.0,48.0,49.65650000000001,23.633846153846154,36.194,11.277777777777779,0.0,10.722222222222221,10849.111111111111,10102.444444444445,48.974999999999994,108.49111111111112,60.244000000000014,27.12277777777778,15.061,75.305,48.46013888888889,0.0,1.0,1.0,1.0,-0.009586226851851875,1.2777777777777777,0.0,0.0,15.338916666666664,0.8888888888888888,1.0555555555555556,0.008219141387877707,0.008591512965861579,0.0,0.0,3342.777777777778,83.88888888888889,0.0,225.22222222222223,0.0,4897.5,0.0,338.3333333333333,5951.611111111111,0.0,0.0,0.0,0.0,6759.666666666667
99,0.010017643563160088,0.010118340029465807,0.003725154606161962,0.003723205222681125,0.7840964914204872,0.7858279901215421,9.0,9.0,129.20925925925926,119.98888888888888,70.19555555555556,76.2568888888889,48.0,48.373222222222225,32.83972222222222,34.10194444444445,13.61111111111111,0.0,11.444444444444445,13388.333333333334,7475.944444444444,61.40611111111111,133.88333333333335,73.22622222222223,33.47083333333334,18.30655555555555,91.53277777777778,48.18661111111111,0.0,1.0,1.0,1.0,-0.0038877314814815007,1.5,0.0,0.0,8.431222222222223,0.9444444444444444,1.0555555555555556,0.00908773592317417,0.008784743627856521,0.0,0.0,894.5,54.166666666666664,0.0,272.22222222222223,0.0,6140.611111111111,0.0,408.3333333333333,7247.722222222223,0.0,0.0,0.0,0.0,6581.444444444444
100,0.010017643563160088,0.010118340029465807,0.003724312277126328,0.0037223854353566426,0.7877410475069887,0.7923840992900483,13.0,10.0,159.82820512820516,137.13333333333333,61.91876923076924,66.3,48.0,48.0,28.327499999999993,31.60425,11.869565217391305,0.0,9.73913043478261,11900.869565217392,8997.652173913044,55.84652173913044,119.00869565217393,63.82365217391304,29.75217391304348,15.955913043478258,79.7795652173913,48.0,0.0,1.0,1.0,1.0,0.0,1.434782608695652,0.0,0.0,13.928521739130431,0.8695652173913043,1.0869565217391304,0.008856739694629825,0.009092080471711842,0.0,0.0,2223.2608695652175,107.34782608695652,0.0,237.04347826086956,0.0,5584.652173913043,0.0,356.0869565217391,6316.217391304348,0.0,0.0,0.0,0.0,6774.391304347826
101,0.010017643563160088,0.010125105382955498,0.0037233988363121378,0.0037217687659419404,0.7904065495313978,0.7958012653091062,10.0,14.0,126.03166666666667,183.15833333333333,67.0008,57.129714285714286,48.0,48.21989285714286,33.378,24.948214285714283,11.083333333333334,0.0,10.25,11384.25,9561.333333333334,52.80583333333332,113.84250000000002,61.24266666666668,28.460625000000004,15.310666666666663,76.55333333333334,48.12827083333334,0.0,1.0,1.0,1.0,-0.0026723090277777826,1.5833333333333333,0.0,0.0,15.346229166666665,0.7916666666666666,1.0416666666666667,0.008605526647139698,0.008646049615270556,0.0,0.0,2708.2083333333335,99.25,0.0,221.66666666666666,0.0,5280.583333333333,0.0,332.5,6103.666666666667,0.0,0.0,0.0,0.0,6853.125
102,0.010017643563160088,0.010125105382955498,0.003722770310138542,0.003721016665922827,0.7937017170407388,0.7992013443206103,15.0,10.0,191.92999999999998,113.33333333333333,53.73653333333333,73.08720000000001,48.0,48.0,23.636166666666664,35.24325,11.28,0.0,10.4,11311.6,9629.48,52.062,113.11600000000003,61.47680000000001,28.279000000000007,15.369199999999996,76.84599999999999,48.0,0.0,1.0,1.0,1.0,0.0,1.4,0.0,0.0,14.802199999999997,0.88,1.0,0.008550685031328813,0.009043563901360211,0.0,0.0,3222.88,94.08,0.0,225.44,0.0,5206.2,0.0,338.4,6105.4,0.0,0.0,0.0,0.0,6406.6
103,0.010017643563160088,0.010125105382955498,0.0037223927037600074,0.0037202950588115995,0.7975749792642404,0.8018391652560475,12.0,11.0,173.89305555555558,126.36212121212121,56.805333333333344,69.79781818181817,48.0,48.0,26.232291666666665,33.26909090909091,11.521739130434783,0.0,8.826086956521738,11839.08695652174,9069.652173913044,55.74739130434783,118.3908695652174,63.0191304347826,29.59771739130435,15.75478260869565,78.77391304347826,48.0,0.0,1.0,1.0,1.0,0.0,1.4782608695652173,0.0,0.0,14.578586956521736,0.8695652173913043,1.0434782608695652,0.008852836332050723,0.008798470335836188,0.0,0.0,2841.4347826086955,114.95652173913044,0.0,229.65217391304347,0.0,5574.739130434783,0.0,345.6521739130435,6264.347826086957,0.0,0.0,0.0,0.0,6228.217391304348
104,0.010025364996639634,0.010125105382955498,0.003721705901054278,0.0037198048982699026,0.8008983754598367,0.8058354924432645,10.0,9.0,119.80166666666668,147.7611111111111,75.84880000000001,66.72355555555556,48.3484,48.0,34.12875,30.04888888888889,13.263157894736842,0.0,11.105263157894736,12878.473684210527,7982.736842105263,57.945263157894736,128.78473684210525,71.5263157894737,32.19618421052631,17.88157894736841,89.40789473684211,48.18336842105263,0.0,1.0,1.0,1.0,-0.003820175438596493,1.4736842105263157,0.0,0.0,8.853236842105257,0.8421052631578947,1.0526315789473684,0.008579404779884128,0.008251729145878142,0.0,0.0,1752.2631578947369,74.94736842105263,0.0,264.94736842105266,0.0,5794.526315789473,0.0,397.89473684210526,7083.9473684210525,0.0,0.0,0.0,0.0,6230.473684210527
105,0.01003130620049532,0.010131075404209742,0.00372078503621363,0.0037191207995214215,0.8043281213328934,0.8086140277134868,10.0,11.0,126.65833333333333,129.61666666666667,72.4168,69.9949090909091,48.27235,48.24872727272727,33.2005,32.64750000000001,13.19047619047619,0.0,10.952380952380953,13164.333333333334,7692.476190476191,61.17476190476191,131.64333333333335,71.14819047619049,32.910833333333336,17.787047619047616,88.9352380952381,48.25997619047619,0.0,1.0,1.0,1.0,-0.005416170634920634,1.5238095238095237,0.0,0.0,10.02261904761904,0.7619047619047619,1.1428571428571428,0.008511083195988168,0.00909663817789956,0.0,0.0,1350.3333333333333,82.66666666666667,0.0,263.8095238095238,0.0,6117.476190476191,0.0,395.7142857142857,7046.857142857143,0.0,0.0,0.0,0.0,6342.142857142857
106,0.01003130620049532,0.010135745035412903,0.0037202886351221666,0.0037182091757474818,0.806373482944737,0.8120222457412762,14.0,10.0,156.45833333333334,128.085,62.06228571428572,72.144,48.0,48.21655,28.765357142857145,32.9705,12.291666666666666,0.0,12.041666666666666,12207.0,8678.166666666666,56.44958333333333,122.07000000000001,66.26299999999999,30.517500000000002,16.565749999999998,82.82875,48.09022916666667,0.0,1.0,1.0,1.0,-0.0018797743055555384,1.4166666666666667,0.0,0.0,12.34472916666666,1.0,1.0,0.009018595350294254,0.008653195502020468,0.0,0.0,1702.2916666666667,100.0,0.0,245.08333333333334,0.0,5644.958333333333,0.0,368.75,6562.041666666667,0.0,0.0,0.0,0.0,6975.875
107,0.010061241924574325,0.010137718249055492,0.0037195163766187743,0.003717557907280546,0.809291119952037,0.8153399946730921,5.0,12.0,116.36333333333333,153.23333333333332,84.11679999999998,62.336000000000006,50.642399999999995,48.07820833333333,34.3995,29.22854166666667,13.117647058823529,0.0,10.705882352941176,12299.764705882353,8543.35294117647,55.434705882352944,122.99764705882353,68.74211764705882,30.749411764705883,17.1855294117647,85.92764705882352,48.832382352941174,0.0,1.0,1.0,1.0,-0.017341299019607802,1.7058823529411764,0.0,0.0,10.839676470588232,1.0,1.0,0.008782348246609045,0.008483837244943932,0.0,0.0,2198.1176470588234,100.58823529411765,0.0,261.7647058823529,0.0,5543.470588235294,0.0,393.52941176470586,6756.294117647059,0.0,0.0,0.0,0.0,6345.235294117647
108,0.010061241924574325,0.010137718249055492,0.0037187629749979457,0.0037170115968628925,0.8126092660057074,0.8188575388852886,10.0,10.0,126.10666666666665,122.70166666666667,68.38480000000001,72.44160000000001,48.0,48.0,33.25175,33.71025,13.55,0.0,10.65,13392.4,7464.25,64.8775,133.924,70.4132,33.481,17.6033,88.01650000000001,48.0,0.0,1.0,1.0,1.0,0.0,1.5,0.0,0.0,11.0678,0.85,1.05,0.008587615700460115,0.009154976923859841,0.0,0.0,1105.3,64.85,0.0,271.0,0.0,6487.75,0.0,406.5,6904.65,0.0,0.0,0.0,0.0,6358.95
109,0.010061241924574325,0.010147885819188856,0.003718038103805095,0.0037164943228937958,0.8151978122513813,0.821311022406999,12.0,7.0,132.825,113.27619047619048,67.97533333333332,77.40685714285713,48.0,48.641714285714286,32.27645833333333,35.121785714285714,13.31578947368421,0.0,11.263157894736842,13329.894736842105,7537.368421052632,62.62842105263157,133.29894736842104,71.45010526315791,33.32473684210526,17.86252631578947,89.31263157894736,48.23642105263158,0.0,1.0,1.0,1.0,-0.004925438596491233,1.368421052631579,0.0,0.0,10.111052631578945,0.8947368421052632,1.105263157894737,0.00842443060023422,0.008968937279649139,0.0,0.0,1139.578947368421,66.73684210526316,0.0,265.5263157894737,0.0,6262.8421052631575,0.0,399.4736842105263,7067.0526315789475,0.0,0.0,0.0,0.0,6397.789473684211
110,0.010061241924574325,0.01017436173738695,0.0037173806647860515,0.003715711152504489,0.8175529882241581,0.8240627653216376,16.0,7.0,191.44583333333333,117.5,51.464000000000006,77.77257142857142,48.0,49.52585714285715,23.74671875,34.50857142857142,10.956521739130435,0.0,13.0,10808.826086956522,10136.434782608696,49.08869565217391,108.08826086956523,59.470956521739126,27.022065217391308,14.867739130434781,74.33869565217391,48.46439130434782,0.0,1.0,1.0,1.0,-0.009674818840579727,1.3043478260869565,0.0,0.0,16.015499999999996,0.782608695652174,1.0869565217391304,0.008558073203523447,0.008899023045986602,0.0,0.0,2854.695652173913,105.91304347826087,0.0,219.1304347826087,0.0,4908.869565217391,0.0,328.69565217391306,5899.95652173913,0.0,0.0,0.0,0.0,7281.739130434783
111,0.010061241924574325,0.01017436173738695,0.0037166504695922186,0.0037152570895705966,0.8198020374474614,0.8262606652768482,16.0,15.0,192.2875,214.70444444444445,53.770999999999994,49.592,48.0,48.0,23.55515625,20.28466666666667,9.612903225806452,0.0,12.64516129032258,8789.064516129032,12188.064516129032,36.6625806451613,87.8906451612903,51.74890322580646,21.972661290322574,12.937225806451613,64.68612903225805,48.0,0.0,1.0,1.0,1.0,0.0,1.4838709677419355,0.0,0.0,18.223758064516122,0.7419354838709677,1.032258064516129,0.008547595950747257,0.00885575365715196,0.0,0.0,5443.612903225807,142.19354838709677,0.0,191.29032258064515,0.0,3666.2580645161293,0.0,288.38709677419354,5122.806451612903,0.0,0.0,0.0,0.0,6744.451612903225
112,0.010061241924574325,0.01017436173738695,0.003715722019512791,0.003714371031267641,0.8226742424749794,0.8289516618048854,14.0,10.0,194.50357142857143,121.87666666666668,52.56000000000001,75.18640000000002,48.0,48.0,23.202499999999993,33.901500000000006,11.666666666666666,0.0,13.458333333333334,11064.166666666666,9854.541666666666,49.490416666666654,110.64166666666667,61.98766666666666,27.660416666666666,15.496916666666664,77.48458333333333,48.0,0.0,1.0,1.0,1.0,0.0,1.4166666666666667,0.0,0.0,13.67275,0.9583333333333334,1.0,0.008912453695713779,0.008859737765437069,0.0,0.0,2883.1666666666665,99.04166666666667,0.0,231.25,0.0,4949.041666666667,0.0,350.0,6115.125,0.0,0.0,0.0,0.0,6971.375
113,0.010078825186029594,0.01017436173738695,0.0037149935235753074,0.003713681729270592,0.8261652703484714,0.8310681133510722,8.0,11.0,116.79166666666667,144.66363636363636,77.45900000000002,65.2210909090909,48.9146875,48.0,34.599375,30.468409090909088,13.263157894736842,0.0,10.894736842105264,12883.105263157895,7975.684210526316,59.432105263157894,128.83105263157896,70.37389473684212,32.20776315789474,17.593473684210522,87.96736842105261,48.385131578947366,0.0,1.0,1.0,1.0,-0.008023574561403535,1.5789473684210527,0.0,0.0,10.218999999999998,0.7894736842105263,1.0,0.00917622489710049,0.008725909080001246,0.0,0.0,1660.0,77.36842105263158,0.0,264.94736842105266,0.0,5943.210526315789,0.0,397.89473684210526,6939.894736842105,0.0,0.0,0.0,0.0,6315.684210526316
114,0.010115813615347326,0.01017436173738695,0.0037146179962722964,0.003713267994345352,0.8290036688980408,0.832577640705009,10.0,13.0,124.28666666666666,169.76153846153846,77.32000000000001,58.16492307692309,49.603449999999995,48.0,33.494749999999996,26.96865384615385,12.0,0.0,12.91304347826087,11922.434782608696,8999.391304347826,52.907826086956526,119.22434782608696,66.49321739130434,29.80608695652174,16.623304347826082,83.11652173913043,48.69715217391304,0.0,1.0,1.0,1.0,-0.014524003623188415,1.565217391304348,0.0,0.0,12.01002173913043,0.9130434782608695,1.0,0.009117762190361955,0.008496942532023504,0.0,0.0,2002.1739130434783,78.17391304347827,0.0,239.0,0.0,5290.782608695652,0.0,360.0,6631.652173913043,0.0,0.0,0.0,0.0,6997.217391304348
115,0.010115813615347326,0.010206876255589001,0.0037140535495942756,0.0037128873019213835,0.8318518917194477,0.8347293348604677,16.0,8.0,205.13333333333333,116.33125,51.642500000000005,81.16200000000002,48.0,49.787062500000005,21.73140625,34.493125,11.5,0.0,13.333333333333334,10394.125,10531.958333333334,43.18833333333333,103.94124999999998,61.48233333333332,25.985312499999996,15.37058333333333,76.85291666666669,48.5956875,0.0,1.0,1.0,1.0,-0.012410156250000033,1.3333333333333333,0.0,0.0,13.098666666666661,1.0,1.0,0.008814770903971402,0.00901847325926018,0.0,0.0,3760.5416666666665,98.08333333333333,0.0,229.83333333333334,0.0,4318.833333333333,0.0,345.0,6075.291666666667,0.0,0.0,0.0,0.0,6771.416666666667
116,0.010171069987247405,0.01020852580002212,0.0037137336572601524,0.003712379611560441,0.8340017901205624,0.8366861675224914,4.0,9.0,109.1,112.52037037037037,86.07400000000001,79.43022222222223,53.01650000000001,48.08744444444445,35.514375,35.13777777777777,15.461538461538462,0.0,12.23076923076923,14101.461538461539,6688.076923076923,60.81769230769232,141.01461538461538,81.47446153846155,35.253653846153846,20.36861538461538,101.84307692307692,49.60407692307693,0.0,1.0,1.0,1.0,-0.03341826923076928,1.6923076923076923,0.0,0.0,3.3832692307692267,0.7692307692307693,1.2307692307692308,0.009382314965762804,0.008447374065379442,0.0,0.0,457.46153846153845,36.38461538461539,0.0,309.2307692307692,0.0,6081.7692307692305,0.0,463.84615384615387,8019.692307692308,0.0,0.0,0.0,0.0,6230.615384615385
117,0.010171069987247405,0.01020852580002212,0.0037127429493831665,0.0037119765418910204,0.836005422577027,0.8391619614452075,12.0,14.0,176.15972222222223,138.41547619047617,58.542,67.408,48.0,48.0,25.904166666666665,31.54589285714286,11.538461538461538,0.0,12.923076923076923,11576.807692307691,9350.153846153846,52.776923076923076,115.76807692307695,63.315999999999995,28.942019230769237,15.828999999999995,79.145,48.0,0.0,1.0,1.0,1.0,0.0,1.5384615384615385,0.0,0.0,13.626019230769229,0.9230769230769231,1.0,0.009200275190936824,0.009082801630804974,0.0,0.0,2679.3846153846152,95.11538461538461,0.0,230.76923076923077,0.0,5277.692307692308,0.0,346.15384615384613,6299.115384615385,0.0,0.0,0.0,0.0,6670.7692307692305
118,0.010183343761362255,0.01020852580002212,0.0037117986148698908,0.0037113101936672556,0.8376444941946285,0.8409505808776737,9.0,15.0,118.21851851851852,184.19666666666666,74.98133333333334,56.30186666666667,48.592,48.0,34.42583333333334,24.698666666666664,11.666666666666666,0.0,11.5,11338.541666666666,9567.291666666666,50.58541666666667,113.38541666666667,63.30666666666668,28.346354166666668,15.826666666666668,79.13333333333334,48.222,0.0,1.0,1.0,1.0,-0.0046250000000000084,1.625,0.0,0.0,13.261687499999994,0.875,1.0416666666666667,0.009013283291514186,0.008759263469495293,0.0,0.0,2995.3333333333335,110.58333333333333,0.0,232.58333333333334,0.0,5058.541666666667,0.0,350.0,6280.0,0.0,0.0,0.0,0.0,6571.958333333333
119,0.010183343761362255,0.010258449283879971,0.003711180890391638,0.0037107684053570883,0.8401839099992239,0.843057068065406,13.0,5.0,156.975641025641,110.04333333333334,63.0523076923077,83.57920000000001,48.0,51.65400000000001,28.666153846153843,35.522499999999994,12.833333333333334,0.0,12.944444444444445,12228.277777777777,8636.333333333334,54.306666666666665,122.28277777777778,68.75422222222223,30.570694444444445,17.18855555555555,85.94277777777779,49.01500000000001,0.0,1.0,1.0,1.0,-0.021145833333333378,1.2777777777777777,0.0,0.0,10.831472222222219,1.0,1.0,0.008828661823269968,0.00950734280277889,0.0,0.0,2299.8333333333335,92.72222222222223,0.0,256.6666666666667,0.0,5430.666666666667,0.0,385.0,6797.611111111111,0.0,0.0,0.0,0.0,6336.5
120,0.010183343761362255,0.010275945351821596,0.0037103954310616183,0.003710383672292684,0.8420215144702244,0.8450198674725398,12.0,12.0,125.31666666666666,128.22222222222223,72.42733333333332,72.60666666666667,48.0,48.62049999999999,33.30520833333333,32.888749999999995,13.625,0.0,12.583333333333334,13238.791666666666,7606.166666666667,60.81666666666667,132.38791666666668,72.51699999999998,33.09697916666667,18.129249999999995,90.64625,48.310249999999996,0.0,1.0,1.0,1.0,-0.006463541666666652,1.5,0.0,0.0,8.890229166666664,1.0,1.0,0.009136846063821103,0.009445599139454423,0.0,0.0,1125.5,74.33333333333333,0.0,270.9583333333333,0.0,6081.666666666667,0.0,408.75,7157.125,0.0,0.0,0.0,0.0,6480.666666666667
121,0.010183343761362255,0.010286685834893923,0.0037096896062051342,0.003709462557340678,0.8447494691586249,0.8475064500070555,12.0,6.0,142.1611111111111,112.12777777777778,65.66733333333333,81.51333333333334,48.0,48.75533333333333,30.89229166666667,35.27916666666667,13.277777777777779,0.0,12.277777777777779,12941.833333333334,7929.0,59.320555555555565,129.41833333333335,70.94933333333333,32.35458333333334,17.737333333333332,88.68666666666667,48.251777777777775,0.0,1.0,1.0,1.0,-0.0052453703703703915,1.3333333333333333,0.0,0.0,9.657027777777776,0.8333333333333334,1.0555555555555556,0.009073112585958644,0.008684628048757883,0.0,0.0,1520.5,66.66666666666667,0.0,263.1666666666667,0.0,5932.055555555556,0.0,398.3333333333333,7009.777777777777,0.0,0.0,0.0,0.0,6408.5
122,0.010183343761362255,0.010286685834893923,0.003709051788187239,0.0037090465701263135,0.8485786587530356,0.8493122360184528,17.0,12.0,202.83235294117645,126.53333333333333,53.864941176470595,68.17266666666667,48.0,48.0,21.97926470588235,33.125625,11.310344827586206,0.0,13.413793103448276,10636.620689655172,10275.620689655172,47.46896551724139,106.36620689655173,59.785379310344844,26.591551724137933,14.946344827586204,74.73172413793102,48.0,0.0,1.0,1.0,1.0,0.0,1.4137931034482758,0.0,0.0,14.806172413793096,0.8620689655172413,1.0344827586206897,0.008833255233878273,0.008721863279866706,0.0,0.0,3291.344827586207,121.58620689655173,0.0,225.86206896551724,0.0,4746.896551724138,0.0,339.3103448275862,5889.724137931034,0.0,0.0,0.0,0.0,6984.275862068966
123,0.010183343761362255,0.010286685834893923,0.0037084307245138937,0.0037082417523932147,0.8507513452270996,0.8509476672219017,13.0,14.0,133.47564102564104,134.84761904761905,68.67446153846154,67.46400000000001,48.0,48.0,32.178461538461534,31.895000000000003,12.74074074074074,0.0,14.037037037037036,12812.592592592593,8051.222222222223,60.90444444444446,128.1259259259259,68.04681481481482,32.03148148148148,17.011703703703702,85.05851851851851,48.0,0.0,1.0,1.0,1.0,0.0,1.5185185185185186,0.0,0.0,11.98466666666666,0.9259259259259259,1.037037037037037,0.008773299371486205,0.008641010821647546,0.0,0.0,1672.3333333333333,98.66666666666667,0.0,254.2962962962963,0.0,6090.444444444444,0.0,382.22222222222223,6722.148148148148,0.0,0.0,0.0,0.0,6378.888888888889
124,0.010186630744428948,0.010286685834893923,0.00370776620067288,0.0037078362976713432,0.8522763882894253,0.8532870300245626,8.0,11.0,114.59791666666666,138.6469696969697,77.328,68.05018181818183,48.193,48.0,34.860937500000006,31.371136363636367,13.473684210526315,0.0,11.578947368421053,13136.21052631579,7711.263157894737,60.27947368421051,131.36210526315787,71.95663157894738,32.84052631578947,17.989157894736838,89.94578947368421,48.08126315789474,0.0,1.0,1.0,1.0,-0.0016929824561403707,1.5789473684210527,0.0,0.0,8.965157894736839,0.8421052631578947,1.0526315789473684,0.008968945207663325,0.009004869856209791,0.0,0.0,1388.5263157894738,77.84210526315789,0.0,269.4736842105263,0.0,6027.9473684210525,0.0,404.2105263157895,7108.263157894737,0.0,0.0,0.0,0.0,6322.736842105263
125,0.010189313771296626,0.010286685834893923,0.0037071242207740145,0.0037073995213631533,0.854095570438425,0.8556496023652247,14.0,13.0,139.42142857142855,165.27179487179487,67.81085714285715,58.61107692307693,48.09053571428571,48.0,31.326964285714286,27.541153846153843,11.74074074074074,0.0,13.555555555555555,11801.666666666666,9112.074074074075,55.227037037037036,118.01666666666664,63.381333333333345,29.50416666666666,15.845333333333329,79.22666666666666,48.04694444444444,0.0,1.0,1.0,1.0,-0.000978009259259258,1.4814814814814814,0.0,0.0,14.169777777777776,0.8518518518518519,1.1111111111111112,0.00891496211113803,0.008832985998597736,0.0,0.0,2393.740740740741,99.25925925925925,0.0,233.77777777777777,0.0,5522.7037037037035,0.0,352.22222222222223,6278.962962962963,0.0,0.0,0.0,0.0,6718.333333333333
126,0.010191342733554693,0.010286685834893923,0.0037061533978104914,0.0037067464524387856,0.8561734884731037,0.8573431296122532,10.0,13.0,118.66333333333334,162.46923076923076,77.91839999999999,60.68676923076924,48.096450000000004,48.0,34.263,27.800000000000004,13.0,0.0,12.826086956521738,12244.0,8605.391304347826,55.41652173913044,122.44,68.17878260869564,30.61,17.04469565217391,85.22347826086956,48.0419347826087,0.0,1.0,1.0,1.0,-0.0008736413043478335,1.565217391304348,0.0,0.0,10.473152173913041,0.9565217391304348,1.0,0.008832693056046132,0.008873759651869526,0.0,0.0,1846.6521739130435,101.17391304347827,0.0,258.4347826086956,0.0,5541.652173913043,0.0,390.0,6702.347826086957,0.0,0.0,0.0,0.0,6758.739130434783
127,0.010215470480426057,0.010286685834893923,0.003705566237248825,0.003706150986917596,0.8580294365204786,0.8590393630678019,8.0,10.0,112.5875,113.70666666666666,76.98000000000002,75.33679999999998,49.220312500000006,48.0,35.25062500000001,35.0425,14.277777777777779,0.0,12.944444444444445,14054.0,6792.555555555556,65.445,140.54,76.06711111111112,35.135,19.016777777777776,95.0838888888889,48.54236111111111,0.0,1.0,1.0,1.0,-0.011299189814814859,1.5555555555555556,0.0,0.0,7.6102500000000015,0.8888888888888888,1.0555555555555556,0.00929202291278201,0.008999836067047741,0.0,0.0,564.5,40.44444444444444,0.0,283.6666666666667,0.0,6544.5,0.0,428.3333333333333,7509.5,0.0,0.0,0.0,0.0,6228.055555555556
128,0.010215470480426057,0.010287123942612527,0.0037047977076215765,0.0037056824200587825,0.8594373830584405,0.8608964011889857,11.0,13.0,145.37121212121212,132.3923076923077,65.93818181818182,69.00369230769232,48.0,48.01626923076923,30.48386363636364,32.309038461538464,12.583333333333334,0.0,13.166666666666666,12589.0,8300.458333333334,59.00833333333333,125.89000000000003,67.59866666666669,31.472500000000007,16.89966666666667,84.49833333333333,48.0088125,0.0,1.0,1.0,1.0,-0.00018359375000001315,1.5416666666666667,0.0,0.0,11.882645833333328,0.9166666666666666,1.0416666666666667,0.008795316208831063,0.00852321847745994,0.0,0.0,1800.0,82.58333333333333,0.0,249.45833333333334,0.0,5900.833333333333,0.0,377.5,6688.166666666667,0.0,0.0,0.0,0.0,6500.458333333333
129,0.010215470480426057,0.010287123942612527,0.003704525575141546,0.0037055556236865145,0.862205619129785,0.8627102890268397,15.0,17.0,175.9,164.24019607843138,59.78826666666668,61.301176470588246,48.0,48.0,25.86916666666667,27.635147058823527,11.125,0.0,13.9375,10722.9375,10182.34375,47.064375,107.229375,60.592000000000006,26.80734375,15.147999999999998,75.74,48.0,0.0,1.0,1.0,1.0,0.0,1.53125,0.0,0.0,14.215343749999999,0.90625,1.03125,0.008875918902301527,0.009075869751354458,0.0,0.0,3530.78125,138.0,0.0,221.96875,0.0,4706.4375,0.0,333.75,6016.5,0.0,0.0,0.0,0.0,6651.5625
130,0.010215470480426057,0.010302285650901528,0.00370412153875513,0.0037047674560691797,0.8639531888949741,0.8641139013535597,16.0,11.0,185.78645833333334,118.8060606060606,57.856,76.4669090909091,48.0,48.58454545454546,24.465625000000003,34.17522727272728,12.37037037037037,0.0,12.74074074074074,11368.555555555555,9509.888888888889,49.206296296296294,113.68555555555557,65.43822222222222,28.42138888888889,16.35955555555555,81.79777777777778,48.23814814814815,0.0,1.0,1.0,1.0,-0.004961419753086431,1.4074074074074074,0.0,0.0,11.22131481481481,0.9259259259259259,1.037037037037037,0.009129617684783688,0.008925538528847442,0.0,0.0,2569.777777777778,103.62962962962963,0.0,245.8148148148148,0.0,4920.62962962963,0.0,371.1111111111111,6447.925925925926,0.0,0.0,0.0,0.0,6940.111111111111
131,0.010215470480426057,0.010355230712503171,0.0037034029393633785,0.0037040006815477035,0.8654472655855525,0.8662286642347354,13.0,8.0,140.11025641025643,118.90625,68.39200000000001,82.653,48.0,50.6913125,31.12884615384615,33.978750000000005,14.142857142857142,0.0,13.619047619047619,12885.809523809523,7921.952380952381,56.37714285714286,128.85809523809525,73.82476190476189,32.21452380952381,18.45619047619047,92.28095238095239,49.025261904761905,0.0,1.0,1.0,1.0,-0.021359623015873037,1.380952380952381,0.0,0.0,7.415023809523808,0.8571428571428571,1.0952380952380953,0.009083823976959194,0.009346002047047866,0.0,0.0,1262.3809523809523,84.42857142857143,0.0,282.5238095238095,0.0,5637.714285714285,0.0,424.2857142857143,7248.0952380952385,0.0,0.0,0.0,0.0,6659.571428571428
132,0.010215470480426057,0.010356312534182984,0.0037030352530022055,0.0037035169748158504,0.8672845276512234,0.8685617068643482,16.0,10.0,182.75833333333333,119.74,57.131,77.37840000000003,48.0,48.0385,24.8825,34.14275000000001,12.0,0.0,15.307692307692308,11377.653846153846,9511.23076923077,49.42846153846154,113.77653846153846,64.91846153846154,28.444134615384616,16.22961538461538,81.14807692307691,48.01480769230769,0.0,1.0,1.0,1.0,-0.00030849358974358813,1.3846153846153846,0.0,0.0,11.540480769230763,0.8461538461538461,1.0384615384615385,0.008907118560937902,0.009163208226967572,0.0,0.0,2575.8076923076924,110.8076923076923,0.0,239.30769230769232,0.0,4942.846153846154,0.0,360.0,6434.807692307692,0.0,0.0,0.0,0.0,6935.423076923077
133,0.010215470480426057,0.010430506974841124,0.003702201435554973,0.003703108454534605,0.8689544001932284,0.870320946706003,11.0,7.0,124.92121212121212,116.70238095238095,73.41818181818182,84.51085714285716,48.0,52.434357142857145,33.400681818181816,34.33428571428571,14.777777777777779,0.0,13.833333333333334,13505.5,7303.5,58.57888888888889,135.05499999999998,77.73200000000001,33.763749999999995,19.432999999999996,97.165,49.72447222222223,0.0,1.0,1.0,1.0,-0.03592650462962971,1.3888888888888888,0.0,0.0,5.75622222222222,0.8888888888888888,1.0555555555555556,0.008955091627980845,0.009557343386724808,0.0,0.0,843.3333333333334,51.111111111111114,0.0,295.55555555555554,0.0,5857.888888888889,0.0,443.3333333333333,7647.611111111111,0.0,0.0,0.0,0.0,6460.166666666667
134,0.01024210509380427,0.010486022828145848,0.003701593090103898,0.00370247876716519,0.8702151074465815,0.871848536623465,9.0,4.0,116.13888888888889,112.27083333333333,82.14044444444446,88.624,49.30555555555556,53.579,34.48777777777778,35.045,16.23076923076923,0.0,14.23076923076923,13863.692307692309,6896.923076923077,56.190769230769234,138.63692307692307,84.13538461538464,34.65923076923077,21.03384615384615,105.16923076923075,50.62046153846154,0.0,1.0,1.0,1.0,-0.054592948717948696,1.3076923076923077,0.0,0.0,1.1443076923076911,0.7692307692307693,1.0769230769230769,0.009480167538582333,0.009685517190994059,0.0,0.0,371.38461538461536,26.846153846153847,0.0,324.61538461538464,0.0,5619.076923076923,0.0,486.9230769230769,8244.615384615385,0.0,0.0,0.0,0.0,6525.538461538462
135,0.01024210509380427,0.010509342016313256,0.003700938553970537,0.0037020001608946847,0.8719299881019815,0.8733726401045773,11.0,8.0,125.1939393939394,113.3125,71.58909090909091,82.14500000000001,48.0,49.3270625,33.370909090909095,34.920624999999994,14.421052631578947,0.0,16.789473684210527,13609.368421052632,7211.473684210527,61.24105263157895,136.0936842105263,76.03368421052632,34.023421052631576,19.00842105263158,95.04210526315788,48.55876315789474,0.0,1.0,1.0,1.0,-0.011640899122807037,1.4210526315789473,0.0,0.0,6.548499999999996,1.0,1.0,0.009143808514192785,0.00958232758080806,0.0,0.0,759.9473684210526,57.10526315789474,0.0,288.42105263157896,0.0,6124.105263157895,0.0,432.63157894736844,7485.263157894737,0.0,0.0,0.0,0.0,6451.526315789473
136,0.010389602242200185,0.010509342016313256,0.0037000678856463983,0.0037018714093673554,0.8737042208016661,0.8748907876177432,6.0,12.0,110.48611111111111,130.94166666666666,92.20666666666666,70.08266666666667,57.05708333333333,48.0,35.14958333333333,32.615625,14.277777777777779,0.0,15.555555555555555,13384.111111111111,7447.388888888889,57.008333333333326,133.84111111111113,77.45733333333331,33.46027777777778,19.364333333333327,96.82166666666666,51.01902777777778,0.0,1.0,1.0,1.0,-0.06289641203703702,1.6666666666666667,0.0,0.0,7.021972222222221,0.8888888888888888,1.0555555555555556,0.009982904372115554,0.008858496480717844,0.0,0.0,810.9444444444445,54.05555555555556,0.0,285.1111111111111,0.0,5700.833333333333,0.0,428.3333333333333,7683.277777777777,0.0,0.0,0.0,0.0,6636.444444444444
137,0.010427212056843115,0.010509342016313256,0.00369967969476988,0.003701445352069068,0.8752035828534676,0.8762494879849314,8.0,11.0,115.13958333333333,119.53484848484848,82.686,76.23854545454546,50.00275,48.0,34.652187500000004,34.14636363636364,15.210526315789474,0.0,14.789473684210526,13743.736842105263,7061.0526315789475,60.04052631578947,137.43736842105264,78.95326315789472,34.35934210526316,19.738315789473678,98.69157894736841,48.84326315789474,0.0,1.0,1.0,1.0,-0.017567982456140357,1.5789473684210527,0.0,0.0,4.249342105263152,0.8947368421052632,1.0526315789473684,0.009537387544091443,0.008920003710189134,0.0,0.0,591.1578947368421,35.94736842105263,0.0,301.94736842105266,0.0,6004.0526315789475,0.0,456.3157894736842,7739.684210526316,0.0,0.0,0.0,0.0,6469.894736842105
138,0.01045350767993064,0.010515744690920082,0.003698850682132015,0.0037009676320331436,0.8763979302045793,0.877266046137283,7.0,10.0,116.64761904761905,118.05833333333334,78.91542857142856,76.8752,49.422714285714285,48.2884,34.671428571428564,34.36975,14.294117647058824,0.0,15.176470588235293,13797.588235294117,7048.64705882353,60.8435294117647,137.9758823529412,77.71529411764706,34.4939705882353,19.42882352941176,97.14411764705879,48.75547058823529,0.0,1.0,1.0,1.0,-0.015738970588235264,1.588235294117647,0.0,0.0,5.534147058823526,0.9411764705882353,1.0,0.009575976717582552,0.008966912342823454,0.0,0.0,499.1764705882353,41.64705882352941,0.0,282.29411764705884,0.0,6084.35294117647,0.0,428.8235294117647,7713.235294117647,0.0,0.0,0.0,0.0,6549.470588235294
139,0.01045350767993064,0.010515744690920082,0.0036982429628795357,0.00370086212147726,0.8777667219979002,0.8787904490893438,12.0,15.0,120.48194444444445,172.8788888888889,71.41800000000002,57.31093333333334,48.0,48.0,34.033125,26.32283333333333,12.333333333333334,0.0,14.777777777777779,11899.851851851852,8975.481481481482,56.78925925925927,118.99851851851854,63.58074074074074,29.749629629629634,15.895185185185184,79.47592592592594,48.0,0.0,1.0,1.0,1.0,0.0,1.5555555555555556,0.0,0.0,14.168888888888883,0.8148148148148148,1.037037037037037,0.008754205413830842,0.00946082844469552,0.0,0.0,2430.259259259259,107.48148148148148,0.0,246.1851851851852,0.0,5678.925925925926,0.0,370.0,6220.925925925926,0.0,0.0,0.0,0.0,6545.222222222223
140,0.01045350767993064,0.010515744690920082,0.0036982935624929165,0.003700407681030602,0.8791618987341141,0.8800043815211366,14.0,15.0,125.69166666666666,150.56666666666666,72.77371428571429,63.08693333333335,48.0,48.0,33.24642857142858,29.593333333333337,12.689655172413794,0.0,15.379310344827585,12542.758620689656,8313.48275862069,58.48896551724138,125.42758620689655,67.7633103448276,31.356896551724137,16.940827586206893,84.7041379310345,48.0,0.0,1.0,1.0,1.0,0.0,1.5172413793103448,0.0,0.0,11.59358620689655,0.9310344827586207,1.0344827586206897,0.008813345988860952,0.008948232740382128,0.0,0.0,1920.5862068965516,109.20689655172414,0.0,252.86206896551724,0.0,5848.896551724138,0.0,380.6896551724138,6693.862068965517,0.0,0.0,0.0,0.0,6392.896551724138
141,0.010454963306741201,0.01052718438726007,0.0036977357629266743,0.0037001931697636468,0.8802919889207383,0.8810496747878906,9.0,13.0,114.27037037037037,126.0448717948718,76.90933333333334,74.56923076923077,48.07522222222222,48.39788461538462,34.92305555555556,33.205769230769235,14.045454545454545,0.0,15.409090909090908,13563.318181818182,7273.681818181818,60.88863636363637,135.6331818181818,75.52654545454548,33.90829545454545,18.881636363636364,94.40818181818182,48.265886363636355,0.0,1.0,1.0,1.0,-0.0055392992424242275,1.5909090909090908,0.0,0.0,6.6476363636363605,0.9090909090909091,1.0909090909090908,0.00909002984983086,0.009097952822548196,0.0,0.0,808.5,59.72727272727273,0.0,280.90909090909093,0.0,6088.863636363636,0.0,421.3636363636364,7474.454545454545,0.0,0.0,0.0,0.0,6465.181818181818
142,0.010539655974952038,0.010561841179483979,0.003697618177460113,0.0036997792188879623,0.8814204172155962,0.8820906936276038,5.0,8.0,109.45333333333333,110.85208333333334,90.12640000000002,83.26200000000001,54.79140000000001,49.856125000000006,35.335,35.3359375,16.384615384615383,0.0,14.461538461538462,14134.23076923077,6618.846153846154,56.90307692307693,141.34230769230768,85.90215384615385,35.33557692307692,21.475538461538456,107.37769230769233,51.7543076923077,0.0,1.0,1.0,1.0,-0.07821474358974372,1.6153846153846154,0.0,0.0,1.187730769230767,0.8461538461538461,1.0769230769230769,0.009826223337224023,0.009711119033672973,0.0,0.0,424.46153846153845,27.76923076923077,0.0,326.61538461538464,0.0,5690.307692307692,0.0,491.53846153846155,8443.923076923076,0.0,0.0,0.0,0.0,6194.384615384615
143,0.010544381959731468,0.01058850863091477,0.0036971678245560297,0.0036997258495959527,0.8827906442143694,0.8842622648549379,10.0,12.0,118.86333333333333,125.36944444444445,74.3888,75.758,48.219049999999996,48.663000000000004,34.30025,33.27958333333333,13.863636363636363,0.0,15.409090909090908,13497.40909090909,7344.727272727273,60.463636363636375,134.97409090909093,75.13563636363637,33.74352272727273,18.783909090909088,93.91954545454543,48.46120454545455,0.0,1.0,1.0,1.0,-0.009608428030303033,1.5454545454545454,0.0,0.0,7.069090909090906,0.9090909090909091,1.0,0.009026761842138218,0.009517109998151982,0.0,0.0,854.5909090909091,63.68181818181818,0.0,277.27272727272725,0.0,6046.363636363636,0.0,415.90909090909093,7451.045454545455,0.0,0.0,0.0,0.0,6490.136363636364
144,0.010551196557516138,0.010616390049414932,0.0036967078386606228,0.0036996121160436327,0.8839268097054982,0.8861314842931262,10.0,11.0,120.04833333333333,114.43787878787879,75.8472,79.03418181818182,48.3185,49.07122727272727,33.99825,34.89818181818182,14.761904761904763,0.0,15.333333333333334,13787.857142857143,7026.571428571428,61.64952380952381,137.87857142857143,77.51657142857145,34.46964285714286,19.379142857142856,96.89571428571428,48.712785714285715,0.0,1.0,1.0,1.0,-0.014849702380952401,1.5238095238095237,0.0,0.0,5.665857142857139,0.9047619047619048,1.0,0.008946470327614836,0.009876497358697433,0.0,0.0,770.5714285714286,47.57142857142857,0.0,294.14285714285717,0.0,6164.952380952381,0.0,442.85714285714283,7622.9047619047615,0.0,0.0,0.0,0.0,6256.0
145,0.010580284773856608,0.01064089662859552,0.003696102868909267,0.0036991336510930695,0.8848344544295584,0.8870857998981216,9.0,9.0,119.07962962962962,115.13888888888889,80.00533333333334,79.90933333333334,49.343777777777774,49.16816666666667,34.14805555555555,34.7475,14.833333333333334,0.0,15.88888888888889,13779.111111111111,7026.555555555556,58.611111111111114,137.79111111111112,79.95733333333334,34.44777777777778,19.989333333333327,99.94666666666666,49.25597222222222,0.0,1.0,1.0,1.0,-0.026166087962962967,1.5,0.0,0.0,3.7464166666666614,1.0,1.0,0.010079366657281473,0.009279322183085423,0.0,0.0,790.4444444444445,53.22222222222222,0.0,295.1111111111111,0.0,5861.111111111111,0.0,445.0,7918.0,0.0,0.0,0.0,0.0,6236.111111111111
146,0.010634276165843212,0.010672593763984826,0.0036956726005769164,0.0036991499197456595,0.8861325356245202,0.8881755493135853,5.0,7.0,107.37333333333332,112.91428571428573,88.4,83.65485714285717,52.62550000000001,49.95092857142858,35.7745,35.04357142857143,16.083333333333332,0.0,17.0,14139.25,6636.333333333333,56.86916666666665,141.3925,85.632,35.348125,21.407999999999998,107.04,51.06533333333334,0.0,1.0,1.0,1.0,-0.06386111111111124,1.5833333333333333,0.0,0.0,0.7814583333333301,1.0,1.0,0.009961821858788614,0.00911312395079403,0.0,0.0,362.5833333333333,20.166666666666668,0.0,320.75,0.0,5686.916666666667,0.0,482.5,8452.333333333334,0.0,0.0,0.0,0.0,6273.75
147,0.010634276165843212,0.010675432289504138,0.0036952243222667038,0.0036985181520827254,0.8875913334457435,0.8896882571397191,18.0,13.0,191.0851851851852,125.99871794871795,55.26044444444445,71.49292307692309,48.0,48.10288461538461,23.64652777777778,33.24865384615385,11.806451612903226,0.0,15.741935483870968,11069.290322580646,9827.451612903225,49.637419354838705,110.69290322580643,62.0676129032258,27.673225806451608,15.516903225806452,77.58451612903225,48.043145161290326,0.0,1.0,1.0,1.0,-0.00089885752688171,1.4193548387096775,0.0,0.0,13.648758064516123,0.8709677419354839,1.0,0.009314551994412291,0.009224256217899872,0.0,0.0,3224.1935483870966,113.0,0.0,235.06451612903226,0.0,4963.741935483871,0.0,354.19354838709677,6105.548387096775,0.0,0.0,0.0,0.0,6603.258064516129
148,0.010634359006446152,0.01068604482675256,0.0036947825592468443,0.003697900889026383,0.8883228022247215,0.891369120826828,13.0,13.0,123.55641025641026,125.83846153846154,73.69538461538463,73.58707692307692,48.002807692307684,48.359307692307695,33.57865384615385,33.24730769230769,13.461538461538462,0.0,15.653846153846153,13365.192307692309,7481.846153846154,60.44653846153844,133.6519230769231,73.64123076923077,33.41298076923078,18.41030769230769,92.05153846153847,48.18105769230769,0.0,1.0,1.0,1.0,-0.0037720352564102476,1.5,0.0,0.0,7.9528076923076885,0.8846153846153846,1.0,0.009436797897062869,0.009443620604613668,0.0,0.0,1014.1923076923077,78.88461538461539,0.0,269.2307692307692,0.0,6044.653846153846,0.0,403.84615384615387,7320.538461538462,0.0,0.0,0.0,0.0,6467.653846153846
149,0.01064662712689439,0.010702926616329824,0.003694423190323669,0.0036975713023776617,0.8899536462606057,0.8923566563604988,9.0,9.0,117.69259259259259,121.65555555555555,79.08533333333334,77.41422222222224,48.61844444444445,48.85344444444445,34.4525,33.83083333333334,14.5,0.0,16.5,13656.666666666666,7180.444444444444,59.05444444444444,136.56666666666666,78.24977777777778,34.141666666666666,19.562444444444438,97.81222222222223,48.73594444444445,0.0,1.0,1.0,1.0,-0.01533217592592597,1.5,0.0,0.0,4.62783333333333,0.9444444444444444,1.0,0.009153366310939442,0.009286195384926628,0.0,0.0,624.4444444444445,37.5,0.0,289.3888888888889,0.0,5905.444444444444,0.0,435.0,7751.222222222223,0.0,0.0,0.0,0.0,6556.0
150,0.01066542383948239,0.010702926616329824,0.0036941632959872368,0.003696941009218389,0.8911607309623212,0.8930902185385665,11.0,18.0,120.13181818181819,211.18796296296296,77.46327272727274,52.827555555555556,48.70459090909091,48.0,34.08772727272728,20.706805555555555,11.517241379310345,0.0,16.551724137931036,10312.931034482759,10598.965517241379,41.53827586206897,103.12931034482759,62.172137931034484,25.782327586206897,15.543034482758616,77.7151724137931,48.26725862068966,0.0,1.0,1.0,1.0,-0.005567887931034484,1.6206896551724137,0.0,0.0,11.877448275862072,0.896551724137931,1.0344827586206897,0.009767045865937162,0.009246289804913271,0.0,0.0,3436.8275862068967,111.58620689655173,0.0,230.0,0.0,4153.827586206897,0.0,345.51724137931035,6159.103448275862,0.0,0.0,0.0,0.0,7162.137931034483
151,0.010667273028847148,0.010727882544854269,0.00369358250953124,0.003697094207883645,0.8921389625687942,0.8940949817287638,12.0,10.0,123.33888888888889,117.05833333333334,72.95400000000001,77.51759999999999,48.065625000000004,49.073299999999996,33.592499999999994,34.509249999999994,14.045454545454545,0.0,16.545454545454547,13603.681818181818,7229.045454545455,61.915000000000006,136.0368181818182,75.02836363636365,34.00920454545455,18.757090909090902,93.78545454545456,48.52365909090909,0.0,1.0,1.0,1.0,-0.01090956439393938,1.4545454545454546,0.0,0.0,7.504499999999998,0.8636363636363636,1.0454545454545454,0.009942269874499279,0.009077386605706035,0.0,0.0,880.6818181818181,64.86363636363636,0.0,280.04545454545456,0.0,6191.5,0.0,421.3636363636364,7412.181818181818,0.0,0.0,0.0,0.0,6348.363636363636
152,0.010679091064986525,0.010727882544854269,0.0036937212251628186,0.003696959177348348,0.893052323656692,0.8951292250199389,11.0,15.0,128.89545454545456,166.15111111111113,72.072,61.312000000000005,48.46813636363636,48.0,32.741136363636365,27.319499999999998,12.5,0.0,15.961538461538462,11845.307692307691,9023.346153846154,53.62269230769231,118.45307692307694,65.86430769230768,29.613269230769234,16.46607692307692,82.33038461538462,48.19805769230769,0.0,1.0,1.0,1.0,-0.004126201923076909,1.5769230769230769,0.0,0.0,11.947019230769225,0.8846153846153846,1.0769230769230769,0.00901427881697842,0.009654358253341775,0.0,0.0,2403.153846153846,105.73076923076923,0.0,249.6153846153846,0.0,5362.2692307692305,0.0,375.0,6483.038461538462,0.0,0.0,0.0,0.0,6620.192307692308
153,0.010747391728145697,0.010727882544854269,0.0036935351070714758,0.0036967132890020544,0.89405566221617,0.8961317718463674,8.0,17.0,112.92083333333333,185.71274509803922,84.081,56.019764705882366,51.3238125,48.0,34.9809375,24.452500000000004,12.36,0.0,17.0,11128.64,9745.16,47.3412,111.2864,64.99936000000001,27.8216,16.249839999999995,81.24920000000002,49.06362,0.0,1.0,1.0,1.0,-0.022158749999999987,1.68,0.0,0.0,11.885859999999997,0.96,1.0,0.009654487070450003,0.009287258513817516,0.0,0.0,2536.08,107.92,0.0,246.48,0.0,4734.12,0.0,370.8,6394.52,0.0,0.0,0.0,0.0,7209.08
154,0.010747391728145697,0.01074041576032536,0.0036931467318485956,0.0036967729165464343,0.8954045110201422,0.8972050088387342,13.0,9.0,141.02307692307693,123.7537037037037,66.91507692307694,77.17777777777776,48.0,48.636500000000005,31.01923076923077,33.38527777777777,13.727272727272727,0.0,17.454545454545453,12794.863636363636,8037.5,58.275000000000006,127.94863636363638,71.11345454545453,31.987159090909095,17.778363636363633,88.89181818181818,48.260386363636364,0.0,1.0,1.0,1.0,-0.005424715909090927,1.4090909090909092,0.0,0.0,9.134090909090906,0.8181818181818182,1.0909090909090908,0.00989329082982167,0.0089724337866135,0.0,0.0,1602.3636363636363,81.5909090909091,0.0,273.22727272727275,0.0,5827.5,0.0,411.8181818181818,6967.363636363636,0.0,0.0,0.0,0.0,6435.136363636364
155,0.010818706150659742,0.010745272992046742,0.0036932728655267354,0.0036962667482010676,0.8965868949893891,0.8984841084341685,10.0,14.0,117.28999999999999,121.86428571428571,80.93920000000001,73.24114285714288,50.4597,48.15864285714286,34.451750000000004,33.823214285714286,14.333333333333334,0.0,16.5,13634.041666666666,7197.5,60.84625,136.3404166666667,76.44866666666667,34.085104166666675,19.112166666666663,95.56083333333333,49.117416666666664,0.0,1.0,1.0,1.0,-0.023279513888888884,1.5833333333333333,0.0,0.0,6.7538541666666605,0.7916666666666666,1.0833333333333333,0.01037947476459126,0.008843341744437712,0.0,0.0,819.75,51.291666666666664,0.0,286.1666666666667,0.0,6084.625,0.0,430.0,7549.416666666667,0.0,0.0,0.0,0.0,6377.75
156,0.010842595504351791,0.010745272992046742,0.0036929111143070696,0.0036958103876266316,0.8973466435530036,0.8993512317981027,12.0,15.0,127.01805555555555,134.95333333333332,75.43466666666667,69.8848,48.833625000000005,48.0,33.00708333333333,31.968500000000006,13.37037037037037,0.0,17.296296296296298,12972.037037037036,7885.592592592592,57.999629629629624,129.72037037037038,72.35140740740742,32.430092592592594,18.087851851851845,90.43925925925923,48.3705,0.0,1.0,1.0,1.0,-0.00771874999999998,1.5555555555555556,0.0,0.0,8.449185185185181,0.7777777777777778,1.1481481481481481,0.009655782947448876,0.009110209997902921,0.0,0.0,1176.2962962962963,72.85185185185185,0.0,267.4074074074074,0.0,5799.962962962963,0.0,401.1111111111111,7172.074074074074,0.0,0.0,0.0,0.0,6709.2962962962965
157,0.010842595504351791,0.010745272992046742,0.003692504682698205,0.0036955723486343972,0.8983132832237799,0.9002901312942277,14.0,18.0,122.28809523809524,198.93703703703704,69.71542857142857,54.52844444444444,48.0,48.0,33.82928571428572,22.450694444444448,11.75,0.0,15.96875,10971.53125,9924.1875,49.69937499999999,109.71531250000002,61.17275,27.428828125000006,15.293187499999997,76.46593750000001,48.0,0.0,1.0,1.0,1.0,0.0,1.5625,0.0,0.0,14.256078124999995,0.875,1.03125,0.009268191721053245,0.009211787144386677,0.0,0.0,3328.125,116.125,0.0,234.65625,0.0,4969.9375,0.0,352.5,6001.59375,0.0,0.0,0.0,0.0,6596.0625
158,0.010853224077925003,0.010745272992046742,0.003692237578865334,0.003695433616680206,0.8991187792303524,0.9010537100193803,13.0,14.0,125.2525641025641,127.93928571428572,71.61846153846155,70.648,48.33780769230769,48.0,33.37384615384616,32.92732142857143,13.37037037037037,0.0,16.51851851851852,13256.925925925925,7598.740740740741,62.3937037037037,132.56925925925924,71.11525925925925,33.14231481481481,17.77881481481481,88.89407407407407,48.16264814814814,0.0,1.0,1.0,1.0,-0.0033885030864197535,1.5185185185185186,0.0,0.0,10.1897037037037,0.8518518518518519,1.1111111111111112,0.00949604844895874,0.009229079594888421,0.0,0.0,1164.4444444444443,75.48148148148148,0.0,266.74074074074076,0.0,6239.37037037037,0.0,401.1111111111111,7017.555555555556,0.0,0.0,0.0,0.0,6434.2962962962965
159,0.010853224077925003,0.010762180094313512,0.0036914304272249216,0.0036954185772223695,0.8999503323786567,0.9019317086126435,16.0,11.0,193.24895833333332,119.30757575757575,55.56600000000001,75.23854545454546,48.0,48.50445454545454,23.39828125,34.14727272727272,11.88888888888889,0.0,17.74074074074074,11111.0,9787.481481481482,48.278518518518524,111.11000000000003,63.58074074074075,27.777500000000007,15.895185185185184,79.47592592592594,48.20551851851852,0.0,1.0,1.0,1.0,-0.00428163580246914,1.4074074074074074,0.0,0.0,12.402277777777774,0.9259259259259259,1.0740740740740742,0.009405927773583598,0.00937092592786326,0.0,0.0,3045.740740740741,106.5925925925926,0.0,237.25925925925927,0.0,4827.851851851852,0.0,356.6666666666667,6283.148148148148,0.0,0.0,0.0,0.0,6741.740740740741
160,0.011065005656864156,0.010762180094313512,0.0036907988891466625,0.003694984437806057,0.9008783770716668,0.9030397073498598,6.0,18.0,110.48333333333333,166.1462962962963,93.74000000000001,62.436,58.58166666666668,48.0,35.15833333333334,27.317361111111108,12.958333333333334,0.0,17.5,11711.041666666666,9133.833333333334,47.42458333333334,117.11041666666667,70.262,29.277604166666666,17.565499999999997,87.8275,50.64541666666667,0.0,1.0,1.0,1.0,-0.05511284722222228,1.75,0.0,0.0,9.661020833333328,0.6666666666666666,1.125,0.011023484752515173,0.00971762663639386,0.0,0.0,2399.0,107.54166666666667,0.0,257.8333333333333,0.0,4742.458333333333,0.0,388.75,6968.583333333333,0.0,0.0,0.0,0.0,6734.833333333333
161,0.011065005656864156,0.01076566513715425,0.003691399956938925,0.0036945971669500094,0.9019094663213406,0.9040245819585684,17.0,16.0,180.70490196078433,130.13645833333334,57.4964705882353,71.89150000000002,48.0,48.102125,25.122794117647057,32.615156250000005,12.242424242424242,0.0,18.696969696969695,11502.181818181818,9371.212121212122,51.56636363636363,115.0218181818182,64.47587878787878,28.75545454545455,16.11896969696969,80.59484848484847,48.04951515151515,0.0,1.0,1.0,1.0,-0.0010315656565656568,1.4848484848484849,0.0,0.0,12.329090909090908,0.8787878787878788,1.0303030303030303,0.010233175439195972,0.00940268229953489,0.0,0.0,2606.848484848485,113.93939393939394,0.0,244.3939393939394,0.0,5156.636363636364,0.0,367.27272727272725,6345.545454545455,0.0,0.0,0.0,0.0,6764.363636363636
162,0.011065005656864156,0.01081349007327298,0.0036912017833346526,0.0036945419603575595,0.9030590735790709,0.9048865084835294,13.0,10.0,124.05128205128204,117.35833333333333,75.00184615384616,81.24960000000002,48.0,49.9622,33.486538461538466,34.442750000000004,14.347826086956522,0.0,18.73913043478261,13560.91304347826,7268.478260869565,58.548260869565226,135.6091304347826,77.71826086956521,33.90228260869565,19.429565217391303,97.14782608695654,48.853130434782614,0.0,1.0,1.0,1.0,-0.017773550724637717,1.434782608695652,0.0,0.0,5.037152173913041,0.9565217391304348,1.0434782608695652,0.009446219710024354,0.009726638546251047,0.0,0.0,691.4347826086956,52.69565217391305,0.0,286.4782608695652,0.0,5854.826086956522,0.0,430.4347826086956,7706.086956521739,0.0,0.0,0.0,0.0,6577.04347826087
163,0.01115481805254206,0.01081840695870244,0.0036907613151636047,0.0036946146038092085,0.903765751096734,0.9056402830499273,11.0,14.0,112.79090909090908,134.40119047619046,83.16218181818182,66.82971428571429,51.277272727272745,48.1625,35.050909090909094,32.010357142857146,14.0,0.0,18.36,13339.28,7493.56,60.47280000000001,133.3928,74.01599999999999,33.3482,18.50399999999999,92.51999999999998,49.53300000000001,0.0,1.0,1.0,1.0,-0.0319375000000001,1.56,0.0,0.0,8.865199999999998,0.88,1.0,0.009918640826556534,0.009669052355294168,0.0,0.0,853.96,67.4,0.0,278.76,0.0,6047.28,0.0,420.0,7292.0,0.0,0.0,0.0,0.0,6639.6
164,0.01115481805254206,0.010848973806992599,0.0036908486953330173,0.003694230154854697,0.9046312408601226,0.9063709467931359,16.0,11.0,137.83645833333333,121.38787878787879,68.17300000000002,78.94909090909093,48.0,49.10090909090909,31.461093749999996,33.810227272727275,13.74074074074074,0.0,17.703703703703702,12967.25925925926,7868.111111111111,58.205555555555556,129.67259259259262,72.56325925925927,32.418148148148155,18.140814814814807,90.70407407407407,48.448518518518526,0.0,1.0,1.0,1.0,-0.009344135802469147,1.4074074074074074,0.0,0.0,8.303407407407406,0.9259259259259259,1.037037037037037,0.00995158260067969,0.009249526697220458,0.0,0.0,1073.8148148148148,76.88888888888889,0.0,274.51851851851853,0.0,5820.555555555556,0.0,412.22222222222223,7146.7037037037035,0.0,0.0,0.0,0.0,6794.2962962962965
165,0.01115481805254206,0.010911457649242822,0.0036907146521327635,0.003693803620300688,0.9055835567561953,0.907195032748597,13.0,6.0,124.63333333333334,109.75,73.12861538461539,86.32266666666668,48.0,51.301750000000006,33.32884615384616,35.42458333333333,14.894736842105264,0.0,19.263157894736842,13596.263157894737,7196.0,60.19631578947367,135.9626315789474,77.29515789473685,33.99065789473685,19.323789473684204,96.61894736842105,49.04265789473684,0.0,1.0,1.0,1.0,-0.02172203947368424,1.3157894736842106,0.0,0.0,5.7381578947368395,0.8421052631578947,1.105263157894737,0.009446121733414251,0.009872105949940813,0.0,0.0,791.9473684210526,62.89473684210526,0.0,297.0,0.0,6019.631578947368,0.0,446.8421052631579,7576.631578947368,0.0,0.0,0.0,0.0,6404.0526315789475
166,0.011213130494884286,0.010920535822797568,0.003690988918612297,0.0036935288567596426,0.9064201967047323,0.907993504785409,7.0,10.0,113.22142857142858,122.34333333333333,85.7577142857143,76.3424,51.424714285714295,48.3435,34.840357142857144,33.71725000000001,15.470588235294118,0.0,19.352941176470587,13671.882352941177,7115.235294117647,58.10352941176472,136.7188235294118,80.21929411764708,34.17970588235295,20.05482352941176,100.27411764705883,49.612235294117646,0.0,1.0,1.0,1.0,-0.0335882352941177,1.588235294117647,0.0,0.0,3.572647058823529,0.8823529411764706,1.0,0.00997531989296415,0.01016285344324834,0.0,0.0,745.7058823529412,40.76470588235294,0.0,307.0,0.0,5810.35294117647,0.0,464.11764705882354,7861.529411764706,0.0,0.0,0.0,0.0,6369.529411764706
167,0.01132102048236897,0.01101180230583707,0.003691208758345657,0.0036937495232135464,0.9070798031724624,0.9086272362297533,10.0,6.0,115.98166666666665,109.02222222222221,83.4792,89.32400000000001,51.99765,53.898583333333356,34.4985,35.42541666666667,16.6875,0.0,18.5,13938.4375,6802.3125,55.658125,139.38437500000003,85.67100000000002,34.84609375000001,21.417749999999995,107.08875000000002,52.7105,0.0,1.0,1.0,1.0,-0.09813541666666672,1.375,0.0,0.0,1.885593749999999,0.8125,1.0625,0.01051972916426689,0.01050737043275069,0.0,0.0,359.875,26.1875,0.0,331.4375,0.0,5565.8125,0.0,500.625,8372.625,0.0,0.0,0.0,0.0,6442.4375
168,0.01132102048236897,0.011012032483274238,0.0036921832595427063,0.0036936928329936213,0.9081547774027164,0.9095259613227821,14.0,13.0,128.24761904761905,125.23205128205129,70.37028571428571,74.38153846153847,48.0,48.00780769230769,32.90410714285714,33.17865384615386,13.814814814814815,0.0,18.037037037037038,13214.518518518518,7607.740740740741,61.1088888888889,132.14518518518517,72.30162962962963,33.03629629629629,18.075407407407404,90.37703703703707,48.00375925925926,0.0,1.0,1.0,1.0,-7.831790123456357e-05,1.4814814814814814,0.0,0.0,8.738425925925922,0.7777777777777778,1.1481481481481481,0.00987530527979361,0.009873952375300048,0.0,0.0,1073.7037037037037,86.0,0.0,276.2962962962963,0.0,6110.888888888889,0.0,414.44444444444446,7103.62962962963,0.0,0.0,0.0,0.0,6534.037037037037
169,0.011428724731207911,0.011012032483274238,0.0036932693082118813,0.0036931711218065382,0.9088923108466455,0.9103552007839384,6.0,15.0,108.1,128.39444444444445,89.40133333333334,70.0224,53.86891666666668,48.0,35.572500000000005,32.9775,14.142857142857142,0.0,19.238095238095237,13487.57142857143,7355.761904761905,60.22666666666667,134.8757142857143,75.55923809523809,33.71892857142858,18.889809523809518,94.4490476190476,49.676833333333335,0.0,1.0,1.0,1.0,-0.034934027777777814,1.7142857142857142,0.0,0.0,7.8365238095238094,0.8095238095238095,1.0952380952380953,0.011151476459279734,0.009493889561292346,0.0,0.0,798.047619047619,49.666666666666664,0.0,281.7142857142857,0.0,6022.666666666667,0.0,424.2857142857143,7464.9047619047615,0.0,0.0,0.0,0.0,6557.714285714285
170,0.011428724731207911,0.011052613355962469,0.003692852271159377,0.003692805524782533,0.9100978214187455,0.911393952606166,19.0,11.0,185.2956140350877,126.07878787878788,58.43536842105263,77.83200000000001,48.0,49.43663636363636,24.493947368421058,33.12181818181818,12.3,0.0,18.1,11063.0,9814.966666666667,45.91566666666665,110.63000000000001,65.54746666666666,27.657500000000002,16.386866666666663,81.93433333333333,48.52676666666666,0.0,1.0,1.0,1.0,-0.010974305555555564,1.3666666666666667,0.0,0.0,10.636799999999997,0.8,1.0666666666666667,0.01015228083428276,0.00932082490928719,0.0,0.0,2840.8,106.6,0.0,245.43333333333334,0.0,4591.566666666667,0.0,369.0,6471.433333333333,0.0,0.0,0.0,0.0,6974.166666666667
171,0.011448643562171835,0.011052613355962469,0.0036924124415878374,0.003693101189293445,0.9109155107004742,0.9121127342952827,13.0,15.0,116.72948717948718,141.16,78.38092307692308,70.3536,48.67203846153847,48.0,34.533076923076926,30.854499999999998,14.071428571428571,0.0,17.75,13024.964285714286,7789.035714285715,57.348928571428566,130.24964285714287,74.08057142857142,32.56241071428572,18.52014285714285,92.60071428571429,48.31201785714286,0.0,1.0,1.0,1.0,-0.006500372023809534,1.5357142857142858,0.0,0.0,6.793857142857141,0.8571428571428571,1.1071428571428572,0.010632247400994816,0.009484241481456551,0.0,0.0,1428.7857142857142,81.42857142857143,0.0,281.42857142857144,0.0,5734.892857142857,0.0,422.14285714285717,7290.071428571428,0.0,0.0,0.0,0.0,6360.25
172,0.011485345583585483,0.01111772737627298,0.0036926614620357485,0.003692899077448194,0.9115181083463354,0.912768259282934,12.0,7.0,118.07638888888889,107.83333333333333,77.87066666666668,84.99085714285717,48.91191666666666,51.027214285714294,34.335208333333334,35.65535714285714,15.526315789473685,0.0,20.31578947368421,13928.631578947368,6858.1578947368425,60.4057894736842,139.28631578947363,80.4938947368421,34.82157894736841,20.12347368421052,100.61736842105263,49.69123684210526,0.0,1.0,1.0,1.0,-0.03523410087719302,1.368421052631579,0.0,0.0,4.018921052631576,0.8947368421052632,1.105263157894737,0.011118497958302878,0.010774160808931081,0.0,0.0,507.10526315789474,37.526315789473685,0.0,308.89473684210526,0.0,6040.578947368421,0.0,465.7894736842105,7888.0526315789475,0.0,0.0,0.0,0.0,6351.0526315789475
173,0.011601243930588772,0.01112549747277822,0.00369323474692446,0.0036931028794495637,0.9123301478970425,0.9133597435320644,8.0,14.0,113.70833333333333,135.0690476190476,87.38600000000001,70.81085714285715,53.105687500000016,48.25889285714286,34.815312500000005,31.862500000000004,14.454545454545455,0.0,19.681818181818183,13174.5,7638.090909090909,55.933636363636374,131.745,76.83818181818182,32.93625,19.209545454545452,96.04772727272729,50.02136363636364,0.0,1.0,1.0,1.0,-0.04211174242424251,1.6363636363636365,0.0,0.0,6.119431818181814,0.8181818181818182,1.0454545454545454,0.01316860396055511,0.009503316580110872,0.0,0.0,955.0,64.63636363636364,0.0,288.1363636363636,0.0,5593.363636363636,0.0,433.6363636363636,7581.136363636364,0.0,0.0,0.0,0.0,6683.090909090909
174,0.011667874442884252,0.011219427192647007,0.0036929730116685468,0.003693229182933135,0.9128876051815418,0.9139993421642832,12.0,6.0,114.075,109.95277777777778,82.74466666666667,88.25200000000001,50.10862500000001,54.015000000000015,34.80125,35.44291666666667,15.944444444444445,0.0,19.0,14006.055555555555,6762.055555555556,56.65722222222222,140.06055555555557,84.58044444444447,35.01513888888889,21.14511111111111,105.72555555555557,51.41075000000001,0.0,1.0,1.0,1.0,-0.0710572916666668,1.3333333333333333,0.0,0.0,1.845444444444443,0.9444444444444444,1.0,0.010634338569227674,0.010244208848143381,0.0,0.0,467.3888888888889,33.666666666666664,0.0,318.8888888888889,0.0,5665.722222222223,0.0,478.3333333333333,8340.333333333334,0.0,0.0,0.0,0.0,6294.666666666667
175,0.011667874442884252,0.011351740627284184,0.0036934675589876177,0.0036934456707186434,0.9137700010236541,0.9147103707641899,19.0,9.0,169.07631578947368,113.47037037037038,60.69810526315789,87.54044444444445,48.0,53.22288888888889,26.88723684210526,34.740833333333335,13.107142857142858,0.0,19.535714285714285,11764.642857142857,9072.17857142857,49.33892857142859,117.64642857142857,69.32600000000001,29.411607142857143,17.3315,86.6575,49.67878571428571,0.0,1.0,1.0,1.0,-0.03497470238095239,1.3214285714285714,0.0,0.0,9.764392857142855,0.9285714285714286,1.0714285714285714,0.010445343968400786,0.010086798039702001,0.0,0.0,2147.9285714285716,106.82142857142857,0.0,262.14285714285717,0.0,4933.892857142857,0.0,393.2142857142857,6830.75,0.0,0.0,0.0,0.0,6924.25
176,0.011799207284218172,0.011351740627284184,0.0036934734514239387,0.0036928750916632807,0.9143078055393842,0.9152890371845561,9.0,19.0,111.55185185185185,160.6578947368421,87.28977777777776,62.7557894736842,52.25294444444444,48.0,35.11416666666667,28.090000000000007,13.25,0.0,18.892857142857142,12139.107142857143,8692.42857142857,51.638928571428565,121.39107142857142,70.64171428571427,30.347767857142856,17.66042857142856,88.30214285714285,49.367017857142855,0.0,1.0,1.0,1.0,-0.02847953869047615,1.6785714285714286,0.0,0.0,9.073071428571428,0.8571428571428571,1.0714285714285714,0.010170181613441801,0.009475657483201025,0.0,0.0,2106.6428571428573,104.96428571428571,0.0,265.0,0.0,5163.892857142857,0.0,397.5,6975.214285714285,0.0,0.0,0.0,0.0,6585.785714285715
177,0.011799207284218172,0.011362308201651246,0.003694230858944176,0.003693276076455928,0.915192309932625,0.9159652158587585,19.0,14.0,178.20964912280704,119.51309523809525,58.67536842105264,74.78057142857143,48.0,48.321285714285715,25.475131578947366,34.17642857142857,12.303030303030303,0.0,19.939393939393938,11666.636363636364,9198.484848484848,52.00575757575758,116.66636363636363,65.5078787878788,29.166590909090907,16.37696969696969,81.8848484848485,48.13630303030303,0.0,1.0,1.0,1.0,-0.0028396464646464766,1.4242424242424243,0.0,0.0,11.79501515151515,0.9090909090909091,1.0303030303030303,0.010209099384583854,0.010145539572993969,0.0,0.0,2270.4848484848485,119.15151515151516,0.0,245.63636363636363,0.0,5200.575757575758,0.0,369.09090909090907,6466.060606060606,0.0,0.0,0.0,0.0,6928.0
178,0.011805664183666078,0.011505420962906368,0.003694304427806452,0.003692973438734071,0.9159651433487261,0.916642125019504,12.0,5.0,113.44722222222222,109.49,77.91066666666667,90.1024,48.22591666666667,55.322799999999994,35.10645833333333,35.332,15.352941176470589,0.0,20.764705882352942,14069.117647058823,6737.0,60.314705882352946,140.6911764705882,81.49647058823531,35.17279411764705,20.37411764705882,101.87058823529412,50.313235294117646,0.0,1.0,1.0,1.0,-0.048192401960784344,1.2941176470588236,0.0,0.0,3.989558823529408,0.9411764705882353,1.0588235294117647,0.00994446187006723,0.010968572680227325,0.0,0.0,402.0,25.235294117647058,0.0,307.05882352941177,0.0,6031.470588235294,0.0,460.5882352941176,8037.64705882353,0.0,0.0,0.0,0.0,6335.0
179,0.011954479555117243,0.011526140052242067,0.0036936146199767063,0.003693057061946604,0.9165248373357852,0.9172975629301341,7.0,12.0,112.9595238095238,115.55138888888888,90.33485714285715,78.454,55.57592857142857,48.593583333333335,34.75892857142858,34.71770833333333,16.0,0.0,20.210526315789473,13893.157894736842,6875.789473684211,57.792631578947365,138.93157894736842,82.83115789473682,34.732894736842105,20.707789473684205,103.53894736842106,51.16602631578948,0.0,1.0,1.0,1.0,-0.06595888157894739,1.631578947368421,0.0,0.0,3.0677631578947375,0.7894736842105263,1.0526315789473684,0.010849629228659716,0.011297338838896687,0.0,0.0,533.2105263157895,30.42105263157895,0.0,319.63157894736844,0.0,5779.263157894737,0.0,480.0,8113.894736842105,0.0,0.0,0.0,0.0,6342.578947368421
180,0.011972596441717376,0.011550394264373005,0.0036944694494450998,0.003692819680528221,0.9173002531888581,0.9178530826611642,14.0,13.0,118.96428571428572,121.22307692307692,77.19657142857143,79.10399999999998,48.558499999999995,48.638961538461544,34.175714285714285,33.71769230769231,15.148148148148149,0.0,21.037037037037038,13582.074074074075,7203.111111111111,59.384444444444455,135.82074074074075,78.11496296296298,33.95518518518519,19.528740740740734,97.6437037037037,48.59724074074074,0.0,1.0,1.0,1.0,-0.012442515432098778,1.4814814814814814,0.0,0.0,4.437462962962961,0.7777777777777778,1.1111111111111112,0.01069460672858232,0.009895101094399885,0.0,0.0,710.4814814814815,57.407407407407405,0.0,301.962962962963,0.0,5938.444444444444,0.0,454.44444444444446,7643.62962962963,0.0,0.0,0.0,0.0,6492.62962962963
181,0.01210560826523611,0.011575214704854415,0.0036949946533310664,0.0036943910639532663,0.9179852554766897,0.9185914723567515,10.0,11.0,108.38166666666666,116.9939393939394,87.8536,81.56509090909091,52.87515,48.960363636363645,35.63,34.395,15.904761904761905,0.0,20.38095238095238,13993.238095238095,6773.571428571428,56.49952380952381,139.93238095238095,84.55961904761904,34.98309523809524,21.139904761904756,105.6995238095238,50.82454761904763,0.0,1.0,1.0,1.0,-0.05884474206349212,1.5238095238095237,0.0,0.0,1.2480238095238079,0.8571428571428571,1.0476190476190477,0.010831837106234135,0.00966659852219695,0.0,0.0,573.0,37.76190476190476,0.0,317.2857142857143,0.0,5649.952380952381,0.0,477.14285714285717,8343.285714285714,0.0,0.0,0.0,0.0,6200.571428571428
182,0.012135032788745084,0.011752197449118587,0.0036956968720933308,0.0036945441318662594,0.9184804065708211,0.9191304456028262,11.0,10.0,109.48181818181818,111.28666666666666,81.47054545454547,88.40959999999998,48.85390909090909,53.681050000000006,35.49931818181818,35.1895,16.095238095238095,0.0,20.857142857142858,14140.714285714286,6620.476190476191,57.971904761904774,141.40714285714282,84.77485714285714,35.351785714285704,21.19371428571428,105.96857142857144,51.15254761904761,0.0,1.0,1.0,1.0,-0.06567807539682541,1.4761904761904763,0.0,0.0,1.7294761904761862,0.8095238095238095,1.1428571428571428,0.010899589608262362,0.012520958677790996,0.0,0.0,426.23809523809524,33.904761904761905,0.0,321.04761904761904,0.0,5797.190476190476,0.0,482.85714285714283,8343.52380952381,0.0,0.0,0.0,0.0,6194.238095238095
183,0.012242450439210571,0.011781265054199495,0.003696467841799337,0.0036944203588294687,0.9192458251818252,0.9198915754826238,13.0,10.0,119.60384615384616,115.85,81.77846153846154,79.45840000000001,50.678807692307686,49.169050000000006,33.97557692307693,34.6245,15.478260869565217,0.0,21.782608695652176,13703.08695652174,7078.304347826087,57.73826086956523,137.03086956521742,80.76973913043479,34.257717391304354,20.192434782608693,100.9621739130435,50.02239130434782,0.0,1.0,1.0,1.0,-0.04213315217391302,1.434782608695652,0.0,0.0,3.5103695652173856,0.9130434782608695,1.0,0.011907018389025876,0.01065890412884261,0.0,0.0,686.8260869565217,44.43478260869565,0.0,308.82608695652175,0.0,5773.826086956522,0.0,464.3478260869565,7929.260869565217,0.0,0.0,0.0,0.0,6391.478260869565
184,0.012284688832634503,0.011862726132873513,0.0036969022420289344,0.0036952286009251617,0.9198627460804153,0.9204919650921375,10.0,6.0,117.575,107.28055555555555,80.71280000000002,87.39466666666665,49.5312,52.60566666666667,34.343,35.6925,16.1875,0.0,19.375,13939.625,6822.875,58.03562499999999,139.39624999999998,83.2185,34.849062499999995,20.804624999999994,104.023125,50.684125,0.0,1.0,1.0,1.0,-0.05591927083333339,1.375,0.0,0.0,2.3146874999999993,0.8125,1.0625,0.012051569548262604,0.010776764214080721,0.0,0.0,522.4375,28.5,0.0,322.375,0.0,5803.5625,0.0,485.625,8136.0625,0.0,0.0,0.0,0.0,6300.4375
185,0.01230277884138378,0.011862726132873513,0.003698170538333186,0.0036952188471934943,0.9203615437758634,0.9211455110777542,13.0,18.0,117.5923076923077,162.34907407407408,77.77415384615385,62.87155555555556,48.54957692307692,48.0,34.36615384615384,27.76763888888889,13.225806451612904,0.0,20.64516129032258,12213.90322580645,8614.806451612903,54.25387096774193,122.13903225806453,69.1210322580645,30.534758064516133,17.28025806451612,86.40129032258065,48.230467741935485,0.0,1.0,1.0,1.0,-0.004801411290322592,1.5806451612903225,0.0,0.0,9.644193548387092,0.8387096774193549,1.064516129032258,0.011106722460551072,0.009658871612001558,0.0,0.0,1845.3870967741937,109.0,0.0,264.51612903225805,0.0,5425.387096774193,0.0,396.7741935483871,6788.5161290322585,0.0,0.0,0.0,0.0,6769.419354838709
186,0.012317370187465206,0.011862726132873513,0.003698916056567951,0.0036952971626897486,0.9211164196768342,0.9217355389333083,12.0,14.0,120.00277777777778,135.1547619047619,78.39533333333334,68.71485714285714,48.40516666666667,48.0,33.940000000000005,31.764999999999997,14.23076923076923,0.0,22.884615384615383,13107.538461538461,7689.692307692308,59.51999999999998,131.07538461538462,73.18276923076922,32.768846153846155,18.2956923076923,91.47846153846154,48.187000000000005,0.0,1.0,1.0,1.0,-0.003895833333333335,1.5384615384615385,0.0,0.0,7.773076923076918,0.8846153846153846,1.0384615384615385,0.011154716281059731,0.01033997268380674,0.0,0.0,1119.3461538461538,90.8076923076923,0.0,284.03846153846155,0.0,5952.0,0.0,426.9230769230769,7155.538461538462,0.0,0.0,0.0,0.0,6570.346153846154
187,0.012372157315359886,0.011980663035373788,0.0036998665250774455,0.0036953172625570534,0.9215737361455655,0.9223389608586581,13.0,9.0,122.53717948717949,112.67037037037038,78.47507692307693,86.07644444444446,49.47861538461538,51.90800000000001,33.56423076923077,34.94166666666666,15.863636363636363,0.0,21.59090909090909,13651.09090909091,7110.045454545455,56.73909090909092,136.5109090909091,81.58472727272726,34.12772727272728,20.396181818181812,101.9809090909091,50.472454545454546,0.0,1.0,1.0,1.0,-0.05150946969696973,1.4090909090909092,0.0,0.0,3.015454545454544,0.9545454545454546,1.0,0.010225463482132673,0.011035478265188097,0.0,0.0,698.1363636363636,45.04545454545455,0.0,316.90909090909093,0.0,5673.909090909091,0.0,475.90909090909093,7977.181818181818,0.0,0.0,0.0,0.0,6411.909090909091
188,0.012435125488235025,0.012102409541457273,0.0037003307574741224,0.0036963807519339205,0.9221860711018495,0.9229310900093247,11.0,8.0,122.47121212121212,116.11875,80.94254545454545,85.512,50.03081818181818,53.040625000000006,33.54363636363636,34.416875,16.105263157894736,0.0,20.0,13564.526315789473,7187.789473684211,54.609473684210535,135.64526315789473,82.8665263157895,33.91131578947368,20.716631578947364,103.58315789473681,51.29810526315789,0.0,1.0,1.0,1.0,-0.06871052631578951,1.4210526315789473,0.0,0.0,2.342894736842103,0.9473684210526315,1.0,0.010322264912488766,0.010999097033593858,0.0,0.0,734.8421052631579,41.421052631578945,0.0,322.10526315789474,0.0,5460.9473684210525,0.0,483.1578947368421,8103.578947368421,0.0,0.0,0.0,0.0,6452.9473684210525
189,0.012508456436400622,0.012148210659272456,0.00370028853654235,0.0036962032438294778,0.9227142755562439,0.9233858783751235,8.0,11.0,112.45625,114.44090909090909,85.339,82.9629090909091,51.6271875,49.5965,34.9590625,34.712272727272726,16.36842105263158,0.0,20.526315789473685,13926.473684210527,6816.315789473684,57.22631578947368,139.26473684210526,83.96336842105265,34.816184210526316,20.99084210526315,104.95421052631578,50.45152631578948,0.0,1.0,1.0,1.0,-0.05107346491228076,1.5789473684210527,0.0,0.0,1.3043421052631579,0.631578947368421,1.1578947368421053,0.01040512370412931,0.011264974504380108,0.0,0.0,546.5263157894736,37.89473684210526,0.0,327.2631578947368,0.0,5722.631578947368,0.0,491.05263157894734,8203.842105263158,0.0,0.0,0.0,0.0,6269.789473684211
190,0.012571216055654288,0.012174040217532078,0.0037008159828444197,0.003696142158794089,0.9231692824177464,0.9240122660410806,11.0,15.0,120.1030303030303,116.76444444444445,81.34109090909091,76.53653333333332,49.834227272727276,48.72616666666668,33.936136363636365,34.626,14.73076923076923,0.0,20.192307692307693,13733.653846153846,7090.615384615385,59.74807692307694,137.33653846153842,78.56923076923076,34.334134615384606,19.64230769230769,98.21153846153847,49.19496153846155,0.0,1.0,1.0,1.0,-0.024895032051282105,1.5769230769230769,0.0,0.0,4.959865384615385,0.8846153846153846,1.0,0.010877884708547855,0.011359608928059152,0.0,0.0,599.8076923076923,39.15384615384615,0.0,293.65384615384613,0.0,5974.807692307692,0.0,441.9230769230769,7758.846153846154,0.0,0.0,0.0,0.0,6490.807692307692
191,0.012571216055654288,0.01223692708101769,0.003701014345424453,0.003696221805104681,0.9236548287559593,0.9246866270666335,22.0,8.0,199.4378787878788,113.9125,57.079636363636375,85.41,48.0,50.917624999999994,22.32568181818182,34.8046875,12.4,0.0,20.966666666666665,10261.366666666667,10597.866666666667,39.18066666666666,102.6136666666667,64.63440000000001,25.653416666666676,16.158599999999993,80.79300000000002,48.77803333333334,0.0,1.0,1.0,1.0,-0.016209027777777763,1.2666666666666666,0.0,0.0,9.797049999999995,0.8666666666666667,1.1,0.010518994820930884,0.010664358509516332,0.0,0.0,3606.5333333333333,120.56666666666666,0.0,247.2,0.0,3918.0666666666666,0.0,372.0,6343.3,0.0,0.0,0.0,0.0,6991.333333333333
192,0.012756173836440567,0.012245769328729022,0.003700949936451417,0.0036973396315821035,0.9242301937009897,0.9252555267063707,9.0,16.0,112.75185185185185,122.80104166666666,88.08177777777779,73.6955,54.03794444444445,48.2469375,34.91138888888889,33.69359375,14.88,0.0,22.44,13652.8,7151.0,58.76679999999998,136.52799999999996,78.87455999999999,34.13199999999999,19.718639999999994,98.59319999999997,50.3317,0.0,1.0,1.0,1.0,-0.048577083333333416,1.64,0.0,0.0,5.589139999999999,0.8,1.12,0.012772278550378076,0.010478631554187167,0.0,0.0,625.04,52.6,0.0,296.2,0.0,5876.68,0.0,446.4,7776.12,0.0,0.0,0.0,0.0,6525.96
193,0.013022496781001244,0.012247011086238642,0.0037008815570072767,0.00369806649689178,0.9249281938808359,0.9257224840788075,8.0,16.0,111.91666666666667,125.1,90.83200000000001,71.676,56.543937500000006,48.03525,35.03093749999999,33.26890625,15.0,0.0,22.458333333333332,13542.5,7242.333333333333,58.848333333333336,135.42499999999998,78.06133333333332,33.856249999999996,19.515333333333327,97.57666666666665,50.87147916666667,0.0,1.0,1.0,1.0,-0.05982248263888893,1.6666666666666667,0.0,0.0,6.66639583333333,0.7916666666666666,1.0833333333333333,0.013489295403329679,0.01024067986417076,0.0,0.0,783.5,64.16666666666667,0.0,300.0,0.0,5884.833333333333,0.0,450.0,7657.666666666667,0.0,0.0,0.0,0.0,6458.833333333333
194,0.013154623006903258,0.012378009804879884,0.0037002868473247417,0.003699157991333093,0.9254118505902149,0.9262184917289266,13.0,9.0,115.4602564102564,111.08333333333333,83.29046153846154,84.30933333333333,51.782000000000004,51.10033333333334,34.6725,35.275555555555556,15.727272727272727,0.0,22.454545454545453,13967.681818181818,6820.181818181818,57.0609090909091,139.6768181818182,83.70727272727274,34.91920454545455,20.92681818181818,104.63409090909092,51.503136363636365,0.0,1.0,1.0,1.0,-0.0729820075757576,1.4090909090909092,0.0,0.0,2.715068181818181,0.9545454545454546,1.0454545454545454,0.01234951446643438,0.011178106839501298,0.0,0.0,500.72727272727275,26.136363636363637,0.0,313.1818181818182,0.0,5706.090909090909,0.0,471.8181818181818,8261.59090909091,0.0,0.0,0.0,0.0,6319.454545454545
195,0.013163905449378455,0.012386806759139129,0.0037015648623039106,0.0036997678040810483,0.9258262799277592,0.9265966745511908,14.0,13.0,121.25238095238095,120.8576923076923,76.81828571428572,77.9316923076923,48.29521428571429,48.29173076923077,33.89625,33.83711538461539,14.592592592592593,0.0,20.814814814814813,13547.111111111111,7263.740740740741,59.207777777777785,135.47111111111113,77.35437037037036,33.86777777777778,19.338592592592583,96.69296296296297,48.29353703703704,0.0,1.0,1.0,1.0,-0.0061153549382716105,1.4814814814814814,0.0,0.0,4.806944444444444,0.8888888888888888,1.0740740740740742,0.01104392966873644,0.010295401439912666,0.0,0.0,727.8518518518518,58.51851851851852,0.0,291.85185185185185,0.0,5920.777777777777,0.0,437.77777777777777,7626.333333333333,0.0,0.0,0.0,0.0,6535.888888888889
196,0.013164253397367615,0.01241819263666195,0.0037021745165413704,0.0036994382287066276,0.9262978520450669,0.9270999039359699,17.0,14.0,140.61666666666667,114.2547619047619,65.9284705882353,80.2422857142857,48.00711764705882,48.95517857142857,31.02161764705882,34.899464285714295,13.774193548387096,0.0,21.129032258064516,13109.161290322581,7722.677419354839,59.88451612903224,131.09161290322584,72.3927741935484,32.77290322580646,18.098193548387098,90.49096774193548,48.43527419354839,0.0,1.0,1.0,1.0,-0.009068212365591409,1.4516129032258065,0.0,0.0,8.81540322580645,0.967741935483871,1.0,0.010332705197581456,0.010599324962866651,0.0,0.0,1101.9032258064517,80.0,0.0,273.93548387096774,0.0,5988.451612903225,0.0,413.2258064516129,7120.709677419355,0.0,0.0,0.0,0.0,6620.774193548387
197,0.013262628005516565,0.012513505696113997,0.003703119448783124,0.0036994278283520444,0.9269958679781085,0.9276782564968993,14.0,9.0,116.3797619047619,110.7574074074074,81.83828571428572,86.18577777777779,50.185071428571426,51.38694444444445,34.394107142857145,35.27361111111111,16.17391304347826,0.0,24.304347826086957,13895.304347826086,6850.782608695652,57.17217391304349,138.9530434782609,83.53947826086959,34.738260869565224,20.884869565217386,104.42434782608697,50.65536956521739,0.0,1.0,1.0,1.0,-0.05532019927536237,1.391304347826087,0.0,0.0,1.8541521739130429,0.8260869565217391,1.1304347826086956,0.012848002476715064,0.011024725325969988,0.0,0.0,614.7391304347826,45.52173913043478,0.0,322.17391304347825,0.0,5717.217391304348,0.0,485.2173913043478,8178.086956521739,0.0,0.0,0.0,0.0,6236.04347826087
198,0.013302783390590343,0.012538036050685717,0.0037036515269325554,0.003699832123520478,0.9274886678954504,0.9281758103035956,14.0,14.0,119.95,117.26309523809525,79.24,80.33771428571428,49.07803571428571,48.60710714285715,33.94196428571429,34.4325,15.142857142857142,0.0,23.107142857142858,13674.892857142857,7116.392857142857,58.212857142857146,136.74892857142856,79.78885714285714,34.18723214285714,19.947214285714285,99.73607142857142,48.84257142857143,0.0,1.0,1.0,1.0,-0.01755357142857148,1.5,0.0,0.0,3.2409464285714265,0.7857142857142857,1.1428571428571428,0.011966133760199092,0.010869695737377229,0.0,0.0,636.5714285714286,51.0,0.0,302.42857142857144,0.0,5821.285714285715,0.0,454.2857142857143,7853.607142857143,0.0,0.0,0.0,0.0,6479.821428571428
199,0.013350549287888949,0.012585587434219296,0.0037055027863806232,0.003701618139157211,0.9278741616148188,0.9286132699389775,14.0,13.0,120.67380952380952,124.29871794871795,78.71257142857142,79.2763076923077,49.066607142857144,48.82146153846155,33.95285714285714,33.31211538461538,14.851851851851851,0.0,22.0,13457.74074074074,7345.148148148148,56.64000000000001,134.5774074074074,78.984,33.64435185185185,19.746,98.72999999999999,48.94857407407408,0.0,1.0,1.0,1.0,-0.019761959876543233,1.4814814814814814,0.0,0.0,3.608925925925925,0.8888888888888888,1.0740740740740742,0.010637963937519044,0.010624175696964453,0.0,0.0,833.2592592592592,54.333333333333336,0.0,296.22222222222223,0.0,5664.0,0.0,445.55555555555554,7793.740740740741,0.0,0.0,0.0,0.0,6511.888888888889
200,0.01354260806079221,0.012651602219548646,0.0037077457096516635,0.003701985968255086,0.9284364566754404,0.9290968334821714,17.0,12.0,124.28137254901961,116.64305555555555,83.51981176470588,79.34933333333333,51.17545882352942,49.59291666666667,33.495147058823534,34.590833333333336,14.068965517241379,0.0,22.75862068965517,13579.413793103447,7267.241379310345,61.58137931034484,135.7941379310345,81.79409655172414,33.948534482758625,20.448524137931027,102.24262068965518,50.52061379310344,0.0,1.0,1.0,1.0,-0.052512787356321866,1.4137931034482758,0.0,0.0,2.6750517241379295,0.8620689655172413,1.0344827586206897,0.013342237023230131,0.01206978164428787,0.0,0.0,587.4827586206897,48.89655172413793,0.0,281.37931034482756,0.0,6158.137931034483,0.0,422.0689655172414,7421.275862068966,0.0,0.0,0.0,0.0,6679.758620689655
201,0.014077970799207234,0.012676522263509118,0.0037098136712440315,0.0037026553982938025,0.9289615960322753,0.9295205020498156,13.0,15.0,119.76794871794871,127.17888888888889,93.07569230769231,75.24373333333334,59.1386076923077,48.67673333333334,34.021730769230764,32.92466666666666,14.821428571428571,0.0,20.785714285714285,13373.607142857143,7424.285714285715,57.43535714285714,133.73607142857148,83.52285714285713,33.43401785714287,20.88071428571428,104.40357142857145,53.53403214285714,0.0,1.0,1.0,1.0,-0.11529233630952386,1.5357142857142858,0.0,0.0,3.445192857142856,0.8928571428571429,1.0714285714285714,0.014134302244921198,0.0107959871954805,0.0,0.0,833.6071428571429,60.035714285714285,0.0,296.42857142857144,0.0,5743.535714285715,0.0,444.64285714285717,7630.071428571428,0.0,0.0,0.0,0.0,6590.678571428572
202,0.014417091496892753,0.012785074737120672,0.0037109139939066377,0.003704927791582512,0.9293846383559554,0.9298863339978324,9.0,12.0,112.66481481481482,114.2,94.76515555555558,84.90733333333334,59.65598888888889,51.4175,35.10916666666667,34.70479166666667,16.047619047619047,0.0,21.857142857142858,13951.238095238095,6812.523809523809,57.469523809523814,139.51238095238097,89.13211428571428,34.87809523809524,22.28302857142856,111.41514285714287,54.948280952380955,0.0,1.0,1.0,1.0,-0.14475585317460324,1.5714285714285714,0.0,0.0,0.6942619047619035,0.9047619047619048,1.0,0.01369966489801613,0.011256230916453395,0.0,0.0,459.42857142857144,35.42857142857143,0.0,318.3809523809524,0.0,5746.952380952381,0.0,481.42857142857144,8204.285714285714,0.0,0.0,0.0,0.0,6353.0952380952385
203,0.015223709404478002,0.012975556470876181,0.0037138252101331544,0.0037055194896080017,0.9298085826580013,0.9303581941335703,7.0,10.0,112.69285714285714,110.89833333333333,103.89531428571429,87.29360000000001,68.98067142857143,52.48080000000001,34.91464285714286,35.19325,16.941176470588236,0.0,22.941176470588236,14031.411764705883,6698.235294117647,53.63529411764706,140.31411764705885,94.12960000000001,35.07852941176471,23.532399999999992,117.66199999999999,59.27486470588235,0.0,1.0,1.0,1.0,-0.23489301470588245,1.588235294117647,0.0,0.0,0.22379411764705867,0.8823529411764706,1.0,0.021730984980502018,0.014251523236763416,0.0,0.0,384.05882352941177,23.764705882352942,0.0,337.3529411764706,0.0,5363.529411764706,0.0,508.2352941176471,8667.882352941177,0.0,0.0,0.0,0.0,6314.176470588235
204,0.015922196918255603,0.013260130223246127,0.003715377211945985,0.003706077114822122,0.9303540162348721,0.9309484220947928,11.0,10.0,116.45,116.045,94.29730909090908,89.82240000000002,60.56768181818182,55.71575,34.49272727272727,34.42925,16.333333333333332,0.0,20.61904761904762,13785.0,6975.428571428572,53.86571428571429,137.84999999999997,92.1664,34.46249999999999,23.041599999999995,115.208,58.257238095238094,0.0,1.0,1.0,1.0,-0.21369246031746028,1.4761904761904763,0.0,0.0,0.5533380952380943,0.9523809523809523,1.0476190476190477,0.017604735291782754,0.013744620238695196,0.0,0.0,467.7142857142857,22.904761904761905,0.0,325.6666666666667,0.0,5386.571428571428,0.0,490.0,8398.42857142857,0.0,0.0,0.0,0.0,6507.714285714285
205,0.016357975862998374,0.013437110394099096,0.0037164685829914,0.0037063804258285218,0.9307812318469959,0.9314273723682183,12.0,8.0,114.9375,113.30208333333333,93.01146666666666,90.369,58.29896666666668,55.54868750000001,34.7125,34.8203125,16.1,0.0,22.4,13902.25,6857.0,56.08749999999999,139.0225,91.95448,34.755625,22.988619999999997,114.9431,57.198855000000016,0.0,1.0,1.0,1.0,-0.1916428125000001,1.4,0.0,0.0,0.0,0.9,1.0,0.016028796411479383,0.011893575817558845,0.0,0.0,493.65,35.75,0.0,321.0,0.0,5608.75,0.0,483.0,8293.5,0.0,0.0,0.0,0.0,6363.35
206,0.017593309825555098,0.01355924288058488,0.00371920381601314,0.003709035058776939,0.9312217107905536,0.9318476719341559,12.0,10.0,112.25277777777778,120.06,100.03306666666667,84.0592,64.96910833333335,51.79135,35.06395833333334,33.9905,15.909090909090908,0.0,23.0,13830.40909090909,6948.090909090909,53.92136363636366,138.30409090909095,92.77221818181819,34.576022727272736,23.19305454545454,115.96527272727275,58.97921818181819,0.0,1.0,1.0,1.0,-0.22873371212121227,1.4545454545454546,0.0,0.0,0.7830227272727264,0.8636363636363636,1.0909090909090908,0.02209545222588952,0.012079459189858692,0.0,0.0,438.1363636363636,26.0,0.0,317.22727272727275,0.0,5392.136363636364,0.0,477.27272727272725,8438.272727272728,0.0,0.0,0.0,0.0,6509.954545454545
207,0.01801166392143353,0.01366366997101579,0.0037251395855784327,0.003711220490350335,0.9316258474414499,0.9322783660273553,15.0,8.0,123.75333333333333,110.04583333333333,87.68405333333335,85.944,54.47245333333334,50.976062500000005,33.45433333333334,35.341875,15.391304347826088,0.0,23.347826086956523,13644.347826086956,7139.130434782609,58.81434782608696,136.4434782608696,87.07881739130434,34.1108695652174,21.769704347826078,108.84852173913046,53.256317391304364,0.0,1.0,1.0,1.0,-0.10950661231884062,1.3478260869565217,0.0,0.0,0.2883695652173907,0.9130434782608695,1.0,0.016902432139625067,0.013298786581092636,0.0,0.0,626.0869565217391,46.26086956521739,0.0,307.5217391304348,0.0,5881.434782608696,0.0,461.7391304347826,7762.913043478261,0.0,0.0,0.0,0.0,6513.04347826087
208,0.018598663030424456,0.013766439515382251,0.0037262767264129746,0.0037128497361627157,0.9320721082663833,0.9327282405590437,14.0,6.0,123.77619047619048,111.35833333333333,90.93897142857145,89.284,57.61590000000001,54.36933333333334,33.376071428571436,35.193333333333335,15.4,0.0,23.1,13568.5,7203.05,55.015499999999996,135.685,90.44248000000002,33.92125,22.610619999999987,113.0531,56.64193,0.0,1.0,1.0,1.0,-0.1800402083333334,1.3,0.0,0.0,0.1206999999999983,0.8,1.15,0.018536936172328503,0.011510847663584265,0.0,0.0,730.0,59.05,0.0,306.4,0.0,5501.55,0.0,462.0,8066.95,0.0,0.0,0.0,0.0,6473.05
209,0.01984838341967898,0.01377569245672215,0.003734243773486335,0.0037150521309602313,0.932471219004143,0.933151334506598,10.0,15.0,111.68166666666666,121.74888888888889,101.17984000000001,74.20106666666668,65.98159000000001,48.27466666666667,35.198249999999994,33.81766666666667,14.88,0.0,24.56,13747.96,7063.32,59.0092,137.4796,84.99257600000001,34.3699,21.248143999999996,106.24072000000004,55.35743600000001,0.0,1.0,1.0,1.0,-0.15327991666666674,1.6,0.0,0.0,4.734759999999999,0.92,1.04,0.02564800072284909,0.0116639403309706,0.0,0.0,619.64,45.04,0.0,296.28,0.0,5900.92,0.0,446.4,7847.04,0.0,0.0,0.0,0.0,6443.68
210,0.02077043456020711,0.013870595122460133,0.003738959292067398,0.0037159390939218717,0.9329031000752572,0.9336982889147132,9.0,9.0,112.83888888888889,115.87037037037038,99.78346666666668,84.07111111111111,64.84763333333335,51.525055555555554,34.935833333333335,34.593611111111116,16.22222222222222,0.0,22.444444444444443,13905.888888888889,6861.277777777777,55.31055555555556,139.05888888888887,91.9272888888889,34.76472222222222,22.98182222222222,114.90911111111106,58.18634444444443,0.0,1.0,1.0,1.0,-0.21221550925925917,1.5,0.0,0.0,1.0237777777777763,0.6666666666666666,1.1666666666666667,0.024953608801330244,0.01286019048963236,0.0,0.0,360.6666666666667,23.055555555555557,0.0,322.1111111111111,0.0,5531.055555555556,0.0,486.6666666666667,8374.833333333334,0.0,0.0,0.0,0.0,6500.611111111111
211,0.02164181958490482,0.013887167303119754,0.0037500741374268164,0.0037177863586210953,0.9332919163221907,0.9340767244684713,11.0,14.0,117.48333333333333,124.03690476190475,97.59214545454546,77.19257142857143,63.35896363636363,48.40307142857143,34.23318181818182,33.480178571428574,15.32,0.0,22.36,13524.6,7269.2,56.2588,135.246,86.168384,33.8115,21.542095999999997,107.71047999999998,54.983664000000005,0.0,1.0,1.0,1.0,-0.145493,1.56,0.0,0.0,2.62678,0.88,1.08,0.028669900517528976,0.010391057736931764,0.0,0.0,615.88,41.28,0.0,304.32,0.0,5625.88,0.0,459.6,7898.72,0.0,0.0,0.0,0.0,6653.32
212,0.021878699012118065,0.01398742890153771,0.0037573299067748837,0.0037191520768099728,0.9336852580317775,0.9344756157321806,19.0,8.0,144.01315789473682,111.20208333333333,77.9668210526316,86.803,51.168357894736836,51.674249999999994,30.482368421052637,35.1428125,14.11111111111111,0.0,22.85185185185185,12745.296296296296,8057.481481481482,55.790370370370375,127.452962962963,80.58494814814814,31.86324074074075,20.14623703703703,100.7311851851852,51.318251851851855,0.0,1.0,1.0,1.0,-0.06913024691358027,1.2962962962962963,0.0,0.0,2.5965444444444423,0.8888888888888888,1.0740740740740742,0.01522553041668232,0.012346237570601685,0.0,0.0,1270.962962962963,91.77777777777777,0.0,281.1111111111111,0.0,5579.037037037037,0.0,423.3333333333333,7166.259259259259,0.0,0.0,0.0,0.0,6786.518518518518
213,0.02344478412529397,0.01398742890153771,0.0037690036268739585,0.003720519417955527,0.9341496513487374,0.934877607250802,12.0,20.0,117.77361111111112,147.06083333333333,97.544,65.11760000000001,63.27754166666668,48.0,34.266458333333325,30.103,13.53125,0.0,25.5625,12665.71875,8164.6875,55.24656250000001,126.65718749999998,77.27750000000002,31.664296874999994,19.319375,96.596875,53.729078125,0.0,1.0,1.0,1.0,-0.1193557942708334,1.625,0.0,0.0,8.115874999999999,0.8125,1.125,0.02770983847644623,0.012719901423407471,0.0,0.0,1296.25,93.25,0.0,269.40625,0.0,5524.65625,0.0,405.9375,7141.0625,0.0,0.0,0.0,0.0,6868.4375
214,0.024571128785722544,0.013991136542376707,0.003773975494614372,0.0037231061540804705,0.9346067578878907,0.9352678083796109,13.0,18.0,112.1076923076923,144.37685185185185,95.20418461538462,67.69333333333333,60.09572307692307,48.06772222222222,35.10846153846153,30.495000000000005,13.903225806451612,0.0,24.70967741935484,12971.870967741936,7850.677419354839,56.93516129032258,129.71870967741933,79.23014193548387,32.42967741935483,19.807535483870964,99.03767741935486,53.11172258064516,0.0,1.0,1.0,1.0,-0.10649422043010749,1.5806451612903225,0.0,0.0,6.311258064516128,0.9032258064516129,1.0,0.03354097424925918,0.011156953163540923,0.0,0.0,1286.6774193548388,82.19354838709677,0.0,277.16129032258067,0.0,5693.5161290322585,0.0,417.0967741935484,7278.354838709677,0.0,0.0,0.0,0.0,6564.0
215,0.025347454655647778,0.014071838497787915,0.003793938866398472,0.0037252309471058065,0.9350158210774602,0.93569485951581,15.0,12.0,119.61555555555556,120.66666666666667,91.34869333333333,82.09066666666666,57.45816666666667,49.82779166666666,34.092333333333336,33.783125000000005,15.407407407407407,0.0,24.333333333333332,13581.962962962964,7204.962962962963,56.98444444444445,135.81962962962962,87.23401481481481,33.954907407407404,21.808503703703696,109.0425185185185,54.06688888888888,0.0,1.0,1.0,1.0,-0.12639351851851854,1.4444444444444444,0.0,0.0,0.787781481481481,0.9259259259259259,1.0,0.022089582141172112,0.012397201461767296,0.0,0.0,596.2592592592592,42.22222222222222,0.0,307.6296296296296,0.0,5698.444444444444,0.0,462.22222222222223,7883.518518518518,0.0,0.0,0.0,0.0,6608.7037037037035
216,0.027398711450940666,0.014227344068663487,0.0038003842429837507,0.0037288148188607526,0.9354576605094824,0.9360914507222285,11.0,9.0,109.42121212121212,112.12407407407407,101.78007272727274,87.79822222222222,66.41325454545455,53.49483333333333,35.36681818181818,35.045277777777784,17.0,0.0,24.85,14088.85,6638.25,54.78549999999999,140.88850000000002,95.48824,35.222125000000005,23.872059999999998,119.36029999999998,60.599965,0.0,1.0,1.0,1.0,-0.26249927083333335,1.45,0.0,0.0,0.3338500000000003,0.85,1.05,0.043945560018099614,0.012564072048202141,0.0,0.0,414.55,23.95,0.0,337.95,0.0,5478.55,0.0,510.0,8610.3,0.0,0.0,0.0,0.0,6223.7
217,0.02915796340499073,0.014402075742043583,0.0038106228655199565,0.003729952073973432,0.9358851100823551,0.9364512046944844,12.0,9.0,107.88333333333334,111.81666666666666,95.96693333333333,89.18755555555555,60.53020833333333,54.1395,35.72749999999999,35.048055555555564,16.428571428571427,0.0,25.285714285714285,14174.52380952381,6574.142857142857,57.69857142857144,141.7452380952381,93.06148571428571,35.43630952380953,23.26537142857142,116.32685714285715,57.79133333333333,0.0,1.0,1.0,1.0,-0.2039861111111112,1.4285714285714286,0.0,0.0,0.1661571428571432,0.9047619047619048,1.0476190476190477,0.03786079438145712,0.012432892984074314,0.0,0.0,417.76190476190476,28.904761904761905,0.0,328.57142857142856,0.0,5769.857142857143,0.0,492.85714285714283,8404.666666666666,0.0,0.0,0.0,0.0,6156.380952380952
218,0.031045670564248954,0.01464134057856351,0.003819066565181857,0.003733130921615412,0.9363496399430256,0.9367802211840813,12.0,12.0,112.5,114.60277777777779,99.45066666666666,85.37733333333335,64.48441666666668,52.254375,34.96625000000001,34.6625,16.666666666666668,0.0,24.291666666666668,13925.75,6813.083333333333,55.48833333333332,139.2575,92.41400000000003,34.814375,23.1035,115.51749999999997,58.369395833333336,0.0,1.0,1.0,1.0,-0.2160290798611112,1.5,0.0,0.0,0.7697708333333333,1.0,1.0,0.03528600506681888,0.014792756571897304,0.0,0.0,413.5416666666667,26.833333333333332,0.0,333.3333333333333,0.0,5548.833333333333,0.0,500.0,8376.916666666666,0.0,0.0,0.0,0.0,6399.541666666667
219,0.03265136993653394,0.014817003432324576,0.003843315996015838,0.0037337780209699177,0.936753251703577,0.9371348591822106,13.0,10.0,116.69871794871796,111.67833333333333,94.09673846153848,87.852,59.702923076923085,53.391200000000005,34.46346153846154,35.0515,16.043478260869566,0.0,23.47826086956522,13887.652173913044,6870.95652173913,56.17173913043479,138.87652173913048,91.38163478260871,34.71913043478262,22.845408695652168,114.22704347826088,56.95869565217391,0.0,1.0,1.0,1.0,-0.18663949275362327,1.434782608695652,0.0,0.0,0.2961913043478253,0.8260869565217391,1.0,0.03716864564305453,0.01370298953787002,0.0,0.0,572.7826086956521,39.0,0.0,320.0869565217391,0.0,5617.173913043478,0.0,481.30434782608694,8270.478260869566,0.0,0.0,0.0,0.0,6298.173913043478
220,0.03423420725546145,0.014846725643297943,0.003852685067992354,0.0037360491381235165,0.9371673113134393,0.937559021800347,14.0,13.0,116.91904761904762,119.61923076923077,94.44868571428572,78.9883076923077,59.97493571428573,48.778423076923076,34.47375,34.03923076923077,15.25925925925926,0.0,25.85185185185185,13705.814814814816,7093.148148148148,58.01851851851851,137.05814814814818,87.0048,34.264537037037044,21.751199999999994,108.75600000000003,54.58402222222222,0.0,1.0,1.0,1.0,-0.1371671296296297,1.4814814814814814,0.0,0.0,1.843759259259258,0.8888888888888888,1.037037037037037,0.03715218684869313,0.012893658907342776,0.0,0.0,546.4814814814815,38.851851851851855,0.0,303.4074074074074,0.0,5801.851851851852,0.0,457.77777777777777,7903.962962962963,0.0,0.0,0.0,0.0,6546.666666666667
221,0.03552556718498944,0.015110272781759406,0.003861318456789985,0.003738862430920848,0.9375227370501428,0.9380124038303711,11.0,9.0,115.71515151515152,109.49074074074073,96.01425454545455,88.95733333333334,62.04517272727273,54.399111111111125,34.55863636363637,35.39666666666667,16.6,0.0,24.5,13974.3,6774.85,55.848,139.743,92.83864000000001,34.93575,23.209659999999992,116.0483,58.604445,0.0,1.0,1.0,1.0,-0.2209259375000001,1.45,0.0,0.0,0.701554999999999,0.95,1.0,0.04074011443941258,0.014820118558669996,0.0,0.0,401.95,20.65,0.0,331.2,0.0,5584.8,0.0,498.0,8389.5,0.0,0.0,0.0,0.0,6372.9
222,0.03923337461486101,0.01523977840683455,0.003888638630871265,0.0037428962845588937,0.9379353791356295,0.9383800535490832,13.0,6.0,115.72051282051282,111.96111111111112,99.70166153846154,88.68666666666667,65.20896923076923,53.692083333333336,34.49269230769231,34.99458333333333,16.736842105263158,0.0,25.157894736842106,13860.473684210527,6872.0,53.341052631578954,138.60473684210527,96.22324210526315,34.65118421052632,24.055810526315785,120.27905263157895,61.57205789473685,0.0,1.0,1.0,1.0,-0.282751206140351,1.3157894736842106,0.0,0.0,0.0,0.7894736842105263,1.0526315789473684,0.08251194387258644,0.013097739574478611,0.0,0.0,486.2631578947368,31.68421052631579,0.0,332.7368421052632,0.0,5334.105263157895,0.0,502.10526315789474,8526.368421052632,0.0,0.0,0.0,0.0,6385.736842105263
223,0.04015155814783904,0.015280595186171763,0.003905491324615361,0.003747225928882838,0.9382629936766687,0.9387157898871326,18.0,13.0,136.20277777777778,116.36794871794872,82.97528888888888,80.24492307692307,53.398177777777775,49.052192307692316,31.650138888888893,34.55307692307692,14.225806451612904,0.0,26.032258064516128,13147.0,7673.096774193548,57.29903225806452,131.47,81.83029677419354,32.8675,20.45757419354838,102.28787096774195,51.57566774193548,0.0,1.0,1.0,1.0,-0.07449307795698928,1.4193548387096775,0.0,0.0,2.6128709677419346,0.9032258064516129,1.064516129032258,0.04882174913354255,0.012779644603432345,0.0,0.0,953.8709677419355,68.2258064516129,0.0,283.9032258064516,0.0,5729.903225806452,0.0,426.7741935483871,7417.096774193548,0.0,0.0,0.0,0.0,6719.225806451613
224,0.04132576301192886,0.015480271711038487,0.0039196290235701935,0.0037477102998904575,0.9386121244276849,0.9391195946156106,15.0,8.0,127.13777777777777,112.24583333333334,89.65589333333332,91.624,56.67405333333334,56.73525,32.993500000000004,34.88875,15.652173913043478,0.0,25.0,13461.08695652174,7317.478260869565,53.568260869565236,134.6108695652174,90.34045217391305,33.65271739130435,22.58511304347825,112.92556521739132,56.69533913043479,0.0,1.0,1.0,1.0,-0.18115289855072478,1.3478260869565217,0.0,0.0,0.00760434782608638,0.782608695652174,1.0869565217391304,0.032555976150784594,0.013813844152761956,0.0,0.0,706.1304347826087,41.47826086956522,0.0,309.39130434782606,0.0,5356.826086956522,0.0,469.5652173913044,8104.260869565217,0.0,0.0,0.0,0.0,6611.347826086957
225,0.04408137471663168,0.015677311989790804,0.003951546649873428,0.0037489925803154945,0.9389570409423572,0.9395114956598212,14.0,11.0,117.21785714285714,116.37727272727274,91.86857142857143,84.62472727272727,57.40946428571429,52.05759090909091,34.45910714285714,34.384772727272725,15.56,0.0,25.28,13770.56,7010.88,57.424,137.70559999999998,88.68128000000003,34.426399999999994,22.170319999999993,110.8516,55.05464,0.0,1.0,1.0,1.0,-0.14697166666666672,1.44,0.0,0.0,0.7997599999999997,0.8,1.12,0.07815221182970424,0.013993091592205076,0.0,0.0,585.44,40.64,0.0,310.12,0.0,5742.4,0.0,466.8,8028.16,0.0,0.0,0.0,0.0,6425.44
226,0.047374567575043776,0.015758886343022905,0.003971340429617831,0.0037518396341113453,0.9393998090971273,0.9398642788928073,9.0,15.0,111.77222222222221,128.92222222222222,102.66844444444445,78.1104,67.63594444444443,49.35913333333334,35.0325,32.65716666666666,15.625,0.0,26.125,13419.166666666666,7349.458333333333,53.44083333333334,134.1916666666667,87.31966666666665,33.54791666666667,21.82991666666666,109.14958333333334,56.21293749999999,0.0,1.0,1.0,1.0,-0.17110286458333335,1.625,0.0,0.0,2.4411874999999985,0.9166666666666666,1.0,0.06977700451822703,0.014696747088122998,0.0,0.0,708.25,49.75,0.0,311.875,0.0,5344.083333333333,0.0,468.75,8075.083333333333,0.0,0.0,0.0,0.0,6641.208333333333
227,0.04877177343941156,0.016068648387327203,0.004012711745143398,0.003754691004961393,0.939892557001635,0.9401911469024147,15.0,11.0,124.43555555555555,107.02727272727273,88.81685333333334,90.63927272727273,55.74602666666667,55.47104545454547,33.38733333333333,35.76386363636364,15.576923076923077,0.0,24.346153846153847,13757.115384615385,7024.2307692307695,56.11269230769231,137.57115384615386,89.58787692307692,34.392788461538466,22.396969230769226,111.98484615384616,55.629688461538464,0.0,1.0,1.0,1.0,-0.158951842948718,1.4230769230769231,0.0,0.0,0.43459999999999993,0.7692307692307693,1.0769230769230769,0.06532953535690603,0.015480017372377537,0.0,0.0,623.4230769230769,39.23076923076923,0.0,311.11538461538464,0.0,5611.2692307692305,0.0,467.3076923076923,8145.846153846154,0.0,0.0,0.0,0.0,6400.807692307692
228,0.04935697902164464,0.016241292155828795,0.004024511055861269,0.0037570219960598107,0.9402133787635597,0.9405315443716147,21.0,8.0,149.07619047619048,115.51041666666667,76.87405714285715,88.30499999999999,49.32464285714286,54.048187500000004,29.76107142857142,34.4684375,13.758620689655173,0.0,25.862068965517242,12423.862068965518,8389.0,52.96379310344827,124.23862068965516,80.02742068965516,31.05965517241379,20.006855172413783,100.03427586206898,50.62768965517241,0.0,1.0,1.0,1.0,-0.05474353448275864,1.2758620689655173,0.0,0.0,1.6599241379310328,0.8620689655172413,1.0344827586206897,0.061533958475860386,0.014519730863730106,0.0,0.0,1743.8620689655172,98.82758620689656,0.0,274.55172413793105,0.0,5296.379310344828,0.0,412.7586206896552,7127.482758620689,0.0,0.0,0.0,0.0,6645.137931034483
229,0.05119918728457825,0.016559899653617358,0.004032143220050338,0.00376033432654464,0.9405060303342175,0.9408540997173036,15.0,8.0,126.36444444444444,108.22916666666667,87.77642666666667,93.334,55.11748666666667,57.81399999999999,33.035666666666664,35.52,15.565217391304348,0.0,27.26086956521739,13559.91304347826,7203.391304347826,54.978260869565204,135.5991304347826,89.70949565217391,33.89978260869565,22.427373913043464,112.1368695652174,56.0554043478261,0.0,1.0,1.0,1.0,-0.16782092391304357,1.3478260869565217,0.0,0.0,0.24569130434782577,0.782608695652174,1.1304347826086956,0.1134844904776082,0.015573127618200133,0.0,0.0,848.3478260869565,58.69565217391305,0.0,310.04347826086956,0.0,5497.826086956522,0.0,466.95652173913044,8062.086956521739,0.0,0.0,0.0,0.0,6355.04347826087
230,0.05341538008490642,0.016844881491161603,0.004049194353672354,0.0037617993131841857,0.9408529428203322,0.9413009196912303,13.0,12.0,119.9128205128205,110.72361111111111,92.3104,88.68533333333335,58.343861538461546,53.52866666666668,34.05903846153847,35.15666666666667,16.08,0.0,27.36,13834.36,6930.12,55.8416,138.34359999999998,90.57036799999997,34.585899999999995,22.642591999999993,113.21296000000001,56.03256800000001,0.0,1.0,1.0,1.0,-0.1673451666666667,1.48,0.0,0.0,0.04810000000000031,0.8,1.08,0.09906657752514525,0.015424914728114948,0.0,0.0,532.68,32.24,0.0,319.88,0.0,5584.16,0.0,482.4,8250.2,0.0,0.0,0.0,0.0,6397.44
231,0.05612766062919838,0.016861365796947737,0.004069037059886182,0.0037663618407230946,0.9411521094462927,0.9416958305779481,11.0,15.0,113.28181818181818,132.3111111111111,104.71098181818179,70.80906666666667,69.94234545454546,48.30393333333333,34.76863636363637,32.27316666666666,14.923076923076923,0.0,27.076923076923077,13331.576923076924,7455.615384615385,55.28307692307692,133.31576923076923,85.15218461538461,33.32894230769231,21.28804615384615,106.44023076923075,57.45864615384615,0.0,1.0,1.0,1.0,-0.19705512820512822,1.5769230769230769,0.0,0.0,5.635403846153844,0.8076923076923077,1.0384615384615385,0.08428802115904215,0.01705629785725603,0.0,0.0,993.3846153846154,67.07692307692308,0.0,297.03846153846155,0.0,5528.307692307692,0.0,447.6923076923077,7803.2692307692305,0.0,0.0,0.0,0.0,6462.2307692307695
232,0.05891466017735417,0.016985042181006077,0.004086881695378822,0.003767712750213068,0.9415184238664573,0.9419872998082041,18.0,13.0,124.0712962962963,117.2923076923077,90.0112,78.59876923076925,56.79110555555555,50.223230769230774,33.415833333333325,34.435,14.64516129032258,0.0,27.580645161290324,13537.290322580646,7273.709677419355,58.29096774193548,135.37290322580643,85.22534193548387,33.843225806451606,21.30633548387096,106.53167741935484,54.036835483870966,0.0,1.0,1.0,1.0,-0.12576740591397853,1.4193548387096775,0.0,0.0,2.6547193548387074,0.8387096774193549,1.032258064516129,0.11369598472952393,0.01575108700225651,0.0,0.0,740.0645161290323,55.74193548387097,0.0,292.9032258064516,0.0,5829.096774193548,0.0,439.35483870967744,7708.193548387097,0.0,0.0,0.0,0.0,6533.645161290323
233,0.06151740590903047,0.017182190040393792,0.004128683089961002,0.003771481755990625,0.9417621620838097,0.9423517055782817,15.0,10.0,124.27888888888889,112.98333333333333,90.032,85.67999999999999,57.25258666666668,51.786249999999995,33.37533333333333,34.942750000000004,15.4,0.0,27.64,13600.92,7185.64,56.3872,136.0092,88.2912,34.0023,22.072799999999994,110.36399999999998,55.06605200000002,0.0,1.0,1.0,1.0,-0.14720941666666676,1.4,0.0,0.0,0.7771519999999993,0.76,1.04,0.15042630510132315,0.015193598750918531,0.0,0.0,654.68,42.8,0.0,307.64,0.0,5638.72,0.0,462.0,7962.2,0.0,0.0,0.0,0.0,6530.96
234,0.06245835615576975,0.01732132286770198,0.004146884516525942,0.003774583404678111,0.9420219081564619,0.9427010647505907,21.0,13.0,155.94047619047618,115.75897435897437,74.95801904761906,82.86769230769231,50.17700476190477,50.305269230769234,28.698928571428567,34.58230769230769,13.676470588235293,0.0,27.676470588235293,12379.382352941177,8434.617647058823,53.33088235294117,123.79382352941175,77.98230588235293,30.94845588235294,19.495576470588226,97.47788235294114,50.226047058823525,0.0,1.0,1.0,1.0,-0.0463759803921569,1.3823529411764706,0.0,0.0,3.1921970588235267,0.7352941176470589,1.1470588235294117,0.09052212998107328,0.01463194704790369,0.0,0.0,1934.0882352941176,102.91176470588235,0.0,271.79411764705884,0.0,5333.088235294118,0.0,410.29411764705884,7046.294117647059,0.0,0.0,0.0,0.0,6500.529411764706
235,0.06439647867009916,0.01732132286770198,0.004161036443372156,0.0037749478537842203,0.9423458143890844,0.943016233101853,18.0,19.0,130.6898148148148,148.71052631578948,85.03217777777779,66.74778947368422,53.79044444444444,48.0,32.418888888888894,29.917631578947365,13.162162162162161,0.0,28.56756756756757,12453.783783783783,8396.621621621622,55.408648648648644,124.5378378378378,75.64289729729728,31.13445945945945,18.910724324324317,94.5536216216216,50.81697297297298,0.0,1.0,1.0,1.0,-0.05868693693693693,1.5135135135135136,0.0,0.0,6.308535135135135,0.7567567567567568,1.0810810810810811,0.1128855437150023,0.014192114116864057,0.0,0.0,1725.1081081081081,90.8108108108108,0.0,262.9189189189189,0.0,5540.864864864865,0.0,394.86486486486484,6912.918918918919,0.0,0.0,0.0,0.0,6671.513513513513
236,0.06569271230267795,0.017510152895940264,0.004175116288015748,0.003777320967485837,0.9427052141067659,0.9433692587904303,17.0,14.0,151.98235294117646,112.93333333333334,80.96395294117644,81.4977142857143,52.57578823529412,50.30932142857143,29.3764705882353,35.113035714285715,13.870967741935484,0.0,27.806451612903224,12786.870967741936,8060.8387096774195,53.375806451612924,127.86870967741937,81.20500645161289,31.967177419354844,20.301251612903215,101.50625806451615,51.55222258064514,0.0,1.0,1.0,1.0,-0.07400463709677423,1.4516129032258065,0.0,0.0,2.3143935483870974,0.7741935483870968,1.064516129032258,0.0952111049864104,0.015450099373074854,0.0,0.0,1222.516129032258,58.516129032258064,0.0,276.64516129032256,0.0,5337.580645161291,0.0,416.1290322580645,7449.290322580645,0.0,0.0,0.0,0.0,6838.322580645161
237,0.06672016648058465,0.017622485339059232,0.004282540189944142,0.0037798973933179662,0.9429849873629499,0.9436522639252507,17.0,12.0,121.86078431372549,112.73888888888888,85.01345882352942,82.38799999999999,52.45198235294119,50.001083333333334,33.820735294117654,35.02020833333333,14.586206896551724,0.0,26.82758620689655,13726.827586206897,7085.172413793103,61.27172413793103,137.26827586206895,83.92706206896554,34.31706896551724,20.981765517241378,104.90882758620685,51.43781724137931,0.0,1.0,1.0,1.0,-0.07162119252873572,1.4137931034482758,0.0,0.0,1.8278241379310336,0.8620689655172413,1.0689655172413792,0.0935966796355747,0.01544560617375921,0.0,0.0,716.1724137931035,58.89655172413793,0.0,290.51724137931035,0.0,6127.172413793103,0.0,437.58620689655174,7599.6551724137935,0.0,0.0,0.0,0.0,6369.0
238,0.0674648752568062,0.017638302099405524,0.004298809961674349,0.0037836525572371286,0.9433099857252409,0.9439384326866399,18.0,20.0,133.8972222222222,157.91,80.73191111111112,63.622800000000005,50.91703888888888,48.151300000000006,32.006527777777784,28.45525,12.710526315789474,0.0,28.0,12054.973684210527,8792.131578947368,55.20342105263159,120.54973684210522,71.72711578947367,30.137434210526305,17.931778947368418,89.6588947368421,49.46138684210526,0.0,1.0,1.0,1.0,-0.030445559210526326,1.5263157894736843,0.0,0.0,7.871705263157893,0.8157894736842105,1.0263157894736843,0.11311751955957305,0.015216460559766472,0.0,0.0,1863.9736842105262,117.52631578947368,0.0,253.05263157894737,0.0,5520.3421052631575,0.0,381.3157894736842,6534.631578947368,0.0,0.0,0.0,0.0,6928.1578947368425
239,0.06799271419265474,0.017770754664465552,0.00430731544342499,0.0037890558054004693,0.9435993377700909,0.9442683942146622,22.0,9.0,129.64621212121213,117.35,79.86967272727271,82.9928888888889,50.39647272727272,51.57172222222223,32.67477272727273,34.27777777777778,13.741935483870968,0.0,28.387096774193548,13256.064516129032,7564.580645161291,60.529999999999994,132.56064516129032,80.7764129032258,33.14016129032258,20.194103225806447,100.97051612903225,50.73767419354838,0.0,1.0,1.0,1.0,-0.05703487903225814,1.2903225806451613,0.0,0.0,3.1014225806451616,0.8064516129032258,1.032258064516129,0.13216835092750592,0.01600592179005271,0.0,0.0,948.1935483870968,91.51612903225806,0.0,274.5806451612903,0.0,6053.0,0.0,412.258064516129,7203.064516129032,0.0,0.0,0.0,0.0,6616.387096774193
240,0.0689163934355449,0.01810682496532938,0.004331184686775867,0.0037898360365003674,0.9440199095001683,0.9445536608591014,19.0,6.0,144.1122807017544,110.8,78.28682105263158,94.45466666666668,50.885889473684216,59.411750000000005,30.43171052631579,35.04291666666667,14.28,0.0,30.52,12615.36,8167.04,53.5268,126.15360000000001,82.167104,31.538400000000003,20.541775999999995,102.70888000000002,52.93209600000001,0.0,1.0,1.0,1.0,-0.10275200000000001,1.24,0.0,0.0,2.3033919999999997,0.72,1.12,0.15742967319949927,0.015533712166965611,0.0,0.0,1539.76,103.04,0.0,285.16,0.0,5352.68,0.0,428.4,7262.68,0.0,0.0,0.0,0.0,6627.28
241,0.06931228071966858,0.018529194466750804,0.004344021033423285,0.0037962397050387087,0.9442535363217017,0.9448099187393899,19.0,10.0,144.8982456140351,113.79166666666667,77.5824842105263,89.76160000000002,49.725184210526315,55.69539999999999,30.33078947368421,34.793,14.0,0.0,30.448275862068964,12747.793103448275,8050.310344827586,53.500689655172415,127.47793103448276,81.78217931034484,31.86948275862069,20.445544827586204,102.22772413793105,51.78387931034483,0.0,1.0,1.0,1.0,-0.07883081896551726,1.3448275862068966,0.0,0.0,1.8711827586206882,0.7586206896551724,1.0344827586206897,0.15759665473416848,0.016730674248641005,0.0,0.0,1415.2068965517242,102.03448275862068,0.0,278.86206896551727,0.0,5350.068965517241,0.0,420.0,7397.724137931034,0.0,0.0,0.0,0.0,6635.103448275862
242,0.07109701395971808,0.018599817081741722,0.004356384721430133,0.0038029267474265598,0.9445893852035401,0.9450965182791411,18.0,13.0,144.98796296296297,117.05512820512821,81.74684444444443,80.47876923076923,52.844388888888886,49.16046153846154,30.22486111111111,34.42730769230769,14.387096774193548,0.0,29.677419354838708,12794.870967741936,7996.451612903225,54.61645161290321,127.94870967741933,81.21507096774197,31.987177419354833,20.303767741935477,101.51883870967744,51.29951612903227,0.0,1.0,1.0,1.0,-0.06873991935483875,1.4193548387096775,0.0,0.0,2.071622580645158,0.8709677419354839,1.032258064516129,0.1535266083667847,0.014885575362099586,0.0,0.0,1317.8064516129032,88.7741935483871,0.0,287.2903225806452,0.0,5461.645161290323,0.0,431.61290322580646,7333.225806451613,0.0,0.0,0.0,0.0,6678.645161290323
243,0.077048388957841,0.018739378623684414,0.0043756260900329495,0.0038042979893650984,0.9449015756039758,0.9453808614460922,12.0,13.0,110.35972222222222,120.86025641025641,101.72533333333332,82.4252307692308,66.42574999999998,50.292,35.29958333333334,33.792115384615386,16.16,0.0,30.8,13806.28,6949.2,54.3904,138.06279999999998,91.68927999999998,34.515699999999995,22.922319999999992,114.61160000000001,58.0362,0.0,1.0,1.0,1.0,-0.2090875,1.52,0.0,0.0,0.8626199999999968,0.72,1.04,0.1962362445406558,0.016101461233136723,0.0,0.0,576.56,37.12,0.0,321.6,0.0,5439.04,0.0,484.8,8367.24,0.0,0.0,0.0,0.0,6372.64
244,0.08028885036323695,0.018777064092534906,0.0043976478899488605,0.003807610889351752,0.945211653837755,0.9456389734136766,16.0,15.0,115.79583333333333,127.54222222222224,93.9022,76.05813333333332,59.5797375,48.97023333333333,34.625156249999996,32.8735,14.96774193548387,0.0,31.258064516129032,13511.032258064517,7288.774193548387,57.74064516129034,135.11032258064517,85.26797419354838,33.777580645161294,21.31699354838709,106.58496774193546,54.4461064516129,0.0,1.0,1.0,1.0,-0.13429388440860213,1.4838709677419355,0.0,0.0,2.9557129032258027,0.6774193548387096,1.1290322580645162,0.1890334447893005,0.013575853598006274,0.0,0.0,821.0645161290323,51.935483870967744,0.0,298.2258064516129,0.0,5774.064516129032,0.0,449.03225806451616,7736.967741935484,0.0,0.0,0.0,0.0,6467.709677419355
245,0.08059623557365832,0.019109335792027674,0.004417927748707571,0.003809937000643782,0.945490745976302,0.9459328448200313,17.0,10.0,137.03333333333333,109.31833333333334,80.15209411764708,89.204,50.928982352941176,54.25170000000001,31.502941176470586,35.42425,14.74074074074074,0.0,29.666666666666668,13182.111111111111,7606.111111111111,56.62074074074075,131.82111111111112,83.50465185185185,32.95527777777778,20.87616296296296,104.38081481481483,52.159618518518535,0.0,1.0,1.0,1.0,-0.08665871913580254,1.3703703703703705,0.0,0.0,1.6102444444444428,0.8518518518518519,1.0,0.1578075115505316,0.016032641574259113,0.0,0.0,923.5185185185185,74.25925925925925,0.0,294.2962962962963,0.0,5662.074074074074,0.0,442.22222222222223,7520.037037037037,0.0,0.0,0.0,0.0,6682.592592592592
246,0.08185527251192198,0.019430819928611866,0.004436533581856531,0.0038134802486092224,0.9457889499326924,0.9462223528061261,18.0,8.0,126.6212962962963,109.60625,89.29724444444446,88.83999999999999,56.51676666666667,54.104187499999995,33.01763888888889,35.39625,15.192307692307692,0.0,30.576923076923077,13499.807692307691,7283.153846153846,55.36769230769231,134.99807692307692,89.15655384615387,33.74951923076923,22.289138461538453,111.4456923076923,55.77443461538462,0.0,1.0,1.0,1.0,-0.16196738782051284,1.3076923076923077,0.0,0.0,0.3673999999999991,0.6538461538461539,1.0769230769230769,0.20405871738324344,0.02019001048225508,0.0,0.0,780.7692307692307,57.57692307692308,0.0,302.6923076923077,0.0,5536.7692307692305,0.0,455.7692307692308,7963.038461538462,0.0,0.0,0.0,0.0,6502.384615384615
247,0.08311872866049251,0.019751206862788945,0.0044833934467646145,0.0038169538644081615,0.9461031168848753,0.9465113504866396,17.0,13.0,124.46862745098039,115.62307692307692,85.83284705882355,85.62646153846154,53.72981764705883,52.33203846153846,33.421617647058824,34.55153846153846,15.0,0.0,30.633333333333333,13564.5,7238.133333333333,57.747666666666674,135.64499999999998,85.74341333333332,33.911249999999995,21.435853333333323,107.17926666666668,53.12411333333333,0.0,1.0,1.0,1.0,-0.10675236111111112,1.4333333333333333,0.0,0.0,1.2919499999999993,0.6666666666666666,1.0666666666666667,0.18921184744845027,0.018686118752404956,0.0,0.0,661.7666666666667,47.3,0.0,299.06666666666666,0.0,5774.766666666666,0.0,450.0,7789.733333333334,0.0,0.0,0.0,0.0,6576.366666666667
248,0.08536685785543476,0.02001497817906327,0.004589140811556047,0.003819419152714288,0.9464126038120877,0.9468651129316096,20.0,10.0,138.89333333333335,107.49833333333332,82.93664000000001,89.4592,53.29897,54.124700000000004,31.18075,35.6565,14.866666666666667,0.0,32.833333333333336,13069.066666666668,7705.7,54.50333333333333,130.6906666666667,85.11082666666667,32.67266666666667,21.277706666666663,106.3885333333333,53.57421333333333,0.0,1.0,1.0,1.0,-0.11612944444444448,1.3333333333333333,0.0,0.0,1.1360533333333331,0.6666666666666666,1.0333333333333334,0.20292948762350152,0.01617548476957071,0.0,0.0,1286.4666666666667,81.7,0.0,296.53333333333336,0.0,5450.333333333333,0.0,446.0,7618.733333333334,0.0,0.0,0.0,0.0,6419.233333333334
249,0.08792123973301993,0.020336370212285258,0.004628782192427041,0.0038225770578507656,0.9466618727354827,0.9471232782629636,15.0,10.0,122.17,111.795,92.91968,88.9056,59.371653333333335,53.861850000000004,33.70033333333334,35.04375,15.8,0.0,33.68,13695.08,7081.2,54.4432,136.9508,91.31404800000001,34.2377,22.828511999999996,114.14256000000002,57.16773200000001,0.0,1.0,1.0,1.0,-0.19099441666666672,1.4,0.0,0.0,0.09138400000000019,0.6,1.0,0.2429919439780278,0.01776203747720689,0.0,0.0,566.0,33.04,0.0,315.68,0.0,5444.32,0.0,474.0,8250.76,0.0,0.0,0.0,0.0,6515.2
250,0.08847688425475338,0.021361212424806403,0.004660015775133985,0.0038237304836487756,0.9469381560479938,0.9474079771036618,21.0,17.0,160.70396825396827,117.15294117647059,71.44076190476191,93.86729411764706,48.94383333333334,59.48744117647059,28.106071428571422,34.379852941176466,13.263157894736842,0.0,31.473684210526315,12365.105263157895,8473.236842105263,54.25631578947369,123.65105263157899,81.47368421052632,30.912763157894748,20.368421052631575,101.8421052631579,53.66071052631579,0.0,1.0,1.0,1.0,-0.11793146929824568,1.4473684210526316,0.0,0.0,3.0997894736842126,0.7105263157894737,1.0789473684210527,0.162642189962831,0.019976934610280123,0.0,0.0,1914.6842105263158,98.73684210526316,0.0,264.0263157894737,0.0,5425.631578947368,0.0,397.89473684210526,6939.473684210527,0.0,0.0,0.0,0.0,6558.5526315789475
251,0.09071432101813612,0.022984637088440535,0.004838562460906958,0.003828271094486932,0.9471650362589784,0.9476684183129762,23.0,13.0,158.94420289855074,114.38589743589743,78.17572173913045,97.69993846153845,52.733169565217395,62.898399999999995,28.29869565217391,34.80153846153846,13.5,0.0,31.97222222222222,12258.777777777777,8571.222222222223,49.56055555555557,122.58777777777775,85.22613333333334,30.646944444444436,21.30653333333333,106.53266666666666,56.40394722222223,0.0,1.0,1.0,1.0,-0.1750822337962964,1.3611111111111112,0.0,0.0,1.8247583333333344,0.6388888888888888,1.1388888888888888,0.16197899829214507,0.025048129711113455,0.0,0.0,1877.5,94.33333333333333,0.0,269.6666666666667,0.0,4956.055555555556,0.0,405.0,7302.722222222223,0.0,0.0,0.0,0.0,6693.722222222223
252,0.09116322116216055,0.024204784622876892,0.0049700490639178856,0.0038347446299449865,0.9474918173045704,0.9479532088283178,22.0,15.0,170.59621212121212,118.06666666666666,69.83825454545455,92.66986666666665,49.18484999999999,58.365533333333346,26.66545454545454,34.30433333333334,12.756756756756756,0.0,33.270270270270274,11904.918918918918,8958.027027027027,51.54216216216216,119.04918918918918,79.09431351351353,29.762297297297295,19.77357837837838,98.8678918918919,52.90674864864865,0.0,1.0,1.0,1.0,-0.10222393018018024,1.4054054054054055,0.0,0.0,3.5747324324324308,0.7297297297297297,1.027027027027027,0.1851625720245625,0.025418716821399383,0.0,0.0,1953.7567567567567,99.0,0.0,254.35135135135135,0.0,5154.216216216216,0.0,382.7027027027027,6750.7027027027025,0.0,0.0,0.0,0.0,7004.27027027027
253,0.09264003469178701,0.02595381200864887,0.005093080519157641,0.0038384134010553696,0.9477754572130821,0.9482111281845976,21.0,12.0,160.53730158730158,113.97638888888888,74.5592380952381,103.78533333333333,50.805338095238106,69.09429166666668,28.042738095238096,34.69104166666667,14.090909090909092,0.0,30.727272727272727,12184.121212121212,8616.363636363636,49.54424242424243,121.84121212121211,85.18690909090911,30.460303030303027,21.29672727272727,106.48363636363635,57.455866666666665,0.0,1.0,1.0,1.0,-0.19699722222222227,1.3636363636363635,0.0,0.0,2.7292606060606084,0.696969696969697,1.0303030303030303,0.14673767727785206,0.024863304072698596,0.0,0.0,1914.878787878788,94.84848484848484,0.0,280.93939393939394,0.0,4954.424242424242,0.0,422.72727272727275,7229.69696969697,0.0,0.0,0.0,0.0,6701.484848484848
254,0.09338095000896965,0.028061334153181856,0.005156398417279492,0.0038464548489670937,0.9480458332584978,0.948437952396693,21.0,13.0,154.04603174603173,112.24102564102563,74.74925714285713,99.10276923076923,49.52818571428571,64.02373076923078,29.023333333333333,35.07903846153847,13.705882352941176,0.0,32.44117647058823,12535.5,8283.70588235294,53.78176470588236,125.35500000000002,84.06089411764705,31.338750000000005,21.015223529411763,105.07611764705882,55.07060000000001,0.0,1.0,1.0,1.0,-0.14730416666666674,1.3823529411764706,0.0,0.0,2.348455882352942,0.7647058823529411,1.0588235294117647,0.18070107231038926,0.03022570751602424,0.0,0.0,1726.4117647058824,94.5,0.0,274.11764705882354,0.0,5378.176470588235,0.0,411.1764705882353,7157.323529411765,0.0,0.0,0.0,0.0,6557.294117647059
255,0.09419240881505017,0.029382168148225394,0.0051835003123341895,0.0038555049171595766,0.948295869526338,0.9487073859388456,21.0,11.0,153.26666666666668,116.18333333333334,74.93013333333336,98.47563636363635,49.82228571428571,64.00472727272728,29.146071428571435,34.47090909090909,13.65625,0.0,33.1875,12390.59375,8431.15625,53.35500000000002,123.90593750000004,83.0239,30.97648437500001,20.755974999999992,103.779875,54.6975,0.0,1.0,1.0,1.0,-0.13953125000000008,1.34375,0.0,0.0,2.6500843749999987,0.6875,1.03125,0.18963061289288663,0.025846942211765075,0.0,0.0,1506.40625,95.375,0.0,272.1875,0.0,5335.5,0.0,409.6875,7055.09375,0.0,0.0,0.0,0.0,6924.75
256,0.0983595377687022,0.03185230952108124,0.005335566205892357,0.003860915456141976,0.948574260077574,0.9490316046830813,13.0,11.0,120.17692307692307,111.96666666666667,93.4523076923077,104.43781818181819,59.7946076923077,69.41963636363636,34.01384615384616,35.018181818181816,15.958333333333334,0.0,36.125,13789.666666666666,6984.833333333333,53.923750000000005,137.89666666666668,98.48733333333335,34.47416666666667,24.62183333333333,123.10916666666664,64.20607916666667,0.0,1.0,1.0,1.0,-0.3376266493055556,1.4583333333333333,0.0,0.0,0.1929124999999985,0.5833333333333334,1.0416666666666667,0.2804506754857981,0.040199859354029456,0.0,0.0,515.2083333333334,26.791666666666668,0.0,318.9583333333333,0.0,5392.375,0.0,478.75,8397.291666666666,0.0,0.0,0.0,0.0,6469.625
257,0.09858348529291265,0.03421066685716922,0.005365915446986315,0.0038754698689921407,0.9488779698979222,0.9492653656754837,23.0,9.0,187.27971014492752,113.02962962962962,68.51199999999999,105.58577777777778,48.61736086956522,70.80661111111112,24.175,34.77916666666667,12.9375,0.0,35.53125,10862.96875,9983.8125,41.49531249999999,108.62968749999999,78.939,27.157421874999997,19.73475,98.67374999999998,54.858087499999996,0.0,1.0,1.0,1.0,-0.14287682291666665,1.28125,0.0,0.0,3.0765093749999997,0.75,1.03125,0.22399881248414213,0.03384074330539704,0.0,0.0,3078.3125,106.1875,0.0,257.90625,0.0,4149.53125,0.0,388.125,6713.4375,0.0,0.0,0.0,0.0,6905.5
258,0.100698180019212,0.03680218242431263,0.005427586343838558,0.0038886791420368184,0.9491664638281708,0.9495178961693088,15.0,12.0,117.47555555555556,112.15416666666667,91.32565333333332,102.57946666666668,57.095373333333335,67.59238333333333,34.40383333333333,34.98708333333333,15.814814814814815,0.0,34.51851851851852,13865.222222222223,6906.62962962963,56.76185185185185,138.6522222222222,96.32734814814818,34.66305555555555,24.081837037037026,120.40918518518517,61.76071111111111,0.0,1.0,1.0,1.0,-0.2866814814814816,1.4444444444444444,0.0,0.0,0.09641851851851842,0.5925925925925926,1.0,0.2535584698268798,0.03981789760412452,0.0,0.0,517.1481481481482,37.96296296296296,0.0,314.74074074074076,0.0,5676.185185185185,0.0,474.44444444444446,8189.037037037037,0.0,0.0,0.0,0.0,6389.481481481482
259,0.10083351386226855,0.039038329415921495,0.005528440121688908,0.003912617151016055,0.9494344415080204,0.9497544652788454,20.0,15.0,167.2475,112.22444444444444,71.5736,96.43072000000001,48.441280000000006,61.734019999999994,27.056250000000006,35.078,13.657142857142857,0.0,33.457142857142856,12197.657142857142,8619.971428571429,52.257142857142846,121.9765714285714,82.22665142857143,30.49414285714285,20.556662857142854,102.78331428571427,54.13816857142857,0.0,1.0,1.0,1.0,-0.12787851190476193,1.4285714285714286,0.0,0.0,2.4056599999999984,0.7142857142857143,1.0571428571428572,0.189375641812396,0.04038847720316408,0.0,0.0,1978.0,101.51428571428572,0.0,270.14285714285717,0.0,5225.714285714285,0.0,409.7142857142857,6971.942857142857,0.0,0.0,0.0,0.0,6641.971428571429
260,0.10150787718679018,0.04101353357122862,0.005551265461590872,0.003923639280727149,0.9497102529457764,0.9500674243953139,25.0,9.0,192.818,113.03518518518518,65.642496,103.26151111111113,49.217896,68.41706666666668,23.3464,34.84444444444444,12.382352941176471,0.0,35.88235294117647,10556.0,10301.941176470587,41.25558823529412,105.56000000000002,75.6004705882353,26.390000000000004,18.900117647058817,94.50058823529413,54.3000294117647,0.0,1.0,1.0,1.0,-0.13125061274509814,1.2647058823529411,0.0,0.0,5.08955882352941,0.5588235294117647,1.1764705882352942,0.24441588333823513,0.03029564882577907,0.0,0.0,3543.029411764706,122.5,0.0,247.08823529411765,0.0,4125.558823529412,0.0,371.47058823529414,6430.441176470588,0.0,0.0,0.0,0.0,6758.911764705882
261,0.10363138006909246,0.04482705527846735,0.00558014088734275,0.003939871229839775,0.9499667219248729,0.9502712982126761,18.0,11.0,121.47777777777779,113.11060606060606,86.0759111111111,101.30210909090911,53.4883,66.45915454545455,33.815416666666664,34.842954545454546,15.137931034482758,0.0,34.06896551724138,13682.068965517241,7098.241379310345,58.803103448275856,136.8206896551724,91.85136551724135,34.2051724137931,22.962841379310333,114.81420689655171,58.408279310344824,0.0,1.0,1.0,1.0,-0.21683915229885062,1.3793103448275863,0.0,0.0,0.7620862068965512,0.8275862068965517,1.0344827586206897,0.20981788277387475,0.0558073285773292,0.0,0.0,720.3448275862069,62.89655172413793,0.0,301.6551724137931,0.0,5880.310344827586,0.0,454.13793103448273,7801.758620689655,0.0,0.0,0.0,0.0,6377.896551724138
262,0.1039681482017428,0.04630439011049453,0.005724944376425479,0.003954662817163456,0.9502677882588861,0.9504907237063013,20.0,13.0,144.9,110.87435897435897,75.62048000000001,95.65932307692309,49.086014999999996,60.74874615384616,30.447250000000004,35.24692307692308,13.787878787878787,0.0,33.81818181818182,12935.212121212122,7889.757575757576,58.44363636363637,129.3521212121212,83.5145696969697,32.3380303030303,20.87864242424242,104.39321212121216,53.68042424242424,0.0,1.0,1.0,1.0,-0.11834217171717176,1.393939393939394,0.0,0.0,2.503884848484849,0.7575757575757576,1.0303030303030303,0.16644500978428017,0.03398829403073362,0.0,0.0,1423.0,84.6969696969697,0.0,275.6969696969697,0.0,5844.363636363636,0.0,413.6363636363636,7090.848484848485,0.0,0.0,0.0,0.0,6466.757575757576
263,0.10436903681387405,0.04880946503637747,0.005756280120694575,0.00396198083187003,0.9505231603478492,0.9507099095945022,26.0,14.0,229.71858974358975,118.475,56.953969230769225,94.27542857142858,48.941657692307686,60.1684642857143,18.029999999999998,34.106964285714284,11.6,0.0,35.0,9462.775,11447.0,35.22724999999999,94.62774999999999,70.01648000000002,23.656937499999998,17.504119999999997,87.52059999999999,52.871039999999994,0.0,1.0,1.0,1.0,-0.10148000000000004,1.35,0.0,0.0,6.5114975,0.65,1.05,0.22394108185883996,0.038069779827378615,0.0,0.0,3833.175,110.7,0.0,230.525,0.0,3522.725,0.0,348.0,5940.05,0.0,0.0,0.0,0.0,7613.825
264,0.10484658778226358,0.05133347607712289,0.005854098772674146,0.003985000482204975,0.9507327910437644,0.9509531732382264,21.0,14.0,154.38095238095238,116.93095238095239,72.92358095238095,95.7296,48.8225380952381,61.432857142857145,28.968333333333334,34.34839285714286,13.628571428571428,0.0,34.02857142857143,12448.142857142857,8364.057142857142,54.91685714285714,124.48142857142855,82.0459885714286,31.120357142857138,20.51149714285714,102.55748571428572,53.866665714285716,0.0,1.0,1.0,1.0,-0.12222220238095244,1.4,0.0,0.0,2.9410342857142853,0.6857142857142857,1.0571428571428572,0.20253327399654755,0.04546740789185005,0.0,0.0,1723.3428571428572,105.65714285714286,0.0,272.2857142857143,0.0,5491.685714285714,0.0,408.85714285714283,6956.457142857143,0.0,0.0,0.0,0.0,6640.714285714285
265,0.10599771786970172,0.05331456129896,0.0059263552632737825,0.003987224779323768,0.9509173400902762,0.9511519244237989,26.0,15.0,184.83397435897436,124.47222222222221,70.33784615384616,90.62997333333333,49.79826538461539,57.24880666666665,24.501346153846153,33.381166666666665,12.390243902439025,0.0,34.75609756097561,11100.024390243903,9765.024390243903,44.45365853658536,111.00024390243898,77.76179512195122,27.750060975609745,19.4404487804878,97.202243902439,52.5240731707317,0.0,1.0,1.0,1.0,-0.0942515243902439,1.3658536585365855,0.0,0.0,2.5123390243902426,0.7073170731707317,1.0731707317073171,0.1918347793509188,0.056920218390739054,0.0,0.0,2964.5365853658536,114.6829268292683,0.0,247.5609756097561,0.0,4445.365853658536,0.0,371.7073170731707,6654.658536585366,0.0,0.0,0.0,0.0,6800.487804878048
266,0.10718251920172456,0.055763468067962174,0.006082208882521107,0.004027640805650487,0.9511041900704478,0.9513956635877266,21.0,9.0,160.87222222222223,110.05,75.26521904761906,104.67057777777777,50.24349047619047,69.35807777777777,27.99285714285715,35.3125,13.666666666666666,0.0,37.7,12075.5,8737.533333333333,49.10900000000001,120.75500000000001,84.08682666666667,30.188750000000002,21.02170666666666,105.10853333333333,55.977866666666664,0.0,1.0,1.0,1.0,-0.1662055555555556,1.3,0.0,0.0,2.0797899999999974,0.8333333333333334,1.0,0.2683950623534224,0.04282123159018466,0.0,0.0,2136.8,105.73333333333333,0.0,270.23333333333335,0.0,4910.9,0.0,410.0,7164.6,0.0,0.0,0.0,0.0,6600.733333333334
267,0.1079342502010685,0.05889237450023062,0.006109233983928482,0.004049204963267747,0.9513128401465325,0.9516192795655419,20.0,7.0,172.96666666666667,111.40714285714286,71.74799999999999,100.70354285714286,49.333574999999996,65.56532857142858,26.146749999999997,35.13821428571429,13.25925925925926,0.0,37.111111111111114,11391.148148148148,9420.407407407407,46.82333333333333,113.91148148148149,79.25499259259257,28.477870370370372,19.813748148148143,99.06874074074074,53.541807407407404,0.0,1.0,1.0,1.0,-0.11545432098765433,1.2592592592592593,0.0,0.0,2.764685185185187,0.6666666666666666,1.1481481481481481,0.22966813888147233,0.07947562104038351,0.0,0.0,2911.5925925925926,125.37037037037037,0.0,264.2962962962963,0.0,4682.333333333333,0.0,397.77777777777777,6708.814814814815,0.0,0.0,0.0,0.0,6508.814814814815
268,0.1091705120582615,0.06350864972103108,0.006359309264001736,0.004071482190950913,0.9515619199263415,0.9518212476339731,22.0,8.0,154.23939393939392,108.9125,77.12509090909094,105.848,50.662713636363634,70.50675000000001,29.00454545454545,35.34125,13.733333333333333,0.0,36.333333333333336,12277.733333333334,8529.133333333333,50.48233333333334,122.77733333333332,84.78453333333333,30.69433333333333,21.196133333333325,105.98066666666665,55.95445666666667,0.0,1.0,1.0,1.0,-0.16571784722222235,1.2666666666666666,0.0,0.0,1.864256666666667,0.7666666666666667,1.0666666666666667,0.19773592941356677,0.10765719414143986,0.0,0.0,2195.866666666667,106.5,0.0,273.6333333333333,0.0,5048.233333333334,0.0,412.0,7229.5,0.0,0.0,0.0,0.0,6333.266666666666
269,0.11022569885655063,0.0672234194553371,0.006372905548132805,0.004115300891764656,0.9518515410001325,0.9520353985186127,19.0,14.0,120.22456140350877,121.41428571428573,85.40732631578949,95.45485714285714,52.501947368421064,61.72217857142858,34.04276315789473,33.73267857142857,14.606060606060606,0.0,35.72727272727273,13564.484848484848,7243.757575757576,59.27909090909091,135.64484848484844,89.66991515151517,33.91121212121211,22.417478787878785,112.08739393939393,56.41356060606061,0.0,1.0,1.0,1.0,-0.1752825126262627,1.4242424242424243,0.0,0.0,0.6548575757575748,0.5757575757575758,1.1515151515151516,0.18886158717152185,0.07495807304930811,0.0,0.0,801.3030303030303,62.696969696969695,0.0,289.8787878787879,0.0,5927.909090909091,0.0,438.1818181818182,7636.575757575758,0.0,0.0,0.0,0.0,6442.454545454545
270,0.11045037001699815,0.06931800518737952,0.00649582353692567,0.004141030726450922,0.9521017671976505,0.9522296358219354,23.0,16.0,160.0949275362319,129.64270833333333,72.41113043478258,87.83359999999999,49.2338347826087,55.94332500000001,28.16641304347826,32.592499999999994,12.820512820512821,0.0,36.69230769230769,11992.897435897436,8856.102564102564,52.867179487179506,119.92897435897437,78.73829743589742,29.982243589743593,19.684574358974356,98.42287179487178,51.98644615384615,0.0,1.0,1.0,1.0,-0.08305096153846156,1.4102564102564104,0.0,0.0,3.2303923076923082,0.6666666666666666,1.1025641025641026,0.20312984850766982,0.09793760946167886,0.0,0.0,2123.6666666666665,108.97435897435898,0.0,256.4102564102564,0.0,5286.717948717948,0.0,384.61538461538464,6706.179487179487,0.0,0.0,0.0,0.0,6732.4358974358975
271,0.111669464672712,0.07358360656376804,0.006642849489851207,0.004163955438936344,0.9523036713617355,0.9524082833099412,28.0,15.0,214.49642857142857,117.13555555555556,59.440114285714294,96.25514666666668,49.268278571428574,61.92764666666667,20.25955357142857,34.3275,11.883720930232558,0.0,38.883720930232556,10066.790697674418,10832.0,39.23790697674419,100.66790697674419,72.28256744186046,25.166976744186048,18.070641860465113,90.35320930232557,53.68433720930233,0.0,1.0,1.0,1.0,-0.11842369186046516,1.3488372093023255,0.0,0.0,6.568746511627905,0.6511627906976745,1.1162790697674418,0.2320588994383686,0.10554312117221401,0.0,0.0,3291.3720930232557,106.93023255813954,0.0,236.7674418604651,0.0,3923.7906976744184,0.0,356.51162790697674,6143.0,0.0,0.0,0.0,0.0,7540.627906976744
272,0.1136200502847396,0.07574056173172082,0.006727386365511294,0.004184373693116281,0.9525124576316117,0.9526265933600311,18.0,13.0,126.12407407407407,115.0923076923077,87.74186666666667,97.1899076923077,55.22143333333334,62.5449076923077,33.12652777777779,34.645,15.064516129032258,0.0,37.74193548387097,13505.322580645161,7289.870967741936,57.10354838709678,135.05322580645162,91.70394838709679,33.763306451612905,22.925987096774186,114.62993548387098,58.29256774193549,0.0,1.0,1.0,1.0,-0.21442849462365599,1.4193548387096775,0.0,0.0,0.3519258064516129,0.5806451612903226,1.1935483870967742,0.19268515703032663,0.12783725872787097,0.0,0.0,767.9032258064516,51.38709677419355,0.0,300.48387096774195,0.0,5710.354838709677,0.0,451.93548387096774,7794.967741935484,0.0,0.0,0.0,0.0,6521.967741935484
273,0.11438235925576226,0.07922150227580337,0.006777002817556471,0.004219494786552721,0.9527356099816532,0.9528392119465056,28.0,15.0,228.95892857142857,122.9211111111111,56.339999999999996,91.69514666666666,48.864739285714286,58.59562666666667,18.160625,33.457166666666666,11.395348837209303,0.0,37.69767441860465,9398.651162790698,11518.139534883721,35.74651162790698,93.986511627907,68.67319069767441,23.49662790697675,17.1682976744186,85.84148837209302,52.25923488372094,0.0,1.0,1.0,1.0,-0.08873406007751938,1.3488372093023255,0.0,0.0,7.082672093023253,0.6046511627906976,1.1627906976744187,0.20815979441779006,0.121727032010928,0.0,0.0,3888.1162790697676,113.97674418604652,0.0,226.37209302325581,0.0,3574.6511627906975,0.0,341.86046511627904,5824.0,0.0,0.0,0.0,0.0,7630.023255813953
274,0.11444883234984297,0.08017466320003315,0.006806249968544118,0.004245529866763739,0.9529600160813932,0.9530461398728791,24.0,21.0,186.70347222222225,163.61507936507937,67.02746666666667,72.7911619047619,49.2641875,49.85085714285714,24.17052083333333,27.6325,11.577777777777778,0.0,37.86666666666667,10314.444444444445,10555.733333333334,44.029777777777774,103.1444444444444,69.71719111111112,25.7861111111111,17.429297777777776,87.1464888888889,49.53796666666666,0.0,1.0,1.0,1.0,-0.03204097222222225,1.4666666666666666,0.0,0.0,5.606886666666666,0.7111111111111111,1.0888888888888888,0.20496749780876095,0.12485547380849406,0.0,0.0,3833.688888888889,151.13333333333333,0.0,230.35555555555555,0.0,4402.977777777778,0.0,347.3333333333333,5911.466666666666,0.0,0.0,0.0,0.0,6722.044444444445
275,0.11628238725684184,0.080698219742509,0.006905371075570027,0.0043538142959765715,0.953180468954677,0.9533006819448794,18.0,20.0,124.3712962962963,140.13250000000002,87.37582222222221,78.6744,55.32920000000001,50.21398000000001,33.372083333333336,31.051500000000004,13.842105263157896,0.0,40.28947368421053,12860.28947368421,7960.0,58.506052631578946,128.60289473684207,82.79612631578952,32.15072368421052,20.699031578947377,103.49515789473682,52.636978947368426,0.0,1.0,1.0,1.0,-0.09660372807017548,1.5263157894736843,0.0,0.0,1.9915763157894724,0.7105263157894737,1.105263157894737,0.2166517198633905,0.10680306595823068,0.0,0.0,1270.6842105263158,87.07894736842105,0.0,276.36842105263156,0.0,5850.605263157895,0.0,415.2631578947368,7009.684210526316,0.0,0.0,0.0,0.0,6689.315789473684
276,0.11800676826173837,0.08180545341149476,0.007035796902096971,0.004382741120524638,0.9534017409408406,0.953526220204132,22.0,19.0,167.20454545454547,143.78684210526316,73.21847272727273,80.86955789473683,50.700500000000005,51.423768421052635,27.086250000000003,30.447105263157894,12.536585365853659,0.0,38.26829268292683,11457.487804878048,9381.146341463415,49.23829268292682,114.57487804878052,76.7640975609756,28.64371951219513,19.19102439024389,95.95512195121952,51.035673170731705,0.0,1.0,1.0,1.0,-0.0632431910569106,1.4634146341463414,0.0,0.0,2.9152951219512198,0.7560975609756098,1.0975609756097562,0.19393338603333007,0.12022697477210666,0.0,0.0,2625.0,133.53658536585365,0.0,250.73170731707316,0.0,4923.829268292683,0.0,376.0975609756098,6533.658536585366,0.0,0.0,0.0,0.0,6756.1463414634145
277,0.11821300007203348,0.08271607747100906,0.007181104124250152,0.004549393088416328,0.9536075393072458,0.9537343091351786,24.0,17.0,172.30208333333334,133.62156862745098,69.52080000000002,82.60065882352943,48.97318333333334,51.144558823529415,26.35229166666667,31.98926470588236,12.439024390243903,0.0,38.926829268292686,11475.829268292682,9375.829268292682,51.203658536585365,114.7582926829268,74.94415609756096,28.6895731707317,18.736039024390234,93.68019512195123,49.873509756097555,0.0,1.0,1.0,1.0,-0.03903145325203258,1.4146341463414633,0.0,0.0,3.618926829268292,0.6829268292682927,1.0975609756097562,0.177120342244423,0.12038611526285463,0.0,0.0,2626.5365853658536,126.0,0.0,248.17073170731706,0.0,5120.365853658536,0.0,373.1707317073171,6355.463414634146,0.0,0.0,0.0,0.0,6749.292682926829
278,0.11980159383659642,0.08776860056612958,0.007219941653323608,0.004567263133090244,0.9538213382327817,0.954013012517388,18.0,10.0,131.93148148148148,109.96333333333334,83.56977777777779,106.26912000000002,52.819111111111106,70.99637,32.273611111111116,35.27275,14.857142857142858,0.0,44.892857142857146,13337.892857142857,7445.142857142857,55.21571428571429,133.3789285714286,91.67668571428571,33.34473214285715,22.919171428571417,114.59585714285717,59.310989285714285,0.0,1.0,1.0,1.0,-0.2356456101190477,1.3571428571428572,0.0,0.0,0.9790357142857137,0.5714285714285714,1.1071428571428572,0.30852979344573156,0.13539470485957267,0.0,0.0,949.1071428571429,73.53571428571429,0.0,296.7142857142857,0.0,5521.571428571428,0.0,445.7142857142857,7816.321428571428,0.0,0.0,0.0,0.0,6496.035714285715
279,0.12177349637721457,0.08916472556104306,0.007491682155864663,0.00470515345259463,0.9540576151019511,0.9542937281811124,20.0,18.0,137.935,128.1851851851852,80.484,81.11093333333332,50.93772,51.335744444444444,31.4395,32.88888888888889,13.18421052631579,0.0,41.39473684210526,12850.421052631578,7999.0,59.73894736842104,128.5042105263158,80.78096842105265,32.12605263157895,20.19524210526315,100.9762105263158,51.12625789473684,0.0,1.0,1.0,1.0,-0.06513037280701756,1.4736842105263157,0.0,0.0,2.471342105263158,0.5789473684210527,1.2105263157894737,0.23603308660277236,0.16100018694453372,0.0,0.0,1451.842105263158,92.21052631578948,0.0,261.8421052631579,0.0,5973.894736842105,0.0,395.5263157894737,6876.526315789473,0.0,0.0,0.0,0.0,6547.1578947368425
280,0.12217189352397106,0.0901809400160538,0.00781905743973693,0.0047443675196736125,0.9542505504067588,0.9545098125771397,27.0,22.0,215.92345679012345,161.32575757575756,58.83804444444445,75.21192727272728,48.45683703703704,50.38725909090909,20.03935185185185,27.896136363636366,10.857142857142858,0.0,39.3469387755102,9426.755102040815,11484.612244897959,37.986734693877544,94.26755102040818,66.18958367346939,23.566887755102044,16.54739591836734,82.73697959183674,49.32355714285713,0.0,1.0,1.0,1.0,-0.027574107142857147,1.4489795918367347,0.0,0.0,6.7008612244897945,0.6530612244897959,1.1428571428571428,0.19908190230146536,0.11645539790177004,0.0,0.0,3805.3469387755104,145.6122448979592,0.0,216.30612244897958,0.0,3798.673469387755,0.0,325.7142857142857,5628.081632653061,0.0,0.0,0.0,0.0,7679.265306122449
281,0.1232797430340591,0.09166553649967285,0.007840153168142351,0.0048378239023436015,0.9544766812103744,0.9546945751085132,21.0,21.0,153.91666666666666,155.731746031746,76.27641904761906,75.98445714285714,49.91729523809524,50.07521904761905,29.102857142857147,28.724285714285717,12.380952380952381,0.0,42.214285714285715,11565.42857142857,9289.452380952382,50.796190476190475,115.65428571428572,76.13043809523808,28.91357142857143,19.032609523809516,95.1630476190476,49.99625714285714,0.0,1.0,1.0,1.0,-0.04158869047619047,1.5,0.0,0.0,2.779390476190475,0.5476190476190477,1.1666666666666667,0.24785413896384093,0.13150677935598182,0.0,0.0,2690.5714285714284,125.47619047619048,0.0,247.21428571428572,0.0,5079.619047619048,0.0,371.42857142857144,6485.809523809524,0.0,0.0,0.0,0.0,6598.880952380952
282,0.12436959097563674,0.09232755991593584,0.007844606217084616,0.004889132586849082,0.9546725013548386,0.9548568947400419,20.0,23.0,136.42833333333334,176.0159420289855,80.94944000000001,71.9136,50.713945,50.62729130434782,31.62300000000001,25.683695652173913,12.581395348837209,0.0,41.83720930232558,11378.46511627907,9456.186046511628,49.17511627906977,113.7846511627907,76.11631627906976,28.446162790697674,19.029079069767437,95.14539534883718,50.66759534883721,0.0,1.0,1.0,1.0,-0.05557490310077519,1.5348837209302326,0.0,0.0,2.997441860465113,0.627906976744186,1.186046511627907,0.22631824857659066,0.1749221582189522,0.0,0.0,2587.186046511628,135.51162790697674,0.0,251.3953488372093,0.0,4917.511627906977,0.0,377.4418604651163,6460.953488372093,0.0,0.0,0.0,0.0,6869.0
283,0.12488804719484113,0.09423257506062305,0.007942940957723642,0.0050922043425153315,0.9548684485829533,0.9550578284913448,25.0,19.0,216.0546666666667,125.27719298245614,60.22540800000001,87.92943157894739,49.176108000000006,55.533063157894745,19.977900000000005,33.20434210526316,11.795454545454545,0.0,41.54545454545455,10275.727272727272,10611.318181818182,41.322272727272725,102.75727272727272,72.18850909090908,25.68931818181818,18.047127272727266,90.23563636363639,51.92115681818182,0.0,1.0,1.0,1.0,-0.08169076704545458,1.4318181818181819,0.0,0.0,5.421965909090907,0.6590909090909091,1.0909090909090908,0.20420154774272134,0.14014438291373346,0.0,0.0,3707.340909090909,123.9090909090909,0.0,234.1818181818182,0.0,4132.227272727273,0.0,353.8636363636364,6143.5,0.0,0.0,0.0,0.0,6903.977272727273
284,0.1255866835812524,0.09679238906600401,0.008052386083014723,0.005206781059286598,0.9550281901276749,0.9552896539986567,20.0,17.0,135.87,117.65,80.09312000000003,92.5662117647059,50.204339999999995,58.22900588235294,31.7295,34.33720588235294,14.027027027027026,0.0,45.054054054054056,13171.054054054053,7649.918918918919,58.6754054054054,131.71054054054056,85.82400000000001,32.92763513513514,21.455999999999996,107.28,53.89134864864866,0.0,1.0,1.0,1.0,-0.12273643018018023,1.4594594594594594,0.0,0.0,0.994983783783782,0.5135135135135135,1.162162162162162,0.2836499087282039,0.14401765989862475,0.0,0.0,980.1351351351351,77.43243243243244,0.0,279.7837837837838,0.0,5867.540540540541,0.0,420.81081081081084,7303.513513513513,0.0,0.0,0.0,0.0,6669.783783783784
285,0.12613039086217992,0.09807657011075055,0.008166650719033317,0.005248154250136241,0.9552264268512027,0.9554575897432995,26.0,20.0,197.5730769230769,132.5425,63.727630769230785,81.83167999999998,49.310234615384616,51.468140000000005,22.643653846153846,32.215625,11.782608695652174,0.0,42.608695652173914,10722.152173913044,10157.934782608696,46.38565217391304,107.22152173913045,71.59895652173913,26.805380434782613,17.899739130434774,89.49869565217391,50.24845434782608,0.0,1.0,1.0,1.0,-0.04684279891304351,1.434782608695652,0.0,0.0,5.454878260869564,0.5652173913043478,1.108695652173913,0.24160757728758495,0.1297236368546603,0.0,0.0,3389.521739130435,130.30434782608697,0.0,235.1304347826087,0.0,4638.565217391304,0.0,353.4782608695652,6083.586956521739,0.0,0.0,0.0,0.0,6768.413043478261
286,0.12674222759118378,0.09841172514832433,0.008425702251910566,0.005273795861548739,0.9554156548771475,0.9556325038168798,29.0,21.0,231.98678160919542,175.37222222222223,57.16656551724138,69.4465523809524,48.799948275862064,48.95398095238096,17.708017241379313,25.82547619047619,10.26,0.0,43.98,8446.94,12492.52,31.518399999999996,84.4694,62.32415999999998,21.11735,15.581039999999994,77.90520000000002,48.864641999999996,0.0,1.0,1.0,1.0,-0.01801337500000002,1.42,0.0,0.0,7.657831999999997,0.58,1.12,0.2461110872375254,0.14254129177901453,0.0,0.0,5181.86,149.8,0.0,201.94,0.0,3151.84,0.0,307.8,5295.1,0.0,0.0,0.0,0.0,7310.66
287,0.12761054896726468,0.10019600141076156,0.008564376770107556,0.005396678408775661,0.955616754136701,0.9558088236387818,26.0,17.0,172.83653846153848,132.0872549019608,70.64590769230769,84.5822117647059,49.58107307692307,53.47742941176471,26.32326923076923,32.244852941176475,12.30232558139535,0.0,45.27906976744186,11465.744186046511,9403.581395348838,49.68139534883721,114.65744186046514,76.15560930232559,28.664360465116285,19.038902325581393,95.19451162790696,51.121493023255816,0.0,1.0,1.0,1.0,-0.06503110465116284,1.3953488372093024,0.0,0.0,3.630244186046512,0.5581395348837209,1.1627906976744187,0.26446504164372436,0.1534611511682007,0.0,0.0,2394.3488372093025,115.62790697674419,0.0,244.97674418604652,0.0,4968.139534883721,0.0,369.06976744186045,6497.604651162791,0.0,0.0,0.0,0.0,7009.232558139535
288,0.12828491202473483,0.10043817264319933,0.008731626742573849,0.005453911000581821,0.9557831033979451,0.9560332324630665,23.0,23.0,173.20289855072463,173.5304347826087,71.87269565217392,70.96973913043479,49.13709565217392,49.422695652173914,26.160543478260873,26.199673913043476,11.695652173913043,0.0,44.82608695652174,10472.04347826087,10402.0,43.96826086956522,104.72043478260868,71.42121739130434,26.18010869565217,17.85530434782608,89.27652173913042,49.27989565217392,0.0,1.0,1.0,1.0,-0.02666449275362321,1.5,0.0,0.0,4.038786956521738,0.5434782608695652,1.173913043478261,0.256240063553755,0.14967688529097364,0.0,0.0,3604.0652173913045,141.56521739130434,0.0,232.52173913043478,0.0,4396.826086956522,0.0,350.8695652173913,6075.217391304348,0.0,0.0,0.0,0.0,6797.934782608696
289,0.12906239761646232,0.10206715625879868,0.008876272491170269,0.005550638904352333,0.9559575544448977,0.9562256638961313,28.0,19.0,224.48988095238096,136.2122807017544,58.14868571428571,83.18080000000002,49.003125,52.701242105263155,18.748750000000005,31.65092105263158,11.297872340425531,0.0,44.08510638297872,9585.808510638299,11328.191489361701,37.926382978723396,95.858085106383,68.26805106382979,23.96452127659575,17.06701276595744,85.33506382978725,50.498108510638296,0.0,1.0,1.0,1.0,-0.05204392730496458,1.4042553191489362,0.0,0.0,6.194578723404255,0.6170212765957447,1.1914893617021276,0.22186283582924646,0.16367154081959934,0.0,0.0,3714.7659574468084,121.31914893617021,0.0,224.74468085106383,0.0,3792.6382978723404,0.0,338.93617021276594,5793.170212765957,0.0,0.0,0.0,0.0,7613.425531914893
290,0.12949110112833334,0.10344269682418133,0.00909624110473363,0.005562642089903846,0.9561512043022795,0.9564253123391729,23.0,21.0,184.25797101449277,138.33650793650796,68.8864,82.74331428571429,49.89000869565217,52.56755238095239,24.49380434782608,31.35357142857143,12.318181818181818,0.0,46.20454545454545,11107.113636363636,9740.454545454546,46.79659090909092,111.07113636363638,75.49992727272728,27.767784090909096,18.874981818181812,94.37490909090907,51.167927272727276,0.0,1.0,1.0,1.0,-0.0659984848484849,1.4772727272727273,0.0,0.0,3.43578409090909,0.6363636363636364,1.1818181818181819,0.23184173344590925,0.1795268482986568,0.0,0.0,2984.090909090909,136.63636363636363,0.0,245.25,0.0,4679.659090909091,0.0,369.54545454545456,6427.454545454545,0.0,0.0,0.0,0.0,6756.363636363636
291,0.13184851519291357,0.10397192412914884,0.009128871646975097,0.005812181694254993,0.9563416901993591,0.9566033579233957,17.0,22.0,122.05588235294117,171.61818181818182,91.24348235294119,70.66210909090908,57.6069,49.18757727272726,33.701617647058825,26.31704545454545,13.307692307692308,0.0,44.48717948717949,11814.384615384615,9000.846153846154,50.71794871794873,118.14384615384614,79.63347692307691,29.535961538461535,19.908369230769228,99.54184615384618,52.857538461538475,0.0,1.0,1.0,1.0,-0.10119871794871799,1.564102564102564,0.0,0.0,2.7600230769230767,0.6666666666666666,1.1282051282051282,0.21290389879248162,0.1897612620497244,0.0,0.0,2152.871794871795,120.58974358974359,0.0,263.94871794871796,0.0,5071.794871794872,0.0,399.2307692307692,6742.589743589743,0.0,0.0,0.0,0.0,6847.974358974359
292,0.13226400046546552,0.1062706054516542,0.009315633060222869,0.005905355829547217,0.9565207502662342,0.956826891765007,29.0,17.0,232.85862068965517,122.69411764705883,53.947586206896545,91.23708235294119,48.882310344827594,58.40122941176472,17.637586206896554,33.59617647058824,11.195652173913043,0.0,45.06521739130435,9414.130434782608,11528.739130434782,36.65239130434783,94.14130434782611,67.72848695652173,23.535326086956527,16.93212173913043,84.66060869565216,52.400171739130435,0.0,1.0,1.0,1.0,-0.0916702445652174,1.3695652173913044,0.0,0.0,8.207010869565217,0.5,1.173913043478261,0.24643165670736758,0.1308620449975344,0.0,0.0,3817.978260869565,97.78260869565217,0.0,222.47826086956522,0.0,3665.2391304347825,0.0,335.8695652173913,5748.891304347826,0.0,0.0,0.0,0.0,7710.760869565217
293,0.13288730587786166,0.10709716500364004,0.009555508454533604,0.005945222316271007,0.9566824980739753,0.9570095282492924,27.0,19.0,217.57407407407408,145.06666666666666,62.3250962962963,79.78374736842106,49.87184444444444,51.81694736842107,19.743518518518517,30.219078947368427,11.434782608695652,0.0,46.17391304347826,9628.152173913044,11257.521739130434,37.18847826086956,96.28152173913041,69.53627826086958,24.070380434782603,17.38406956521739,86.92034782608695,50.67525652173913,0.0,1.0,1.0,1.0,-0.055734510869565275,1.4130434782608696,0.0,0.0,5.209358695652173,0.5217391304347826,1.2173913043478262,0.2480256508267839,0.1738398161585765,0.0,0.0,3939.9347826086955,141.84782608695653,0.0,228.43478260869566,0.0,3718.8478260869565,0.0,343.04347826086956,5909.304347826087,0.0,0.0,0.0,0.0,7317.586956521739
294,0.1336767940011712,0.11205924689426584,0.009810006846094742,0.006085824115251139,0.9568523533713885,0.9571807926532356,27.0,16.0,188.41975308641975,120.71666666666667,69.26044444444443,94.9768,50.655966666666664,61.211018749999994,23.962592592592593,33.76578125,12.86046511627907,0.0,46.55813953488372,11044.116279069767,9793.67441860465,43.33116279069768,110.44116279069763,78.8293209302326,27.610290697674408,19.707330232558142,98.53665116279072,54.583427906976745,0.0,1.0,1.0,1.0,-0.13715474806201547,1.372093023255814,0.0,0.0,3.3643976744186044,0.5348837209302325,1.2325581395348837,0.25668233403520846,0.18258101233565932,0.0,0.0,2932.5813953488373,120.11627906976744,0.0,255.27906976744185,0.0,4333.116279069767,0.0,385.8139534883721,6711.0,0.0,0.0,0.0,0.0,6861.093023255814
295,0.13428212915143595,0.11235138299850554,0.009878244490627807,0.006486176297175617,0.9570643300066095,0.9573351188517455,24.0,25.0,177.4361111111111,195.25666666666666,71.44506666666666,66.718976,49.94682500000001,49.086743999999996,25.513229166666665,22.948299999999996,11.448979591836734,0.0,46.57142857142857,9681.836734693878,11191.69387755102,38.265306122448976,96.81836734693874,69.03379591836735,24.204591836734686,17.258448979591833,86.29224489795918,49.50800816326531,0.0,1.0,1.0,1.0,-0.03141683673469389,1.510204081632653,0.0,0.0,4.678804081632651,0.6530612244897959,1.183673469387755,0.22598855362142253,0.1841220287621521,0.0,0.0,3964.9591836734694,154.44897959183675,0.0,227.55102040816325,0.0,3826.530612244898,0.0,343.46938775510205,5855.306122448979,0.0,0.0,0.0,0.0,7226.734693877551
296,0.13578453164460721,0.11380714419033584,0.009928864370480175,0.006620030126336284,0.9572454400307305,0.9574913101734793,26.0,16.0,194.9724358974359,118.46875,68.2512,87.35020000000002,50.531307692307685,53.26674375000001,22.961346153846158,34.280625,12.30952380952381,0.0,47.88095238095238,10909.380952380952,9949.690476190477,44.78095238095237,109.09380952380954,75.52700952380957,27.273452380952385,18.88175238095238,94.40876190476192,51.57337857142858,0.0,1.0,1.0,1.0,-0.07444538690476198,1.380952380952381,0.0,0.0,3.3198214285714274,0.4523809523809524,1.2857142857142858,0.23821930597951757,0.21529707591908415,0.0,0.0,3262.5238095238096,125.42857142857143,0.0,245.21428571428572,0.0,4478.0952380952385,0.0,369.2857142857143,6431.285714285715,0.0,0.0,0.0,0.0,6687.166666666667
297,0.1366541444553386,0.11572096464620713,0.010197382129437611,0.006687945520732653,0.957393371397578,0.9577102220006553,23.0,21.0,169.3268115942029,122.52857142857142,72.6103652173913,87.27100952380954,50.410000000000004,54.09417142857143,26.75717391304348,33.727023809523814,12.704545454545455,0.0,48.45454545454545,12033.477272727272,8819.477272727272,52.23227272727274,120.33477272727274,79.60749090909091,30.083693181818184,19.90187272727272,99.50936363636364,52.168354545454534,0.0,1.0,1.0,1.0,-0.08684071969696974,1.4772727272727273,0.0,0.0,2.6445568181818193,0.4318181818181818,1.25,0.26262983703083154,0.19821242564315963,0.0,0.0,2293.0,111.86363636363636,0.0,253.04545454545453,0.0,5223.227272727273,0.0,381.1363636363636,6810.25,0.0,0.0,0.0,0.0,6526.477272727273
298,0.13721143813800507,0.11603169438994636,0.010491832457990449,0.006808046450853299,0.9575886243821585,0.9578978098039118,28.0,22.0,191.24821428571428,172.6560606060606,68.89931428571428,68.97730909090909,49.60870357142856,48.9705090909091,23.474821428571428,26.31863636363636,11.38,0.0,48.22,9890.44,10984.06,40.3752,98.90440000000002,68.933632,24.726100000000006,17.233407999999997,86.16703999999999,49.327898000000005,0.0,1.0,1.0,1.0,-0.027664541666666684,1.44,0.0,0.0,5.120366000000001,0.58,1.2,0.2387380500208178,0.19425632130578344,0.0,0.0,4072.24,156.32,0.0,226.78,0.0,4037.52,0.0,341.4,5852.92,0.0,0.0,0.0,0.0,6911.82
299,0.13742036732014537,0.11736557039040185,0.01106288354505501,0.007022752830538248,0.9577574910820438,0.9580524097788864,26.0,20.0,188.91410256410256,125.40833333333333,66.8420923076923,86.25296,49.35923846153847,53.47493000000001,23.864423076923067,33.2745,12.304347826086957,0.0,48.5,11182.304347826086,9678.173913043478,47.75978260869566,111.82304347826086,75.28160000000001,27.955760869565214,18.820399999999996,94.10200000000002,51.14866956521739,0.0,1.0,1.0,1.0,-0.06559728260869564,1.434782608695652,0.0,0.0,3.822830434782607,0.5,1.1521739130434783,0.2353307126761119,0.18298091994476914,0.0,0.0,2581.8260869565215,123.56521739130434,0.0,245.82608695652175,0.0,4775.978260869565,0.0,369.1304347826087,6406.326086956522,0.0,0.0,0.0,0.0,7096.347826086957
300,0.1381129432104334,0.11876566630216809,0.011165741475807551,0.007219011275320707,0.9579414848611448,0.9582621778265845,30.0,22.0,221.39833333333334,159.05833333333334,60.215466666666664,76.39723636363634,50.01213666666667,50.59087727272727,19.15491666666667,28.242159090909094,11.057692307692308,0.0,49.34615384615385,9199.807692307691,11701.423076923076,35.04288461538461,91.99807692307692,67.06160000000001,22.99951923076923,16.765399999999996,83.827,50.25698846153846,0.0,1.0,1.0,1.0,-0.04702059294871795,1.4230769230769231,0.0,0.0,6.19490769230769,0.4807692307692308,1.2115384615384615,0.2738025097201199,0.1829187912763562,0.0,0.0,4094.423076923077,145.57692307692307,0.0,220.46153846153845,0.0,3504.2884615384614,0.0,331.7307692307692,5695.5192307692305,0.0,0.0,0.0,0.0,7607.0
301,0.1384147197040602,0.11968342378627991,0.011331585317592076,0.007198017879003657,0.958103354205246,0.9584299088489545,27.0,29.0,208.3216049382716,200.7919540229885,62.620207407407406,65.00468965517243,48.64143333333333,50.16369310344827,21.06037037037037,22.188793103448276,10.464285714285714,0.0,49.035714285714285,8657.892857142857,12265.339285714286,32.27160714285715,86.57892857142856,63.855028571428555,21.64473214285714,15.963757142857137,79.81878571428568,49.42974642857143,0.0,1.0,1.0,1.0,-0.02978638392857141,1.5178571428571428,0.0,0.0,7.219450000000001,0.5892857142857143,1.1607142857142858,0.24325923904715174,0.18329002186320187,0.0,0.0,4840.071428571428,153.03571428571428,0.0,208.80357142857142,0.0,3227.160714285714,0.0,313.92857142857144,5430.732142857143,0.0,0.0,0.0,0.0,7425.267857142857
302,0.13940659342255737,0.12275187740974677,0.011630990010331061,0.0073049797198093845,0.9582765471223296,0.9586164356633347,29.0,20.0,213.58333333333334,148.83666666666667,62.80993103448275,83.54288,49.95748965517242,54.12347000000001,20.269999999999996,29.654374999999998,11.755102040816327,0.0,50.42857142857143,9640.142857142857,11229.367346938776,35.87367346938775,96.4014285714286,71.27235918367349,24.10035714285715,17.818089795918365,89.09044897959186,51.657889795918365,0.0,1.0,1.0,1.0,-0.07620603741496602,1.4081632653061225,0.0,0.0,4.4858877551020395,0.6326530612244898,1.0612244897959184,0.258747970129524,0.16157508498103693,0.0,0.0,3967.326530612245,142.0,0.0,234.83673469387756,0.0,3587.3673469387754,0.0,352.6530612244898,6052.775510204082,0.0,0.0,0.0,0.0,7262.040816326531
303,0.13951140604128617,0.1268551268610165,0.011770505285931371,0.007481633708445608,0.9584459612003774,0.9587884608208648,27.0,15.0,221.40246913580248,113.6088888888889,59.84983703703703,100.04565333333335,48.586966666666676,65.20121999999999,19.194907407407413,34.85733333333334,12.071428571428571,0.0,52.142857142857146,9915.452380952382,10974.285714285714,35.94047619047619,99.15452380952381,74.20548571428571,24.788630952380952,18.55137142857142,92.75685714285716,54.52062857142858,0.0,1.0,1.0,1.0,-0.13584642857142856,1.3571428571428572,0.0,0.0,5.103773809523808,0.5,1.1666666666666667,0.3209998949375336,0.1754402449386261,0.0,0.0,4131.190476190476,107.0,0.0,240.11904761904762,0.0,3594.0476190476193,0.0,362.14285714285717,6321.4047619047615,0.0,0.0,0.0,0.0,6843.0952380952385
304,0.14088765150814317,0.12750078249359675,0.012015591459991369,0.007562905512514818,0.9586129292431025,0.9589606044373741,24.0,21.0,152.94375,142.1873015873016,75.45453333333334,78.68998095238098,50.382325,50.08217619047619,29.21375,30.69083333333333,12.555555555555555,0.0,51.2,11961.222222222223,8875.444444444445,54.089111111111116,119.61222222222223,76.96440888888887,29.903055555555557,19.24110222222222,96.20551111111111,50.242255555555566,0.0,1.0,1.0,1.0,-0.04671365740740743,1.4666666666666666,0.0,0.0,3.1809022222222225,0.5777777777777777,1.1333333333333333,0.3021765886520842,0.14782414993973245,0.0,0.0,2204.866666666667,135.35555555555555,0.0,250.3111111111111,0.0,5408.9111111111115,0.0,376.6666666666667,6552.311111111111,0.0,0.0,0.0,0.0,6670.577777777778
305,0.14192954940606564,0.12872233850244164,0.012209856312123495,0.007702966941461359,0.9587981178328862,0.9591083338774663,22.0,21.0,162.4909090909091,130.6174603174603,76.60872727272726,83.29798095238095,51.45872272727272,51.974319047619055,27.62636363636363,32.43559523809524,13.186046511627907,0.0,49.627906976744185,11990.023255813954,8815.488372093023,52.08023255813954,119.90023255813949,79.87557209302327,29.975058139534873,19.968893023255806,99.84446511627907,51.710525581395366,0.0,1.0,1.0,1.0,-0.07730261627906979,1.4883720930232558,0.0,0.0,1.8100116279069771,0.5813953488372093,1.2325581395348837,0.2533918630849344,0.19350092774656524,0.0,0.0,2177.0697674418607,134.46511627906978,0.0,263.4418604651163,0.0,5208.023255813953,0.0,395.5813953488372,6782.0,0.0,0.0,0.0,0.0,6638.418604651163
306,0.14300610057627408,0.12993238858885195,0.012702631840040824,0.007809905765446091,0.9589437340926614,0.9593079981238162,20.0,25.0,140.2625,148.12266666666667,79.3768,79.62969600000001,51.267525,51.497268000000005,31.009000000000004,29.845000000000006,13.11111111111111,0.0,52.06666666666667,12144.933333333332,8677.755555555555,53.91511111111111,121.44933333333334,79.51729777777776,30.362333333333336,19.879324444444435,99.39662222222225,51.395160000000004,0.0,1.0,1.0,1.0,-0.07073250000000006,1.5555555555555556,0.0,0.0,2.240195555555554,0.5555555555555556,1.1333333333333333,0.25830228118546633,0.20513493045754225,0.0,0.0,2156.4,122.13333333333334,0.0,260.84444444444443,0.0,5391.511111111111,0.0,393.3333333333333,6753.422222222222,0.0,0.0,0.0,0.0,6521.355555555556
307,0.1436637315327395,0.13060157488243124,0.01297328182543599,0.007823458154806347,0.9591361643245375,0.9594812932441124,28.0,18.0,217.39761904761906,122.17037037037038,61.44262857142858,84.95786666666667,49.18378571428571,52.690938888888894,19.736250000000002,33.70736111111111,11.826086956521738,0.0,56.41304347826087,10081.282608695652,10808.08695652174,41.02217391304348,100.81282608695653,70.64424347826086,25.203206521739133,17.661060869565212,88.30530434782608,50.556149999999995,0.0,1.0,1.0,1.0,-0.05325312500000003,1.391304347826087,0.0,0.0,5.115113043478259,0.45652173913043476,1.1956521739130435,0.32541386067971095,0.1957316268068782,0.0,0.0,4151.282608695652,120.6304347826087,0.0,234.2173913043478,0.0,4102.217391304348,0.0,354.7826086956522,5979.065217391304,0.0,0.0,0.0,0.0,6656.804347826087
308,0.1444583622179667,0.1312671785346699,0.013044206493344479,0.007860651374976766,0.959284216977639,0.9596516099446558,28.0,25.0,206.56428571428572,168.48933333333335,63.34651428571429,72.33996800000001,49.26987499999999,49.78734,21.318125,26.938599999999997,11.037735849056604,0.0,49.79245283018868,9587.716981132075,11316.264150943396,38.34962264150944,95.87716981132075,67.58870943396225,23.96929245283019,16.897177358490563,84.48588679245282,49.513962264150955,0.0,1.0,1.0,1.0,-0.03154088050314467,1.471698113207547,0.0,0.0,5.894545283018867,0.5094339622641509,1.2264150943396226,0.23304992963991203,0.18168962840697528,0.0,0.0,4236.679245283019,143.35849056603774,0.0,220.52830188679246,0.0,3834.9622641509436,0.0,331.1320754716981,5752.754716981132,0.0,0.0,0.0,0.0,7079.584905660377
309,0.14597427677591662,0.131723807974286,0.013102739993150505,0.007905647473159918,0.959444952795846,0.959813952898636,22.0,29.0,148.35833333333332,208.93850574712644,77.90123636363637,62.12656551724138,51.36846818181818,48.80629655172414,29.781590909090905,21.04293103448276,11.196078431372548,0.0,52.64705882352941,9925.019607843138,10968.35294117647,40.508823529411764,99.25019607843137,68.93132549019607,24.812549019607843,17.232831372549015,86.16415686274509,49.911547058823515,0.0,1.0,1.0,1.0,-0.03982389705882355,1.5686274509803921,0.0,0.0,5.7927705882352925,0.6274509803921569,1.1568627450980393,0.23405580172471696,0.21512382061324395,0.0,0.0,3724.0588235294117,146.01960784313727,0.0,223.72549019607843,0.0,4050.8823529411766,0.0,335.88235294117646,5874.137254901961,0.0,0.0,0.0,0.0,7244.294117647059
310,0.14706932053600608,0.13318897593997825,0.013291361574880017,0.008021054454870821,0.9596032489327899,0.9599601091677742,25.0,20.0,186.118,124.225,70.96972799999999,86.47279999999999,49.604712,53.555899999999994,24.198500000000003,33.386125,12.688888888888888,0.0,55.8,11312.755555555555,9516.6,46.827111111111115,113.12755555555555,77.85998222222221,28.281888888888886,19.464995555555557,97.32497777777778,51.360795555555555,0.0,1.0,1.0,1.0,-0.07001657407407406,1.4444444444444444,0.0,0.0,1.7827022222222209,0.4222222222222222,1.2,0.31223007135998465,0.21105472658887758,0.0,0.0,2774.2,137.44444444444446,0.0,251.53333333333333,0.0,4682.711111111111,0.0,380.6666666666667,6630.044444444445,0.0,0.0,0.0,0.0,6742.4
311,0.14862968778169822,0.13419623262354424,0.01417259423647191,0.008075592605837394,0.9597860373171919,0.9601314553035742,21.0,20.0,139.94761904761904,116.06416666666668,81.51192380952382,88.26480000000002,52.2552380952381,54.215175,31.111071428571428,34.64874999999999,13.731707317073171,0.0,60.31707317073171,13134.707317073171,7697.829268292683,59.02780487804877,131.34707317073173,84.80600975609754,32.83676829268293,21.201502439024384,106.00751219512193,53.211304878048786,0.0,1.0,1.0,1.0,-0.10856885162601627,1.4878048780487805,0.0,0.0,1.242063414634145,0.4146341463414634,1.1951219512195121,0.3428798520514104,0.24670526917530103,0.0,0.0,1090.1951219512196,80.65853658536585,0.0,273.8536585365854,0.0,5902.780487804878,0.0,411.9512195121951,7231.926829268293,0.0,0.0,0.0,0.0,6607.634146341464
312,0.1493044598692719,0.13542864737204213,0.014293911514949475,0.008104642916350808,0.9599395690068332,0.9602639423774163,29.0,24.0,219.81666666666666,158.97152777777777,61.26598620689654,76.51600000000002,50.01830689655172,50.820433333333334,19.401465517241373,28.184270833333333,11.245283018867925,0.0,50.320754716981135,9351.433962264151,11535.849056603774,35.62169811320755,93.51433962264151,68.17165283018868,23.37858490566038,17.04291320754717,85.21456603773585,50.38153396226416,0.0,1.0,1.0,1.0,-0.04961529088050321,1.4528301886792452,0.0,0.0,5.5884660377358495,0.6415094339622641,1.1132075471698113,0.25420453595088915,0.16337732109771025,0.0,0.0,4481.415094339623,150.8679245283019,0.0,223.49056603773585,0.0,3562.169811320755,0.0,337.35849056603774,5789.264150943396,0.0,0.0,0.0,0.0,7054.433962264151
313,0.14932684978669936,0.13628796056322404,0.014389172242754196,0.0081906978514851,0.9601112038763664,0.9604248556010111,28.0,25.0,212.99940476190477,180.13,61.800457142857155,70.392832,48.43635,49.860688,20.366517857142856,25.215099999999996,10.924528301886792,0.0,52.62264150943396,9061.433962264151,11849.698113207547,34.762264150943395,90.61433962264152,65.85346415094341,22.65358490566038,16.463366037735845,82.31683018867928,49.10820754716981,0.0,1.0,1.0,1.0,-0.023087657232704412,1.471698113207547,0.0,0.0,5.90832830188679,0.5849056603773585,1.169811320754717,0.2490043616827844,0.2117185512311749,0.0,0.0,4461.603773584906,142.0566037735849,0.0,218.0754716981132,0.0,3476.2264150943397,0.0,327.7358490566038,5585.207547169812,0.0,0.0,0.0,0.0,7388.094339622641
314,0.15059396756141588,0.13688510189765296,0.014419784843026306,0.00825071847228178,0.9602417763527903,0.9605659559607551,24.0,22.0,141.47291666666666,167.00227272727273,81.35293333333333,72.49643636363636,52.21552916666667,49.309045454545455,30.783125000000002,27.108409090909085,12.652173913043478,0.0,56.869565217391305,11610.260869565218,9220.95652173913,50.53304347826086,116.10260869565218,77.11721739130437,29.025652173913045,19.279304347826088,96.39652173913045,50.82547173913043,0.0,1.0,1.0,1.0,-0.0588639945652174,1.4782608695652173,0.0,0.0,2.7339065217391307,0.4782608695652174,1.2608695652173914,0.2954173399297143,0.20992154579362482,0.0,0.0,2249.7391304347825,135.34782608695653,0.0,252.8695652173913,0.0,5053.304347826087,0.0,379.5652173913044,6556.95652173913,0.0,0.0,0.0,0.0,6971.217391304348
315,0.15092876991445064,0.13742012015161223,0.014615577077227855,0.00839591009308121,0.9603815536377472,0.9607113661436314,30.0,25.0,227.67944444444444,192.114,57.22144,67.40147200000001,48.66955333333333,49.561012,18.32208333333334,23.401500000000002,10.163636363636364,0.0,53.30909090909091,8252.363636363636,12690.8,29.955454545454543,82.52363636363637,61.84872727272728,20.630909090909093,15.462181818181815,77.31090909090909,49.07476181818181,0.0,1.0,1.0,1.0,-0.02239087121212122,1.4545454545454546,0.0,0.0,7.856943636363635,0.4909090909090909,1.1636363636363636,0.24910738239723654,0.20260878446485203,0.0,0.0,5551.072727272727,149.47272727272727,0.0,201.45454545454547,0.0,2995.5454545454545,0.0,304.90909090909093,5256.818181818182,0.0,0.0,0.0,0.0,7139.727272727273
316,0.15113343203481094,0.13753248393395612,0.014727785433358499,0.008640005728772503,0.9605215086295792,0.9608541579960338,29.0,28.0,205.09655172413792,226.90654761904761,64.28358620689654,58.446400000000004,49.48574137931034,48.63014642857143,21.521293103448283,18.406160714285715,10.070175438596491,0.0,54.8421052631579,7996.421052631579,12948.61403508772,27.737543859649126,79.9642105263158,61.41619649122808,19.99105263157895,15.354049122807012,76.77024561403506,49.06544912280701,0.0,1.0,1.0,1.0,-0.02219685672514622,1.4912280701754386,0.0,0.0,7.6403052631578925,0.543859649122807,1.1578947368421053,0.26186859966868625,0.1861477516242963,0.0,0.0,5563.438596491228,151.05263157894737,0.0,200.80701754385964,0.0,2773.754385964912,0.0,302.10526315789474,5222.666666666667,0.0,0.0,0.0,0.0,7385.175438596491
317,0.15171750953232233,0.13859968039787757,0.015174944976514148,0.0089181396912276,0.9606526128082449,0.9610055125980892,30.0,21.0,207.9611111111111,129.5595238095238,62.592639999999996,82.42575238095239,49.94315333333334,51.86708095238096,21.157166666666672,32.57678571428572,11.686274509803921,0.0,56.80392156862745,10343.745098039215,10540.686274509804,43.36392156862745,103.43745098039213,70.7592156862745,25.859362745098032,17.689803921568622,88.44901960784313,50.73535882352941,0.0,1.0,1.0,1.0,-0.056986642156862784,1.411764705882353,0.0,0.0,5.83550588235294,0.47058823529411764,1.2156862745098038,0.28421000297875193,0.19754682118757363,0.0,0.0,3625.9803921568628,131.2156862745098,0.0,232.76470588235293,0.0,4336.392156862745,0.0,350.5882352941176,6007.35294117647,0.0,0.0,0.0,0.0,6914.705882352941
318,0.1520734703302936,0.139205524510341,0.015394086716144229,0.00946934628715712,0.9608291651339222,0.9611637124437671,30.0,25.0,225.9922222222222,161.72733333333332,59.033813333333335,72.54092799999998,48.981989999999996,50.027052000000005,18.552999999999997,27.817700000000006,10.727272727272727,0.0,57.654545454545456,9105.690909090908,11806.854545454546,35.68309090909092,91.05690909090909,65.1734109090909,22.764227272727272,16.293352727272723,81.46676363636365,49.457018181818164,0.0,1.0,1.0,1.0,-0.03035454545454545,1.4545454545454546,0.0,0.0,7.047834545454541,0.509090909090909,1.2,0.28288070490657286,0.20322133150729735,0.0,0.0,4283.381818181818,151.07272727272726,0.0,213.56363636363636,0.0,3568.309090909091,0.0,321.8181818181818,5537.381818181818,0.0,0.0,0.0,0.0,7523.472727272727
319,0.15242204378066884,0.1415758438823106,0.015418197233698623,0.009510328981963983,0.9609877532589327,0.9613056683400798,30.0,21.0,222.77833333333334,131.26666666666668,58.009600000000006,86.9240380952381,48.41348333333334,54.76792857142858,19.060083333333335,32.31809523809524,11.333333333333334,0.0,59.8235294117647,9807.70588235294,11105.823529411764,38.470588235294116,98.07705882352944,69.91554509803923,24.51926470588236,17.478886274509797,87.39443137254904,51.03001960784314,0.0,1.0,1.0,1.0,-0.06312540849673208,1.411764705882353,0.0,0.0,5.633739215686274,0.47058823529411764,1.2352941176470589,0.3029055113832828,0.2058596914409307,0.0,0.0,3745.9803921568628,120.88235294117646,0.0,224.58823529411765,0.0,3847.0588235294117,0.0,340.0,5960.64705882353,0.0,0.0,0.0,0.0,7359.843137254902
320,0.15315011790343905,0.14297709262850164,0.015466204953959286,0.009588214845672545,0.9611222691392882,0.9614377601328079,25.0,20.0,179.682,125.93,69.6288,87.18320000000003,50.666036000000005,54.726915,25.1994,33.18237500000001,12.688888888888888,0.0,61.82222222222222,11498.955555555556,9347.533333333333,49.136222222222216,114.9895555555556,77.43075555555554,28.7473888888889,19.35768888888888,96.78844444444444,52.47087111111111,0.0,1.0,1.0,1.0,-0.09314314814814817,1.4444444444444444,0.0,0.0,3.787504444444443,0.4222222222222222,1.2444444444444445,0.30817448138975706,0.21950471140957412,0.0,0.0,2664.6222222222223,118.5111111111111,0.0,253.33333333333334,0.0,4913.622222222222,0.0,380.6666666666667,6585.333333333333,0.0,0.0,0.0,0.0,6682.9111111111115
321,0.15450145904889545,0.1439479577324584,0.01556770115537697,0.009661483538536617,0.961273588100932,0.9615888345794426,30.0,30.0,216.02388888888888,220.49722222222223,61.08799999999999,59.82314666666666,49.76845,49.05692000000001,19.971583333333335,19.356749999999998,9.833333333333334,0.0,54.733333333333334,7865.666666666667,13095.633333333333,27.15433333333334,78.65666666666668,60.455573333333376,19.66416666666667,15.113893333333335,75.56946666666667,49.412685,0.0,1.0,1.0,1.0,-0.0294309375,1.5,0.0,0.0,8.62127833333333,0.55,1.1666666666666667,0.23367764361511556,0.20486322866088416,0.0,0.0,5845.016666666666,147.5,0.0,195.2,0.0,2715.4333333333334,0.0,295.0,5150.233333333334,0.0,0.0,0.0,0.0,7250.616666666667
322,0.1547916707494981,0.14740555310353212,0.015599231971389328,0.010087522939490159,0.9614496622364804,0.9617279704143001,31.0,22.0,231.9295698924731,144.47121212121212,56.90291612903224,81.8272,48.57798387096774,53.19077727272727,17.71427419354839,30.38818181818182,11.056603773584905,0.0,61.16981132075472,9190.056603773584,11737.566037735849,34.749056603773575,91.90056603773584,67.24884528301885,22.97514150943396,16.812211320754713,84.06105660377355,50.4927283018868,0.0,1.0,1.0,1.0,-0.05193183962264153,1.4150943396226414,0.0,0.0,6.219024528301887,0.4528301886792453,1.2075471698113207,0.32097744789086124,0.22453988078213377,0.0,0.0,3973.3207547169814,119.01886792452831,0.0,220.66037735849056,0.0,3474.9056603773583,0.0,331.6981132075472,5715.1509433962265,0.0,0.0,0.0,0.0,7764.245283018868
323,0.15509386379898696,0.14819665957497366,0.015549545845194704,0.010255333107228608,0.9615798103814218,0.9618782554071734,27.0,26.0,197.0364197530864,171.24615384615385,65.42056296296296,72.19187692307693,49.138325925925926,50.4812923076923,22.739166666666666,26.47230769230769,11.09433962264151,0.0,60.0188679245283,9828.207547169812,11063.075471698114,39.6188679245283,98.28207547169812,68.74233962264152,24.57051886792453,17.185584905660377,85.92792452830187,49.79713962264151,0.0,1.0,1.0,1.0,-0.03744040880503145,1.490566037735849,0.0,0.0,5.625318867924528,0.49056603773584906,1.2264150943396226,0.2851093172600111,0.20677585953151703,0.0,0.0,4005.3584905660377,153.33962264150944,0.0,221.54716981132074,0.0,3961.8867924528304,0.0,332.8301886792453,5866.320754716981,0.0,0.0,0.0,0.0,7057.7169811320755
324,0.15546877313269566,0.1485084497074014,0.016354339329769516,0.010593287518398185,0.9617442328786261,0.9620162444456203,30.0,30.0,210.5088888888889,232.56333333333333,63.69344,57.88063999999999,49.295269999999995,48.72995333333333,20.73275,17.589583333333334,9.9,0.0,57.06666666666667,7664.466666666666,13292.166666666666,24.87483333333332,76.64466666666667,60.78703999999997,19.161166666666666,15.196759999999992,75.98380000000002,49.01261166666666,0.0,1.0,1.0,1.0,-0.021096076388888885,1.5,0.0,0.0,7.386738333333332,0.5,1.2833333333333334,0.2511619128225468,0.2104641959624901,0.0,0.0,5618.6,148.5,0.0,196.86666666666667,0.0,2487.483333333333,0.0,297.0,5176.983333333334,0.0,0.0,0.0,0.0,7673.566666666667
325,0.15644605562252512,0.14869023669613168,0.016212182283045794,0.01062452656566396,0.9618847131628943,0.96217730308687,24.0,25.0,162.26319444444442,160.52,74.02133333333332,74.63872000000002,50.41614583333333,49.633352,27.789583333333336,27.9652,12.36734693877551,0.0,61.93877551020408,11151.673469387755,9682.42857142857,48.51163265306122,111.51673469387757,74.33632653061223,27.87918367346939,18.584081632653056,92.92040816326534,50.0167612244898,0.0,1.0,1.0,1.0,-0.04201585884353743,1.510204081632653,0.0,0.0,3.559618367346938,0.40816326530612246,1.2653061224489797,0.2712622805590911,0.2646235687656281,0.0,0.0,2909.8571428571427,148.51020408163265,0.0,245.3673469387755,0.0,4851.163265306122,0.0,371.0204081632653,6300.510204081633,0.0,0.0,0.0,0.0,6772.571428571428
326,0.15685920355505656,0.14904722250995492,0.016565449200523615,0.010700340126099573,0.9620400826185531,0.9623044012270574,30.0,30.0,222.47166666666666,232.38444444444445,59.74730666666666,56.766400000000004,48.68688333333333,48.67951333333334,19.042083333333334,17.612333333333332,9.583333333333334,0.0,60.06666666666667,7330.883333333333,13645.683333333332,23.805166666666665,73.30883333333335,58.256853333333325,18.32720833333334,14.564213333333331,72.82106666666667,48.68319833333333,0.0,1.0,1.0,1.0,-0.014233298611111132,1.5,0.0,0.0,8.753553333333334,0.43333333333333335,1.2,0.27614241028300807,0.19185671403107976,0.0,0.0,5814.383333333333,143.75,0.0,191.18333333333334,0.0,2380.516666666667,0.0,287.5,4950.366666666667,0.0,0.0,0.0,0.0,7831.3
327,0.15731486188727004,0.15020825851872674,0.016927376655398552,0.010780459580644466,0.9621806310482015,0.9624472268037576,30.0,21.0,212.83166666666665,137.80079365079365,62.56127999999998,80.67748571428572,49.65221333333333,51.79686190476191,20.418333333333337,31.362499999999997,11.529411764705882,0.0,61.431372549019606,9969.901960784313,10916.196078431372,40.21156862745097,99.69901960784313,70.02089411764706,24.92475490196078,17.50522352941176,87.52611764705885,50.53530392156863,0.0,1.0,1.0,1.0,-0.052818831699346404,1.411764705882353,0.0,0.0,5.439164705882352,0.6078431372549019,1.1372549019607843,0.30895114548420566,0.16741657839976362,0.0,0.0,3960.392156862745,137.15686274509804,0.0,229.86274509803923,0.0,4021.156862745098,0.0,345.88235294117646,5948.745098039216,0.0,0.0,0.0,0.0,6955.803921568628
328,0.15803822020433717,0.15150097122311668,0.016895384716934966,0.01085916735301134,0.9623248123524091,0.9625803702440296,27.0,24.0,195.34135802469137,149.95555555555558,67.81605925925926,79.84973333333332,49.49778518518519,51.736291666666666,22.919907407407408,29.5409375,12.058823529411764,0.0,59.529411764705884,10414.274509803921,10439.0,41.670784313725484,104.14274509803921,73.47896470588235,26.035686274509803,18.369741176470587,91.84870588235297,50.55120000000001,0.0,1.0,1.0,1.0,-0.05315000000000005,1.4705882352941178,0.0,0.0,3.1079215686274524,0.45098039215686275,1.2745098039215685,0.2740150220209521,0.21350224454158515,0.0,0.0,3446.921568627451,143.72549019607843,0.0,240.23529411764707,0.0,4167.078431372549,0.0,361.7647058823529,6247.196078431372,0.0,0.0,0.0,0.0,6992.078431372549
329,0.15888339894161926,0.15233452000940495,0.017092180556341083,0.010855549269852804,0.9624790911665757,0.9627415114853644,28.0,33.0,211.7136904761905,236.48232323232324,62.737142857142864,54.92383030303031,49.51918571428571,48.90541212121213,20.573928571428578,17.046515151515155,9.688524590163935,0.0,61.67213114754098,7466.262295081967,13506.786885245901,25.017704918032795,74.66262295081968,58.51026885245901,18.66565573770492,14.627567213114748,73.13783606557377,49.18714426229508,0.0,1.0,1.0,1.0,-0.024732172131147562,1.540983606557377,0.0,0.0,9.342531147540981,0.4918032786885246,1.2131147540983607,0.2771266325866744,0.20781829819725336,0.0,0.0,6005.2786885245905,143.13114754098362,0.0,192.1639344262295,0.0,2501.7704918032787,0.0,290.655737704918,4964.491803278688,0.0,0.0,0.0,0.0,7501.508196721312
330,0.16068677491526565,0.15316608892939387,0.016990333833697507,0.010917214961106887,0.9626154085293933,0.962883647149289,30.0,22.0,208.4,137.7590909090909,64.80469333333333,81.28334545454545,50.07079,51.701022727272736,21.011833333333332,31.30465909090909,11.942307692307692,0.0,64.59615384615384,10146.596153846154,10710.807692307691,40.63153846153846,101.46596153846157,71.77643076923076,25.366490384615393,17.944107692307686,89.72053846153845,50.76050384615384,0.0,1.0,1.0,1.0,-0.05751049679487178,1.4230769230769231,0.0,0.0,4.350563461538458,0.4230769230769231,1.1923076923076923,0.31498649179328975,0.21612150810572853,0.0,0.0,3612.576923076923,145.0,0.0,238.32692307692307,0.0,4063.153846153846,0.0,358.2692307692308,6083.442307692308,0.0,0.0,0.0,0.0,7098.2307692307695
331,0.1609557992943981,0.15442710486410596,0.01743579095342258,0.010985954669123095,0.9627668700344866,0.9630154398915204,33.0,28.0,233.189898989899,196.66488095238094,53.47374545454546,66.88697142857144,48.35656363636363,50.08438214285714,17.601590909090916,22.754017857142863,9.737704918032787,0.0,61.278688524590166,7986.6557377049185,12985.459016393443,29.111967213114752,79.86655737704916,59.63063606557378,19.96663934426229,14.907659016393442,74.53829508196722,49.149660655737705,0.0,1.0,1.0,1.0,-0.023951263661202208,1.459016393442623,0.0,0.0,9.485663934426228,0.5245901639344263,1.1967213114754098,0.2836858143028916,0.17061515106969094,0.0,0.0,5379.770491803279,141.0327868852459,0.0,193.72131147540983,0.0,2911.1967213114754,0.0,292.1311475409836,5075.459016393443,0.0,0.0,0.0,0.0,7605.688524590164
332,0.16179143111538655,0.15458905521882849,0.018516480780554775,0.011121867704355552,0.9628872816373425,0.9631375906898251,29.0,26.0,203.92701149425287,191.675,63.04507586206897,66.47827692307693,49.22904827586207,48.84101538461539,21.712241379310345,23.51567307692308,10.8,0.0,64.9090909090909,9025.90909090909,11888.10909090909,35.496545454545455,90.25909090909089,64.66804363636363,22.56477272727272,16.167010909090905,80.83505454545453,49.04561454545455,0.0,1.0,1.0,1.0,-0.02178363636363637,1.4727272727272727,0.0,0.0,6.942343636363636,0.43636363636363634,1.2545454545454546,0.287708542174471,0.23803877292719533,0.0,0.0,4804.0,145.56363636363636,0.0,215.4181818181818,0.0,3549.6545454545453,0.0,324.0,5476.254545454545,0.0,0.0,0.0,0.0,7084.109090909091
333,0.1623625014241803,0.15641375748265648,0.018526070667145636,0.01138146372520604,0.963025017218423,0.9632650961778632,32.0,24.0,230.0578125,160.80277777777778,58.03340000000001,77.45346666666667,48.91565,51.75787916666666,17.949921875,27.886250000000004,10.910714285714286,0.0,64.39285714285714,8883.339285714286,12022.625,32.441428571428574,88.83339285714287,66.35628571428573,22.208348214285717,16.589071428571433,82.94535714285716,50.13374821428571,0.0,1.0,1.0,1.0,-0.04445308779761902,1.4285714285714286,0.0,0.0,5.985810714285713,0.4107142857142857,1.2857142857142858,0.2868945697621674,0.2616613045830344,0.0,0.0,4659.660714285715,148.60714285714286,0.0,217.10714285714286,0.0,3244.1428571428573,0.0,327.32142857142856,5639.196428571428,0.0,0.0,0.0,0.0,7362.964285714285
334,0.16310738326277985,0.1572485644955563,0.01915931894184984,0.01144913968667675,0.9631919078874303,0.963386119128291,31.0,28.0,215.49247311827958,201.03452380952382,61.68609032258065,64.58400000000002,49.04529032258064,49.705360714285725,20.052580645161292,22.140089285714286,10.23728813559322,0.0,65.1864406779661,8417.305084745763,12517.864406779661,30.427627118644065,84.17305084745763,63.06136949152542,21.043262711864408,15.765342372881355,78.82671186440679,49.358544067796615,0.0,1.0,1.0,1.0,-0.02830300141242939,1.4745762711864407,0.0,0.0,7.340437288135593,0.4576271186440678,1.271186440677966,0.294443901950731,0.24204143318313487,0.0,0.0,5696.3050847457625,152.77966101694915,0.0,203.9322033898305,0.0,3042.762711864407,0.0,307.1186440677966,5374.542372881356,0.0,0.0,0.0,0.0,6821.559322033899
335,0.16345785612647507,0.15804336015725814,0.019412392199067013,0.011569951906556457,0.9633139291902597,0.963496434571479,30.0,26.0,232.50277777777777,169.92628205128207,55.30901333333333,72.77132307692308,48.850543333333334,49.904030769230765,17.67375,26.592307692307696,10.410714285714286,0.0,64.21428571428571,8725.80357142857,12206.964285714286,33.34499999999999,87.25803571428571,63.41651428571428,21.814508928571428,15.85412857142857,79.27064285714287,49.33966250000001,0.0,1.0,1.0,1.0,-0.027909635416666672,1.4642857142857142,0.0,0.0,7.737657142857143,0.375,1.2857142857142858,0.28074391536050897,0.2433429601489138,0.0,0.0,4799.071428571428,146.58928571428572,0.0,207.32142857142858,0.0,3334.5,0.0,312.32142857142856,5391.303571428572,0.0,0.0,0.0,0.0,7407.892857142857
336,0.16436065583155024,0.15877670339344183,0.019781965597066478,0.01201825637933152,0.9634339923356952,0.9636390373079275,28.0,25.0,199.03154761904761,155.29333333333335,67.73097142857142,75.956608,49.831092857142856,50.400527999999994,22.327589285714286,28.8098,11.81132075471698,0.0,67.79245283018868,10154.094339622641,10704.018867924528,40.726037735849054,101.54094339622638,71.61098867924528,25.385235849056595,17.902747169811317,89.51373584905662,50.09969433962265,0.0,1.0,1.0,1.0,-0.04374363207547173,1.471698113207547,0.0,0.0,3.8739415094339615,0.4339622641509434,1.2830188679245282,0.2911820045200408,0.2541632916437231,0.0,0.0,3726.698113207547,150.64150943396226,0.0,235.9056603773585,0.0,4072.603773584906,0.0,354.33962264150944,6081.490566037736,0.0,0.0,0.0,0.0,6977.320754716981
337,0.16509972963779693,0.15966160519803071,0.019874023108217963,0.01215457564349062,0.9635623860026017,0.9637611812406631,28.0,25.0,206.87916666666666,176.34666666666666,64.48925714285714,71.41120000000001,49.24006071428572,49.972008,21.20714285714286,25.729000000000006,11.075471698113208,0.0,66.22641509433963,9336.037735849057,11548.622641509433,35.70433962264152,93.36037735849054,67.75432452830191,23.340094339622635,16.93858113207547,84.69290566037735,49.58531886792454,0.0,1.0,1.0,1.0,-0.033027476415094355,1.471698113207547,0.0,0.0,5.171088679245281,0.5283018867924528,1.169811320754717,0.2859713391529195,0.23791213495300023,0.0,0.0,4307.679245283019,161.9056603773585,0.0,220.16981132075472,0.0,3570.433962264151,0.0,332.2641509433962,5765.603773584906,0.0,0.0,0.0,0.0,7240.943396226415
338,0.16585119904890522,0.15982374204820757,0.019976687970876504,0.012442919103961381,0.9637094965702839,0.9639059952981218,31.0,28.0,229.71290322580643,194.14166666666668,58.57403870967743,64.58388571428573,49.916351612903235,48.64175,17.991532258064517,23.143482142857145,10.169491525423728,0.0,65.42372881355932,8174.610169491525,12769.898305084746,29.6249152542373,81.74610169491524,61.42616949152542,20.43652542372881,15.356542372881352,76.78271186440678,49.31145593220338,0.0,1.0,1.0,1.0,-0.027321998587570645,1.4745762711864407,0.0,0.0,8.321811864406778,0.4915254237288136,1.2203389830508475,0.28838973130009976,0.209859313603855,0.0,0.0,5070.169491525424,146.864406779661,0.0,202.54237288135593,0.0,2962.491525423729,0.0,305.08474576271186,5212.118644067797,0.0,0.0,0.0,0.0,7699.728813559322
339,0.16631444148097477,0.15997663137742366,0.02045868022548009,0.012481003896848633,0.9638415468660618,0.964016777770034,31.0,27.0,220.81236559139785,168.84074074074076,58.90363870967741,71.95176296296297,49.182461290322586,49.14807037037036,19.299193548387098,26.84092592592593,10.60344827586207,0.0,69.10344827586206,9124.0,11797.120689655172,35.925517241379296,91.24,64.97776551724137,22.81,16.24444137931034,81.22220689655174,49.16645172413794,0.0,1.0,1.0,1.0,-0.024301077586206924,1.4655172413793103,0.0,0.0,6.99868620689655,0.4482758620689655,1.206896551724138,0.29439305315664116,0.24560705834924013,0.0,0.0,4322.9655172413795,148.48275862068965,0.0,211.29310344827587,0.0,3592.551724137931,0.0,318.1034482758621,5531.448275862069,0.0,0.0,0.0,0.0,7474.1551724137935
340,0.16651884909952563,0.16102687834110158,0.020834648191184555,0.01283186023139546,0.9639567103062991,0.9641338534675353,31.0,30.0,212.4306451612903,207.23388888888888,62.14957419354838,64.68010666666667,49.01431290322581,49.72544666666668,20.4741935483871,21.212333333333333,10.344262295081966,0.0,66.26229508196721,8334.88524590164,12592.491803278688,29.381639344262297,83.34885245901638,63.39409836065575,20.837213114754096,15.848524590163933,79.2426229508197,49.36405081967212,0.0,1.0,1.0,1.0,-0.028417725409836066,1.4918032786885247,0.0,0.0,6.807165573770493,0.45901639344262296,1.2622950819672132,0.2925289698696406,0.19748899962823918,0.0,0.0,5331.11475409836,154.91803278688525,0.0,206.37704918032787,0.0,2938.1639344262294,0.0,310.327868852459,5396.7213114754095,0.0,0.0,0.0,0.0,7261.377049180328
341,0.16691101401754743,0.16145560897154965,0.021027403527477798,0.013524797912148792,0.9640934685366598,0.9642626819368582,27.0,32.0,190.68333333333334,235.72447916666667,68.83804444444444,55.561099999999996,49.88847777777777,49.00368125,23.538611111111116,17.143437499999997,10.23728813559322,0.0,67.72881355932203,8028.016949152542,12906.745762711864,28.018474576271185,80.28016949152538,61.63698983050846,20.070042372881346,15.409247457627112,77.0462372881356,49.40858813559323,0.0,1.0,1.0,1.0,-0.029345586158192088,1.5423728813559323,0.0,0.0,7.8416406779661,0.4915254237288136,1.3220338983050848,0.24729998258477948,0.27614613695915513,0.0,0.0,5398.254237288135,153.5593220338983,0.0,203.5593220338983,0.0,2801.8474576271187,0.0,307.1186440677966,5226.169491525424,0.0,0.0,0.0,0.0,7508.4915254237285
342,0.16728446881353382,0.16209696705143103,0.020984695439427298,0.013921906147205738,0.9642023086218533,0.9643985994686852,30.0,26.0,210.70388888888888,181.71025641025642,64.12650666666669,70.14683076923077,49.60630333333334,49.91063076923077,20.713416666666664,24.871826923076927,10.964285714285714,0.0,66.53571428571429,9057.642857142857,11834.55357142857,33.65803571428572,90.57642857142855,66.92165714285716,22.644107142857138,16.73041428571429,83.65207142857146,49.74759821428572,0.0,1.0,1.0,1.0,-0.03640829613095241,1.4642857142857142,0.0,0.0,5.470048214285714,0.4642857142857143,1.25,0.2426202344909915,0.24438595382500833,0.0,0.0,4603.125,159.80357142857142,0.0,218.07142857142858,0.0,3365.8035714285716,0.0,328.92857142857144,5691.839285714285,0.0,0.0,0.0,0.0,7231.428571428572
343,0.16772801103591842,0.16321632225475202,0.021140408728807767,0.014233966767824171,0.9643228669354587,0.9645105016389968,32.0,26.0,218.22135416666666,188.47948717948717,61.943000000000005,68.57046153846154,49.78920937499999,49.88113076923077,19.631328125,23.884615384615383,10.689655172413794,0.0,70.89655172413794,8615.189655172413,12293.327586206897,31.0044827586207,86.15189655172415,64.91393103448274,21.537974137931037,16.228482758620682,81.14241379310343,49.830415517241384,0.0,1.0,1.0,1.0,-0.03813365660919541,1.4482758620689655,0.0,0.0,6.454458620689652,0.3793103448275862,1.2413793103448276,0.3228196959276699,0.23464155831692587,0.0,0.0,4884.620689655172,156.93103448275863,0.0,212.86206896551724,0.0,3100.448275862069,0.0,320.6896551724138,5514.741379310345,0.0,0.0,0.0,0.0,7408.706896551724
344,0.16840019869051845,0.16371934083177314,0.021660669280770165,0.014338165763622073,0.9644650719212504,0.9646398537984053,31.0,31.0,212.75645161290322,220.25537634408602,60.90828387096775,60.261677419354825,49.234645161290324,48.742938709677425,20.40572580645161,19.361290322580643,10.112903225806452,0.0,67.95161290322581,7953.403225806452,12990.354838709678,28.22306451612904,79.53403225806453,60.584980645161295,19.883508064516132,15.146245161290322,75.73122580645162,48.98879193548388,0.0,1.0,1.0,1.0,-0.020599831989247308,1.5,0.0,0.0,8.287319354838708,0.532258064516129,1.2580645161290323,0.2569747036087265,0.24547407640712768,0.0,0.0,5345.790322580645,151.69354838709677,0.0,200.16129032258064,0.0,2822.3064516129034,0.0,303.38709677419354,5131.096774193548,0.0,0.0,0.0,0.0,7644.564516129032
345,0.16866574406789084,0.16486471060947713,0.02210024812236284,0.014669866582209055,0.964583880045296,0.9647715121991964,26.0,23.0,162.89166666666668,132.8746376811594,72.50498461538461,82.29147826086957,49.38708076923077,51.80998695652175,27.690384615384616,32.14293478260869,12.653061224489797,0.0,71.36734693877551,11912.142857142857,8928.122448979591,53.57224489795918,119.12142857142852,77.09864489795919,29.78035714285713,19.27466122448979,96.37330612244898,50.52436326530612,0.0,1.0,1.0,1.0,-0.05259090136054425,1.469387755102041,0.0,0.0,3.206075510204081,0.3877551020408163,1.3265306122448979,0.3033312811684419,0.27069420184343723,0.0,0.0,2121.8367346938776,126.08163265306122,0.0,253.0612244897959,0.0,5357.224489795918,0.0,379.59183673469386,6554.918367346939,0.0,0.0,0.0,0.0,6806.285714285715
346,0.16894892093389557,0.16722029939358166,0.02205478206489412,0.014748753934803682,0.9647054482506714,0.9648719343890577,31.0,29.0,213.55537634408603,218.90632183908048,62.14348387096774,62.28027586206897,49.11367096774193,50.23764482758621,20.327016129032256,19.453879310344828,10.3,0.0,69.38333333333334,7962.0,12968.5,26.834999999999997,79.62000000000005,62.20960000000001,19.905000000000012,15.552399999999995,77.76200000000001,49.656924999999994,0.0,1.0,1.0,1.0,-0.03451927083333336,1.4833333333333334,0.0,0.0,7.352324999999999,0.45,1.2833333333333334,0.2732184450648367,0.24557659684538624,0.0,0.0,5442.733333333334,153.88333333333333,0.0,205.61666666666667,0.0,2683.5,0.0,309.0,5278.5,0.0,0.0,0.0,0.0,7525.766666666666
347,0.1696056807604605,0.1674789548470907,0.022626762190379752,0.01481897205443039,0.9648205028511253,0.9650020471279507,27.0,32.0,160.28395061728395,212.8296875,75.96835555555556,61.7567,50.374640740740745,49.075993749999995,28.042314814814826,20.443515625000003,11.05084745762712,0.0,71.0,9568.372881355932,11327.0,37.47186440677966,95.68372881355931,68.26033898305087,23.920932203389828,17.06508474576271,85.32542372881356,49.67028983050849,0.0,1.0,1.0,1.0,-0.03479770480225993,1.5423728813559323,0.0,0.0,5.330883050847456,0.5254237288135594,1.2033898305084745,0.26382512453125445,0.24359027863501193,0.0,0.0,4255.457627118644,151.42372881355934,0.0,220.67796610169492,0.0,3747.186440677966,0.0,331.52542372881356,5821.186440677966,0.0,0.0,0.0,0.0,7071.542372881356
348,0.17027803939991748,0.16836771174644638,0.023513537038295316,0.015132127886770992,0.9649516859062753,0.9651221178086145,34.0,24.0,225.02254901960785,147.57222222222222,59.21167058823529,78.63373333333334,48.64888529411764,51.772195833333335,18.685882352941174,29.895520833333336,10.948275862068966,0.0,73.94827586206897,9329.741379310344,11578.448275862069,36.01999999999999,93.29741379310343,67.24838620689655,23.324353448275858,16.81209655172413,84.06048275862067,49.94128965517241,0.0,1.0,1.0,1.0,-0.040443534482758635,1.4137931034482758,0.0,0.0,6.017256896551724,0.41379310344827586,1.2758620689655173,0.3125550071193643,0.22945633462662512,0.0,0.0,4601.5,144.6551724137931,0.0,217.70689655172413,0.0,3602.0,0.0,328.44827586206895,5727.741379310345,0.0,0.0,0.0,0.0,6976.948275862069
349,0.17042516824125178,0.16948423901096624,0.024679785868774888,0.015778509876915245,0.9650622617999663,0.9652507133351385,32.0,29.0,223.840625,205.0419540229885,58.3325,66.86918620689656,48.469265625,49.87574482758621,18.882499999999997,21.44758620689655,10.262295081967213,0.0,70.0327868852459,8040.786885245901,12894.213114754099,27.389999999999997,80.40786885245905,62.39092459016391,20.10196721311476,15.597731147540975,77.9886557377049,49.137919672131154,0.0,1.0,1.0,1.0,-0.023706659836065565,1.4754098360655739,0.0,0.0,6.848962295081969,0.45901639344262296,1.2622950819672132,0.2885955335550606,0.24334978323957285,0.0,0.0,5690.770491803279,153.44262295081967,0.0,202.68852459016392,0.0,2739.0,0.0,307.8688524590164,5301.786885245901,0.0,0.0,0.0,0.0,7203.44262295082
350,0.1708892644915578,0.1706926300826177,0.024462718948242035,0.016185810549502685,0.9651830713292943,0.9653795725782552,29.0,33.0,216.20402298850573,225.97828282828283,60.869627586206896,60.44799999999999,48.63894827586207,49.51883636363636,19.922758620689656,18.47712121212121,10.064516129032258,0.0,71.38709677419355,7661.322580645161,13284.387096774193,25.183064516129033,76.61322580645161,60.64521290322582,19.153306451612902,15.161303225806451,75.80651612903223,49.10727580645161,0.0,1.0,1.0,1.0,-0.023068245967741943,1.532258064516129,0.0,0.0,7.615369354838712,0.5483870967741935,1.2258064516129032,0.27847920917853597,0.25000683950000024,0.0,0.0,5500.6612903225805,150.96774193548387,0.0,200.38709677419354,0.0,2518.3064516129034,0.0,301.93548387096774,5143.0161290322585,0.0,0.0,0.0,0.0,7783.725806451613
351,0.1712425653053734,0.17161608391756078,0.02481639250137002,0.01739961391312692,0.9652978980926489,0.9655216341889453,30.0,26.0,200.74444444444444,181.73076923076923,65.15658666666668,70.12492307692308,49.73627666666666,50.17117692307693,22.124083333333328,24.86576923076923,11.25,0.0,71.23214285714286,9358.80357142857,11515.0,36.438750000000006,93.58803571428572,67.46331428571425,23.39700892857143,16.865828571428562,84.32914285714284,49.93819464285714,0.0,1.0,1.0,1.0,-0.040379055059523834,1.4642857142857142,0.0,0.0,5.871889285714285,0.4107142857142857,1.2857142857142858,0.2986027884229566,0.254577286034486,0.0,0.0,4378.196428571428,164.21428571428572,0.0,223.48214285714286,0.0,3643.875,0.0,337.5,5714.928571428572,0.0,0.0,0.0,0.0,7136.803571428572
352,0.17133749716404809,0.17222989951713813,0.024981475356538295,0.017641040561090147,0.9654130538857046,0.9656536239121679,31.0,28.0,228.10913978494625,180.11785714285716,55.55881290322581,69.22182857142857,48.619996774193545,49.284796428571426,18.26766129032258,25.107321428571424,10.440677966101696,0.0,70.05084745762711,8605.440677966102,12320.016949152543,33.60711864406779,86.05440677966101,62.0429559322034,21.513601694915252,15.510738983050842,77.5536949152542,48.93549491525424,0.0,1.0,1.0,1.0,-0.019489477401129954,1.4745762711864407,0.0,0.0,8.4061406779661,0.4745762711864407,1.2203389830508475,0.2744167298884416,0.24302442491292012,0.0,0.0,5338.593220338983,152.11864406779662,0.0,208.20338983050848,0.0,3360.7118644067796,0.0,313.22033898305085,5244.728813559322,0.0,0.0,0.0,0.0,6981.423728813559
353,0.1721790053852771,0.17318636220115236,0.025731576260813273,0.01761746476177036,0.9655148902152214,0.9657796295056045,30.0,32.0,209.73777777777778,225.9671875,64.81173333333332,60.0076,49.782066666666665,49.628440625,20.781916666666664,18.497187500000003,10.35483870967742,0.0,74.43548387096774,7841.080645161291,13086.854838709678,25.562096774193563,78.41080645161288,62.33218064516129,19.60270161290322,15.583045161290318,77.91522580645162,49.70277580645161,0.0,1.0,1.0,1.0,-0.03547449596774195,1.5161290322580645,0.0,0.0,6.973296774193548,0.5483870967741935,1.1451612903225807,0.3187390996121252,0.2324229197096874,0.0,0.0,5791.403225806452,154.88709677419354,0.0,205.53225806451613,0.0,2556.2096774193546,0.0,310.64516129032256,5284.870967741936,0.0,0.0,0.0,0.0,7295.451612903225
354,0.17244317167173687,0.1752964933820025,0.026545942144180334,0.018111638913337336,0.9656326366910163,0.9658744870157991,29.0,24.0,201.80977011494255,145.60347222222222,65.48833103448277,81.86426666666667,49.74099310344827,53.06505000000001,22.008793103448276,30.069062500000005,12.056603773584905,0.0,75.26415094339623,10263.490566037735,10581.471698113208,40.75943396226416,102.63490566037736,72.90384905660376,25.65872641509434,18.22596226415094,91.1298113207547,51.24622641509434,0.0,1.0,1.0,1.0,-0.0676297169811321,1.4528301886792452,0.0,0.0,4.001103773584902,0.4528301886792453,1.2452830188679245,0.29276245629516523,0.25740000781080824,0.0,0.0,3616.301886792453,151.67924528301887,0.0,240.66037735849056,0.0,4075.943396226415,0.0,361.6981132075472,6187.547169811321,0.0,0.0,0.0,0.0,6965.169811320755
355,0.17319606755602687,0.17558132871888163,0.027110140621388147,0.018038904823445737,0.9657693459530229,0.9659868241456501,32.0,27.0,227.003125,171.45185185185184,58.63090000000001,69.5009185185185,49.3489625,49.46347407407408,18.341171875,26.493425925925933,10.59322033898305,0.0,74.22033898305085,8828.745762711864,12094.881355932202,34.3906779661017,88.28745762711863,63.60531525423728,22.071864406779657,15.90132881355932,79.50664406779659,49.401366101694926,0.0,1.0,1.0,1.0,-0.02919512711864409,1.4576271186440677,0.0,0.0,7.86791525423729,0.3728813559322034,1.2372881355932204,0.31425033100506505,0.2454597984614073,0.0,0.0,4856.745762711865,146.5593220338983,0.0,211.01694915254237,0.0,3439.0677966101694,0.0,317.79661016949154,5389.677966101695,0.0,0.0,0.0,0.0,7238.135593220339
356,0.17365596801223637,0.17689777147100458,0.02720722222792436,0.018228802017765285,0.9658849596894428,0.9660993086287177,33.0,30.0,224.92626262626263,201.80499999999998,59.661866666666675,66.13546666666666,49.47032424242425,49.311713333333344,18.6619696969697,21.954583333333336,10.380952380952381,0.0,71.61904761904762,8091.952380952381,12834.968253968254,27.671746031746025,80.91952380952382,62.744533333333365,20.229880952380956,15.686133333333334,78.43066666666667,49.394795238095234,0.0,1.0,1.0,1.0,-0.029058234126984148,1.4761904761904763,0.0,0.0,6.880142857142857,0.5396825396825397,1.1904761904761905,0.2976604845281537,0.22060779067805994,0.0,0.0,5175.380952380952,154.26984126984127,0.0,206.38095238095238,0.0,2767.1746031746034,0.0,311.42857142857144,5324.777777777777,0.0,0.0,0.0,0.0,7659.587301587301
357,0.17488659749995572,0.17823630193746587,0.027460723240342762,0.018731501529014642,0.9659910332602343,0.9662200144495275,28.0,32.0,186.8172619047619,216.13958333333332,71.92754285714285,62.2532,50.25031071428572,49.57165625,24.101964285714285,19.883671875,11.083333333333334,0.0,71.63333333333334,8740.883333333333,12147.35,30.789499999999997,87.4088333333333,66.76789333333333,21.852208333333326,16.69197333333333,83.45986666666667,49.88836166666667,0.0,1.0,1.0,1.0,-0.03934086805555554,1.5333333333333334,0.0,0.0,4.972676666666664,0.5333333333333333,1.2,0.2718284751276361,0.23330030716043562,0.0,0.0,4904.083333333333,157.98333333333332,0.0,220.28333333333333,0.0,3078.95,0.0,332.5,5661.933333333333,0.0,0.0,0.0,0.0,7243.266666666666
358,0.1754361704507127,0.17985083608267252,0.027967104563375315,0.019009435362534473,0.9661143557031002,0.9663208505158377,30.0,27.0,174.2211111111111,173.14876543209874,71.0496,74.62103703703703,49.20139333333334,51.45876666666667,26.037083333333335,26.136203703703707,11.859649122807017,0.0,78.49122807017544,10433.61403508772,10422.78947368421,42.4001754385965,104.33614035087722,72.74133333333333,26.084035087719304,18.185333333333325,90.92666666666665,50.27067543859649,0.0,1.0,1.0,1.0,-0.0473057383040936,1.4736842105263157,0.0,0.0,3.613377192982456,0.45614035087719296,1.2280701754385965,0.31677329908806273,0.25849365224094367,0.0,0.0,3539.3684210526317,150.26315789473685,0.0,236.5438596491228,0.0,4240.017543859649,0.0,355.7894736842105,6193.596491228071,0.0,0.0,0.0,0.0,6883.421052631579
359,0.1757161361481414,0.18117691403824895,0.028903148807002826,0.019868103679658584,0.9662432234062712,0.9664283101736265,33.0,27.0,226.34242424242424,172.18950617283951,58.187442424242434,72.58607407407408,48.41806060606061,50.2445037037037,18.49015151515152,26.259166666666673,10.666666666666666,0.0,77.68333333333334,8794.483333333334,12118.416666666666,33.028,87.9448333333333,64.66682666666667,21.986208333333327,16.166706666666663,80.83353333333336,49.23996,0.0,1.0,1.0,1.0,-0.025832499999999998,1.45,0.0,0.0,6.559341666666665,0.48333333333333334,1.2666666666666666,0.2912708654329068,0.26119233135217623,0.0,0.0,4930.483333333334,154.38333333333333,0.0,211.71666666666667,0.0,3302.8,0.0,320.0,5491.683333333333,0.0,0.0,0.0,0.0,7187.933333333333
360,0.17599937164489002,0.1816739659275907,0.02952922535193331,0.020015106450755226,0.9663500326055149,0.9665290403713135,33.0,33.0,209.37424242424242,223.52676767676766,62.074666666666666,59.80431515151516,48.46848181818183,49.24275757575758,20.967954545454546,18.86787878787879,9.954545454545455,0.0,72.27272727272727,7967.166666666667,12987.030303030304,27.806666666666665,79.6716666666667,60.939490909090885,19.917916666666674,15.234872727272718,76.17436363636364,48.8556196969697,0.0,1.0,1.0,1.0,-0.017825410353535357,1.5,0.0,0.0,7.834045454545453,0.5454545454545454,1.2878787878787878,0.2602999316662896,0.24933542129621908,0.0,0.0,5655.909090909091,148.93939393939394,0.0,197.22727272727272,0.0,2780.6666666666665,0.0,298.6363636363636,5186.5,0.0,0.0,0.0,0.0,7331.121212121212
361,0.17835937324498896,0.1822507412484746,0.02986227947698112,0.02063195610689022,0.966460331210585,0.966635305732153,21.0,33.0,123.33174603174602,221.05757575757576,90.77546666666666,58.68790303030303,57.57196190476191,49.00358484848484,33.457976190476195,19.25340909090909,11.833333333333334,0.0,70.83333333333333,9910.962962962964,10983.185185185184,38.78351851851852,99.10962962962965,71.1664,24.777407407407413,17.791599999999992,88.95799999999998,52.33573148148149,0.0,1.0,1.0,1.0,-0.09032773919753091,1.6111111111111112,0.0,0.0,5.946738888888889,0.5370370370370371,1.2962962962962963,0.21619401335203328,0.2905517508464777,0.0,0.0,3809.703703703704,114.0925925925926,0.0,235.75925925925927,0.0,3878.3518518518517,0.0,355.0,6032.611111111111,0.0,0.0,0.0,0.0,7173.481481481482
362,0.17966238103266977,0.1822507412484746,0.03058291067583333,0.02091517445194568,0.9665712361937926,0.9667538999937851,26.0,33.0,142.97884615384615,227.14747474747475,80.58756923076923,56.50598787878789,52.12407307692309,48.7464606060606,30.56625000000001,18.380303030303033,11.271186440677965,0.0,76.62711864406779,9500.152542372882,11403.372881355932,38.23644067796611,95.00152542372881,67.1182101694915,23.750381355932202,16.779552542372873,83.89776271186439,50.23489999999999,0.0,1.0,1.0,1.0,-0.04656041666666669,1.5593220338983051,0.0,0.0,6.867071186440678,0.4576271186440678,1.305084745762712,0.27283201841264526,0.26993314115462413,0.0,0.0,4145.813559322034,132.4406779661017,0.0,224.89830508474577,0.0,3823.64406779661,0.0,338.135593220339,5676.5084745762715,0.0,0.0,0.0,0.0,7257.559322033899
363,0.18037629154315737,0.1832498655989959,0.03105473929629246,0.021107254232412144,0.9666803538105597,0.9668652269818309,31.0,30.0,222.3193548387097,202.54555555555555,60.525832258064504,65.77429333333335,48.93320645161291,50.108143333333345,19.062822580645165,21.855583333333335,10.344262295081966,0.0,79.40983606557377,8174.524590163935,12755.672131147541,28.07704918032786,81.74524590163935,63.10704262295079,20.436311475409838,15.776760655737695,78.88380327868852,49.51104426229508,0.0,1.0,1.0,1.0,-0.031480088797814214,1.4918032786885247,0.0,0.0,6.840313114754099,0.4262295081967213,1.2622950819672132,0.2917419392295022,0.27238908599036005,0.0,0.0,5146.524590163935,152.34426229508196,0.0,206.13114754098362,0.0,2807.7049180327867,0.0,310.327868852459,5366.819672131148,0.0,0.0,0.0,0.0,7609.147540983607
364,0.1807072229041228,0.18348575475764872,0.03288454686609715,0.021096398729100137,0.966776124525388,0.9669797036426364,31.0,30.0,206.23279569892472,216.10944444444445,62.37068387096775,62.609919999999995,49.0101935483871,49.05132666666667,21.408629032258066,19.86008333333333,10.459016393442623,0.0,83.01639344262296,8258.819672131147,12665.409836065573,29.69836065573771,82.58819672131146,62.488340983606555,20.647049180327866,15.622085245901635,78.11042622950818,49.03042295081966,0.0,1.0,1.0,1.0,-0.021467144808743177,1.4918032786885247,0.0,0.0,7.189131147540983,0.3770491803278688,1.278688524590164,0.33904243482699986,0.2600099429571294,0.0,0.0,5631.311475409836,153.01639344262296,0.0,207.98360655737704,0.0,2969.8360655737706,0.0,313.7704918032787,5288.983606557377,0.0,0.0,0.0,0.0,7034.098360655737
365,0.18152263897198082,0.18391523904497997,0.032949958997027594,0.021444502111454048,0.9668850920431011,0.9670934563403871,31.0,32.0,196.9193548387097,223.19114583333334,66.77058064516129,59.3281,50.28913548387098,48.908896875,22.663951612903233,18.944687500000004,10.444444444444445,0.0,79.47619047619048,8309.920634920634,12615.825396825398,29.6695238095238,83.09920634920634,62.99027301587303,20.774801587301585,15.747568253968254,78.73784126984127,49.588061904761915,0.0,1.0,1.0,1.0,-0.033084623015873046,1.507936507936508,0.0,0.0,7.372590476190474,0.3968253968253968,1.2698412698412698,0.30519883187247326,0.2679447469389623,0.0,0.0,5191.428571428572,152.5079365079365,0.0,207.4126984126984,0.0,2966.9523809523807,0.0,313.3333333333333,5342.9682539682535,0.0,0.0,0.0,0.0,7424.396825396825
366,0.18208587263693393,0.18522446663679049,0.03386693362458484,0.021447004270019984,0.9669925195091242,0.9672054406032076,34.0,32.0,227.59411764705882,193.17135416666667,57.70428235294118,66.69229999999999,49.70355000000001,49.94828437499999,18.30279411764706,23.261562499999993,10.272727272727273,0.0,79.1969696969697,8282.818181818182,12654.257575757576,30.165,82.8281818181818,62.0621090909091,20.70704545454545,15.51552727272727,77.57763636363636,49.82220909090909,0.0,1.0,1.0,1.0,-0.03796268939393941,1.4848484848484849,0.0,0.0,8.46714545454545,0.48484848484848486,1.2727272727272727,0.3077161746717421,0.2636918997451385,0.0,0.0,5015.166666666667,149.63636363636363,0.0,204.1060606060606,0.0,3016.5,0.0,308.1818181818182,5266.318181818182,0.0,0.0,0.0,0.0,7639.090909090909
367,0.1831740960377226,0.18543241070932837,0.03448062977528329,0.022251465823461773,0.9671211137218491,0.9673280115004083,24.0,36.0,128.1,255.55925925925925,88.2072,47.98977777777779,55.76388750000001,48.29870833333334,32.85270833333333,14.322013888888888,10.616666666666667,0.0,81.28333333333333,8693.716666666667,12274.533333333333,32.57666666666666,86.93716666666666,64.07674666666668,21.734291666666664,16.019186666666666,80.09593333333333,51.284780000000005,0.0,1.0,1.0,1.0,-0.06843291666666668,1.6,0.0,0.0,8.942325,0.48333333333333334,1.2666666666666666,0.273091704014285,0.2898269534431899,0.0,0.0,4367.983333333334,100.93333333333334,0.0,211.31666666666666,0.0,3257.6666666666665,0.0,318.5,5436.05,0.0,0.0,0.0,0.0,7906.55
368,0.1838797033150237,0.18588327129919122,0.034598819017715464,0.02291413514361415,0.9672375465401811,0.9674240126617305,29.0,31.0,191.64885057471264,199.7532258064516,68.32926896551724,64.83850322580645,50.1324551724138,49.0639064516129,23.415603448275863,22.322983870967743,10.966666666666667,0.0,79.53333333333333,9140.433333333332,11750.166666666666,34.90116666666667,91.4043333333333,66.52570666666665,22.851083333333325,16.63142666666666,83.15713333333333,49.58037166666667,0.0,1.0,1.0,1.0,-0.03292440972222224,1.5166666666666666,0.0,0.0,5.905748333333333,0.4,1.3333333333333333,0.3098389583889843,0.26073968668174086,0.0,0.0,4794.766666666666,161.13333333333333,0.0,218.26666666666668,0.0,3490.116666666667,0.0,329.0,5650.316666666667,0.0,0.0,0.0,0.0,6955.4
369,0.18470052531455217,0.18717863392891648,0.03475745770783377,0.02320188604680357,0.9673464468836204,0.9675175115812614,30.0,34.0,201.3477777777778,207.5063725490196,64.54954666666666,62.2521411764706,49.29708333333334,49.509364705882355,22.084500000000002,21.2297794117647,10.375,0.0,79.34375,8652.171875,12277.171875,32.65812499999999,86.52171874999998,63.32905,21.630429687499994,15.8322625,79.16131250000002,49.4098578125,0.0,1.0,1.0,1.0,-0.02937203776041666,1.53125,0.0,0.0,7.7112374999999975,0.390625,1.359375,0.26682082629108117,0.31146856636496145,0.0,0.0,5261.453125,151.6875,0.0,206.71875,0.0,3265.8125,0.0,311.25,5386.359375,0.0,0.0,0.0,0.0,7015.71875
370,0.18493402151094987,0.1882862045587897,0.034809917565764834,0.023141034648452914,0.9674676820217251,0.9676202510035236,32.0,36.0,212.30625,226.25555555555556,61.267700000000005,59.5009777777778,49.059528125,49.161633333333334,20.5175,18.462291666666673,9.955882352941176,0.0,79.42647058823529,7771.779411764706,13181.470588235294,26.48676470588235,77.71779411764709,60.33237647058824,19.429448529411772,15.08309411764706,75.41547058823531,49.11358382352942,0.0,1.0,1.0,1.0,-0.023199662990196098,1.5294117647058822,0.0,0.0,8.21065588235294,0.4264705882352941,1.2794117647058822,0.2859289383903179,0.27135804154778903,0.0,0.0,5631.014705882353,149.33823529411765,0.0,197.73529411764707,0.0,2648.676470588235,0.0,298.6764705882353,5123.10294117647,0.0,0.0,0.0,0.0,7550.455882352941
371,0.18623377215211676,0.18902205818510281,0.03531180953662704,0.02392197282341749,0.967567009798612,0.9677254328267999,32.0,31.0,186.690625,211.54516129032257,70.73830000000001,63.0075870967742,50.696496874999994,49.27447419354839,24.1490625,20.556612903225805,11.031746031746032,0.0,83.04761904761905,8952.539682539682,11935.238095238095,32.67253968253969,89.5253968253968,66.93429841269842,22.3813492063492,16.733574603174603,83.66787301587303,49.99677142857143,0.0,1.0,1.0,1.0,-0.041599404761904796,1.492063492063492,0.0,0.0,5.443822222222225,0.5079365079365079,1.2380952380952381,0.3101229344164242,0.2621837892877253,0.0,0.0,4871.984126984127,160.53968253968253,0.0,219.73015873015873,0.0,3267.253968253968,0.0,330.95238095238096,5685.285714285715,0.0,0.0,0.0,0.0,7063.253968253968
372,0.18647836832222925,0.19125777855559606,0.03555007855773253,0.024212164741164215,0.9676611180908458,0.9678266266891059,23.0,26.0,137.3449275362319,137.74102564102566,79.59248695652175,83.23815384615386,50.53572173913044,52.79027692307693,31.45750000000001,31.40576923076923,13.346938775510203,0.0,85.42857142857143,12572.020408163266,8253.30612244898,56.36775510204082,125.72020408163263,81.52692244897959,31.430051020408158,20.381730612244894,101.90865306122451,51.732016326530626,0.0,1.0,1.0,1.0,-0.07775034013605449,1.530612244897959,0.0,0.0,1.635144897959183,0.42857142857142855,1.346938775510204,0.27740276672849573,0.3271410378909456,0.0,0.0,1690.6530612244899,107.59183673469387,0.0,265.6734693877551,0.0,5636.775510204082,0.0,400.40816326530614,6935.244897959184,0.0,0.0,0.0,0.0,6562.65306122449
373,0.18741003475479082,0.19204521755934428,0.03570082397387526,0.024869357794551173,0.9677743776351039,0.9679369019692988,32.0,31.0,197.5171875,207.6510752688172,68.04600000000002,63.311174193548375,50.17189375,49.573929032258064,22.552968750000005,21.163467741935484,10.841269841269842,0.0,82.6984126984127,8747.698412698413,12150.222222222223,31.670793650793648,87.47698412698412,65.71616507936507,21.86924603174603,16.429041269841264,82.14520634920633,49.877657142857146,0.0,1.0,1.0,1.0,-0.03911785714285714,1.492063492063492,0.0,0.0,6.030738095238093,0.5238095238095238,1.2222222222222223,0.29307243543750194,0.2766531952586185,0.0,0.0,4958.825396825397,160.42857142857142,0.0,215.4126984126984,0.0,3167.0793650793653,0.0,325.23809523809524,5580.619047619048,0.0,0.0,0.0,0.0,7191.396825396825
374,0.18876644669242532,0.19352521297248604,0.035947838087463414,0.02454331295909757,0.9678831391086345,0.9680475720468001,29.0,28.0,175.78850574712644,176.79285714285714,75.50962758620689,72.09942857142856,52.20186896551725,51.019864285714284,25.66793103448276,25.565089285714286,12.210526315789474,0.0,83.59649122807018,10246.964912280702,10576.912280701754,39.80438596491228,102.46964912280704,73.83444210526318,25.61741228070176,18.458610526315788,92.29305263157896,51.6212350877193,0.0,1.0,1.0,1.0,-0.07544239766081876,1.4912280701754386,0.0,0.0,3.4042052631578943,0.45614035087719296,1.280701754385965,0.3277544799061219,0.25929178655140545,0.0,0.0,3698.9298245614036,165.50877192982455,0.0,243.2982456140351,0.0,3980.438596491228,0.0,366.3157894736842,6266.526315789473,0.0,0.0,0.0,0.0,6877.982456140351
375,0.18942489581960484,0.19469189237665802,0.036628587236417716,0.024865639121494656,0.9679786931829745,0.9681416942419163,27.0,31.0,137.69876543209875,211.6220430107527,82.67294814814812,62.97135483870967,52.256403703703704,49.31391612903225,31.309351851851854,20.57209677419355,11.913793103448276,0.0,85.22413793103448,10228.189655172413,10632.568965517241,41.03258620689657,102.28189655172415,72.14278620689657,25.570474137931036,18.03569655172414,90.1784827586207,50.683694827586216,0.0,1.0,1.0,1.0,-0.055910308908046005,1.5344827586206897,0.0,0.0,4.11138275862069,0.43103448275862066,1.3275862068965518,0.294801472502224,0.3254952907125701,0.0,0.0,3549.603448275862,142.55172413793105,0.0,238.27586206896552,0.0,4103.258620689655,0.0,357.41379310344826,6124.931034482759,0.0,0.0,0.0,0.0,7082.9655172413795
376,0.18978189825564296,0.19590917515005934,0.03635019239523471,0.025298611584160975,0.9680825250495357,0.9682409888667093,27.0,31.0,142.10987654320988,231.99462365591398,80.81327407407407,57.11710967741937,51.87384814814814,48.9095129032258,30.755000000000003,17.65467741935484,11.224137931034482,0.0,90.79310344827586,9501.241379310344,11409.103448275862,37.119655172413786,95.01241379310345,68.14808275862069,23.753103448275862,17.03702068965517,85.18510344827585,50.28946206896552,0.0,1.0,1.0,1.0,-0.04769712643678163,1.5344827586206897,0.0,0.0,5.894482758620688,0.27586206896551724,1.3793103448275863,0.3163925965923688,0.318148135206307,0.0,0.0,4063.4137931034484,128.41379310344828,0.0,223.51724137931035,0.0,3711.9655172413795,0.0,336.7241379310345,5789.275862068966,0.0,0.0,0.0,0.0,7345.689655172414
377,0.19031003626674728,0.1965603402462327,0.03751725613372933,0.025351905084053956,0.96819097913883,0.9683427421093025,37.0,30.0,242.02972972972972,197.82333333333332,54.31135135135133,65.21013333333333,48.67641351351351,49.405546666666666,16.233445945945945,22.528916666666667,9.955223880597014,0.0,86.31343283582089,7620.925373134329,13334.149253731342,26.165970149253727,76.20925373134328,59.191402985074646,19.05231343283582,14.797850746268656,73.98925373134325,49.00289104477611,0.0,1.0,1.0,1.0,-0.020893563432835837,1.4477611940298507,0.0,0.0,8.86380149253731,0.44776119402985076,1.2686567164179106,0.30444499838457617,0.30373149642037256,0.0,0.0,5769.641791044776,147.19402985074626,0.0,198.07462686567163,0.0,2616.597014925373,0.0,298.65671641791045,5004.328358208955,0.0,0.0,0.0,0.0,7564.507462686567
378,0.1908363609395421,0.19692791459832407,0.03771275404512433,0.02523369042467626,0.9682905072803245,0.9684307446380838,34.0,34.0,229.62941176470588,224.18676470588235,57.34974117647057,59.7161411764706,49.17317352941176,48.72652352941177,18.004117647058827,18.731764705882348,9.823529411764707,0.0,79.94117647058823,7347.176470588235,13614.485294117647,23.960735294117654,73.47176470588236,58.532941176470594,18.36794117647059,14.633235294117641,73.1661764705882,48.94984852941176,0.0,1.0,1.0,1.0,-0.019788511029411752,1.5,0.0,0.0,8.784848529411764,0.5147058823529411,1.2352941176470589,0.27484270207264155,0.26070137051814224,0.0,0.0,5796.25,147.35294117647058,0.0,195.27941176470588,0.0,2396.073529411765,0.0,294.70588235294116,4951.10294117647,0.0,0.0,0.0,0.0,7818.235294117647
379,0.19102032709698924,0.19818776213075498,0.03800615688698093,0.025443776415426392,0.9684012732211962,0.9685335637096959,34.0,30.0,207.74117647058821,216.98222222222222,64.33788235294118,63.72970666666666,49.48360588235295,50.34061666666666,21.16897058823529,19.70258333333333,10.515625,0.0,86.8125,8192.640625,12724.375,27.472968750000007,81.92640625000001,64.0528,20.481601562500003,16.013199999999998,80.06600000000002,49.8853296875,0.0,1.0,1.0,1.0,-0.03927770182291667,1.46875,0.0,0.0,6.314131249999998,0.515625,1.1875,0.3149132567517471,0.238844875458946,0.0,0.0,5342.421875,157.140625,0.0,209.375,0.0,2747.296875,0.0,315.46875,5445.34375,0.0,0.0,0.0,0.0,7381.953125
380,0.19129144154667135,0.19858352057912426,0.03834608048503089,0.02657422388201862,0.9684815439150617,0.9686285022312501,32.0,32.0,197.7828125,217.13489583333333,67.43320000000001,61.765800000000006,49.7921625,48.954478125,22.525078125,19.740546874999993,10.765625,0.0,84.71875,8453.125,12447.53125,29.8,84.53125,64.59949999999999,21.1328125,16.149874999999994,80.74937500000001,49.3733203125,0.0,1.0,1.0,1.0,-0.028610839843749996,1.5,0.0,0.0,5.9066328125,0.484375,1.28125,0.2844288096505612,0.2830757731587982,0.0,0.0,5131.921875,161.484375,0.0,213.890625,0.0,2980.0,0.0,322.96875,5473.125,0.0,0.0,0.0,0.0,7315.609375
381,0.192338609603665,0.19879321073685816,0.03855528415735864,0.026868531213627422,0.9685813206773136,0.9687225468066081,31.0,34.0,198.13655913978494,235.3857843137255,69.21269677419356,54.56865882352942,50.175887096774204,48.623761764705876,22.403629032258056,17.21602941176471,10.276923076923078,0.0,83.12307692307692,7876.046153846154,13057.246153846154,26.632769230769227,78.76046153846153,61.552738461538446,19.690115384615382,15.388184615384608,76.9409230769231,49.364006153846155,0.0,1.0,1.0,1.0,-0.028416794871794902,1.523076923076923,0.0,0.0,7.501383076923079,0.4307692307692308,1.323076923076923,0.27730572490101424,0.2688706199184182,0.0,0.0,5574.953846153846,153.8923076923077,0.0,203.5076923076923,0.0,2663.276923076923,0.0,308.3076923076923,5212.7692307692305,0.0,0.0,0.0,0.0,7482.292307692308
382,0.19345768942957384,0.19932710213413482,0.03970933827929751,0.02667901636586117,0.9686855634049705,0.9688101768647921,31.0,32.0,202.73387096774195,206.40052083333333,67.0118193548387,64.9859,50.4977806451613,49.803459375,21.7758064516129,21.284375,11.0,0.0,88.52380952380952,8610.47619047619,12275.777777777777,30.206031746031755,86.1047619047619,65.98278095238096,21.526190476190475,16.495695238095234,82.47847619047621,50.14510952380953,0.0,1.0,1.0,1.0,-0.044689781746031776,1.507936507936508,0.0,0.0,5.688519047619047,0.36507936507936506,1.3174603174603174,0.2900350338318614,0.30804109700037063,0.0,0.0,5074.571428571428,163.95238095238096,0.0,218.79365079365078,0.0,3020.6031746031745,0.0,330.0,5589.873015873016,0.0,0.0,0.0,0.0,7201.206349206349
383,0.19351810135867217,0.19980087018877468,0.039471911884790184,0.02700905265243191,0.9687909157817459,0.9689070119781094,36.0,34.0,235.48564814814816,216.2578431372549,55.55866666666667,60.32282352941178,48.738419444444446,48.32662352941176,17.17409722222222,18.32970588235294,9.67142857142857,0.0,85.18571428571428,7094.157142857143,13568.785714285714,21.940857142857137,70.94157142857144,57.87268571428572,17.73539285714286,14.468171428571424,72.34085714285717,48.538404285714286,0.0,1.0,1.0,1.0,-0.011216755952380954,1.4857142857142858,0.0,0.14285714285714285,8.401111428571424,0.42857142857142855,1.3142857142857143,0.29071448328997307,0.2869752857338468,0.0,0.0,5729.671428571429,145.07142857142858,0.0,192.28571428571428,0.0,2194.0857142857144,0.0,290.14285714285717,4900.071428571428,0.0,0.0,0.0,0.0,8147.671428571429
384,0.19368261481620486,0.2006187430338426,0.03938305305459215,0.026725286785781344,0.9688940384547675,0.9689904271724759,26.0,32.0,140.6153846153846,202.5265625,80.3435076923077,67.67579999999998,51.16766538461539,50.778690624999996,30.98259615384615,21.7925,12.155172413793103,0.0,98.70689655172414,10364.879310344828,10486.396551724138,41.41896551724138,103.64879310344828,73.35442758620688,25.91219827586207,18.33860689655172,91.69303448275865,50.95305862068966,0.0,1.0,1.0,1.0,-0.061522054597701166,1.5517241379310345,0.0,0.0,3.5108293103448265,0.43103448275862066,1.2758620689655173,0.337833631087819,0.3328313148018392,0.0,0.0,3464.0689655172414,141.43103448275863,0.0,241.63793103448276,0.0,4141.896551724138,0.0,364.6551724137931,6222.982758620689,0.0,0.0,0.0,0.0,7022.327586206897
385,0.19504362006945322,0.20133544007394252,0.04010813591727655,0.02796344776757014,0.9689938452229491,0.9690792611476001,35.0,30.0,218.48190476190476,178.97944444444445,60.71341714285714,71.5271466666667,49.385679999999994,51.02404666666668,19.569571428571425,25.256500000000003,10.96923076923077,0.0,85.52307692307693,8877.723076923077,12015.0,33.132615384615384,88.77723076923075,65.70436923076922,22.19430769230769,16.426092307692304,82.13046153846156,50.14184923076923,0.0,1.0,1.0,1.0,-0.04462185897435903,1.4615384615384615,0.0,0.0,6.63178769230769,0.5230769230769231,1.2153846153846153,0.2859194509748057,0.2680195265438725,0.0,0.0,4681.676923076923,158.87692307692308,0.0,218.3230769230769,0.0,3313.2615384615383,0.0,329.0769230769231,5564.461538461538,0.0,0.0,0.0,0.0,7333.323076923077
386,0.195169357030097,0.20272580577120988,0.039923012256196704,0.02877430968041203,0.9690879263711689,0.9691644077972219,34.0,31.0,232.06813725490196,182.46021505376345,56.043294117647044,71.91886451612903,48.3344,50.23934193548387,17.692867647058822,24.695322580645165,10.538461538461538,0.0,88.23076923076923,8413.0,12504.538461538461,30.159538461538467,84.12999999999997,63.61472,21.03249999999999,15.903679999999996,79.5184,49.242910769230775,0.0,1.0,1.0,1.0,-0.025893974358974364,1.476923076923077,0.0,0.0,6.660690769230769,0.5384615384615384,1.1846153846153846,0.31814019428370016,0.25684555894570943,0.0,0.0,5192.092307692307,155.1846153846154,0.0,210.12307692307692,0.0,3015.9538461538464,0.0,316.15384615384613,5397.046153846154,0.0,0.0,0.0,0.0,7312.446153846154
387,0.19618114350044785,0.20417453983954342,0.040216927965713724,0.029604959377676397,0.9691809532610286,0.9692491992622371,32.0,29.0,205.9390625,155.31666666666666,64.6507,77.61478620689655,49.770131250000006,51.4544379310345,21.392890624999996,28.765775862068963,11.62295081967213,0.0,86.59016393442623,9959.213114754099,10912.360655737704,39.38770491803279,99.59213114754102,70.81395409836064,24.898032786885256,17.703488524590156,88.51744262295084,50.570867213114745,0.0,1.0,1.0,1.0,-0.053559733606557386,1.4754098360655739,0.0,0.0,4.654945901639342,0.4262295081967213,1.3114754098360655,0.33075084693881474,0.25668698718771255,0.0,0.0,3854.344262295082,146.9672131147541,0.0,231.7704918032787,0.0,3938.7704918032787,0.0,348.6885245901639,6020.44262295082,0.0,0.0,0.0,0.0,7058.016393442623
388,0.19732519150411928,0.20485983390676923,0.04022477212958578,0.030127514473171545,0.96927245728006,0.9693566550079457,29.0,38.0,177.29252873563217,232.5609649122807,71.7681655172414,56.71275789473683,50.42829655172414,49.24084736842105,25.478362068965517,17.616052631578945,10.492537313432836,0.0,90.82089552238806,8407.65671641791,12518.328358208955,30.454029850746277,84.07656716417912,63.229277611940304,21.01914179104478,15.807319402985069,79.03659701492536,49.754817910447755,0.0,1.0,1.0,1.0,-0.03655870646766171,1.5671641791044777,0.0,0.0,7.544682089552238,0.373134328358209,1.3134328358208955,0.27845281612113587,0.32317933038018615,0.0,0.0,4839.895522388059,149.46268656716418,0.0,208.77611940298507,0.0,3045.402985074627,0.0,314.7761194029851,5362.253731343284,0.0,0.0,0.0,0.0,7678.432835820896
389,0.19784778689208618,0.20613687513676512,0.04037644266848824,0.03063297299597045,0.9693719429822137,0.9694487132010594,30.0,29.0,206.54611111111112,187.91724137931035,64.26176,70.32099310344829,49.50351666666666,50.5954275862069,21.263166666666667,23.889482758620687,11.440677966101696,0.0,96.27118644067797,9021.627118644068,11843.372881355932,33.52203389830509,90.21627118644065,67.24002711864404,22.554067796610163,16.81000677966101,84.05003389830506,50.040218644067785,0.0,1.0,1.0,1.0,-0.042504555084745765,1.4915254237288136,0.0,0.0,5.354259322033896,0.4067796610169492,1.2881355932203389,0.32332375403415703,0.2996752553945171,0.0,0.0,4709.457627118644,162.79661016949152,0.0,227.98305084745763,0.0,3352.2033898305085,0.0,343.22033898305085,5669.423728813559,0.0,0.0,0.0,0.0,7133.9152542372885
390,0.19824389422501515,0.20717792732945553,0.04072894520521195,0.03169603318807483,0.9694599594321873,0.9695533701737054,32.0,36.0,201.91979166666667,225.4365740740741,66.2546,59.32319999999999,49.767575,49.32390000000001,21.925000000000004,18.628888888888884,10.25,0.0,92.91176470588235,8072.0,12862.191176470587,27.485588235294117,80.72,62.58503529411766,20.18,15.646258823529406,78.23129411764705,49.53268823529411,0.0,1.0,1.0,1.0,-0.03193100490196077,1.5294117647058822,0.0,0.0,7.127652941176469,0.39705882352941174,1.2941176470588236,0.32338802377250614,0.2988079526784856,0.0,0.0,5415.25,153.44117647058823,0.0,203.86764705882354,0.0,2748.5588235294117,0.0,307.5,5323.441176470588,0.0,0.0,0.0,0.0,7446.941176470588
391,0.19915815554718785,0.20756584796392988,0.04124852379707857,0.03246118985087568,0.9695463475601044,0.9696304614081367,32.0,34.0,181.98958333333334,224.50833333333333,70.3116,61.790870588235265,49.503524999999996,49.32735294117647,24.8753125,18.656838235294117,10.878787878787879,0.0,90.25757575757575,8668.742424242424,12233.59090909091,30.710454545454542,86.68742424242427,65.92213333333333,21.671856060606068,16.48053333333333,82.4026666666667,49.4127696969697,0.0,1.0,1.0,1.0,-0.029432702020202026,1.5151515151515151,0.0,0.0,5.162492424242425,0.42424242424242425,1.3333333333333333,0.2850185075284153,0.29649345777907693,0.0,0.0,5003.090909090909,154.0151515151515,0.0,216.28787878787878,0.0,3071.0454545454545,0.0,326.3636363636364,5597.69696969697,0.0,0.0,0.0,0.0,7230.5
392,0.19925629677073214,0.20820496576258793,0.04253789222451036,0.032928530058677075,0.9696358637332962,0.9697169872511598,33.0,36.0,219.0030303030303,227.67731481481482,60.14758787878789,57.193155555555535,48.85751515151515,49.27175277777778,19.54583333333333,18.295625,9.710144927536232,0.0,89.3913043478261,7557.420289855072,13411.72463768116,25.854637681159428,75.57420289855072,58.60614492753623,18.89355072463768,14.651536231884055,73.25768115942026,49.073639130434785,0.0,1.0,1.0,1.0,-0.022367481884057995,1.5217391304347827,0.0,0.0,9.361044927536232,0.4782608695652174,1.3043478260869565,0.2711932432130054,0.30530744129874987,0.0,0.0,5854.985507246377,145.65217391304347,0.0,192.8985507246377,0.0,2585.463768115942,0.0,291.30434782608694,4971.95652173913,0.0,0.0,0.0,0.0,7556.739130434783
393,0.20025551880976075,0.20821944007487356,0.04263010862904536,0.03293929362581625,0.9697280534040473,0.9698053005672073,34.0,35.0,221.9598039215686,228.84,61.30230588235295,56.99583999999999,49.62595882352941,48.222902857142856,19.020955882352943,18.17285714285714,9.797101449275363,0.0,88.78260869565217,7436.304347826087,13526.985507246376,24.21188405797102,74.36304347826088,59.11786666666666,18.59076086956522,14.779466666666659,73.89733333333328,48.914263768115944,0.0,1.0,1.0,1.0,-0.019047161835748772,1.5072463768115942,0.0,0.0,8.387157971014492,0.43478260869565216,1.2753623188405796,0.3001661107385716,0.27094274951512803,0.0,0.0,5886.942028985507,146.95652173913044,0.0,194.84057971014494,0.0,2421.1884057971015,0.0,293.9130434782609,5015.115942028986,0.0,0.0,0.0,0.0,7640.04347826087
394,0.2006459598929286,0.208715427745226,0.042721895181922986,0.03392976160806231,0.9698086002501936,0.969894338855286,36.0,33.0,240.2537037037037,208.71464646464648,55.73786666666667,62.0297696969697,48.589236111111106,48.916312121212115,16.472222222222225,20.980833333333337,9.855072463768115,0.0,87.66666666666667,7451.405797101449,13510.188405797102,24.8168115942029,74.51405797101451,58.74703768115942,18.628514492753627,14.686759420289851,73.43379710144929,48.745663768115946,0.0,1.0,1.0,1.0,-0.015534661835748786,1.4782608695652173,0.0,0.0,8.627140579710142,0.5507246376811594,1.2753623188405796,0.283356838994614,0.2882154182873806,0.0,0.0,5999.869565217391,145.63768115942028,0.0,196.1159420289855,0.0,2481.68115942029,0.0,295.6521739130435,4969.724637681159,0.0,0.0,0.0,0.0,7510.31884057971
395,0.2016815428479462,0.2095270191167238,0.04376022449092596,0.03345382737875785,0.9698990926419391,0.9699914196713988,29.0,36.0,151.61379310344827,227.23703703703706,78.19817931034484,59.02551111111112,51.05761034482759,48.96008333333334,29.25922413793104,18.325,11.2,0.0,87.24615384615385,9281.338461538462,11609.846153846154,35.484769230769224,92.81338461538462,67.57947076923075,23.203346153846155,16.894867692307688,84.47433846153847,49.89590307692307,0.0,1.0,1.0,1.0,-0.039497980769230806,1.5538461538461539,0.0,0.0,5.519778461538458,0.49230769230769234,1.2769230769230768,0.26268417380821124,0.28309197302868216,0.0,0.0,4145.261538461538,148.92307692307693,0.0,222.8923076923077,0.0,3548.476923076923,0.0,336.0,5732.861538461539,0.0,0.0,0.0,0.0,7464.584615384615
396,0.2019290125759562,0.21000600945222841,0.044408554416262784,0.03361064143124302,0.9699999601738198,0.9700801704611212,36.0,35.0,229.47268518518518,219.1552380952381,57.003733333333344,61.74143999999999,49.17522499999999,48.70087428571428,18.025694444444447,19.472571428571424,9.887323943661972,0.0,90.50704225352112,7495.577464788732,13463.197183098591,24.67929577464789,74.95577464788732,59.33922253521125,18.73894366197183,14.834805633802809,74.17402816901406,48.94139014084509,0.0,1.0,1.0,1.0,-0.019612294600938985,1.4929577464788732,0.0,0.0,8.341111267605632,0.4507042253521127,1.2535211267605635,0.2874718826179353,0.28678456759768334,0.0,0.0,5977.366197183099,147.88732394366198,0.0,195.71830985915494,0.0,2467.9295774647885,0.0,296.61971830985914,5027.647887323944,0.0,0.0,0.0,0.0,7485.830985915493
397,0.20235156916236743,0.21061986197002006,0.04399677355962745,0.03462806008605123,0.9700806767877339,0.9701561033650208,36.0,36.0,223.74675925925925,227.04953703703706,60.97777777777776,59.07804444444443,48.85221944444445,49.32760833333332,18.75548611111111,18.352847222222223,10.069444444444445,0.0,91.0,7421.666666666667,13523.888888888889,23.435277777777785,74.21666666666668,60.0279111111111,18.55416666666667,15.006977777777776,75.03488888888889,49.089913888888894,0.0,1.0,1.0,1.0,-0.022706539351851844,1.5,0.0,0.0,7.616169444444444,0.5,1.2638888888888888,0.2935384472106346,0.2700297972547682,0.0,0.0,5842.875,151.04166666666666,0.0,200.31944444444446,0.0,2343.527777777778,0.0,302.0833333333333,5078.138888888889,0.0,0.0,0.0,0.0,7681.013888888889
398,0.20290756034395863,0.21144614984369386,0.04540358539896863,0.03464415422977654,0.9701832540549954,0.9702399567298291,28.0,33.0,169.24404761904762,221.41767676767677,74.16525714285714,60.802327272727254,50.54397142857143,49.03103939393939,26.683125,19.116212121212122,11.147540983606557,0.0,90.45901639344262,9035.819672131147,11848.147540983606,33.63852459016395,90.35819672131147,66.93613114754096,22.589549180327868,16.73403278688524,83.6701639344262,49.7255,0.0,1.0,1.0,1.0,-0.035947916666666684,1.540983606557377,0.0,0.0,5.378918032786887,0.45901639344262296,1.2950819672131149,0.2710110325201029,0.29176203628748015,0.0,0.0,4299.426229508197,158.2622950819672,0.0,222.34426229508196,0.0,3363.8524590163934,0.0,334.42622950819674,5671.9672131147545,0.0,0.0,0.0,0.0,7548.7213114754095
399,0.20395789693290825,0.21164322457071777,0.045368921516157644,0.03497728549972725,0.9702791836430461,0.9703341607551343,30.0,35.0,165.94333333333333,225.96761904761902,75.66367999999999,58.345142857142854,51.34686000000001,48.34601142857142,27.178833333333337,18.46985714285714,11.0,0.0,98.24615384615385,8995.753846153846,11895.846153846154,33.68846153846153,89.95753846153848,66.33831384615387,22.48938461538462,16.584578461538452,82.92289230769231,49.731018461538454,0.0,1.0,1.0,1.0,-0.03606288461538462,1.5384615384615385,0.0,0.0,5.882089230769229,0.3384615384615385,1.3692307692307693,0.3121821858388608,0.31603289445601546,0.0,0.0,4478.861538461539,158.47692307692307,0.0,218.92307692307693,0.0,3368.846153846154,0.0,330.0,5626.907692307693,0.0,0.0,0.0,0.0,7416.984615384616
400,0.2073611997545944,0.21230127240213675,0.04603495919243326,0.03541709286300808,0.9703715363130619,0.9704147524390414,37.0,36.0,239.38738738738738,231.35555555555555,62.89375135135134,58.67040000000001,53.494770270270266,49.144288888888894,16.572027027027033,17.700486111111108,9.602739726027398,0.0,93.3013698630137,6851.41095890411,14125.589041095891,20.323972602739723,68.5141095890411,60.811002739726035,17.128527397260275,15.202750684931507,76.01375342465755,51.34932739726027,0.0,1.0,1.0,1.0,-0.06977765410958907,1.4931506849315068,0.0,0.0,7.66685205479452,0.3561643835616438,1.3287671232876712,0.3164835522908266,0.2833591805677534,0.0,0.0,6040.520547945205,144.04109589041096,0.0,189.87671232876713,0.0,2032.3972602739725,0.0,288.0821917808219,4819.013698630137,0.0,0.0,0.0,0.0,8085.068493150685
401,0.20889628245083813,0.2125826213848329,0.046563257575878945,0.03618491680434291,0.9704576499320549,0.9705036739296711,36.0,36.0,222.35509259259257,224.55555555555557,67.71457777777778,59.55075555555556,51.744011111111114,49.01753333333334,19.031111111111116,18.73840277777778,9.88888888888889,0.0,99.29166666666667,7553.902777777777,13407.319444444445,24.992361111111123,75.5390277777778,63.63266666666667,18.88475694444445,15.908166666666663,79.54083333333337,50.38077222222223,0.0,1.0,1.0,1.0,-0.049599421296296305,1.5,0.0,0.0,5.632862499999998,0.4305555555555556,1.2777777777777777,0.32606093762981037,0.3106230417016425,0.0,0.0,5562.902777777777,144.79166666666666,0.0,196.31944444444446,0.0,2499.2361111111113,0.0,296.6666666666667,5054.666666666667,0.0,0.0,0.0,0.0,7844.416666666667
402,0.21156388887307664,0.21331699710751795,0.045939692870023835,0.035843653075179,0.970540751882885,0.9705971823081866,31.0,34.0,180.79086021505375,203.89558823529413,80.61470967741934,66.54249411764705,57.5888129032258,50.38928823529412,24.978870967741933,21.644191176470585,11.292307692307693,0.0,94.06153846153846,9293.83076923077,11572.584615384616,34.597076923076926,92.9383076923077,73.2538584615385,23.234576923076926,18.313464615384618,91.56732307692306,53.8229076923077,0.0,1.0,1.0,1.0,-0.12131057692307691,1.523076923076923,0.0,0.0,3.8036261538461527,0.4,1.2923076923076924,0.3058513732294751,0.2963360829873562,0.0,0.0,4217.569230769231,169.3846153846154,0.0,224.43076923076924,0.0,3459.7076923076925,0.0,338.7692307692308,5834.123076923077,0.0,0.0,0.0,0.0,7355.015384615384
403,0.2139046892789834,0.21366987770796989,0.046363356704356436,0.035748288233640665,0.9706150849623847,0.970683111407986,37.0,33.0,220.23783783783784,222.0590909090909,68.50707027027026,59.760678787878774,52.36722972972973,48.812781818181826,19.347770270270278,19.084242424242415,9.928571428571429,0.0,101.05714285714286,7689.414285714286,13265.785714285714,25.921,76.89414285714285,64.38377142857145,19.223535714285713,16.095942857142855,80.4797142857143,50.691561428571404,0.0,1.0,1.0,1.0,-0.0560741964285714,1.4714285714285715,0.0,0.0,5.531325714285712,0.35714285714285715,1.2571428571428571,0.3604606164469458,0.28443796350814876,0.0,0.0,5586.671428571429,148.92857142857142,0.0,197.0142857142857,0.0,2592.1,0.0,297.85714285714283,5097.314285714286,0.0,0.0,0.0,0.0,7679.114285714286
404,0.21659879873371687,0.21510511842052352,0.047063881089184426,0.03577017724875815,0.9706999140361192,0.970782185736825,38.0,33.0,231.37763157894736,203.51464646464646,66.19936842105265,65.40121212121211,52.93784210526315,49.98672121212121,17.738289473684205,21.738409090909087,10.084507042253522,0.0,96.74647887323944,7839.0,13105.633802816901,26.001971830985912,78.39000000000001,65.82839436619719,19.597500000000004,16.457098591549297,82.28549295774647,51.56619436619717,0.0,1.0,1.0,1.0,-0.0742957159624413,1.4647887323943662,0.0,0.0,5.3353,0.39436619718309857,1.2535211267605635,0.3536128788630756,0.2701288481552312,0.0,0.0,5584.830985915493,151.0281690140845,0.0,200.80281690140845,0.0,2600.1971830985917,0.0,302.53521126760563,5238.802816901409,0.0,0.0,0.0,0.0,7520.802816901409
405,0.21929853140787794,0.21599139929162425,0.04693173906374027,0.036382079875115665,0.9707759800269673,0.970858343637206,34.0,31.0,232.0377450980392,174.43118279569893,64.50475294117648,72.55638709677417,52.15310882352941,50.00761935483871,17.663382352941174,25.89250000000001,10.661538461538461,0.0,103.29230769230769,8635.215384615385,12273.83076923077,31.798615384615374,86.35215384615387,68.34476307692307,21.588038461538467,17.086190769230765,85.43095384615386,51.12987538461538,0.0,1.0,1.0,1.0,-0.0652057371794872,1.476923076923077,0.0,0.0,4.373150769230768,0.38461538461538464,1.2615384615384615,0.36059081426778644,0.30992577469399324,0.0,0.0,4831.923076923077,157.76923076923077,0.0,212.33846153846153,0.0,3179.8615384615387,0.0,319.84615384615387,5455.3538461538465,0.0,0.0,0.0,0.0,7441.907692307693
406,0.22167344655193288,0.21651669338611984,0.04706592197221994,0.0370649100181492,0.9708513841114029,0.9709422965136001,33.0,35.0,230.52525252525254,214.79047619047617,66.25444848484848,64.11894857142858,53.130315151515155,49.262742857142854,17.847121212121213,20.065714285714286,10.132352941176471,0.0,96.07352941176471,7595.617647058823,13345.588235294117,23.907499999999988,75.95617647058822,65.15529411764707,18.989044117647055,16.28882352941177,81.44411764705882,51.139652941176465,0.0,1.0,1.0,1.0,-0.06540943627450979,1.5147058823529411,0.0,0.0,4.973402941176469,0.35294117647058826,1.3088235294117647,0.3208980753240262,0.2900044182432491,0.0,0.0,5542.60294117647,151.98529411764707,0.0,201.83823529411765,0.0,2390.75,0.0,303.97058823529414,5204.867647058823,0.0,0.0,0.0,0.0,7802.985294117647
407,0.2233634439829855,0.2174329345504495,0.04806738076439612,0.03823527538055278,0.9709366522750739,0.9710241942639718,33.0,36.0,223.77373737373736,217.37175925925925,68.44625454545454,61.47884444444446,52.750672727272715,49.23397777777778,18.78219696969697,19.71069444444445,10.27536231884058,0.0,98.43478260869566,7706.652173913043,13226.014492753624,25.60260869565218,77.06652173913044,64.81108405797102,19.26663043478261,16.202771014492754,81.01385507246376,50.915875362318836,0.0,1.0,1.0,1.0,-0.0607474033816425,1.5217391304347827,0.0,0.0,5.371421739130434,0.391304347826087,1.2608695652173914,0.354246084521372,0.2974077436732826,0.0,0.0,5585.36231884058,154.1304347826087,0.0,203.94202898550725,0.0,2560.2608695652175,0.0,308.2608695652174,5146.391304347826,0.0,0.0,0.0,0.0,7640.652173913043
408,0.22579302878806815,0.21825133137020167,0.04696185619733304,0.03828741915683811,0.9710178217598601,0.971107417235862,35.0,38.0,208.69380952380953,232.87894736842105,72.94463999999999,55.56463157894737,55.27320571428571,49.26666842105264,20.954285714285714,17.58565789473684,9.89041095890411,0.0,102.61643835616438,7680.301369863014,13277.0,26.130136986301373,76.80301369863017,63.89751232876712,19.20075342465754,15.974378082191775,79.87189041095894,52.14651506849315,0.0,1.0,1.0,1.0,-0.08638573059360732,1.5205479452054795,0.0,0.0,7.449756164383563,0.3972602739726027,1.2465753424657535,0.35116363286469393,0.29677894598212934,0.0,0.0,5925.2054794520545,148.35616438356163,0.0,196.63013698630138,0.0,2613.013698630137,0.0,296.71232876712327,5067.287671232877,0.0,0.0,0.0,0.0,7351.7945205479455
409,0.2281081696688693,0.21887323766246933,0.047378559765668606,0.038480843624383206,0.971101298396881,0.9711776200230361,38.0,30.0,232.3385964912281,193.2427777777778,65.37911578947366,67.71423999999998,53.662455263157895,49.74873,17.594868421052634,23.17716666666667,10.426470588235293,0.0,98.73529411764706,8023.058823529412,12905.426470588236,27.76308823529412,80.23058823529415,66.40931764705883,20.057647058823537,16.602329411764703,83.0116470588235,51.935811764705875,0.0,1.0,1.0,1.0,-0.08199607843137256,1.4411764705882353,0.0,0.0,5.584141176470588,0.4117647058823529,1.2352941176470589,0.3655765214117766,0.2811577808680599,0.0,0.0,5215.926470588235,150.55882352941177,0.0,207.16176470588235,0.0,2776.3088235294117,0.0,312.79411764705884,5246.75,0.0,0.0,0.0,0.0,7689.5
410,0.2318607318982945,0.2202109840769362,0.04865895441191499,0.03871336011873706,0.9711801472263649,0.9712645662088274,37.0,35.0,224.07657657657657,210.42428571428573,69.09824864864865,64.34715428571428,54.6632054054054,49.52330571428572,18.790945945945946,20.694571428571425,10.26388888888889,0.0,90.34722222222223,7886.527777777777,13046.402777777777,25.70972222222223,78.86527777777775,66.78868888888887,19.716319444444437,16.697172222222218,83.48586111111112,52.16464305555556,0.0,1.0,1.0,1.0,-0.08676339699074075,1.4861111111111112,0.0,0.0,5.092273611111111,0.3888888888888889,1.25,0.3255154879584918,0.28084647741973795,0.0,0.0,5541.333333333333,153.95833333333334,0.0,204.19444444444446,0.0,2570.972222222222,0.0,307.9166666666667,5315.555555555556,0.0,0.0,0.0,0.0,7505.069444444444
411,0.23505968761058174,0.22126729102793138,0.04955186576361889,0.03970811535302139,0.9712581468452922,0.9713548907895019,37.0,38.0,222.94324324324324,230.2951754385965,68.91057297297297,58.77254736842105,53.78183243243243,49.51401052631579,18.911013513513513,17.895197368421055,9.866666666666667,0.0,99.66666666666667,7358.533333333334,13600.093333333334,22.890799999999995,73.58533333333331,63.773973333333316,18.396333333333327,15.943493333333327,79.71746666666667,51.619469333333335,0.0,1.0,1.0,1.0,-0.07540561111111112,1.5066666666666666,0.0,0.0,6.241829333333334,0.44,1.2533333333333334,0.3495239562683957,0.29446253999557775,0.0,0.0,5887.906666666667,148.0,0.0,196.37333333333333,0.0,2289.08,0.0,296.0,5069.453333333333,0.0,0.0,0.0,0.0,7712.1866666666665
412,0.23800088490160384,0.22223009371599253,0.05107696541448159,0.04011101335236836,0.9713354183201929,0.9714349360935703,36.0,34.0,226.95370370370372,225.05490196078432,68.04404444444445,59.792470588235275,55.24350833333333,49.494938235294114,18.339305555555555,18.6097794117647,10.014285714285714,0.0,103.4,7388.271428571428,13561.885714285714,23.21442857142857,73.8827142857143,64.03613714285717,18.470678571428575,16.00903428571428,80.04517142857145,52.4513457142857,0.0,1.0,1.0,1.0,-0.09273636904761905,1.4857142857142858,0.0,0.0,6.8858871428571415,0.38571428571428573,1.2571428571428571,0.3546604103735511,0.2953008979961243,0.0,0.0,5681.885714285714,150.21428571428572,0.0,198.2,0.0,2321.442857142857,0.0,300.42857142857144,5066.828571428571,0.0,0.0,0.0,0.0,7880.0
413,0.2391396295012031,0.22329072365462124,0.050967407306322626,0.03979552666467264,0.9714060979348386,0.9715236837913984,36.0,32.0,207.5587962962963,206.70364583333333,72.60493333333334,66.4958,54.14758888888888,50.272687499999996,21.122152777777778,21.221796875000003,10.808823529411764,0.0,101.22058823529412,8467.617647058823,12429.382352941177,29.42485294117648,84.67617647058829,69.73004705882352,21.169044117647072,17.43251176470588,87.1625588235294,52.32410588235294,0.0,1.0,1.0,1.0,-0.09008553921568631,1.4705882352941178,0.0,0.0,3.76310294117647,0.3235294117647059,1.3529411764705883,0.3839753892487734,0.2916071317660573,0.0,0.0,4902.14705882353,162.13235294117646,0.0,215.60294117647058,0.0,2942.485294117647,0.0,324.2647058823529,5525.132352941177,0.0,0.0,0.0,0.0,7527.235294117647
414,0.2409308900952394,0.22456862927736068,0.05148280184400409,0.040797111641557755,0.9714848593207793,0.9716068399160226,38.0,36.0,229.01184210526316,209.72175925925924,66.82745263157894,64.484,53.64151052631579,50.10847777777778,18.045986842105272,20.837777777777777,10.175675675675675,0.0,98.08108108108108,7761.6621621621625,13177.648648648648,25.32594594594595,77.61662162162159,65.68739459459458,19.404155405405398,16.421848648648645,82.10924324324323,51.92273783783783,0.0,1.0,1.0,1.0,-0.08172370495495498,1.4864864864864864,0.0,0.0,5.639498648648649,0.4594594594594595,1.2432432432432432,0.3473793197872866,0.323189951226223,0.0,0.0,5959.648648648648,152.43243243243242,0.0,201.98648648648648,0.0,2532.5945945945946,0.0,305.27027027027026,5229.0675675675675,0.0,0.0,0.0,0.0,7218.0
415,0.24233706870366795,0.2252086596788829,0.05073178898719898,0.04118116803446008,0.9715647544406463,0.9716835774704852,37.0,28.0,231.78153153153153,154.6690476190476,65.52332972972972,76.5598857142857,52.263170270270265,50.89173571428572,17.673851351351356,28.860714285714284,11.015384615384615,0.0,105.04615384615384,8997.123076923077,11913.83076923077,34.25676923076923,89.97123076923077,70.27753846153846,22.492807692307693,17.56938461538461,87.84692307692305,51.67239846153848,0.0,1.0,1.0,1.0,-0.0765083012820513,1.4307692307692308,0.0,0.0,3.887667692307692,0.3384615384615385,1.323076923076923,0.3615309769102377,0.3069819335453845,0.0,0.0,4685.461538461538,137.8923076923077,0.0,219.69230769230768,0.0,3425.6769230769232,0.0,330.46153846153845,5571.446153846154,0.0,0.0,0.0,0.0,7228.369230769231
416,0.24383562065605846,0.22558630319651812,0.05172464320913898,0.0413227773563608,0.9716494770149064,0.9717587044593912,36.0,37.0,225.38287037037037,223.4207207207207,68.08604444444444,61.104605405405415,53.466475,49.067927027027025,18.57590277777778,18.84364864864865,10.027397260273972,0.0,104.52054794520548,7484.643835616438,13463.301369863013,23.487260273972613,74.84643835616438,64.5475068493151,18.711609589041096,16.136876712328768,80.68438356164386,51.23707397260274,0.0,1.0,1.0,1.0,-0.06743904109589043,1.5068493150684932,0.0,0.0,5.401176712328766,0.3424657534246575,1.3013698630136987,0.40068037045352745,0.29591117742778433,0.0,0.0,5952.684931506849,150.41095890410958,0.0,199.82191780821918,0.0,2348.72602739726,0.0,300.82191780821915,5135.917808219178,0.0,0.0,0.0,0.0,7510.6164383561645
417,0.24461915176733234,0.2268904909539036,0.052931383239464475,0.04141615365110866,0.971733747010325,0.9718381419258807,37.0,38.0,233.2518018018018,211.47280701754386,63.382918918918925,63.98576842105264,52.04240000000001,50.18257105263158,17.489054054054055,20.59802631578948,9.866666666666667,0.0,103.16,7625.706666666667,13333.026666666667,25.308133333333334,76.25706666666667,63.68836266666666,19.06426666666667,15.922090666666664,79.61045333333335,51.10008666666667,0.0,1.0,1.0,1.0,-0.06458513888888892,1.5066666666666666,0.0,0.0,6.475990666666665,0.37333333333333335,1.28,0.35081184294277884,0.3170452880920278,0.0,0.0,5671.293333333333,148.0,0.0,196.26666666666668,0.0,2530.8133333333335,0.0,296.0,5094.893333333333,0.0,0.0,0.0,0.0,7661.733333333334
418,0.2466503602793135,0.2277568038779833,0.052482040730002344,0.04332912527659229,0.9718154534231113,0.9719159850431314,36.0,33.0,235.0875,207.7489898989899,65.20142222222223,64.4992,53.253058333333335,49.609706060606065,17.151180555555552,21.081439393939398,10.289855072463768,0.0,110.07246376811594,7612.347826086957,13320.753623188406,24.769565217391307,76.12347826086956,64.8655768115942,19.03086956521739,16.21639420289854,81.08197101449272,51.51058550724639,0.0,1.0,1.0,1.0,-0.07313719806763287,1.4782608695652173,0.0,0.0,5.675878260869566,0.3333333333333333,1.2753623188405796,0.42154493082351235,0.30693347707207147,0.0,0.0,5707.376811594203,154.2173913043478,0.0,202.9855072463768,0.0,2476.9565217391305,0.0,308.69565217391306,5135.391304347826,0.0,0.0,0.0,0.0,7613.376811594203
419,0.24836313986586123,0.22920102564821526,0.05230931426759675,0.043318993175124554,0.971885084372257,0.9719951802285945,36.0,36.0,221.6046296296296,210.5212962962963,68.16848888888889,63.49182222222224,55.026925,49.760783333333336,19.135833333333334,20.701527777777777,10.319444444444445,0.0,107.38888888888889,7967.472222222223,12963.777777777777,27.379722222222224,79.67472222222224,65.83015555555556,19.91868055555556,16.45753888888889,82.28769444444443,52.39385416666667,0.0,1.0,1.0,1.0,-0.09153862847222224,1.5,0.0,0.0,6.482379166666669,0.4027777777777778,1.2638888888888888,0.3951396035388045,0.3135350529535217,0.0,0.0,5652.319444444444,153.625,0.0,204.54166666666666,0.0,2737.972222222222,0.0,309.5833333333333,5229.5,0.0,0.0,0.0,0.0,7311.458333333333
420,0.2512987825511895,0.22935783521909553,0.053598416246070944,0.04341426607935899,0.9719486870586403,0.972069991451527,37.0,36.0,230.85495495495493,220.6800925925926,66.42175135135135,59.468533333333326,53.12444864864865,48.72582499999999,17.813175675675677,19.28618055555556,9.753424657534246,0.0,104.91780821917808,7415.835616438356,13550.232876712329,24.119178082191777,74.15835616438355,62.992767123287656,18.539589041095887,15.748191780821907,78.74095890410962,50.95526438356165,0.0,1.0,1.0,1.0,-0.06156800799086759,1.4931506849315068,0.0,0.0,6.502086301369863,0.3835616438356164,1.2876712328767124,0.3755248155930355,0.3088344480041037,0.0,0.0,5843.739726027397,146.3013698630137,0.0,194.02739726027397,0.0,2411.917808219178,0.0,292.6027397260274,5003.917808219178,0.0,0.0,0.0,0.0,7706.493150684932
421,0.2529986058835481,0.22987717713407985,0.05480422814589745,0.0435306130992592,0.9720274286647057,0.9721496439906558,36.0,37.0,210.59444444444443,244.89684684684684,72.57786666666667,54.179632432432435,55.04369444444445,48.637,20.68513888888889,15.762972972972971,9.945205479452055,0.0,107.57534246575342,7276.13698630137,13678.835616438357,22.929863013698625,72.76136986301368,63.252734246575315,18.19034246575342,15.813183561643829,79.06591780821915,51.79646575342466,0.0,1.0,1.0,1.0,-0.07909303652968039,1.5068493150684932,0.0,0.0,6.734073972602739,0.3698630136986301,1.2602739726027397,0.3795540789627607,0.29942385382972175,0.0,0.0,6075.013698630137,149.17808219178082,0.0,196.4931506849315,0.0,2292.986301369863,0.0,298.35616438356163,4983.1506849315065,0.0,0.0,0.0,0.0,7603.821917808219
422,0.25434764503355717,0.23086608300433473,0.057140108821147374,0.04437133445792291,0.9721091285622637,0.9722290552465194,39.0,34.0,225.81025641025641,205.63088235294117,67.39499487179489,63.99350588235294,53.94011794871795,48.919026470588236,18.54403846153846,21.46955882352941,10.082191780821917,0.0,101.98630136986301,7962.643835616438,12984.698630136987,27.32424657534246,79.6264383561644,65.81073972602742,19.9066095890411,16.45268493150685,82.26342465753426,51.60152739726028,0.0,1.0,1.0,1.0,-0.07503182077625573,1.4657534246575343,0.0,0.0,5.697397260273972,0.3698630136986301,1.2465753424657535,0.39958233536649923,0.2835411467584803,0.0,0.0,5149.342465753424,149.9041095890411,0.0,199.2876712328767,0.0,2732.4246575342468,0.0,302.4657534246575,5230.219178082192,0.0,0.0,0.0,0.0,7835.356164383562
423,0.2565332509860374,0.23245316527743298,0.05674853526742721,0.04468326726652304,0.9722063475824289,0.9723075604118029,39.0,36.0,220.6059829059829,211.49351851851853,70.15622564102566,64.80542222222223,54.80923846153846,50.39480277777778,19.261474358974358,20.5325,10.413333333333334,0.0,106.62666666666667,7948.626666666667,12973.92,25.782133333333334,79.48626666666665,67.58784000000001,19.871566666666663,16.896959999999993,84.4848,52.690309333333346,0.0,1.0,1.0,1.0,-0.0977147777777778,1.48,0.0,0.0,4.974035999999999,0.28,1.32,0.393168915014196,0.29534709427301437,0.0,0.0,5327.32,156.2,0.0,207.85333333333332,0.0,2578.213333333333,0.0,312.4,5370.413333333333,0.0,0.0,0.0,0.0,7646.6
424,0.25929797029427337,0.2331271347500241,0.056982161891248564,0.04643242423681174,0.9722810234756358,0.9723761452797636,40.0,40.0,245.27958333333333,238.21625,61.76156000000001,55.99104,52.403942500000014,49.45520499999999,15.717062500000003,16.780250000000002,9.175,0.0,108.0125,6499.4625,14504.875,18.198000000000004,64.99462499999998,58.87629999999998,16.248656249999996,14.719074999999993,73.59537499999998,50.92957374999999,0.0,1.0,1.0,1.0,-0.06103278645833332,1.5,0.0,0.0,8.301929999999999,0.3875,1.275,0.38307276688353586,0.32434046052352045,0.0,0.0,6246.9875,137.625,0.0,181.7875,0.0,1819.8,0.0,275.25,4679.6625,0.0,0.0,0.0,0.0,8257.8875
425,0.26065093591560823,0.23403263298739937,0.0572175493191482,0.046866058585725845,0.9723529449504178,0.972449085316693,38.0,34.0,223.56359649122808,212.12990196078434,67.74732631578945,62.91378823529412,54.115281578947375,49.2768294117647,18.865723684210526,20.44022058823529,10.26388888888889,0.0,107.84722222222223,7843.694444444444,13089.861111111111,26.671666666666667,78.43694444444445,65.46482222222224,19.609236111111112,16.366205555555556,81.83102777777773,51.83045694444443,0.0,1.0,1.0,1.0,-0.07980118634259262,1.4722222222222223,0.0,0.0,5.9748708333333305,0.3055555555555556,1.2916666666666667,0.40471886182288075,0.2965522959091998,0.0,0.0,5350.361111111111,153.95833333333334,0.0,203.56944444444446,0.0,2667.1666666666665,0.0,307.9166666666667,5176.527777777777,0.0,0.0,0.0,0.0,7739.5
426,0.26213239635008917,0.23439835346885762,0.05826444252571439,0.047879148893242206,0.972421383159748,0.9725250977020274,38.0,37.0,236.4798245614035,221.7427927927928,64.94614736842105,61.40748108108109,52.288426315789465,49.619656756756754,16.995526315789473,19.049121621621616,9.92,0.0,106.44,7203.453333333333,13752.573333333334,21.873066666666663,72.03453333333333,63.20040533333335,18.008633333333332,15.800101333333336,79.00050666666661,50.97183333333335,0.0,1.0,1.0,1.0,-0.061913194444444444,1.4933333333333334,0.0,0.0,5.78006133333333,0.30666666666666664,1.36,0.3592788051641944,0.3417334647583446,0.0,0.0,5897.213333333333,148.8,0.0,196.57333333333332,0.0,2187.306666666667,0.0,297.6,5016.1466666666665,0.0,0.0,0.0,0.0,7855.36
427,0.26294299725614273,0.23477912953802652,0.05906347699296055,0.04737920786400721,0.9724863171017789,0.9725924446499525,37.0,40.0,228.64504504504507,234.59125,65.98404324324325,56.76888,53.246781081081075,48.80829,18.179999999999996,17.2649375,9.454545454545455,0.0,109.1038961038961,7081.857142857143,13904.038961038961,22.069220779220778,70.81857142857139,61.196945454545464,17.704642857142847,15.299236363636359,76.4961818181818,50.94107142857144,0.0,1.0,1.0,1.0,-0.061272321428571426,1.5194805194805194,0.0,0.0,7.448768831168833,0.3116883116883117,1.2987012987012987,0.3926819101957493,0.31882142185946244,0.0,0.0,6152.779220779221,141.8181818181818,0.0,187.64935064935065,0.0,2206.9220779220777,0.0,283.6363636363636,4874.935064935065,0.0,0.0,0.0,0.0,7751.25974025974
428,0.2633841183037641,0.2360813621712901,0.05928175051000568,0.04804648568753149,0.972579693602255,0.9726627216649804,36.0,38.0,230.47222222222223,212.89429824561404,67.25537777777778,65.06804210526316,54.190769444444435,49.2655447368421,17.80590277777778,20.34657894736842,10.297297297297296,0.0,110.89189189189189,7644.22972972973,13286.743243243243,23.626216216216214,76.44229729729729,66.13215135135135,19.110574324324322,16.53303783783784,82.66518918918919,51.66160000000002,0.0,1.0,1.0,1.0,-0.07628333333333334,1.5135135135135136,0.0,0.0,4.640022972972973,0.35135135135135137,1.2297297297297298,0.4129171863301906,0.313026370617319,0.0,0.0,5685.540540540541,154.45945945945945,0.0,204.64864864864865,0.0,2362.6216216216217,0.0,308.9189189189189,5281.608108108108,0.0,0.0,0.0,0.0,7601.2027027027025
429,0.26417279523630144,0.2368511924515821,0.058631818648393404,0.04874894309010113,0.9726660806698542,0.9727350227887385,37.0,32.0,214.93063063063065,213.04739583333333,71.3797189189189,63.568200000000004,53.84787027027026,49.05176875,20.09513513513513,20.227890625000008,10.681159420289855,0.0,115.23188405797102,8062.68115942029,12843.434782608696,27.285942028985502,80.6268115942029,67.75698550724636,20.156702898550726,16.939246376811585,84.69623188405795,51.62359130434784,0.0,1.0,1.0,1.0,-0.07549148550724631,1.463768115942029,0.0,0.0,4.023308695652173,0.3333333333333333,1.3043478260869565,0.44095498896345864,0.3124720295096368,0.0,0.0,5420.057971014493,159.7536231884058,0.0,212.69565217391303,0.0,2728.5942028985505,0.0,320.4347826086956,5334.086956521739,0.0,0.0,0.0,0.0,7423.376811594203
430,0.2664796847636726,0.23820026613124096,0.060428330816180924,0.04860544686355931,0.9727308595472902,0.9728133068733394,39.0,37.0,239.29230769230767,215.37252252252253,63.370748717948736,62.829751351351355,52.43940256410255,50.26968108108108,16.589166666666664,20.00168918918919,9.868421052631579,0.0,110.94736842105263,7300.210526315789,13658.828947368422,22.819342105263164,73.00210526315789,63.10736842105262,18.25052631578947,15.776842105263148,78.88421052631578,51.38309078947369,0.0,1.0,1.0,1.0,-0.0704810581140351,1.486842105263158,0.0,0.0,6.526248684210525,0.3815789473684211,1.3026315789473684,0.3762197165277198,0.3453689585194232,0.0,0.0,5681.1973684210525,148.02631578947367,0.0,195.8815789473684,0.0,2281.934210526316,0.0,296.05263157894734,5018.276315789473,0.0,0.0,0.0,0.0,7977.631578947368
431,0.2690525046964136,0.23846662528212523,0.06140443007721004,0.0480165112028044,0.9728122482918771,0.9728860053282615,37.0,35.0,235.78603603603602,219.72857142857143,64.27679999999998,61.62687999999999,53.52935135135134,48.91092857142857,17.07797297297297,19.359642857142855,9.944444444444445,0.0,106.29166666666667,7274.847222222223,13678.819444444445,22.83305555555556,72.74847222222222,62.98864444444447,18.187118055555555,15.74716111111111,78.73580555555557,51.284284722222225,0.0,1.0,1.0,1.0,-0.06842259837962963,1.4861111111111112,0.0,0.0,6.482758333333332,0.375,1.2916666666666667,0.36711235979474405,0.31842706166587237,0.0,0.0,5816.305555555556,149.16666666666666,0.0,197.83333333333334,0.0,2283.3055555555557,0.0,298.3333333333333,4991.541666666667,0.0,0.0,0.0,0.0,7862.513888888889
432,0.2711705896706972,0.23880541883937276,0.06297648381105256,0.04830702294764436,0.9728911940014303,0.9729669517951476,36.0,37.0,211.5550925925926,221.97927927927927,72.03373333333334,61.02633513513513,54.20009444444444,48.81879459459459,20.572083333333335,19.053513513513515,10.301369863013699,0.0,110.94520547945206,7920.958904109589,13010.315068493152,26.432054794520543,79.20958904109588,66.4546410958904,19.80239726027397,16.613660273972595,83.06830136986302,51.47258630136987,0.0,1.0,1.0,1.0,-0.07234554794520547,1.5068493150684932,0.0,0.0,4.8203424657534235,0.3287671232876712,1.3287671232876712,0.40460850902108075,0.3351625374321979,0.0,0.0,5716.561643835616,154.5205479452055,0.0,204.16438356164383,0.0,2643.205479452055,0.0,309.041095890411,5277.753424657534,0.0,0.0,0.0,0.0,7293.753424657534
433,0.2737407140488226,0.23938133003662482,0.06358609520374926,0.04874189866294954,0.9729576367565907,0.9730398724049765,39.0,39.0,227.77222222222224,234.07008547008547,66.12537435897436,58.11741538461538,53.05669487179488,49.69153589743589,18.26698717948718,17.303525641025637,9.717948717948717,0.0,110.73076923076923,7114.102564102564,13855.26923076923,21.883333333333336,71.14102564102564,62.12139487179489,17.78525641025641,15.53034871794872,77.65174358974357,51.374115384615386,0.0,1.0,1.0,1.0,-0.07029407051282052,1.5,0.0,0.0,7.037976923076922,0.2692307692307692,1.3461538461538463,0.38188310748622417,0.3252283416389267,0.0,0.0,6222.7692307692305,145.76923076923077,0.0,192.32051282051282,0.0,2188.3333333333335,0.0,291.53846153846155,4925.7692307692305,0.0,0.0,0.0,0.0,7632.5
434,0.2748133120373326,0.2396220414599272,0.06248679122552032,0.0492717455055507,0.97302844633012,0.9731034332976192,39.0,39.0,215.0260683760684,236.01410256410256,70.82707692307693,58.3417435897436,54.774117948717944,48.746633333333335,20.062948717948718,17.068461538461545,9.897435897435898,0.0,120.94871794871794,7426.282051282052,13531.205128205129,22.94102564102564,74.26282051282051,64.58441025641028,18.565705128205128,16.146102564102563,80.73051282051279,51.76037564102563,0.0,1.0,1.0,1.0,-0.07834115918803423,1.5,0.0,0.0,5.741670512820512,0.28205128205128205,1.3333333333333333,0.40941561123208026,0.34806481527057326,0.0,0.0,5743.794871794872,148.46153846153845,0.0,196.12820512820514,0.0,2294.102564102564,0.0,296.9230769230769,5132.179487179487,0.0,0.0,0.0,0.0,7787.410256410257
435,0.27517033660888535,0.24022910465240319,0.06212396065228983,0.05009982368700909,0.9731055769642498,0.9731747232712451,41.0,38.0,247.4573170731707,231.1890350877193,58.98630243902439,59.39317894736842,52.95321463414633,49.51421578947368,15.44768292682926,17.742105263157885,9.253164556962025,0.0,114.67088607594937,6620.53164556962,14377.924050632912,19.14455696202532,66.2053164556962,59.18201518987341,16.55132911392405,14.795503797468344,73.97751898734175,51.29901265822784,0.0,1.0,1.0,1.0,-0.06872943037974683,1.481012658227848,0.0,0.0,8.668326582278478,0.3670886075949367,1.2658227848101267,0.402818014696866,0.30428898485169037,0.0,0.0,6229.278481012659,138.79746835443038,0.0,184.15189873417722,0.0,1914.4556962025317,0.0,277.59493670886076,4706.0759493670885,0.0,0.0,0.0,0.0,8148.645569620253
436,0.27749361347466744,0.24116461721876728,0.061876481764707184,0.05043617055233795,0.9731754136934172,0.9732510768330475,37.0,38.0,202.67567567567568,219.66666666666666,76.52838918918917,59.4053052631579,56.564943243243235,49.54589736842105,21.7572972972973,19.45881578947369,10.613333333333333,0.0,109.33333333333333,8237.093333333334,12677.066666666668,28.749200000000002,82.37093333333331,67.85269333333332,20.592733333333328,16.963173333333327,84.8158666666667,53.00862666666667,0.0,1.0,1.0,1.0,-0.10434638888888893,1.5066666666666666,0.0,0.0,5.748666666666666,0.25333333333333335,1.3333333333333333,0.4115244326685672,0.3326595314507869,0.0,0.0,5319.6,155.46666666666667,0.0,210.97333333333333,0.0,2874.92,0.0,318.4,5362.173333333333,0.0,0.0,0.0,0.0,7357.466666666666
437,0.27844599381202373,0.24159839429620814,0.06282754171126398,0.0518115295399816,0.9732424726554169,0.9733178089370986,43.0,38.0,243.41976744186047,241.4359649122807,62.18161860465118,55.86812631578949,51.323786046511636,48.99493157894739,16.03279069767442,16.266249999999996,9.148148148148149,0.0,117.07407407407408,6456.925925925926,14549.345679012345,17.672839506172835,64.56925925925931,59.21973333333335,16.142314814814828,14.804933333333338,74.02466666666663,50.23123703703703,0.0,1.0,1.0,1.0,-0.04648410493827161,1.4691358024691359,0.0,0.0,7.153818518518517,0.4074074074074074,1.2222222222222223,0.4248806664397866,0.3205794333552706,0.0,0.0,6562.395061728395,137.22222222222223,0.0,181.06172839506172,0.0,1767.283950617284,0.0,274.44444444444446,4689.641975308642,0.0,0.0,0.0,0.0,7986.950617283951
438,0.2806660444141437,0.242440055876142,0.06325338929804376,0.05234818884599153,0.9733224937057326,0.9733948096182488,40.0,33.0,243.60333333333335,173.37373737373736,61.101879999999994,72.87767272727274,52.179445,49.77701515151516,16.016250000000007,26.148787878787882,10.287671232876713,0.0,107.75342465753425,8238.684931506848,12711.342465753425,29.367945205479455,82.3868493150685,66.42518356164383,20.596712328767126,16.60629589041096,83.0314794520548,51.093415068493165,0.0,1.0,1.0,1.0,-0.06444614726027399,1.452054794520548,0.0,0.0,5.264943835616439,0.3287671232876712,1.3013698630136987,0.4328643426734996,0.2777123429845178,0.0,0.0,5019.13698630137,135.2054794520548,0.0,205.13698630136986,0.0,2936.794520547945,0.0,308.63013698630135,5301.890410958904,0.0,0.0,0.0,0.0,7692.2054794520545
439,0.2811243229103708,0.24275010424981627,0.06291843013983676,0.053537786563286706,0.9733893762593396,0.9734603879848776,36.0,41.0,221.70925925925926,243.5081300813008,70.78151111111112,52.860956097560965,54.95245555555556,48.55440731707317,19.051875000000006,16.042195121951217,9.571428571428571,0.0,120.54545454545455,6979.727272727273,13998.987012987012,21.285714285714285,69.79727272727271,61.2393974025974,17.449318181818178,15.309849350649346,76.54924675324676,51.545702597402595,0.0,1.0,1.0,1.0,-0.07386880411255409,1.5324675324675325,0.0,0.0,7.755623376623378,0.2987012987012987,1.3116883116883118,0.4139119101093211,0.3457623332410822,0.0,0.0,6257.974025974026,143.57142857142858,0.0,189.57142857142858,0.0,2128.5714285714284,0.0,287.14285714285717,4851.1558441558445,0.0,0.0,0.0,0.0,7741.012987012987
440,0.2817980617608436,0.24375122742048355,0.06368725555953708,0.05459964551557542,0.9734582694301779,0.9735310650753864,38.0,37.0,226.53552631578947,224.0135135135135,67.83545263157896,60.97574054054055,53.215644736842115,50.18788918918919,18.403157894736843,18.758918918918923,10.013333333333334,0.0,116.34666666666666,7431.466666666666,13517.48,23.134666666666668,74.31466666666665,64.451328,18.578666666666663,16.112831999999994,80.56416,51.721952,0.0,1.0,1.0,1.0,-0.07754066666666667,1.4933333333333334,0.0,0.0,5.849290666666667,0.3333333333333333,1.2666666666666666,0.4186538923164871,0.32918011533503766,0.0,0.0,5296.733333333334,150.2,0.0,199.45333333333335,0.0,2313.4666666666667,0.0,300.4,5118.0,0.0,0.0,0.0,0.0,8220.746666666666
441,0.28295025782446326,0.24424336939060665,0.06486353895162927,0.053962740640508766,0.9735273399297565,0.9736018849451972,39.0,38.0,231.56794871794872,222.4640350877193,66.66153846153846,59.296926315789484,53.078764102564094,48.94315789473685,17.688653846153844,19.03855263157894,9.753246753246753,0.0,114.8961038961039,7341.935064935065,13624.506493506493,23.348961038961036,73.41935064935065,63.02705454545453,18.354837662337662,15.756763636363628,78.78381818181816,51.0378155844156,0.0,1.0,1.0,1.0,-0.06328782467532468,1.4935064935064934,0.0,0.0,6.3655987012987,0.2987012987012987,1.3376623376623376,0.414094277266494,0.3038950829126353,0.0,0.0,6019.506493506494,146.2987012987013,0.0,193.66233766233765,0.0,2334.896103896104,0.0,292.5974025974026,5007.038961038961,0.0,0.0,0.0,0.0,7605.0
442,0.2835229433556275,0.24510839807261128,0.065910875120084,0.055027681175789864,0.9735938299704548,0.9736710966073758,39.0,38.0,227.01068376068375,231.10043859649122,68.57271794871797,56.67208421052631,54.88656666666666,48.93453947368421,18.318846153846152,17.796513157894733,9.753246753246753,0.0,125.0909090909091,7224.428571428572,13741.74025974026,22.632987012987016,72.24428571428572,62.69967792207794,18.06107142857143,15.67491948051948,78.37459740259737,51.94920259740259,0.0,1.0,1.0,1.0,-0.08227505411255409,1.4935064935064934,0.0,0.0,7.310596103896104,0.2597402597402597,1.3506493506493507,0.43514651431298196,0.3515421883472947,0.0,0.0,6123.376623376624,146.2987012987013,0.0,193.93506493506493,0.0,2263.2987012987014,0.0,292.5974025974026,4961.12987012987,0.0,0.0,0.0,0.0,7618.363636363636
443,0.2847492150093244,0.24553267962932762,0.06803473003527656,0.054945653033642836,0.9736604270216628,0.97374139192824,40.0,37.0,228.16583333333335,226.2391891891892,67.71408000000001,59.99247567567567,53.6288225,49.41073243243243,18.1870625,18.44344594594595,9.87012987012987,0.0,118.81818181818181,7324.103896103896,13634.402597402597,22.473896103896102,73.24103896103897,64.00369870129869,18.310259740259742,16.000924675324672,80.00462337662339,51.60194805194805,0.0,1.0,1.0,1.0,-0.07504058441558444,1.4805194805194806,0.0,0.0,5.90850909090909,0.33766233766233766,1.2597402597402598,0.43174737571539346,0.32494374137480214,0.0,0.0,5850.974025974026,148.05194805194805,0.0,196.33766233766235,0.0,2247.3896103896104,0.0,296.1038961038961,5076.714285714285,0.0,0.0,0.0,0.0,7783.428571428572
444,0.2850848886904453,0.24647010159608146,0.0681627821274647,0.05571228698012063,0.9737399798231674,0.9738051774017662,40.0,36.0,243.26749999999998,209.02175925925926,62.368599999999994,63.01146666666666,52.10685000000001,49.71861944444445,16.006187500000003,20.92458333333333,9.881578947368421,0.0,121.51315789473684,7334.381578947368,13622.75,23.66118421052631,73.34381578947368,62.673115789473684,18.33595394736842,15.668278947368417,78.34139473684212,50.97558289473685,0.0,1.0,1.0,1.0,-0.06199131030701756,1.4736842105263157,0.0,0.0,6.638421052631579,0.2631578947368421,1.3157894736842106,0.451084882784329,0.3182156243278128,0.0,0.0,5705.013157894737,148.22368421052633,0.0,197.19736842105263,0.0,2366.1184210526317,0.0,296.44736842105266,4968.263157894737,0.0,0.0,0.0,0.0,7917.736842105263
445,0.28526663090293164,0.24734112958787105,0.06963299811504148,0.05625752523008013,0.9738025197209901,0.9738774676255935,38.0,39.0,218.31052631578947,236.5888888888889,70.9576,57.397579487179506,55.36945,49.09480512820514,19.564276315789467,16.97051282051282,9.935064935064934,0.0,126.27272727272727,7300.220779220779,13654.103896103896,22.18922077922078,73.0022077922078,64.08953766233768,18.25055194805195,16.02238441558441,80.11192207792207,52.19138311688313,0.0,1.0,1.0,1.0,-0.08732048160173161,1.5064935064935066,0.0,0.0,6.352397402597401,0.33766233766233766,1.2987012987012987,0.431178656777683,0.3399631512654173,0.0,0.0,5602.675324675325,149.02597402597402,0.0,197.5974025974026,0.0,2218.9220779220777,0.0,298.05194805194805,5081.298701298701,0.0,0.0,0.0,0.0,8051.428571428572
446,0.28700808565006897,0.2486280233541012,0.07170734138183836,0.05577341011776386,0.9738697211989243,0.9739420999094197,40.0,38.0,237.03958333333333,221.88859649122807,64.68056000000003,63.20757894736843,53.12595500000001,50.34073157894736,16.8828125,19.04578947368421,9.935897435897436,0.0,117.41025641025641,7174.628205128205,13779.5,20.82551282051282,71.74628205128202,63.96295384615385,17.936570512820506,15.990738461538458,79.95369230769226,51.76905128205129,0.0,1.0,1.0,1.0,-0.07852190170940174,1.4871794871794872,0.0,0.0,5.7426679487179495,0.358974358974359,1.2692307692307692,0.42394259748117297,0.31282487107879514,0.0,0.0,5643.0,149.03846153846155,0.0,197.75641025641025,0.0,2082.551282051282,0.0,298.0769230769231,5092.076923076923,0.0,0.0,0.0,0.0,8136.5
447,0.28703354599746733,0.2493556756818841,0.07381206734592458,0.056845673574667695,0.9739406234509612,0.97401080650874,39.0,37.0,232.2,221.4265765765766,66.6776205128205,60.94391351351351,53.97523076923076,49.25717297297297,17.588846153846152,19.14135135135135,9.93421052631579,0.0,126.71052631578948,7337.868421052632,13617.302631578947,22.678815789473685,73.37868421052633,63.8862105263158,18.344671052631583,15.971552631578945,79.85776315789474,51.67828157894738,0.0,1.0,1.0,1.0,-0.07663086622807018,1.486842105263158,0.0,0.0,6.13674210526316,0.3026315789473684,1.3026315789473684,0.4476003526090472,0.32501518391725065,0.0,0.0,5781.9473684210525,149.01315789473685,0.0,196.78947368421052,0.0,2267.8815789473683,0.0,298.0263157894737,5069.986842105263,0.0,0.0,0.0,0.0,7835.355263157895
448,0.28786219379687755,0.25073957064251273,0.07480261626847456,0.05872544586020349,0.9740031781031766,0.9740733226979453,39.0,36.0,237.35384615384615,202.36481481481482,63.52496410256412,68.45822222222222,52.82160512820512,50.32111944444444,16.85897435897436,21.79479166666666,10.386666666666667,0.0,122.90666666666667,7691.266666666666,13233.546666666667,24.487599999999993,76.91266666666667,65.89292799999996,19.228166666666667,16.47323199999999,82.36615999999998,51.621372000000015,0.0,1.0,1.0,1.0,-0.07544524999999999,1.48,0.0,0.0,4.956610666666667,0.36,1.28,0.40939642863084386,0.34473848237249527,0.0,0.0,5451.56,155.8,0.0,206.78666666666666,0.0,2448.76,0.0,311.6,5242.506666666667,0.0,0.0,0.0,0.0,7781.986666666667
449,0.2884892177027431,0.251300267855777,0.07673343497988244,0.05787720045328048,0.9740713797600974,0.9741329382997105,38.0,40.0,221.39078947368424,232.79333333333335,70.96025263157895,58.22943999999999,54.5211894736842,48.7691675,19.05125,17.528875000000003,10.115384615384615,0.0,121.05128205128206,7308.217948717948,13634.294871794871,22.041923076923087,73.08217948717945,64.43163076923075,18.27054487179486,16.107907692307688,80.53953846153846,51.571434615384604,0.0,1.0,1.0,1.0,-0.07440488782051281,1.5128205128205128,0.0,0.0,5.410348717948717,0.34615384615384615,1.3076923076923077,0.42081322372206725,0.30939894449619015,0.0,0.0,6088.448717948718,151.73076923076923,0.0,201.2948717948718,0.0,2204.1923076923076,0.0,303.46153846153845,5104.025641025641,0.0,0.0,0.0,0.0,7545.846153846154
450,0.29042816339374466,0.2546152938470907,0.07902633134925412,0.05815338839763897,0.9741394717705896,0.9741968837324371,42.0,39.0,244.981746031746,215.48333333333332,60.09093333333333,71.02092307692307,52.3515619047619,53.94265128205129,15.82202380952381,19.989487179487185,9.567901234567902,0.0,121.34567901234568,7131.432098765432,13846.728395061727,22.530864197530864,71.31432098765433,65.3535209876543,17.82858024691358,16.33838024691357,81.6919012345679,53.117641975308636,0.0,1.0,1.0,1.0,-0.10661754115226335,1.4814814814814814,0.0,0.0,5.592701234567903,0.35802469135802467,1.3209876543209877,0.39549833643067855,0.3445605973938868,0.0,0.0,5945.518518518518,143.5185185185185,0.0,190.28395061728395,0.0,2253.0864197530864,0.0,287.037037037037,4878.3456790123455,0.0,0.0,0.0,0.0,7901.20987654321
451,0.29042816339374466,0.2596051175231637,0.07892354350746557,0.05960724885931757,0.9742114422558066,0.9742642986797679,38.0,35.0,224.16008771929825,205.7,69.45414736842106,75.75648000000001,55.083063157894735,57.03216000000001,18.719605263157888,21.316285714285712,10.712328767123287,0.0,130.64383561643837,7985.835616438356,12918.561643835616,25.860136986301377,79.85835616438357,72.47581369863012,19.96458904109589,18.118953424657526,90.59476712328767,56.01756164383562,0.0,1.0,1.0,1.0,-0.16703253424657538,1.4794520547945205,0.0,0.0,3.50633698630137,0.2328767123287671,1.3150684931506849,0.45358341560642323,0.3700561779233862,0.0,0.0,5468.013698630137,160.68493150684932,0.0,212.54794520547946,0.0,2586.013698630137,0.0,321.36986301369865,5399.821917808219,0.0,0.0,0.0,0.0,7450.54794520548
452,0.29059025116061754,0.26286617392804446,0.07941306490050197,0.0614706662696356,0.9742743543104845,0.9743357629573142,40.0,35.0,228.51083333333332,215.98380952380953,65.57319999999997,74.14496000000001,52.873810000000006,56.49312285714287,18.18425,19.836857142857145,10.12,0.0,125.37333333333333,7582.1866666666665,13359.893333333333,23.822800000000004,75.82186666666665,69.57335466666667,18.955466666666663,17.393338666666654,86.96669333333335,54.562822666666655,0.0,1.0,1.0,1.0,-0.13672547222222226,1.4666666666666666,0.0,0.0,3.944934666666668,0.28,1.2933333333333332,0.46285857678962494,0.3309463736390258,0.0,0.0,5476.546666666667,151.8,0.0,201.52,0.0,2382.28,0.0,303.6,5199.906666666667,0.0,0.0,0.0,0.0,7883.346666666666
453,0.2908992626501296,0.2658242280864844,0.07951568944513414,0.06173328829746378,0.9743337709683949,0.9744025513302269,39.0,39.0,232.96495726495726,222.9111111111111,64.60820512820513,70.34260512820512,51.738474358974365,54.13597435897436,17.496602564102563,18.895448717948717,9.935897435897436,0.0,124.28205128205128,7278.410256410257,13676.28205128205,22.474102564102562,72.78410256410254,67.47540512820513,18.196025641025635,16.868851282051278,84.34425641025642,52.937224358974376,0.0,1.0,1.0,1.0,-0.10285884081196585,1.5,0.0,0.0,3.657844871794871,0.2564102564102564,1.3461538461538463,0.43150649932308893,0.36178204834237015,0.0,0.0,6073.7692307692305,149.03846153846155,0.0,197.19230769230768,0.0,2247.4102564102564,0.0,298.0769230769231,5031.0,0.0,0.0,0.0,0.0,7602.51282051282
454,0.29090695233592984,0.2718357987610276,0.07794570300714948,0.06316325182449402,0.9744017685718114,0.9744624177885726,38.0,35.0,212.67938596491229,215.59190476190477,71.18101052631577,70.65887999999998,53.89737368421052,55.99324857142857,20.435986842105272,19.971571428571433,10.315068493150685,0.0,126.28767123287672,8085.328767123287,12844.547945205479,27.83739726027396,80.85328767123289,70.93067397260273,20.213321917808223,17.73266849315068,88.66334246575342,54.90224520547945,0.0,1.0,1.0,1.0,-0.1437967751141553,1.4794520547945205,0.0,0.0,4.18489315068493,0.2465753424657534,1.3287671232876712,0.44582098182300806,0.36623233585899145,0.0,0.0,5646.808219178082,154.72602739726028,0.0,204.94520547945206,0.0,2783.7397260273974,0.0,309.45205479452056,5301.58904109589,0.0,0.0,0.0,0.0,7197.739726027397
455,0.29158044799803406,0.277060139124293,0.07638136594580788,0.06310791994833602,0.974467776975507,0.9745272990364429,40.0,37.0,228.70291666666665,216.88738738738738,67.4618,71.39757837837838,54.5093125,54.464781081081085,18.075249999999997,19.76243243243243,10.220779220779221,0.0,119.32467532467533,7554.38961038961,13381.51948051948,23.842337662337663,75.54389610389612,69.35301818181819,18.88597402597403,17.338254545454543,86.69127272727272,54.487914285714275,0.0,1.0,1.0,1.0,-0.13516488095238094,1.4805194805194806,0.0,0.0,4.020870129870129,0.33766233766233766,1.2857142857142858,0.43167968375254356,0.365189772071846,0.0,0.0,5467.376623376624,153.3116883116883,0.0,203.15584415584416,0.0,2384.2337662337663,0.0,306.6233766233766,5170.1558441558445,0.0,0.0,0.0,0.0,7914.142857142857
456,0.29159901490773893,0.2813197829590422,0.07891448438927695,0.06370589861133245,0.9745318898932173,0.9745935265593413,41.0,40.0,235.41178861788617,227.265,63.16089756097559,68.74364,51.434392682926834,55.03026000000001,17.21067073170732,18.266499999999994,9.604938271604938,0.0,123.06172839506173,7092.827160493827,13883.32098765432,21.678024691358022,70.92827160493826,65.9178074074074,17.732067901234565,16.479451851851845,82.39725925925924,53.21012962962961,0.0,1.0,1.0,1.0,-0.10854436728395056,1.4938271604938271,0.0,0.0,5.024390123456788,0.4074074074074074,1.2345679012345678,0.39908255198963705,0.34366418519796493,0.0,0.0,5935.975308641975,144.07407407407408,0.0,190.62962962962962,0.0,2167.8024691358023,0.0,288.14814814814815,4925.024691358025,0.0,0.0,0.0,0.0,7947.3456790123455
457,0.29159901490773893,0.28645495597327736,0.07852873791034476,0.06450486619875997,0.9745968351001012,0.9746497230399622,38.0,36.0,229.0280701754386,207.3976851851852,67.24479999999998,75.40959999999998,52.32797631578949,55.65478888888889,18.035986842105263,21.10395833333333,10.445945945945946,0.0,128.32432432432432,7811.405405405405,13110.31081081081,24.973513513513517,78.11405405405405,71.21686486486485,19.528513513513513,17.80421621621621,89.02108108108106,53.94642567567566,0.0,1.0,1.0,1.0,-0.12388386824324325,1.4864864864864864,0.0,0.0,2.258074324324324,0.22972972972972974,1.3513513513513513,0.4458925529631421,0.3458902805456221,0.0,0.0,5594.040540540541,156.6891891891892,0.0,207.21621621621622,0.0,2497.3513513513512,0.0,313.3783783783784,5314.054054054054,0.0,0.0,0.0,0.0,7516.27027027027
458,0.2916070839973785,0.2890554640804311,0.07815802882835278,0.06562751021538096,0.9746644243465516,0.9747092180294661,39.0,41.0,229.1688034188034,232.87886178861788,67.16123076923077,66.70146341463416,53.948617948717946,53.62668048780486,18.046538461538464,17.48115853658536,9.7375,0.0,134.6,7102.7125,13864.2125,21.009624999999993,71.027125,66.9256,17.75678125,16.73139999999999,83.65700000000001,53.783625000000015,0.0,1.0,1.0,1.0,-0.12049218750000001,1.5125,0.0,0.0,4.614806249999999,0.2125,1.3875,0.43471862038651754,0.39610847185545406,0.0,0.0,5624.1375,146.0625,0.0,193.8875,0.0,2100.9625,0.0,292.125,5001.75,0.0,0.0,0.0,0.0,8240.075
459,0.29162232420145756,0.29114235677218014,0.07852827071452144,0.06759985663896587,0.9747230996069534,0.9747672388077685,39.0,41.0,241.22692307692307,238.20569105691055,62.055466666666675,64.03231219512195,51.02494871794872,52.34910243902439,16.284038461538465,16.777926829268292,9.3,0.0,131.6375,6614.8625,14380.7125,19.137374999999995,66.14862499999997,63.06859999999998,16.537156249999992,15.76714999999999,78.83574999999999,51.703577499999994,0.0,1.0,1.0,1.0,-0.07715786458333335,1.5125,0.0,0.0,5.1721337499999995,0.2625,1.3375,0.4181173085609343,0.40716594192820044,0.0,0.0,6452.175,139.5,0.0,184.925,0.0,1913.7375,0.0,279.0,4701.125,0.0,0.0,0.0,0.0,7928.5375
460,0.29162232420145756,0.29408819761370597,0.08088783034430333,0.06798520868573434,0.9747884246373705,0.9748205775459822,38.0,39.0,223.91710526315788,219.15769230769232,67.32526315789477,70.77538461538461,54.37326842105262,54.46684615384615,18.815921052631577,19.44307692307692,10.103896103896103,0.0,128.83116883116884,7653.428571428572,13290.38961038961,24.966103896103895,76.53428571428574,69.07272727272728,19.133571428571436,17.268181818181816,86.34090909090907,54.420664935064934,0.0,1.0,1.0,1.0,-0.13376385281385283,1.5064935064935066,0.0,0.0,4.48150909090909,0.2077922077922078,1.3896103896103895,0.43552997127417153,0.37493225101551736,0.0,0.0,5649.051948051948,151.55844155844156,0.0,200.5064935064935,0.0,2496.6103896103896,0.0,303.1168831168831,5156.818181818182,0.0,0.0,0.0,0.0,7641.337662337663
461,0.29175722515334096,0.2952500097645897,0.08211748236386597,0.06863654227985064,0.9748496079541593,0.9748804717108536,38.0,42.0,226.3342105263158,240.9543650793651,68.47385263157894,62.12773333333333,53.39148421052632,51.688430952380955,18.409868421052625,16.344285714285714,9.6875,0.0,134.025,6930.175,14040.5875,20.826625,69.30175000000001,65.14214,17.325437500000003,16.28553499999999,81.42767499999997,52.49738124999999,0.0,1.0,1.0,1.0,-0.09369544270833333,1.525,0.0,0.0,4.6806787499999984,0.2,1.4,0.41831521992711257,0.41358791726477334,0.0,0.0,6124.3375,145.3125,0.0,192.3,0.0,2082.6625,0.0,290.625,4847.5125,0.0,0.0,0.0,0.0,7916.25
462,0.2919563077062853,0.2962758013685296,0.08377667893235496,0.06766556259638555,0.9749118571550082,0.9749457116780733,39.0,40.0,239.7517094017094,237.36625,64.54244102564104,63.458360000000006,53.284256410256404,53.154812500000006,16.50878205128205,16.874000000000002,9.405063291139241,0.0,136.37974683544303,6677.481012658228,14312.632911392406,19.042784810126577,66.77481012658227,63.99353924050635,16.693702531645567,15.998384810126582,79.9919240506329,53.21871518987341,0.0,1.0,1.0,1.0,-0.10872323312236291,1.5063291139240507,0.0,0.0,5.918878481012659,0.27848101265822783,1.3417721518987342,0.4296744573639918,0.41032906055888213,0.0,0.0,6419.987341772152,141.0759493670886,0.0,185.65822784810126,0.0,1904.2784810126582,0.0,282.1518987341772,4773.202531645569,0.0,0.0,0.0,0.0,7892.645569620253
463,0.2925974504189667,0.2983888727647793,0.08512785691347459,0.06706362429730678,0.9749788600465411,0.9750112048668317,38.0,38.0,228.24166666666667,225.96929824561403,67.68985263157897,69.63246315789473,53.192692105263156,55.96742368421052,18.123486842105255,18.410855263157895,10.263157894736842,0.0,128.01315789473685,7306.868421052632,13626.328947368422,22.027236842105268,73.06868421052636,68.66115789473683,18.26717105263159,17.1652894736842,85.82644736842109,54.58005789473684,0.0,1.0,1.0,1.0,-0.13708453947368424,1.5,0.0,0.0,4.186071052631578,0.2236842105263158,1.381578947368421,0.42886028574232915,0.4024049118364181,0.0,0.0,5759.486842105263,153.94736842105263,0.0,203.96052631578948,0.0,2202.7236842105262,0.0,307.89473684210526,5104.144736842105,0.0,0.0,0.0,0.0,7866.8421052631575
464,0.29271220449116786,0.2989359970706461,0.08480203635911981,0.06925312111192426,0.9750447895145443,0.9750746445851959,39.0,41.0,231.67179487179484,239.32032520325205,64.80521025641026,62.609912195121936,52.90629487179487,52.165226829268285,17.68839743589743,16.595243902439027,9.45,0.0,137.975,6851.2625,14135.5,21.10537499999999,68.51262500000003,63.68011999999999,17.128156250000007,15.920029999999992,79.60015,52.526497500000005,0.0,1.0,1.0,1.0,-0.09430203125,1.5125,0.0,0.0,5.974533749999999,0.175,1.45,0.4203221513041414,0.41779045441037493,0.0,0.0,5850.4375,141.75,0.0,186.9875,0.0,2110.5375,0.0,283.5,4740.725,0.0,0.0,0.0,0.0,8285.0625
465,0.2927588406408266,0.2992122455920131,0.08338273062953855,0.06929221971866392,0.975107359113866,0.9751415778252956,38.0,39.0,231.90701754385964,231.52692307692308,65.45191578947369,66.2816,52.91377894736843,52.5581205128205,17.65953947368421,17.67653846153846,9.7012987012987,0.0,142.63636363636363,7067.25974025974,13902.87012987013,21.559480519480523,70.6725974025974,65.87214545454546,17.66814935064935,16.468036363636358,82.3401818181818,52.733640259740255,0.0,1.0,1.0,1.0,-0.09861750541125541,1.5064935064935066,0.0,0.0,4.529644155844155,0.33766233766233766,1.3376623376623376,0.43102544893569505,0.43180566652721697,0.0,0.0,5907.1558441558445,145.5194805194805,0.0,192.3116883116883,0.0,2155.948051948052,0.0,291.038961038961,4911.311688311688,0.0,0.0,0.0,0.0,7995.714285714285
466,0.29446236744502935,0.301608226203269,0.08193609377655342,0.06970242004172655,0.9751654968093679,0.9751999971117031,37.0,39.0,210.3364864864865,227.28931623931624,76.00531891891892,66.70375384615384,57.45789729729729,52.882630769230765,20.675405405405403,18.30615384615384,10.368421052631579,0.0,125.89473684210526,7783.8421052631575,13142.157894736842,24.606710526315787,77.8384210526316,71.23214736842107,19.4596052631579,17.808036842105263,89.04018421052632,55.11006315789475,0.0,1.0,1.0,1.0,-0.14812631578947366,1.513157894736842,0.0,0.0,3.337521052631579,0.3026315789473684,1.394736842105263,0.40371412096033515,0.3858417065799887,0.0,0.0,5626.736842105263,155.52631578947367,0.0,206.42105263157896,0.0,2460.6710526315787,0.0,311.05263157894734,5323.171052631579,0.0,0.0,0.0,0.0,7515.421052631579
467,0.29458539569029724,0.3020233743858135,0.08187224066589831,0.07038921436373188,0.9752254011047254,0.9752628819150337,41.0,39.0,233.1821138211382,230.62222222222223,65.10259512195124,66.33386666666665,53.92559756097561,52.54280256410258,17.47896341463415,17.827307692307688,9.6125,0.0,140.4,7059.5125,13916.05,21.544375000000002,70.59512499999998,65.70283999999998,17.648781249999995,16.42570999999999,82.12854999999999,53.25148499999999,0.0,1.0,1.0,1.0,-0.10940593750000002,1.4875,0.0,0.0,5.19742625,0.2,1.4125,0.4396790305634906,0.4173255252798767,0.0,0.0,6056.8625,144.1875,0.0,190.875,0.0,2154.4375,0.0,288.375,4905.075,0.0,0.0,0.0,0.0,7859.1875
468,0.2947481699813935,0.30408430093494565,0.08221691302454495,0.06996488516790614,0.97528731910659,0.9753198427558423,40.0,39.0,243.57999999999998,217.15299145299144,61.52748000000001,71.30523076923076,51.7771025,54.88793333333334,15.978374999999996,19.71698717948718,9.822784810126583,0.0,128.83544303797467,7129.607594936709,13832.025316455696,21.87379746835443,71.29607594936711,66.35447088607596,17.824018987341777,16.588617721518986,82.94308860759493,53.31282911392406,0.0,1.0,1.0,1.0,-0.11068393987341774,1.4936708860759493,0.0,0.0,4.782377215189872,0.24050632911392406,1.3924050632911393,0.39598664648244825,0.41976147444036244,0.0,0.0,6003.873417721519,147.34177215189874,0.0,195.34177215189874,0.0,2187.3797468354433,0.0,294.6835443037975,4942.227848101265,0.0,0.0,0.0,0.0,7828.151898734177
469,0.2947568024073546,0.3050025999019169,0.08199836886259515,0.07213342725823052,0.9753441101508921,0.9753804341170441,38.0,42.0,222.9425438596491,250.28809523809522,69.08808421052635,59.51733333333331,54.58275000000001,51.477526190476176,18.902565789473687,15.024404761904764,9.475,0.0,140.2,6746.6125,14237.9375,19.741625000000003,67.466125,64.06343999999997,16.86653125,16.015859999999993,80.07929999999999,52.95250750000001,0.0,1.0,1.0,1.0,-0.10317723958333336,1.525,0.0,0.0,5.755598749999999,0.225,1.3875,0.41507243929928556,0.42345957463970896,0.0,0.0,6558.55,142.125,0.0,188.075,0.0,1974.1625,0.0,284.25,4772.45,0.0,0.0,0.0,0.0,7679.3875
470,0.29475967637455464,0.3054981594154827,0.08242302661194278,0.07331349492230714,0.9753973436282664,0.9754383194473797,40.0,38.0,228.82958333333332,221.08201754385965,66.83151999999998,71.58332631578946,52.9246075,55.352807894736856,18.082500000000003,19.11421052631579,10.192307692307692,0.0,143.03846153846155,7434.051282051282,13503.307692307691,22.79487179487179,74.34051282051283,69.14650256410258,18.585128205128207,17.286625641025637,86.4331282051282,54.107576923076905,0.0,1.0,1.0,1.0,-0.12724118589743588,1.4871794871794872,0.0,0.0,3.5462025641025647,0.14102564102564102,1.435897435897436,0.4461992043595546,0.4189608505192858,0.0,0.0,5796.9358974358975,152.8846153846154,0.0,202.98717948717947,0.0,2279.4871794871797,0.0,305.7692307692308,5154.5641025641025,0.0,0.0,0.0,0.0,7706.371794871795
471,0.29506635696274375,0.30707121793495157,0.08305916583714834,0.07395106856624559,0.9754549311194868,0.9754942867080858,40.0,41.0,227.44125,235.83658536585367,67.90027999999998,64.63683902439023,53.112384999999996,54.29630000000001,18.253,17.08676829268293,9.765432098765432,0.0,139.77777777777777,7065.074074074074,13901.444444444445,21.26580246913581,70.65074074074073,66.2484148148148,17.662685185185182,16.5621037037037,82.81051851851848,53.71165061728396,0.0,1.0,1.0,1.0,-0.11899272119341565,1.5061728395061729,0.0,0.0,5.125920987654321,0.2222222222222222,1.3580246913580247,0.42329849568678535,0.42495687793651304,0.0,0.0,6099.925925925926,146.4814814814815,0.0,193.03703703703704,0.0,2126.58024691358,0.0,292.962962962963,4938.493827160494,0.0,0.0,0.0,0.0,7801.518518518518
472,0.29506635696274375,0.30824993597088945,0.08249532103120152,0.07650647751940856,0.975513705871713,0.9755469426761744,41.0,40.0,234.37479674796748,230.7775,63.55016585365854,66.48768000000001,51.85137804878049,53.743755,17.332499999999992,17.764374999999998,9.62962962962963,0.0,138.17283950617283,7018.308641975309,13955.901234567902,21.776296296296284,70.18308641975311,65.00079012345678,17.545771604938277,16.25019753086419,81.25098765432097,52.78588518518518,0.0,1.0,1.0,1.0,-0.0997059413580247,1.4938271604938271,0.0,0.0,5.330866666666665,0.24691358024691357,1.382716049382716,0.4410712391682609,0.4013117730604426,0.0,0.0,6156.37037037037,144.44444444444446,0.0,191.45679012345678,0.0,2177.6296296296296,0.0,288.8888888888889,4840.679012345679,0.0,0.0,0.0,0.0,7799.530864197531
473,0.2957782002585485,0.30877777712505977,0.08294028526872876,0.07777410285606709,0.9755775524630174,0.9756066314615023,39.0,41.0,220.2803418803419,236.5808943089431,72.10531282051284,65.07063414634143,55.7516076923077,52.375029268292685,19.257692307692306,16.973353658536585,9.9625,0.0,138.0625,7234.7875,13718.0625,21.149625,72.34787499999996,68.50003999999998,18.08696874999999,17.125009999999996,85.62505,54.021111250000004,0.0,1.0,1.0,1.0,-0.1254398177083333,1.5125,0.0,0.0,3.60804,0.3,1.35,0.41904839456225185,0.4373012034186122,0.0,0.0,5967.925,149.4375,0.0,197.8375,0.0,2114.9625,0.0,298.875,5119.825,0.0,0.0,0.0,0.0,7750.1375
474,0.2968094654732461,0.31018138328174055,0.08173128634179552,0.0790512447533258,0.9756343402618434,0.9756673993833155,42.0,40.0,223.5361111111111,247.18375,69.03519999999999,58.75099999999999,53.09370476190476,50.9479075,18.81107142857142,15.518124999999994,9.451219512195122,0.0,132.02439024390245,6881.90243902439,14104.292682926829,21.110853658536584,68.8190243902439,64.01851707317071,17.204756097560974,16.00462926829267,80.0231463414634,52.04697439024391,0.0,1.0,1.0,1.0,-0.08431196646341463,1.4878048780487805,0.0,0.0,5.233213414634147,0.2926829268292683,1.3414634146341464,0.4152319344967636,0.3835931965809248,0.0,0.0,6297.3536585365855,141.76829268292684,0.0,187.5,0.0,2111.0853658536585,0.0,283.5365853658537,4770.817073170731,0.0,0.0,0.0,0.0,7806.9390243902435
475,0.2970140098325978,0.31039705652491834,0.0814617918926243,0.07941324715616037,0.9756907828594626,0.975723243039718,44.0,36.0,244.88636363636363,216.0449074074074,60.42781818181818,72.2116888888889,52.439772727272725,54.91582777777778,15.838124999999998,19.884444444444448,9.5875,0.0,146.1375,7063.5875,13914.4625,21.53537500000001,70.63587499999998,65.73056000000001,17.658968749999996,16.43264,82.16319999999999,53.553997500000015,0.0,1.0,1.0,1.0,-0.11570828125000006,1.45,0.0,0.0,5.482406250000001,0.1875,1.35,0.4730569164578925,0.39397696729545273,0.0,0.0,5943.5125,143.7375,0.0,189.5875,0.0,2153.5375,0.0,287.625,4910.05,0.0,0.0,0.0,0.0,7970.95
476,0.2970140098325978,0.31134526993850187,0.08349079175685334,0.07974359713480744,0.9757514576400762,0.9757729656168156,40.0,39.0,230.65208333333334,228.4568376068376,63.852040000000024,66.8611282051282,52.59596750000001,52.960897435897444,17.8331875,18.11948717948718,9.784810126582279,0.0,140.65822784810126,7189.810126582279,13774.101265822785,23.345822784810125,71.89810126582277,65.3375392405063,17.974525316455694,16.334384810126576,81.67192405063291,52.77612278481012,0.0,1.0,1.0,1.0,-0.09950255801687762,1.4936708860759493,0.0,0.0,5.413108860759492,0.21518987341772153,1.4177215189873418,0.43462537052907435,0.41921148029041505,0.0,0.0,6357.06329113924,146.77215189873417,0.0,194.77215189873417,0.0,2334.5822784810125,0.0,293.54430379746833,4855.227848101265,0.0,0.0,0.0,0.0,7417.037974683544
477,0.29748559683241477,0.3113762083680863,0.0832923560305004,0.08059866380960125,0.9758023237387552,0.9758418018793086,40.0,40.0,232.95916666666665,239.30541666666667,64.46776000000001,64.06036,53.33173000000001,52.93225749999999,17.483312500000004,16.5935,9.5,0.0,141.9,6815.3625,14167.9375,20.275,68.153625,64.26406000000001,17.03840625,16.066015000000004,80.33007499999997,53.13199375000001,0.0,1.0,1.0,1.0,-0.10691653645833335,1.5,0.0,0.0,5.90634,0.1875,1.4375,0.4182935126261354,0.436352254763127,0.0,0.0,6109.9125,142.5,0.0,188.2,0.0,2027.5,0.0,285.0,4787.8625,0.0,0.0,0.0,0.0,8058.025
478,0.29748559683241477,0.311400099997424,0.08336640795000673,0.0803466312038352,0.9758633432239006,0.9759064032757604,40.0,38.0,240.95833333333334,216.4486842105263,63.28280000000001,72.89077894736843,51.91951,55.483589473684226,16.330687499999993,19.795921052631577,10.038461538461538,0.0,149.24358974358975,7207.551282051282,13741.064102564103,21.43217948717949,72.0755128205128,67.96361025641022,18.0188782051282,16.990902564102555,84.95451282051279,53.655856410256405,0.0,1.0,1.0,1.0,-0.1178303418803419,1.4871794871794872,0.0,0.0,3.7111243589743594,0.08974358974358974,1.435897435897436,0.4466754331283737,0.4207720925800163,0.0,0.0,5841.74358974359,150.57692307692307,0.0,198.65384615384616,0.0,2143.2179487179487,0.0,301.15384615384613,5064.333333333333,0.0,0.0,0.0,0.0,7899.320512820513
479,0.29748559683241477,0.3120480584118738,0.08439177416282127,0.08315231663708218,0.9759196866799607,0.9759668859279356,39.0,42.0,216.8042735042735,252.5611111111111,72.96340512820514,57.3848,56.764674358974375,51.10339761904761,19.73256410256411,14.69916666666667,9.703703703703704,0.0,143.17283950617283,6849.061728395061,14120.691358024691,20.260740740740744,68.49061728395066,64.88560987654323,17.122654320987664,16.221402469135807,81.107012345679,53.829197530864185,0.0,1.0,1.0,1.0,-0.12144161522633742,1.5185185185185186,0.0,0.0,6.06624197530864,0.16049382716049382,1.4197530864197532,0.4225922615151049,0.43960380744428984,0.0,0.0,5792.123456790124,145.55555555555554,0.0,192.58024691358025,0.0,2026.0740740740741,0.0,291.1111111111111,4822.9876543209875,0.0,0.0,0.0,0.0,8328.567901234568
480,0.2979920007439314,0.31277139317053826,0.08471139400697185,0.08408666480220814,0.9759701627096266,0.9760212080926206,43.0,38.0,243.02945736434108,218.45570175438598,62.479330232558134,69.55642105263158,52.09145813953489,55.71863157894737,16.030639534883722,19.58572368421053,9.703703703703704,0.0,146.28395061728395,7079.382716049383,13890.061728395061,21.748024691358033,70.79382716049383,65.79944691358025,17.69845679012346,16.449861728395057,82.2493086419753,53.7930950617284,0.0,1.0,1.0,1.0,-0.12068948045267498,1.4691358024691359,0.0,0.0,5.692104938271605,0.25925925925925924,1.345679012345679,0.4515110276244927,0.4076365721806259,0.0,0.0,6034.83950617284,145.55555555555554,0.0,192.88888888888889,0.0,2174.8024691358023,0.0,291.1111111111111,4904.580246913581,0.0,0.0,0.0,0.0,7855.222222222223
481,0.2982826106408753,0.31432104518687715,0.08404536126372195,0.0846299543676151,0.9760275091785563,0.9760771955778301,41.0,40.0,241.29227642276422,221.86625,62.136780487804884,69.11323999999999,52.499746341463414,54.40611749999999,16.32560975609756,19.059312499999997,9.666666666666666,0.0,138.09876543209876,7070.234567901234,13901.95061728395,21.8137037037037,70.70234567901231,65.58194567901235,17.675586419753078,16.39548641975308,81.97743209876543,53.44116419753087,0.0,1.0,1.0,1.0,-0.11335758744855969,1.4938271604938271,0.0,0.0,5.534804938271603,0.19753086419753085,1.4567901234567902,0.41141512354465715,0.4195760837043821,0.0,0.0,5963.2962962962965,145.0,0.0,191.8148148148148,0.0,2181.3703703703704,0.0,290.0,4888.864197530864,0.0,0.0,0.0,0.0,7938.6543209876545
482,0.2982826106408753,0.3145637431350239,0.08466805554992823,0.08436493367143193,0.976082185977599,0.9761364037267927,38.0,42.0,216.14649122807018,245.3718253968254,72.10029473684209,61.181333333333335,55.341350000000006,52.25598333333333,19.86486842105263,15.744464285714287,9.7,0.0,145.675,7080.6625,13889.3875,21.249624999999998,70.80662499999997,66.36783999999999,17.701656249999992,16.59195999999999,82.95979999999997,53.7215325,0.0,1.0,1.0,1.0,-0.11919859375000001,1.525,0.0,0.0,5.055348749999999,0.175,1.425,0.41755173151724073,0.44800040792501283,0.0,0.0,5780.825,145.5,0.0,192.45,0.0,2124.9625,0.0,291.0,4955.7,0.0,0.0,0.0,0.0,8108.5625
483,0.2982826106408753,0.3148636275816691,0.08526692220155441,0.0840734944688184,0.9761390405097997,0.9761957639509095,41.0,38.0,236.56260162601626,221.3421052631579,63.561092682926834,69.22572631578946,52.030831707317084,55.68243947368422,16.99603658536585,19.142039473684214,9.746835443037975,0.0,147.83544303797467,7211.316455696203,13754.481012658227,22.676202531645572,72.11316455696206,66.28585316455694,18.028291139240515,16.571463291139235,82.85731645569622,53.787301265822784,0.0,1.0,1.0,1.0,-0.12056877637130801,1.481012658227848,0.0,0.0,5.529739240506329,0.20253164556962025,1.4430379746835442,0.44722115102945886,0.41880758387572536,0.0,0.0,5802.835443037975,146.20253164556962,0.0,194.59493670886076,0.0,2267.6202531645567,0.0,292.40506329113924,4943.696202531645,0.0,0.0,0.0,0.0,7951.645569620253
484,0.2982826106408753,0.3148636275816691,0.08569534853213949,0.08493035207307463,0.9761931875744374,0.9762616142711152,39.0,40.0,218.3431623931624,235.37625,72.01628717948718,64.5568,55.415802564102556,52.395472500000004,19.523012820512815,17.137437499999997,10.08860759493671,0.0,152.16455696202533,7326.050632911392,13618.050632911392,22.42113924050633,73.26050632911391,68.23933164556968,18.315126582278477,17.059832911392412,85.29916455696201,53.88652151898736,0.0,1.0,1.0,1.0,-0.1226358649789029,1.5063291139240507,0.0,0.0,3.962316455696203,0.16455696202531644,1.4177215189873418,0.4328759227738636,0.4385392771685015,0.0,0.0,5782.962025316456,151.32911392405063,0.0,200.91139240506328,0.0,2242.1139240506327,0.0,302.65822784810126,5083.93670886076,0.0,0.0,0.0,0.0,7835.088607594937
485,0.29849774475773694,0.31489662115968264,0.08745446615375256,0.08410859727672752,0.9762443328571168,0.976316636179265,42.0,39.0,240.07103174603174,230.01752136752137,63.71813333333332,66.16730256410256,54.74839523809524,53.063030769230785,16.492142857142856,17.903974358974356,9.493827160493828,0.0,147.0,6868.765432098766,14113.827160493827,20.23740740740741,68.68765432098762,64.89736296296293,17.171913580246905,16.224340740740733,81.1217037037037,53.936923456790126,0.0,1.0,1.0,1.0,-0.12368590534979426,1.4814814814814814,0.0,0.0,6.211474074074076,0.18518518518518517,1.4444444444444444,0.44531938445650426,0.4224631879883532,0.0,0.0,5712.0123456790125,142.40740740740742,0.0,189.1851851851852,0.0,2023.7407407407406,0.0,284.81481481481484,4845.024691358025,0.0,0.0,0.0,0.0,8401.814814814816
486,0.29849774475773694,0.31489662115968264,0.08713344199790163,0.08527150087013408,0.9762991461780659,0.9763760094449804,40.0,39.0,220.48291666666668,245.25128205128206,72.21899999999997,61.699364102564104,56.195572500000004,51.41395897435897,19.188687499999997,15.712820512820509,9.974683544303797,0.0,154.15189873417722,6989.101265822785,13962.620253164558,20.021265822784812,69.89101265822787,67.02576202531647,17.472753164556966,16.75644050632911,83.78220253164557,53.835029113924065,0.0,1.0,1.0,1.0,-0.12156310654008438,1.4936708860759493,0.0,0.0,4.282020253164558,0.189873417721519,1.379746835443038,0.4417693996620852,0.4298018202170254,0.0,0.0,6140.53164556962,149.62025316455697,0.0,198.41772151898735,0.0,2002.126582278481,0.0,299.24050632911394,4986.974683544304,0.0,0.0,0.0,0.0,7822.088607594937
487,0.2994422648579288,0.31489662115968264,0.08555395233019725,0.08915107564286238,0.9763549996339015,0.97642619217166,44.0,37.0,243.07045454545454,225.9927927927928,61.665418181818175,67.9603891891892,52.27132272727274,54.284986486486495,16.05590909090909,18.46277027027027,9.567901234567902,0.0,150.74074074074073,6862.135802469136,14116.172839506173,20.563456790123457,68.62135802469135,64.54089876543208,17.155339506172837,16.135224691358008,80.67612345679011,53.19114444444445,0.0,1.0,1.0,1.0,-0.1081488425925926,1.4567901234567902,0.0,0.0,5.805585185185185,0.2345679012345679,1.345679012345679,0.45047160670454645,0.40818055363001293,0.0,0.0,6083.765432098766,143.5185185185185,0.0,190.1358024691358,0.0,2056.3456790123455,0.0,287.037037037037,4805.79012345679,0.0,0.0,0.0,0.0,8032.407407407408
488,0.2994422648579288,0.3152134695976448,0.08785307999674258,0.088346280680592,0.9764134415149672,0.9764818930430301,41.0,38.0,239.0520325203252,205.60394736842105,62.6293073170732,76.24842105263156,52.73080000000001,56.1996052631579,16.63103658536585,21.35828947368421,10.164556962025317,0.0,151.30379746835442,7561.962025316456,13377.784810126583,24.016075949367096,75.61962025316458,69.18027341772151,18.904905063291146,17.295068354430374,86.4753417721519,54.399339240506336,0.0,1.0,1.0,1.0,-0.13331956751054852,1.481012658227848,0.0,0.0,4.12397088607595,0.21518987341772153,1.3670886075949367,0.4521530349372424,0.4204805793280697,0.0,0.0,5568.316455696203,152.46835443037975,0.0,201.84810126582278,0.0,2401.6075949367087,0.0,304.9367088607595,5160.354430379747,0.0,0.0,0.0,0.0,7809.46835443038
489,0.299476978007767,0.31613870380289893,0.08899989081998472,0.08957373321387664,0.9764672284775954,0.9765358990587781,39.0,43.0,228.0653846153846,242.45658914728682,68.43401025641026,62.61737674418605,54.38136153846155,52.97189767441859,18.129487179487178,16.102965116279066,9.804878048780488,0.0,144.1341463414634,6826.719512195122,14136.719512195123,19.693658536585364,68.26719512195123,65.38382439024389,17.066798780487808,16.345956097560972,81.72978048780487,53.642252439024396,0.0,1.0,1.0,1.0,-0.1175469258130081,1.524390243902439,0.0,0.0,5.325226829268292,0.2804878048780488,1.329268292682927,0.4199646103063731,0.4158206410972142,0.0,0.0,6338.585365853659,147.0731707317073,0.0,194.34146341463415,0.0,1969.3658536585365,0.0,294.1463414634146,4857.3536585365855,0.0,0.0,0.0,0.0,7798.134146341464
490,0.299476978007767,0.31752740531288143,0.0895690854773107,0.08906577348533816,0.9765293942811409,0.9765903783521586,41.0,42.0,230.40569105691057,233.7202380952381,67.84604878048779,64.54586666666665,53.60649024390244,53.077961904761914,17.795914634146342,17.437797619047625,9.686746987951807,0.0,150.46987951807228,7045.879518072289,13924.975903614459,21.059759036144573,70.4587951807229,66.1760771084337,17.614698795180725,16.544019277108426,82.72009638554216,53.3390421686747,0.0,1.0,1.0,1.0,-0.11123004518072294,1.5060240963855422,0.0,0.0,4.777663855421686,0.24096385542168675,1.4216867469879517,0.43674814597516015,0.3933523997493952,0.0,0.0,6200.831325301205,145.3012048192771,0.0,192.24096385542168,0.0,2105.975903614458,0.0,290.6024096385542,4939.903614457831,0.0,0.0,0.0,0.0,7724.144578313253
491,0.2996156022638332,0.31752740531288143,0.08957375343231141,0.08998285224623796,0.9765819560988968,0.9766376140029378,42.0,40.0,231.65079365079364,235.77124999999998,66.34,65.44943999999998,55.13992380952381,53.28840749999999,17.66083333333333,17.071625,9.71951219512195,0.0,152.6951219512195,6949.365853658536,14019.646341463415,20.368902439024392,69.4936585365854,65.90558048780493,17.37341463414635,16.476395121951217,82.38197560975613,54.236745121951195,0.0,1.0,1.0,1.0,-0.1299321900406504,1.4878048780487805,0.0,0.0,5.704579268292682,0.15853658536585366,1.4024390243902438,0.42928393109821095,0.4272622770952763,0.0,0.0,5718.768292682927,145.79268292682926,0.0,192.609756097561,0.0,2036.8902439024391,0.0,291.5853658536585,4912.475609756098,0.0,0.0,0.0,0.0,8300.878048780487
492,0.2996156022638332,0.3177353612902851,0.0872901707442277,0.09184129819090593,0.9766351550431425,0.9766923268371049,42.0,40.0,235.8063492063492,227.19375,63.32640000000001,68.79039999999999,52.75771666666668,53.75815,17.08851190476191,18.2930625,9.75609756097561,0.0,152.52439024390245,7070.4390243902435,13896.30487804878,21.53926829268293,70.70439024390245,65.99176585365855,17.676097560975613,16.49794146341463,82.48970731707315,53.24573292682927,0.0,1.0,1.0,1.0,-0.10928610264227642,1.4878048780487805,0.0,0.0,4.930064634146341,0.18292682926829268,1.451219512195122,0.4424144184222983,0.4303924089485301,0.0,0.0,6072.024390243902,146.34146341463415,0.0,193.23170731707316,0.0,2153.9268292682927,0.0,292.6829268292683,4916.512195121952,0.0,0.0,0.0,0.0,7824.280487804878
493,0.29972065464572073,0.3177353612902851,0.08963962224663363,0.0944003469452741,0.9766972540861097,0.9767494791347872,41.0,41.0,242.6528455284553,238.0117886178862,61.974243902439014,63.78727804878049,53.054529268292676,53.18238536585365,16.090121951219512,16.796646341463415,9.28048780487805,0.0,159.5731707317073,6577.3536585365855,14419.939024390244,18.91048780487806,65.77353658536587,62.88076097560978,16.44338414634147,15.720190243902438,78.6009512195122,53.118457317073194,0.0,1.0,1.0,1.0,-0.10663452743902442,1.5,0.0,0.0,6.68108048780488,0.21951219512195122,1.3780487804878048,0.4347773232042218,0.43806680852130414,0.0,0.0,6491.378048780488,139.20731707317074,0.0,184.08536585365854,0.0,1891.0487804878048,0.0,278.4146341463415,4686.304878048781,0.0,0.0,0.0,0.0,7928.5609756097565
494,0.29972065464572073,0.31809399623430257,0.08857301365441535,0.09410014514165489,0.9767487542393307,0.9767981451771681,39.0,39.0,220.91239316239316,221.62051282051283,69.9609435897436,71.04734358974358,54.01894871794873,55.1357641025641,19.188397435897432,19.05038461538462,10.41025641025641,0.0,155.33333333333334,7647.75641025641,13275.98717948718,23.93769230769231,76.47756410256412,70.5041435897436,19.11939102564103,17.626035897435894,88.13017948717948,54.577356410256414,0.0,1.0,1.0,1.0,-0.13702825854700856,1.5,0.0,0.0,3.192603846153846,0.21794871794871795,1.3846153846153846,0.4399754120084252,0.4354843042530996,0.0,0.0,5638.794871794872,156.15384615384616,0.0,206.7948717948718,0.0,2393.769230769231,0.0,312.3076923076923,5253.98717948718,0.0,0.0,0.0,0.0,7637.192307692308
495,0.29972065464572073,0.31809399623430257,0.08899506272054518,0.09354924063046345,0.9767973071359382,0.9768487304946718,41.0,42.0,241.160162601626,240.1329365079365,62.75305365853657,63.19973333333335,52.070282926829265,52.852421428571425,16.344207317073167,16.473869047619043,9.216867469879517,0.0,157.0722891566265,6563.9277108433735,14438.421686746988,18.624819277108443,65.63927710843375,62.97908433734938,16.409819277108436,15.744771084337339,78.72385542168676,52.46606385542168,0.0,1.0,1.0,1.0,-0.0930429969879518,1.5060240963855422,0.0,0.0,5.896798795180723,0.2289156626506024,1.4457831325301205,0.4315660965428492,0.4391005293282463,0.0,0.0,6274.831325301205,138.25301204819277,0.0,181.89156626506025,0.0,1862.4819277108434,0.0,276.50602409638554,4701.44578313253,0.0,0.0,0.0,0.0,8163.590361445783
496,0.3011562641357922,0.31809399623430257,0.09118767413229534,0.09383935871210314,0.9768548099352908,0.9769064819182343,38.0,40.0,208.51754385964912,237.81958333333333,73.52298947368422,65.04875999999999,55.05218421052632,53.77233249999999,20.92565789473684,16.7574375,10.346153846153847,0.0,158.05128205128204,7515.24358974359,13412.653846153846,23.733205128205125,75.15243589743591,69.17723076923075,18.788108974358977,17.294307692307683,86.47153846153843,54.395849999999996,0.0,1.0,1.0,1.0,-0.13324687500000004,1.5128205128205128,0.0,0.0,4.006728205128204,0.19230769230769232,1.4102564102564104,0.40749532709491765,0.4484639989053062,0.0,0.0,5634.538461538462,155.19230769230768,0.0,205.52564102564102,0.0,2373.3205128205127,0.0,310.38461538461536,5141.923076923077,0.0,0.0,0.0,0.0,7778.115384615385
497,0.3014418918193461,0.3187400887246979,0.09204206186631173,0.0926308921341689,0.9769072789372069,0.9769631385208537,43.0,40.0,241.31511627906974,230.40833333333333,63.2526511627907,67.47048,52.27318604651163,52.691222499999995,16.303720930232558,17.80625,9.63855421686747,0.0,150.74698795180723,6811.1325301204815,14163.530120481928,19.459397590361444,68.1113253012048,65.28533975903613,17.0278313253012,16.32133493975903,81.60667469879519,52.474649397590376,0.0,1.0,1.0,1.0,-0.0932218624497992,1.4819277108433735,0.0,0.0,4.217140963855422,0.24096385542168675,1.3855421686746987,0.4171333763166972,0.4288344328839513,0.0,0.0,6234.903614457831,144.57831325301206,0.0,190.6024096385542,0.0,1945.9397590361446,0.0,289.1566265060241,4865.192771084337,0.0,0.0,0.0,0.0,7928.626506024097
498,0.3015976744729937,0.318769897012152,0.09373208817742863,0.09090018885737501,0.976959256891281,0.9770145952228347,41.0,41.0,225.07032520325205,233.64837398373984,67.48109268292681,66.30181463414634,53.10150487804877,53.24092682926831,18.63067073170732,17.381341463414635,9.792682926829269,0.0,159.64634146341464,7202.40243902439,13761.560975609756,22.09219512195123,72.0240243902439,66.8914536585366,18.006006097560974,16.72286341463415,83.61431707317072,53.171215853658516,0.0,1.0,1.0,1.0,-0.10773366361788622,1.5,0.0,0.0,4.285768292682926,0.18292682926829268,1.3902439024390243,0.43282388482911477,0.433962867343402,0.0,0.0,5957.573170731707,146.890243902439,0.0,194.3658536585366,0.0,2209.2195121951218,0.0,293.780487804878,4993.182926829269,0.0,0.0,0.0,0.0,7803.987804878048
499,0.3016237448002331,0.31996463411556514,0.09500605974000764,0.09218170564137401,0.977011229583317,0.9770686431746433,42.0,41.0,236.36507936507937,241.1890243902439,65.65173333333333,62.511843902439026,52.61623809523811,53.51240487804877,16.992321428571422,16.314146341463417,9.421686746987952,0.0,152.51807228915663,6662.9277108433735,14324.87951807229,18.818192771084334,66.62927710843374,64.10070361445784,16.657319277108435,16.025175903614453,80.12587951807225,53.058922891566276,0.0,1.0,1.0,1.0,-0.10539422690763053,1.4939759036144578,0.0,0.0,5.615538554216864,0.27710843373493976,1.3855421686746987,0.43804873955466894,0.4107439494272632,0.0,0.0,6211.168674698795,141.32530120481928,0.0,187.21686746987953,0.0,1881.8192771084337,0.0,282.65060240963857,4781.108433734939,0.0,0.0,0.0,0.0,8113.710843373494
500,0.30340332967871364,0.31996849068975214,0.09343478643036184,0.09446085558884282,0.9770656997608503,0.9771199927560693,41.0,39.0,232.91626016260162,227.57521367521366,72.63141463414635,67.94551794871795,58.812502439024385,55.90932051282051,17.511463414634143,18.23333333333334,9.775,0.0,152.4375,7145.35,13818.75,21.962125000000004,71.4535,70.34703999999998,17.863375,17.58675999999999,87.93379999999999,57.39720125,0.0,1.0,1.0,1.0,-0.19577502604166677,1.4875,0.0,0.0,4.913536249999998,0.2375,1.4625,0.3964393760263588,0.4331405747382199,0.0,0.0,5613.3375,146.625,0.0,195.025,0.0,2196.2125,0.0,293.25,4949.1375,0.0,0.0,0.0,0.0,8205.4125
501,0.30345862603966334,0.3199785247891596,0.09171327830724524,0.09456875988650978,0.9771179952140413,0.9771690893791808,40.0,40.0,212.37833333333336,238.42999999999998,83.44256000000003,64.47448,63.59866000000002,52.02280750000001,20.390749999999997,16.707062500000003,10.1,0.0,161.9,7419.5625,13524.25,22.242624999999993,74.19562499999998,73.95852,18.548906249999995,18.489629999999995,92.44815000000004,57.81073375000001,0.0,1.0,1.0,1.0,-0.2043902864583335,1.5,0.0,0.0,2.4011199999999984,0.1375,1.4125,0.4388141718062326,0.44100442741933266,0.0,0.0,5868.1375,151.5,0.0,200.6875,0.0,2224.2625,0.0,303.0,5195.3,0.0,0.0,0.0,0.0,7656.1125
502,0.30345862603966334,0.3199785247891596,0.09149865581504157,0.09695723816703052,0.9771697638028058,0.9772220937531642,44.0,39.0,249.01931818181816,224.47521367521367,67.27432727272728,66.93435897435899,56.55424545454546,53.86285897435897,15.208181818181815,18.696858974358975,9.433734939759036,0.0,166.34939759036143,6738.975903614458,14249.192771084337,20.291204819277116,67.38975903614455,67.11458313253009,16.84743975903614,16.778645783132518,83.89322891566265,55.289618072289144,0.0,1.0,1.0,1.0,-0.15186704317269079,1.4698795180722892,0.0,0.0,5.022474698795181,0.13253012048192772,1.4216867469879517,0.46176225580207586,0.4190853943711258,0.0,0.0,6198.469879518072,141.50602409638554,0.0,186.3132530120482,0.0,2029.120481927711,0.0,283.0120481927711,4709.855421686747,0.0,0.0,0.0,0.0,8050.722891566265
503,0.30345862603966334,0.3199785247891596,0.09283497805020449,0.09877233885330104,0.9772161004946948,0.9772673048379868,40.0,40.0,221.47041666666667,243.87916666666666,77.91712000000001,61.9486,59.541402500000004,51.7793375,19.1001875,15.943999999999999,9.7125,0.0,166.55,7008.8375,13960.4875,21.062,70.08837500000001,69.93285999999998,17.522093750000003,17.483214999999987,87.416075,55.660370000000015,0.0,1.0,1.0,1.0,-0.15959104166666677,1.5,0.0,0.0,3.24960375,0.2125,1.375,0.4382716572099402,0.43770328497353317,0.0,0.0,6121.0875,145.6875,0.0,192.6125,0.0,2106.2,0.0,291.375,4902.6375,0.0,0.0,0.0,0.0,7839.4
504,0.30464734722334724,0.3199785247891596,0.09331169374601923,0.09837195637932108,0.9772657197979479,0.9773206734566493,42.0,37.0,244.42380952380952,215.26396396396396,68.01401904761904,73.09029189189188,57.11334761904762,55.27087297297298,15.858035714285714,19.974054054054054,9.835443037974683,0.0,165.73417721518987,7114.316455696203,13846.0,21.560253164556958,71.14316455696205,70.39151392405066,17.785791139240512,17.597878481012657,87.98939240506328,56.250416455696204,0.0,1.0,1.0,1.0,-0.17188367616033767,1.4683544303797469,0.0,0.0,3.644693670886075,0.21518987341772153,1.379746835443038,0.45344318771683606,0.4165118660742558,0.0,0.0,5719.987341772152,147.53164556962025,0.0,196.08860759493672,0.0,2156.025316455696,0.0,295.0632911392405,4958.291139240507,0.0,0.0,0.0,0.0,8126.012658227848
505,0.30474026526340026,0.31999697446483416,0.0947199928741143,0.09855075591881589,0.9773211886795251,0.977375066458725,39.0,40.0,239.01239316239315,227.00375,70.17485128205126,68.17636,58.752841025641025,53.98218999999999,16.61641025641026,18.293937500000006,9.810126582278482,0.0,164.65822784810126,6986.316455696203,13975.924050632912,21.204810126582284,69.86316455696203,69.16295696202533,17.46579113924051,17.290739240506333,86.45369620253163,56.337321518987345,0.0,1.0,1.0,1.0,-0.17369419831223637,1.5063291139240507,0.0,0.0,4.64015569620253,0.1518987341772152,1.4556962025316456,0.43042609590034303,0.44151787057731146,0.0,0.0,5874.392405063291,147.15189873417722,0.0,195.30379746835442,0.0,2120.481012658228,0.0,294.30379746835445,4865.835443037975,0.0,0.0,0.0,0.0,8101.53164556962
506,0.30474026526340026,0.32001438253362235,0.09301510433654457,0.09721515259194945,0.9773742876327277,0.9774264030458039,38.0,42.0,215.41798245614035,240.8361111111111,80.9642105263158,63.13813333333336,62.98003684210527,52.43387619047619,19.975263157894734,16.350119047619046,9.95,0.0,161.325,7228.825,13725.75,21.970374999999994,72.28824999999996,71.60551999999998,18.07206249999999,17.901379999999993,89.50689999999999,57.443302500000016,0.0,1.0,1.0,1.0,-0.19673546875000006,1.525,0.0,0.0,3.909845,0.2,1.4125,0.423320812208477,0.4597082304948992,0.0,0.0,6216.7375,149.25,0.0,196.675,0.0,2197.0375,0.0,298.5,5031.7875,0.0,0.0,0.0,0.0,7509.0125
507,0.30474026526340026,0.32001438253362235,0.09240350714896571,0.09805546336525989,0.9774242580976162,0.9774736529451818,41.0,40.0,234.09146341463415,224.69833333333332,73.84288780487806,69.72952000000001,58.89403658536585,54.346579999999996,17.303536585365855,18.652187499999993,9.938271604938272,0.0,166.98765432098764,7187.814814814815,13767.172839506173,21.253209876543217,71.87814814814814,71.8115950617284,17.969537037037036,17.952898765432092,89.76449382716055,56.64837901234567,0.0,1.0,1.0,1.0,-0.18017456275720167,1.4938271604938271,0.0,0.0,2.8063209876543196,0.20987654320987653,1.3580246913580247,0.4431106082995418,0.4291913406049816,0.0,0.0,5692.148148148148,149.07407407407408,0.0,196.79012345679013,0.0,2125.320987654321,0.0,298.14814814814815,5062.493827160494,0.0,0.0,0.0,0.0,8075.024691358025
508,0.30474026526340026,0.32123876216323954,0.09340872652400956,0.0986707623237674,0.9774742953015396,0.9775228977871886,41.0,42.0,224.76869918699188,246.2138888888889,77.38973658536587,60.03733333333335,60.69815853658539,52.259266666666655,18.676341463414634,15.60994047619048,9.433734939759036,0.0,163.73493975903614,6849.8674698795185,14137.22891566265,20.32951807228916,68.49867469879517,68.60900240963856,17.124668674698793,17.152250602409637,85.76125301204824,56.42787590361446,0.0,1.0,1.0,1.0,-0.17558074799196796,1.5060240963855422,0.0,0.0,4.943542168674697,0.27710843373493976,1.3855421686746987,0.4342855151942805,0.40238545266897346,0.0,0.0,6095.192771084337,141.50602409638554,0.0,187.3855421686747,0.0,2032.9518072289156,0.0,283.0120481927711,4816.915662650603,0.0,0.0,0.0,0.0,8042.036144578313
509,0.30480300515378567,0.32123876216323954,0.09352869387406165,0.09723164064484395,0.9775268110277361,0.9775765441389538,42.0,39.0,232.518253968254,237.09444444444443,73.95596190476188,62.55113846153845,58.98349761904764,52.032038461538455,17.530297619047616,16.91108974358975,9.604938271604938,0.0,164.17283950617283,6892.864197530864,14083.296296296296,21.048395061728396,68.92864197530864,68.46475061728397,17.23216049382716,17.11618765432099,85.58093827160495,55.636498765432115,0.0,1.0,1.0,1.0,-0.15909372427983548,1.4814814814814814,0.0,0.0,4.403908641975307,0.2716049382716049,1.3333333333333333,0.4361646773827795,0.42502410465477186,0.0,0.0,6109.37037037037,144.07407407407408,0.0,190.6172839506173,0.0,2104.8395061728397,0.0,288.14814814814815,4788.024691358025,0.0,0.0,0.0,0.0,7973.925925925926
510,0.30692383901058135,0.322824559614922,0.09281490932165058,0.09777027465496663,0.9775797045287027,0.9776218415288733,42.0,38.0,247.25833333333333,218.48464912280704,68.52678095238096,70.80934736842106,57.4430642857143,54.149421052631574,15.435654761904763,19.517894736842102,9.775,0.0,160.4,6949.8875,14015.45,20.541125000000008,69.49887500000003,69.61099999999998,17.374718750000007,17.402749999999994,87.01375000000002,55.878583750000004,0.0,1.0,1.0,1.0,-0.1641371614583334,1.475,0.0,0.0,3.6423024999999987,0.275,1.3875,0.4385420235131937,0.41361018885181383,0.0,0.0,6134.1125,146.625,0.0,193.7875,0.0,2054.1125,0.0,293.25,4895.775,0.0,0.0,0.0,0.0,7881.3375
511,0.30692383901058135,0.3228828181610558,0.09167215411412256,0.10011474660267669,0.9776278559353664,0.9776746285573659,39.0,41.0,235.22179487179486,235.15325203252033,72.91044102564102,64.6912,58.52476410256411,53.041263414634145,17.133269230769226,17.15798780487805,9.7,0.0,172.975,6858.375,14111.2,20.319375,68.58375000000001,68.69808000000002,17.145937500000002,17.174519999999994,85.8726,55.71447000000002,0.0,1.0,1.0,1.0,-0.1607181250000001,1.5125,0.0,0.0,4.162327499999999,0.1875,1.45,0.42731771060784973,0.44152202014978414,0.0,0.0,6146.575,145.5,0.0,192.925,0.0,2031.9375,0.0,291.0,4826.4375,0.0,0.0,0.0,0.0,7964.625
512,0.30692383901058135,0.3229223858440755,0.09384386036219874,0.10236646858316735,0.9776743198757204,0.9777216506447711,39.0,41.0,233.54743589743592,227.01260162601628,72.69792820512822,67.42782439024391,57.34395384615385,52.820107317073166,17.373333333333342,18.358353658536586,9.8,0.0,171.775,7151.2625,13811.9,22.17225,71.51262499999999,69.99700000000003,17.878156249999996,17.499249999999996,87.49625,55.02548250000001,0.0,1.0,1.0,1.0,-0.14636421875000002,1.5125,0.0,0.0,2.906638749999999,0.2,1.4,0.42836786461576554,0.4487736005056916,0.0,0.0,5967.425,147.0,0.0,194.8375,0.0,2217.225,0.0,294.0,4934.0375,0.0,0.0,0.0,0.0,7844.475
513,0.30692383901058135,0.32342002196446473,0.09603944756626173,0.10234695417163692,0.977720799990569,0.9777691355978827,39.0,41.0,215.85299145299143,232.19146341463414,79.62420512820513,66.53182439024393,61.12259487179487,52.75769024390245,19.97,17.5614024390244,10.025,0.0,165.25,7494.2375,13453.5875,23.578750000000007,74.942375,72.91435999999997,18.73559375,18.22858999999999,91.14295000000001,56.83558124999998,0.0,1.0,1.0,1.0,-0.1840746093750001,1.5125,0.0,0.0,2.656815,0.175,1.4,0.42831703885179245,0.44182782376969154,0.0,0.0,6032.825,150.375,0.0,200.05,0.0,2357.875,0.0,300.75,5136.3625,0.0,0.0,0.0,0.0,7420.7625
514,0.30692383901058135,0.32393941553049255,0.09673693870679825,0.10220520005426303,0.9777669075789255,0.9778168569059646,41.0,42.0,246.5878048780488,227.8623015873016,66.48320000000002,69.07626666666665,55.372048780487816,55.16441190476191,15.569451219512198,18.199404761904766,9.44578313253012,0.0,168.95180722891567,6760.108433734939,14226.734939759037,19.63240963855421,67.6010843373494,67.79535421686748,16.90027108433735,16.948838554216866,84.7441927710843,55.26697951807229,0.0,1.0,1.0,1.0,-0.15139540662650605,1.5060240963855422,0.0,0.0,4.3718963855421675,0.21686746987951808,1.4578313253012047,0.43502685804238994,0.4291821743614183,0.0,0.0,6106.192771084337,141.6867469879518,0.0,187.09638554216866,0.0,1963.2409638554218,0.0,283.3734939759036,4796.8674698795185,0.0,0.0,0.0,0.0,8120.542168674699
515,0.30694005534225305,0.32397055134504066,0.09671855982775476,0.10211813950443327,0.9778107116846161,0.9778720067540508,37.0,43.0,190.5036036036036,238.7922480620155,88.1523891891892,63.91553488372093,65.14802972972976,52.05422325581395,23.571148648648656,16.674418604651166,10.3,0.0,168.875,7945.6625,12987.525,26.566875000000003,79.456625,75.12507999999998,19.86415625,18.781269999999996,93.90635,58.11010875000001,0.0,1.0,1.0,1.0,-0.21062726562500006,1.5375,0.0,0.0,2.849184999999999,0.1625,1.4375,0.4124209652016056,0.4669333590186867,0.0,0.0,5610.775,152.425,0.0,204.3875,0.0,2656.6875,0.0,309.0,5288.975,0.0,0.0,0.0,0.0,7376.75
516,0.30694005534225305,0.3239754293376586,0.09584960069958803,0.10389389474062334,0.9778609109899702,0.9779178352124405,44.0,41.0,245.0878787878788,232.66463414634146,69.26807272727272,66.87383414634145,56.81947045454546,53.530307317073174,15.77369318181818,17.495792682926833,9.423529411764706,0.0,176.30588235294118,6641.7411764705885,14345.729411764705,18.445058823529404,66.41741176470586,68.11320470588238,16.604352941176465,17.028301176470595,85.14150588235296,55.232932941176465,0.0,1.0,1.0,1.0,-0.15068610294117663,1.4823529411764707,0.0,0.0,3.724081176470587,0.18823529411764706,1.411764705882353,0.44751723608723076,0.424855506483269,0.0,0.0,6842.623529411765,141.35294117647058,0.0,187.47058823529412,0.0,1844.5058823529412,0.0,282.70588235294116,4797.235294117647,0.0,0.0,0.0,0.0,7503.105882352941
517,0.3082942240600955,0.3239754293376586,0.09457143637247954,0.1048265883344157,0.9779092291759564,0.9779657865360973,41.0,42.0,236.31422764227642,224.39722222222224,72.14376585365855,68.73573333333333,58.85061951219513,54.27167142857144,17.036219512195125,18.68392857142857,9.771084337349398,0.0,173.27710843373495,7148.0,13817.036144578313,21.77734939759036,71.48000000000005,70.41921927710845,17.87000000000001,17.604804819277106,88.02402409638552,56.533561445783135,0.0,1.0,1.0,1.0,-0.177782530120482,1.5060240963855422,0.0,0.0,3.9843421686746994,0.2289156626506024,1.3855421686746987,0.4307518730647366,0.4410748636972915,0.0,0.0,5997.518072289156,146.56626506024097,0.0,194.26506024096386,0.0,2177.734939759036,0.0,293.13253012048193,4970.265060240964,0.0,0.0,0.0,0.0,7819.518072289156
518,0.3082942240600955,0.3239754293376586,0.09278461514514345,0.10587324708513825,0.9779614601388351,0.9780142543684124,39.0,44.0,243.43931623931624,238.50075757575758,69.59507692307695,63.488472727272715,56.06117692307693,53.135656818181815,15.97275641025641,16.674943181818186,9.421686746987952,0.0,166.0843373493976,6538.0,14449.277108433735,18.65662650602409,65.38,66.35784096385541,16.345,16.58946024096384,82.94730120481927,54.510298795180724,0.0,1.0,1.0,1.0,-0.13563122489959847,1.5301204819277108,0.0,0.0,4.4974578313253,0.30120481927710846,1.3373493975903614,0.41333599835864515,0.44459778967451896,0.0,0.0,6440.8674698795185,141.32530120481928,0.0,187.74698795180723,0.0,1865.6626506024097,0.0,282.65060240963857,4672.3373493975905,0.0,0.0,0.0,0.0,8008.409638554217
519,0.3082942240600955,0.32691335771579566,0.09398193780127034,0.10829746630742858,0.9780063698322915,0.978062856745498,37.0,43.0,222.70540540540543,235.0232558139535,76.75883243243244,64.91389767441862,59.3217945945946,53.65594186046512,18.928851351351348,17.23593023255814,9.75,0.0,163.925,7207.5625,13759.575,22.343874999999997,72.07562499999999,70.39217999999997,18.018906249999997,17.598044999999992,87.99022500000001,56.27639875000002,0.0,1.0,1.0,1.0,-0.1724249739583334,1.5375,0.0,0.0,3.903125,0.25,1.4,0.4122455100955011,0.4427046252330535,0.0,0.0,6042.6875,146.25,0.0,193.1125,0.0,2234.3875,0.0,292.5,4973.175,0.0,0.0,0.0,0.0,7716.8875
520,0.3082942240600955,0.3270225081422417,0.09376878515286181,0.10973109224083563,0.9780570653941016,0.9781152581383131,39.0,41.0,223.1957264957265,234.68292682926827,78.18272820512821,64.27570731707317,60.07329487179488,53.36448536585366,18.813910256410256,17.240243902439026,10.0375,0.0,174.3625,7202.9625,13744.975,22.238,72.029625,71.05538,18.00740625,17.763845,88.81922500000002,56.63502999999999,0.0,1.0,1.0,1.0,-0.17989645833333348,1.5125,0.0,0.0,3.587056249999999,0.225,1.45,0.4287541670400742,0.44708602891275684,0.0,0.0,6128.6125,150.5625,0.0,199.375,0.0,2223.8,0.0,301.125,4979.1625,0.0,0.0,0.0,0.0,7616.3625
521,0.3093028955025641,0.32703177994498617,0.09715287806218957,0.10988465411687778,0.9781024042314845,0.978160333312579,42.0,40.0,236.3761904761905,236.1875,71.92091428571428,65.23832000000002,58.167828571428586,52.90800999999999,16.99226190476191,16.9926875,9.634146341463415,0.0,173.4390243902439,6796.987804878048,14177.048780487805,19.79951219512195,67.9698780487805,68.66111219512199,16.992469512195125,17.165278048780483,85.82639024390244,55.602063414634145,0.0,1.0,1.0,1.0,-0.15837632113821148,1.4878048780487805,0.0,0.0,3.9334207317073164,0.2926829268292683,1.353658536585366,0.43750714431183435,0.4370989728384083,0.0,0.0,6090.707317073171,144.5121951219512,0.0,191.4268292682927,0.0,1979.9512195121952,0.0,289.0243902439024,4817.036585365854,0.0,0.0,0.0,0.0,8086.341463414634
522,0.31000002123512405,0.3275182171852073,0.09513851015144713,0.11371839926797403,0.9781452980167815,0.9782068356188742,41.0,40.0,237.53577235772357,234.06875,71.99453658536588,66.60416000000001,57.3908048780488,53.65507499999999,16.84121951219512,17.269937499999997,9.679012345679013,0.0,172.50617283950618,6821.172839506173,14149.41975308642,19.459629629629628,68.21172839506174,69.33262222222223,17.052932098765435,17.333155555555557,86.66577777777775,55.54599999999999,0.0,1.0,1.0,1.0,-0.15720833333333345,1.4938271604938271,0.0,0.0,3.2663098765432106,0.24691358024691357,1.4320987654320987,0.44798443414846856,0.4197331036386278,0.0,0.0,6187.851851851852,145.1851851851852,0.0,192.85185185185185,0.0,1945.962962962963,0.0,290.3703703703704,4875.20987654321,0.0,0.0,0.0,0.0,7961.567901234568
523,0.31000002123512405,0.3275182171852073,0.09728784514763746,0.11384614510541144,0.978196475714762,0.9782555548660321,40.0,41.0,228.70333333333335,241.4882113821138,76.60368000000001,62.149346341463406,60.36645000000001,51.04555853658536,18.040937500000002,16.283536585365855,9.679012345679013,0.0,180.08641975308643,6860.555555555556,14110.481481481482,20.014814814814805,68.60555555555554,69.28728888888888,17.151388888888885,17.321822222222217,86.60911111111113,55.648467901234575,0.0,1.0,1.0,1.0,-0.15934308127572028,1.5061728395061729,0.0,0.0,3.512567901234568,0.18518518518518517,1.4567901234567902,0.4319955886866842,0.44930768092314943,0.0,0.0,5998.395061728395,145.1851851851852,0.0,192.40740740740742,0.0,2001.4814814814815,0.0,290.3703703703704,4859.074074074074,0.0,0.0,0.0,0.0,8112.086419753086
524,0.31000002123512405,0.3275182171852073,0.09813401800066426,0.11192718461263146,0.9782420820958245,0.978301199489974,42.0,39.0,247.08650793650796,219.37264957264958,67.57973333333337,70.50658461538463,55.82272380952383,53.38833589743589,15.450297619047623,19.36865384615385,9.851851851851851,0.0,182.4320987654321,6934.765432098766,14024.567901234568,20.920493827160502,69.34765432098764,68.98895802469133,17.33691358024691,17.24723950617283,86.23619753086417,54.65061111111112,0.0,1.0,1.0,1.0,-0.13855439814814824,1.4814814814814814,0.0,0.0,2.9985666666666653,0.14814814814814814,1.4320987654320987,0.45481637592893776,0.42777941111358425,0.0,0.0,6184.555555555556,147.77777777777777,0.0,196.33333333333334,0.0,2092.0493827160494,0.0,295.55555555555554,4842.716049382716,0.0,0.0,0.0,0.0,7840.0123456790125
525,0.31000002123512405,0.3275182171852073,0.09783455096828537,0.1134255421484089,0.978283995423071,0.9783458780317553,39.0,42.0,208.73376068376066,245.95317460317463,84.92947692307693,60.32986666666667,65.6841564102564,51.800016666666686,20.927307692307696,15.64142857142857,9.901234567901234,0.0,178.41975308641975,7274.592592592592,13681.962962962964,22.117037037037033,72.74592592592589,72.17412345679014,18.186481481481472,18.043530864197525,90.21765432098766,58.484972839506185,0.0,1.0,1.0,1.0,-0.2184369341563787,1.5185185185185186,0.0,0.0,4.49733086419753,0.18518518518518517,1.4074074074074074,0.4222984953100531,0.4567309164591946,0.0,0.0,5756.493827160494,148.5185185185185,0.0,196.88888888888889,0.0,2211.703703703704,0.0,297.037037037037,5062.888888888889,0.0,0.0,0.0,0.0,7925.469135802469
526,0.3102276143478902,0.3275182171852073,0.09707594856034625,0.11387767697666826,0.978328798814966,0.9783884746563248,43.0,39.0,252.80697674418604,216.31196581196582,64.61648372093026,70.4887794871795,54.72908604651165,54.47067435897436,14.69116279069768,19.830705128205125,9.524390243902438,0.0,177.97560975609755,6854.231707317073,14126.975609756097,21.100487804878043,68.54231707317072,67.40940487804878,17.13557926829268,16.85235121951219,84.26175609756096,54.60618292682927,0.0,1.0,1.0,1.0,-0.1376288109756098,1.475609756097561,0.0,0.0,4.332357317073169,0.21951219512195122,1.4024390243902438,0.4460095970553654,0.42427572552243326,0.0,0.0,6287.707317073171,142.8658536585366,0.0,189.1951219512195,0.0,2110.048780487805,0.0,285.7317073170732,4744.182926829269,0.0,0.0,0.0,0.0,7839.268292682927
527,0.31138961542896393,0.32786292438384407,0.09612367023133961,0.11296210731608641,0.9783776607016245,0.97843043689423,38.0,42.0,225.87543859649122,236.45912698412698,77.23082105263155,63.63173333333332,61.22870789473684,53.28992142857144,18.47546052631579,17.009404761904765,9.7125,0.0,180.2625,7082.3125,13885.9125,21.448375000000013,70.82312499999999,70.09130000000002,17.705781249999998,17.522824999999997,87.614125,57.06084499999999,0.0,1.0,1.0,1.0,-0.18876760416666674,1.525,0.0,0.0,4.6753262499999995,0.25,1.4375,0.4183550916105223,0.4583439444340958,0.0,0.0,5721.5625,145.6875,0.0,193.7125,0.0,2144.8375,0.0,291.375,4937.475,0.0,0.0,0.0,0.0,8164.35
528,0.3116937986725728,0.32786292438384407,0.0958603023829035,0.11247953492406909,0.9784289877688458,0.9784790800328913,39.0,40.0,230.88247863247864,222.6304166666667,73.9250871794872,67.02948,62.12533589743591,53.53012749999999,17.763205128205126,18.999624999999998,9.886075949367088,0.0,182.27848101265823,7355.696202531645,13602.253164556962,24.019746835443033,73.55696202531651,70.43364050632913,18.389240506329127,17.608410126582278,88.0420506329114,57.77333164556963,0.0,1.0,1.0,1.0,-0.20361107594936717,1.5063291139240507,0.0,0.0,5.72893164556962,0.21518987341772153,1.4177215189873418,0.4334010990103387,0.44987394583666457,0.0,0.0,5832.088607594937,147.65822784810126,0.0,196.81012658227849,0.0,2401.974683544304,0.0,296.5822784810127,4953.721518987341,0.0,0.0,0.0,0.0,7770.164556962025
529,0.3116937986725728,0.32786292438384407,0.09668793610632967,0.11135645675079658,0.9784754106422423,0.9785277569090138,40.0,41.0,219.76416666666668,237.2621951219512,78.81600000000003,64.90536585365855,61.47030500000001,52.17988292682928,19.347187499999997,16.833475609756096,10.049382716049383,0.0,181.76543209876544,7229.925925925926,13717.271604938273,21.965925925925934,72.29925925925926,71.77481481481483,18.074814814814815,17.943703703703697,89.71851851851852,56.76774567901236,0.0,1.0,1.0,1.0,-0.18266136831275728,1.5061728395061729,0.0,0.0,3.0677456790123445,0.14814814814814814,1.4197530864197532,0.4272765146439011,0.44696884328344205,0.0,0.0,5987.20987654321,150.74074074074073,0.0,199.58024691358025,0.0,2196.5925925925926,0.0,301.48148148148147,5033.333333333333,0.0,0.0,0.0,0.0,7730.061728395061
530,0.3117500124583481,0.3279925348625675,0.09744340234628655,0.11256686753764182,0.9785202303189954,0.9785745353360898,43.0,41.0,220.2713178294574,230.82235772357723,78.16111627906979,68.6704780487805,61.65027441860466,54.0094,19.294418604651163,17.75603658536586,10.119047619047619,0.0,182.5952380952381,7417.416666666667,13525.27380952381,22.451785714285712,74.17416666666668,73.52878095238098,18.54354166666667,18.38219523809524,91.91097619047622,57.92080000000002,0.0,1.0,1.0,1.0,-0.20668333333333358,1.4880952380952381,0.0,0.0,2.9355607142857134,0.14285714285714285,1.4047619047619047,0.4449740185651588,0.43744663905461206,0.0,0.0,5720.583333333333,151.78571428571428,0.0,200.95238095238096,0.0,2245.1785714285716,0.0,303.57142857142856,5172.238095238095,0.0,0.0,0.0,0.0,7804.690476190476
531,0.3117500124583481,0.32902712015190866,0.09922249370452478,0.11169625191052779,0.9785675071905875,0.9786219459052613,45.0,42.0,246.01407407407407,248.19603174603174,68.64640000000001,59.77546666666666,57.178799999999995,51.84166190476191,15.643944444444447,15.308273809523811,8.988505747126437,0.0,178.6551724137931,6192.758620689655,14824.045977011494,16.830689655172417,61.92758620689655,64.36388045977013,15.481896551724137,16.09097011494253,80.45485057471267,54.602250574712656,0.0,1.0,1.0,1.0,-0.13754688697318013,1.4827586206896552,0.0,0.0,5.720266666666667,0.2413793103448276,1.367816091954023,0.45240640756321165,0.42597140639023884,0.0,0.0,6428.6551724137935,134.82758620689654,0.0,177.71264367816093,0.0,1683.0689655172414,0.0,269.6551724137931,4509.689655172414,0.0,0.0,0.0,0.0,8395.3908045977
532,0.3117500124583481,0.32902712015190866,0.10019904041145285,0.1112777015696753,0.9786144782569224,0.9786676103277959,41.0,39.0,224.1378048780488,245.90940170940172,78.47882926829269,60.60233846153846,61.97450243902441,51.28521025641026,18.697804878048785,15.636794871794867,9.75,0.0,187.25,6882.225,14085.0875,20.107749999999992,68.82225000000001,69.76404000000002,17.205562500000003,17.44101,87.20505000000003,56.76347249999999,0.0,1.0,1.0,1.0,-0.1825723437500001,1.4875,0.0,0.0,4.204994999999999,0.2375,1.425,0.4506441261329246,0.43445918823740726,0.0,0.0,5733.275,146.25,0.0,192.9375,0.0,2010.775,0.0,292.5,4871.45,0.0,0.0,0.0,0.0,8351.8125
533,0.31221847537891834,0.3290288285793847,0.10266053557606045,0.11236538394735308,0.9786550174612509,0.9787140593768293,44.0,36.0,253.82007575757578,205.2351851851852,63.487418181818185,76.16933333333331,53.49655227272728,56.31282777777778,14.574772727272732,21.39118055555555,9.625,0.0,181.9375,7056.8625,13917.4125,21.738249999999994,70.568625,69.19428000000002,17.64215625,17.29857,86.49284999999998,54.763876249999996,0.0,1.0,1.0,1.0,-0.1409140885416667,1.45,0.0,0.0,3.2117524999999985,0.2,1.4125,0.44089038746412196,0.41152265216408856,0.0,0.0,6087.4625,144.35,0.0,191.625,0.0,2173.825,0.0,288.75,4883.0375,0.0,0.0,0.0,0.0,7829.95
534,0.31221847537891834,0.3290288285793847,0.1050086077791366,0.11048644449808462,0.9787010656924501,0.9787594070756032,38.0,41.0,216.69166666666666,241.06666666666666,79.68555789473685,62.09471219512196,60.82598157894736,52.985321951219525,19.780723684210525,16.337743902439026,9.873417721518987,0.0,186.77215189873417,7197.544303797468,13760.518987341773,22.495696202531644,71.97544303797467,70.55613164556961,17.993860759493668,17.6390329113924,88.19516455696201,56.756778481012645,0.0,1.0,1.0,1.0,-0.18243288502109717,1.518987341772152,0.0,0.0,4.1945075949367085,0.21518987341772153,1.4556962025316456,0.4296154526197023,0.45759285471405864,0.0,0.0,6217.2531645569625,148.1012658227848,0.0,196.63291139240508,0.0,2249.5696202531644,0.0,296.2025316455696,4947.974683544304,0.0,0.0,0.0,0.0,7543.265822784811
535,0.31222572906766577,0.3290288285793847,0.10299487345434201,0.10960727618764539,0.9787454798507522,0.9788029921161586,41.0,39.0,233.5069105691057,232.9897435897436,73.78903414634146,66.11963076923078,59.567475609756116,53.48422051282051,17.385426829268294,17.483974358974358,9.7125,0.0,193.325,6973.3875,13995.2875,20.49562500000001,69.733875,70.05019999999999,17.43346875,17.51254999999999,87.56275000000001,56.601888749999986,0.0,1.0,1.0,1.0,-0.17920601562500008,1.4875,0.0,0.0,3.9851574999999984,0.2,1.425,0.44699836854821057,0.4301046312085971,0.0,0.0,6018.6125,145.6875,0.0,193.2625,0.0,2049.5625,0.0,291.375,4923.825,0.0,0.0,0.0,0.0,7976.675
536,0.31222572906766577,0.3290288285793847,0.10221204679324099,0.1113316853735852,0.9787884279391119,0.9788489251511693,41.0,39.0,234.94186991869918,231.83162393162394,73.3578926829268,67.69021538461536,59.41630243902441,53.50545897435899,17.166890243902436,17.6151282051282,9.85,0.0,189.1625,6954.1625,14005.5375,19.929875000000003,69.541625,70.59490000000002,17.38540625,17.648725000000002,88.243625,56.53476625,0.0,1.0,1.0,1.0,-0.17780763020833343,1.4875,0.0,0.0,3.3252724999999983,0.2125,1.4,0.4513677816759555,0.4345094860523722,0.0,0.0,5859.8375,147.75,0.0,196.05,0.0,1992.9875,0.0,295.5,4961.175,0.0,0.0,0.0,0.0,8145.7
537,0.31222572906766577,0.3290288285793847,0.10200537534521491,0.11216036973635862,0.9788282235872573,0.9788998028796203,41.0,40.0,234.11544715447152,232.5775,72.5716292682927,67.43827999999999,60.421470731707316,52.926765,17.33859756097561,17.505437500000006,9.703703703703704,0.0,187.03703703703704,6968.395061728395,14001.358024691359,20.352839506172835,69.68395061728398,70.03664197530865,17.420987654320996,17.509160493827157,87.54580246913581,56.72038148148149,0.0,1.0,1.0,1.0,-0.181674614197531,1.4938271604938271,0.0,0.0,4.104727160493826,0.19753086419753085,1.4074074074074074,0.4456187701441216,0.4334036087149006,0.0,0.0,5900.901234567901,145.55555555555554,0.0,192.58024691358025,0.0,2035.283950617284,0.0,291.1111111111111,4933.111111111111,0.0,0.0,0.0,0.0,8100.456790123457
538,0.31222572906766577,0.3290288285793847,0.1004125351437173,0.11209911495867092,0.9788681617677168,0.9789424866188843,40.0,41.0,240.88375,237.60040650406506,70.24512000000001,63.81896585365852,58.878982500000006,53.51453170731706,16.3264375,16.83067073170732,9.45679012345679,0.0,186.7037037037037,6632.666666666667,14353.308641975309,19.253950617283948,66.32666666666665,66.99237530864198,16.581666666666663,16.74809382716049,83.74046913580246,56.16364320987658,0.0,1.0,1.0,1.0,-0.1700759002057614,1.5061728395061729,0.0,0.0,5.752934567901233,0.2345679012345679,1.4938271604938271,0.4344033353293098,0.4482326248557708,0.0,0.0,6096.123456790124,141.85185185185185,0.0,187.46913580246914,0.0,1925.3950617283951,0.0,283.7037037037037,4707.271604938272,0.0,0.0,0.0,0.0,8257.185185185184
539,0.31222572906766577,0.3290288285793847,0.10053408587621356,0.11176414063455845,0.978907119056307,0.9789899309875365,39.0,40.0,233.34444444444443,218.33291666666668,72.31064615384614,73.13012,58.2141076923077,56.76444250000001,17.451346153846153,19.505875,10.139240506329115,0.0,189.78481012658227,7396.645569620253,13544.620253164558,22.569240506329113,73.96645569620253,72.7255696202532,18.491613924050633,18.18139240506329,90.90696202531645,57.48009999999999,0.0,1.0,1.0,1.0,-0.19750208333333336,1.5063291139240507,0.0,0.0,3.2461443037974678,0.1518987341772152,1.4430379746835442,0.43894231336282347,0.4447394667194695,0.0,0.0,5979.088607594937,152.08860759493672,0.0,201.46835443037975,0.0,2256.9240506329115,0.0,304.17721518987344,5139.721518987341,0.0,0.0,0.0,0.0,7565.53164556962
540,0.31222572906766577,0.32915395767707084,0.10018657534592351,0.11257968578080087,0.9789525956747522,0.9790371948171955,38.0,44.0,215.59342105263158,247.6659090909091,81.84488421052633,58.71549090909091,63.9699105263158,52.08994545454545,19.89743421052632,15.424772727272728,9.731707317073171,0.0,187.47560975609755,6998.987804878048,13968.182926829268,21.331951219512195,69.98987804878048,69.43399024390244,17.49746951219512,17.35849756097561,86.79248780487804,57.59529512195123,0.0,1.0,1.0,1.0,-0.19990198170731713,1.5365853658536586,0.0,0.0,5.658774390243901,0.18292682926829268,1.4634146341463414,0.4175893830586652,0.47151744796835504,0.0,0.0,5665.829268292683,145.97560975609755,0.0,193.90243902439025,0.0,2133.1951219512193,0.0,291.9512195121951,4865.792682926829,0.0,0.0,0.0,0.0,8302.353658536585
541,0.3135870204027162,0.32915395767707084,0.09884436671549121,0.11266063406410579,0.9789948814680415,0.9790830663613107,42.0,40.0,236.21825396825398,238.165,72.07436190476193,63.66891999999998,58.69641666666665,52.727774999999994,17.04464285714285,16.703875,9.524390243902438,0.0,188.90243902439025,6751.365853658536,14230.073170731708,19.866341463414624,67.5136585365854,67.97414634146341,16.87841463414635,16.993536585365852,84.96768292682927,55.78488414634147,0.0,1.0,1.0,1.0,-0.16218508638211382,1.4878048780487805,0.0,0.0,4.68915243902439,0.2073170731707317,1.4146341463414633,0.44784048063743703,0.4333808293138161,0.0,0.0,5784.926829268293,142.8658536585366,0.0,188.96341463414635,0.0,1986.6341463414635,0.0,285.7317073170732,4764.731707317073,0.0,0.0,0.0,0.0,8445.146341463415
542,0.3135870204027162,0.32915395767707084,0.10250599647295194,0.11010823317475538,0.979037863127505,0.9791255936256007,40.0,40.0,220.92666666666668,230.60833333333332,78.26256000000004,66.60136000000001,61.62305000000001,54.15514500000002,19.1850625,17.808874999999997,10.0875,0.0,189.05,7398.7875,13546.05,23.125999999999998,73.987875,72.43195999999998,18.49696875,18.107989999999987,90.53994999999998,57.889097500000005,0.0,1.0,1.0,1.0,-0.20602286458333344,1.5,0.0,0.0,3.954106249999998,0.2,1.4125,0.4396895131674663,0.4423941972425228,0.0,0.0,6099.9875,151.3125,0.0,200.225,0.0,2312.6,0.0,302.625,5086.1875,0.0,0.0,0.0,0.0,7446.0625
543,0.31421310836440175,0.3292139572942689,0.10291932243539406,0.11058821357144458,0.9790816659321168,0.9791715413146407,42.0,40.0,232.2952380952381,237.21583333333334,74.65401904761903,64.81384,60.46276666666667,53.650715000000005,17.535773809523814,16.8925,9.695121951219512,0.0,188.4268292682927,6888.792682926829,14081.731707317073,19.84231707317073,68.88792682926828,69.85393170731709,17.22198170731707,17.463482926829272,87.31741463414633,57.13981463414634,0.0,1.0,1.0,1.0,-0.19041280487804885,1.4878048780487805,0.0,0.0,4.50786463414634,0.21951219512195122,1.3902439024390243,0.44298489140816705,0.4327199440141027,0.0,0.0,5968.804878048781,145.4268292682927,0.0,192.1951219512195,0.0,1984.2317073170732,0.0,290.8536585365854,4904.5609756097565,0.0,0.0,0.0,0.0,8112.926829268293
544,0.31448238614298074,0.32944482387944574,0.10370207193438966,0.11113116212510253,0.9791206500930046,0.9792177495103086,43.0,39.0,238.2186046511628,228.48760683760685,71.5253581395349,67.03831794871795,57.588083720930236,53.838915384615376,16.743720930232563,18.12275641025641,9.609756097560975,0.0,189.90243902439025,6959.841463414634,14015.426829268292,20.823414634146346,69.59841463414635,69.39127804878048,17.399603658536588,17.34781951219512,86.7390975609756,55.804942682926836,0.0,1.0,1.0,1.0,-0.16260297256097567,1.475609756097561,0.0,0.0,3.8132682926829267,0.2682926829268293,1.3658536585365855,0.4609266543664166,0.42201943606320536,0.0,0.0,6259.463414634146,144.14634146341464,0.0,191.29268292682926,0.0,2082.3414634146343,0.0,288.2926829268293,4877.5,0.0,0.0,0.0,0.0,7755.963414634146
545,0.3157572150270387,0.32944482387944574,0.10364074898092715,0.11074575308791156,0.9791640191782013,0.9792654590359149,41.0,40.0,228.7280487804878,227.87083333333334,75.36515121951221,66.15531999999999,60.96870000000001,53.176262499999986,18.10073170731707,18.223625,9.814814814814815,0.0,187.25925925925927,7264.567901234568,13698.283950617284,22.868148148148148,72.64567901234567,70.81708641975311,18.161419753086417,17.70427160493827,88.52135802469134,57.120582716049405,0.0,1.0,1.0,1.0,-0.19001213991769558,1.4938271604938271,0.0,0.0,4.464916049382715,0.18518518518518517,1.4074074074074074,0.4406177814797711,0.4379121792215951,0.0,0.0,5309.493827160494,147.22222222222223,0.0,194.4814814814815,0.0,2286.814814814815,0.0,294.44444444444446,4977.753086419753,0.0,0.0,0.0,0.0,8388.79012345679
546,0.3157572150270387,0.32944482387944574,0.10427336411134734,0.10838498295875913,0.9792065635645913,0.9793028246859198,41.0,40.0,230.30121951219513,232.02791666666664,77.1623024390244,63.74704000000001,61.867682926829275,53.011327500000014,17.837865853658542,17.646624999999993,9.753086419753087,0.0,196.1851851851852,7097.37037037037,13869.234567901234,21.474814814814817,70.97370370370373,70.53748148148145,17.743425925925933,17.63437037037036,88.17185185185186,57.49417407407408,0.0,1.0,1.0,1.0,-0.19779529320987657,1.4938271604938271,0.0,0.0,4.700118518518518,0.20987654320987653,1.4320987654320987,0.4467954095378309,0.4367942527670577,0.0,0.0,5624.259259259259,146.2962962962963,0.0,193.50617283950618,0.0,2147.4814814814813,0.0,292.5925925925926,4949.888888888889,0.0,0.0,0.0,0.0,8244.975308641975
547,0.3163828419209283,0.32944482387944574,0.1047000296652266,0.10941175801669165,0.9792488756236212,0.9793432808929843,42.0,39.0,231.87579365079364,238.05299145299145,72.73691428571428,63.44598974358974,59.82636666666669,52.22554102564103,17.674999999999997,16.732628205128204,9.555555555555555,0.0,193.06172839506172,6888.506172839506,14091.0,21.083086419753098,68.88506172839506,68.26350617283951,17.221265432098765,17.065876543209875,85.32938271604938,56.166709876543244,0.0,1.0,1.0,1.0,-0.17013978909465025,1.4814814814814814,0.0,0.0,5.124469135802467,0.25925925925925924,1.3703703703703705,0.4544767770451236,0.42275785487698775,0.0,0.0,5895.777777777777,143.33333333333334,0.0,189.49382716049382,0.0,2108.3086419753085,0.0,286.6666666666667,4780.197530864198,0.0,0.0,0.0,0.0,8195.222222222223
548,0.3163828419209283,0.3294665120060145,0.10586631645979329,0.10831757945657876,0.9792915922895259,0.9793860409031748,41.0,38.0,240.84024390243903,214.51798245614037,68.77908292682928,73.0968,56.5696536585366,56.330228947368425,16.41628048780488,20.01736842105263,10.0,0.0,198.73417721518987,7259.379746835443,13690.73417721519,22.73113924050633,72.59379746835441,70.85595949367088,18.148449367088602,17.713989873417717,88.56994936708863,56.45448734177216,0.0,1.0,1.0,1.0,-0.1761351529535865,1.481012658227848,0.0,0.0,3.7469772151898724,0.21518987341772153,1.4430379746835442,0.4583135728205734,0.4284135465223094,0.0,0.0,5811.101265822785,150.0,0.0,198.8860759493671,0.0,2273.1139240506327,0.0,300.0,4986.265822784811,0.0,0.0,0.0,0.0,7879.632911392405
549,0.3163828419209283,0.3294665120060145,0.10495953754256321,0.10760170282015112,0.9793382294263826,0.9794243107047707,38.0,43.0,223.7925438596491,232.82131782945737,78.01330526315792,65.56948837209302,61.62101578947369,53.10942325581394,18.76546052631579,17.499302325581397,9.975308641975309,0.0,197.0,7237.320987654321,13715.135802469136,22.074814814814818,72.3732098765432,71.40732839506173,18.0933024691358,17.851832098765424,89.25916049382717,57.102516049382736,0.0,1.0,1.0,1.0,-0.18963575102880664,1.5308641975308641,0.0,0.0,3.7884901234567905,0.2345679012345679,1.3950617283950617,0.4151116954990588,0.4643171219267552,0.0,0.0,5731.481481481482,149.62962962962962,0.0,197.65432098765433,0.0,2207.4814814814813,0.0,299.25925925925924,5029.83950617284,0.0,0.0,0.0,0.0,7983.6543209876545
550,0.3163828419209283,0.330487136351203,0.10525538353924908,0.10805514725995716,0.9793861393663018,0.9794652865960007,40.0,43.0,232.18166666666667,231.48410852713178,74.77904000000001,74.47799069767446,58.93684250000001,60.15589069767442,17.593187500000006,17.70238372093023,9.710843373493976,0.0,193.0843373493976,7059.903614457831,13909.216867469879,20.796746987951803,70.5990361445783,74.62307469879515,17.649759036144577,18.655768674698788,93.27884337349398,59.568397590361464,0.0,1.0,1.0,1.0,-0.24100828313253037,1.5180722891566265,0.0,0.0,2.595081927710841,0.26506024096385544,1.3855421686746987,0.4318233910159138,0.44534918027334247,0.0,0.0,6016.0722891566265,145.66265060240963,0.0,192.89156626506025,0.0,2079.6746987951806,0.0,291.32530120481925,4980.22891566265,0.0,0.0,0.0,0.0,7893.144578313253
551,0.3163828419209283,0.33103794870161046,0.10382039193679996,0.10852981144900936,0.9794228925059514,0.9795057375829406,40.0,43.0,231.54916666666668,247.42596899224807,75.86,66.80855813953488,60.6332675,56.17170000000001,17.632375000000007,15.452906976744185,9.433734939759036,0.0,189.0722891566265,6601.301204819277,14386.469879518072,18.665421686746992,66.01301204819282,71.17069879518071,16.503253012048205,17.792674698795174,88.96337349397591,58.32185301204822,0.0,1.0,1.0,1.0,-0.21503860441767084,1.5180722891566265,0.0,0.0,3.65440722891566,0.21686746987951808,1.4216867469879517,0.43193786666150247,0.44982185880673253,0.0,0.0,6540.843373493976,141.50602409638554,0.0,186.710843373494,0.0,1866.5421686746988,0.0,283.0120481927711,4734.759036144578,0.0,0.0,0.0,0.0,7845.626506024097
552,0.3163828419209283,0.3310637664633582,0.10310013971835623,0.10876707467190691,0.9794663396528618,0.979549996332171,41.0,39.0,243.3658536585366,225.59017094017094,69.56128780487808,77.70256410256411,56.633756097561,60.75506410256412,15.999634146341464,18.488269230769227,9.7375,0.0,197.8125,6885.1375,14082.0125,19.926250000000003,68.85137500000003,73.53016,17.212843750000008,18.382539999999995,91.91269999999999,58.64289375000002,0.0,1.0,1.0,1.0,-0.22172695312500018,1.4875,0.0,0.0,2.3255774999999987,0.2125,1.425,0.45184515843131123,0.43790658830276685,0.0,0.0,6260.225,146.0625,0.0,193.6625,0.0,1992.625,0.0,292.125,4892.5125,0.0,0.0,0.0,0.0,7821.7875
553,0.3163828419209283,0.3310637664633582,0.10259163707604335,0.10994170283475539,0.9795115420209887,0.9795914033273246,39.0,41.0,228.46495726495726,230.75975609756097,73.87388717948718,73.92218536585366,60.44800769230771,59.78840975609758,18.091730769230765,17.792195121951213,9.9375,0.0,200.6,7175.2875,13778.4625,22.714874999999996,71.75287499999999,73.89863999999999,17.938218749999997,18.474659999999993,92.37329999999996,60.109963749999984,0.0,1.0,1.0,1.0,-0.2522909114583335,1.5125,0.0,0.0,4.149542499999997,0.175,1.425,0.4312179425546385,0.4503513402973903,0.0,0.0,5821.4875,149.0625,0.0,198.0625,0.0,2271.4875,0.0,298.125,4903.8,0.0,0.0,0.0,0.0,7956.975
554,0.3163828419209283,0.3311227328960934,0.10089948497359344,0.10921707968295655,0.9795565467912685,0.9796312000306372,40.0,41.0,221.5225,235.4008130081301,76.9552,72.97607804878048,61.163362500000005,59.850085365853666,19.099375000000002,17.163231707317077,9.839506172839506,0.0,199.4320987654321,7247.740740740741,13712.839506172839,22.539259259259268,72.4774074074074,74.94107654320987,18.11935185185185,18.73526913580247,93.67634567901231,60.49861728395064,0.0,1.0,1.0,1.0,-0.2603878600823047,1.5061728395061729,0.0,0.0,3.6768925925925906,0.2716049382716049,1.4074074074074074,0.44110588014192176,0.446310657938011,0.0,0.0,5694.9876543209875,147.59259259259258,0.0,195.64197530864197,0.0,2253.925925925926,0.0,295.18518518518516,4993.814814814815,0.0,0.0,0.0,0.0,8017.851851851852
555,0.3180334071234774,0.3311227328960934,0.10057469159022692,0.10682314596460714,0.9795969387179384,0.9796740145978542,40.0,40.0,223.18375,239.87583333333333,79.25760000000002,70.81792,62.871095000000004,56.96251000000001,18.834749999999993,16.475437499999998,9.95,0.0,190.2625,7062.0375,13891.7875,20.703375000000005,70.62037500000001,75.03776000000002,17.655093750000002,18.75943999999999,93.79719999999999,59.91680250000002,0.0,1.0,1.0,1.0,-0.24826671875000011,1.5,0.0,0.0,2.5341362499999986,0.25,1.4875,0.40138842777875405,0.4411206335917532,0.0,0.0,5822.2875,149.25,0.0,197.425,0.0,2070.3375,0.0,298.5,4991.7,0.0,0.0,0.0,0.0,8069.5
556,0.3180334071234774,0.33132700819618227,0.10089451149005704,0.10636728006210351,0.9796380715847061,0.979713342532196,43.0,39.0,240.8248062015504,215.7551282051282,71.40346046511627,80.78703589743589,57.10730697674422,62.6416641025641,16.351627906976745,19.903076923076917,10.0,0.0,200.7439024390244,7216.292682926829,13734.085365853658,21.64231707317074,72.16292682926832,75.86638048780489,18.04073170731708,18.966595121951215,94.8329756097561,59.739501219512235,0.0,1.0,1.0,1.0,-0.24457294207317093,1.475609756097561,0.0,0.0,1.9138524390243896,0.1951219512195122,1.3658536585365855,0.4643947879735399,0.42106548229828117,0.0,0.0,6187.585365853659,150.0,0.0,198.6219512195122,0.0,2164.231707317073,0.0,300.0,5052.0609756097565,0.0,0.0,0.0,0.0,7546.5
557,0.3180334071234774,0.33235861662370225,0.09878399871713377,0.10710104279377408,0.9796765989816397,0.9797594946577161,41.0,43.0,241.75731707317073,243.6957364341085,70.47960975609756,69.80093023255816,58.11831707317072,57.3797604651163,16.238963414634146,15.969418604651167,9.154761904761905,0.0,193.57142857142858,6440.392857142857,14564.97619047619,17.623571428571424,64.40392857142858,70.13219047619046,16.100982142857145,17.533047619047608,87.66523809523808,57.740246428571446,0.0,1.0,1.0,1.0,-0.20292180059523826,1.5119047619047619,0.0,0.0,3.709038095238093,0.25,1.369047619047619,0.4342560414492371,0.4184093194459633,0.0,0.0,6441.857142857143,137.32142857142858,0.0,181.66666666666666,0.0,1762.357142857143,0.0,274.64285714285717,4678.035714285715,0.0,0.0,0.0,0.0,8123.119047619048
558,0.3180334071234774,0.3323983108767884,0.09791237385020214,0.10527415163276654,0.9797162018863059,0.9797981793675299,39.0,40.0,217.86837606837608,235.26791666666668,79.47782564102563,73.70992,61.912020512820526,59.04955250000002,19.609615384615385,17.1296875,10.113924050632912,0.0,200.13924050632912,7341.5822784810125,13600.696202531646,22.455063291139243,73.4158227848101,76.5573670886076,18.353955696202526,19.139341772151898,95.69670886075954,60.462669620253166,0.0,1.0,1.0,1.0,-0.2596389504219411,1.5063291139240507,0.0,0.0,2.2592582278481,0.189873417721519,1.4177215189873418,0.4332910770543099,0.44393951964062967,0.0,0.0,5911.696202531645,151.70886075949366,0.0,201.59493670886076,0.0,2245.506329113924,0.0,303.4177215189873,5096.0759493670885,0.0,0.0,0.0,0.0,7689.0
559,0.3180334071234774,0.3323983108767884,0.10006691573960497,0.10482093100784073,0.9797554333925786,0.9798408231206105,42.0,40.0,238.5623015873016,223.3425,71.9033904761905,76.8536,58.82937857142856,60.43905000000001,16.7,18.829250000000002,9.792682926829269,0.0,206.65853658536585,7095.463414634146,13868.280487804877,21.462195121951222,70.95463414634148,74.31812682926828,17.73865853658537,18.579531707317066,92.89765853658537,59.61458414634147,0.0,1.0,1.0,1.0,-0.2419705030487807,1.4878048780487805,0.0,0.0,3.035115853658536,0.15853658536585366,1.4390243902439024,0.44478512363695166,0.431376878486308,0.0,0.0,5645.841463414634,146.890243902439,0.0,194.58536585365854,0.0,2146.2195121951218,0.0,293.780487804878,4949.243902439024,0.0,0.0,0.0,0.0,8222.439024390244
560,0.3180334071234774,0.33243916530833606,0.09991722935925258,0.10555547244245984,0.9797953231704145,0.9798814035621858,40.0,42.0,234.9429166666667,234.86349206349206,72.50176000000002,74.26514285714286,59.335620000000006,59.861509523809545,17.2008125,17.183035714285715,9.695121951219512,0.0,204.32926829268294,6876.682926829269,14094.134146341463,19.902439024390247,68.76682926829267,73.40495609756097,17.191707317073167,18.351239024390235,91.7561951219512,59.60497804878048,0.0,1.0,1.0,1.0,-0.24177037601626036,1.5121951219512195,0.0,0.0,3.3917292682926816,0.21951219512195122,1.4390243902439024,0.43322754685899567,0.4499524819852388,0.0,0.0,5876.40243902439,145.4268292682927,0.0,191.90243902439025,0.0,1990.2439024390244,0.0,290.8536585365854,4886.4390243902435,0.0,0.0,0.0,0.0,8217.731707317073
561,0.3180334071234774,0.33243916530833606,0.10007279288144613,0.10591311092739493,0.9798344104065336,0.9799171707937225,39.0,42.0,236.31623931623932,233.20634920634922,72.2110358974359,72.2229333333333,57.423146153846155,58.77004523809526,16.96955128205128,17.466071428571432,9.641975308641975,0.0,206.12345679012347,6890.802469135802,14082.222222222223,20.925061728395068,68.90802469135801,72.21720493827164,17.227006172839502,18.0543012345679,90.27150617283951,58.12153827160493,0.0,1.0,1.0,1.0,-0.21086538065843635,1.5185185185185186,0.0,0.0,3.1313395061728375,0.2222222222222222,1.4074074074074074,0.422502320746997,0.4549060079397198,0.0,0.0,6009.864197530864,144.62962962962962,0.0,192.08641975308643,0.0,2092.5061728395062,0.0,289.25925925925924,4798.2962962962965,0.0,0.0,0.0,0.0,8072.358024691358
562,0.3180334071234774,0.33290852815306143,0.10016204666795483,0.10502591990815771,0.97987892630966,0.9799555578245505,39.0,41.0,228.8517094017094,237.4459349593496,74.84504615384617,71.39324878048778,58.63886410256411,57.013207317073174,18.051794871794876,16.82536585365854,9.775,0.0,200.6125,6969.3,13995.375,21.15550000000001,69.693,73.07600000000002,17.42325,18.269,91.345,57.805715,0.0,1.0,1.0,1.0,-0.20428572916666682,1.5125,0.0,0.0,2.1529649999999987,0.275,1.425,0.4352820137107469,0.4478219078416168,0.0,0.0,5999.85,146.625,0.0,194.45,0.0,2115.55,0.0,293.25,4853.75,0.0,0.0,0.0,0.0,7995.525
563,0.3180334071234774,0.33290852815306143,0.09885428281306753,0.10737001620082774,0.979920842421837,0.9799949984878549,40.0,40.0,216.05416666666667,239.42625,82.08944000000005,70.10048000000002,63.732532500000005,58.0634225,19.871750000000002,16.579187500000007,9.9375,0.0,203.075,7290.1875,13664.4125,22.148000000000007,72.90187499999998,76.09496,18.225468749999994,19.023739999999997,95.11870000000002,60.89797750000004,0.0,1.0,1.0,1.0,-0.2687078645833335,1.5,0.0,0.0,3.028486249999998,0.25,1.475,0.4382720655085609,0.4403259877177577,0.0,0.0,6061.825,149.0625,0.0,197.2125,0.0,2214.8,0.0,298.125,5075.3875,0.0,0.0,0.0,0.0,7602.5875
564,0.31803441457141973,0.3329412405674151,0.10059756409957817,0.10466983222570826,0.9799652046351625,0.9800354052613339,43.0,38.0,246.98953488372092,220.4548245614035,66.44956279069767,79.56530526315792,55.35441162790698,61.72795263157895,15.540406976744185,19.181907894736838,9.666666666666666,0.0,202.1604938271605,6899.506172839506,14072.469135802468,20.73259259259259,68.99506172839509,72.60262716049382,17.24876543209877,18.150656790123456,90.75328395061726,58.34446790123458,0.0,1.0,1.0,1.0,-0.21550974794238698,1.4691358024691359,0.0,0.0,2.9906061728395037,0.2345679012345679,1.382716049382716,0.46469041207033845,0.42097666251923743,0.0,0.0,6087.407407407408,145.0,0.0,192.02469135802468,0.0,2073.259259259259,0.0,290.0,4826.246913580247,0.0,0.0,0.0,0.0,7985.061728395061
565,0.31803441457141973,0.3329412405674151,0.1016309902600356,0.1022753025914444,0.9800041927853647,0.9800746348562668,38.0,42.0,229.4,236.47301587301587,75.37414736842106,73.36274285714288,58.63975263157895,59.33579523809524,17.98723684210526,16.940357142857142,9.8375,0.0,205.9375,6975.05,13986.8,20.297249999999995,69.7505,74.31816,17.437625,18.579539999999998,92.89770000000001,59.00517500000001,0.0,1.0,1.0,1.0,-0.22927447916666682,1.525,0.0,0.0,2.1246399999999994,0.225,1.425,0.4173203976553256,0.46247712111908335,0.0,0.0,6211.0875,147.25,0.0,194.775,0.0,2029.725,0.0,295.125,4945.325,0.0,0.0,0.0,0.0,7775.7125
566,0.31803441457141973,0.3339607068133303,0.10325654013196489,0.1020692296094146,0.980044477842703,0.9801175063705851,39.0,42.0,234.46666666666667,245.7448412698413,74.53866666666667,68.12495238095238,59.602548717948736,56.4387404761905,17.1975,15.68386904761905,9.481481481481481,0.0,205.85185185185185,6565.061728395061,14418.876543209877,18.311728395061724,65.65061728395061,71.21303703703703,16.412654320987652,17.803259259259256,89.0162962962963,57.96205555555556,0.0,1.0,1.0,1.0,-0.20754282407407426,1.5185185185185186,0.0,0.0,3.1616728395061715,0.24691358024691357,1.3950617283950617,0.4311758322158002,0.4458294299468364,0.0,0.0,6533.888888888889,142.22222222222223,0.0,188.39506172839506,0.0,1831.1728395061727,0.0,284.44444444444446,4733.888888888889,0.0,0.0,0.0,0.0,7884.9876543209875
567,0.31803441457141973,0.3339607068133303,0.1023152093005959,0.10209339484488586,0.9800835823313957,0.9801604477283193,40.0,39.0,227.90333333333334,224.8051282051282,77.18127999999999,77.73456410256411,60.6489475,61.319892307692314,18.219937499999997,18.583717948717947,10.126582278481013,0.0,206.13924050632912,7359.810126582279,13582.430379746835,21.94759493670886,73.59810126582276,77.45442025316457,18.39952531645569,19.363605063291136,96.81802531645573,60.98017341772152,0.0,1.0,1.0,1.0,-0.2704202795358652,1.4936708860759493,0.0,0.0,1.9252784810126573,0.21518987341772153,1.4177215189873418,0.4499801910323386,0.4328301581731417,0.0,0.0,5775.278481012659,151.8987341772152,0.0,201.0632911392405,0.0,2194.759493670886,0.0,303.7974683544304,5165.050632911392,0.0,0.0,0.0,0.0,7807.151898734177
568,0.31803441457141973,0.3339607068133303,0.10145826997644153,0.10318084351008126,0.9801249899194979,0.9801956793414057,40.0,42.0,238.69166666666666,242.22738095238094,71.99472,70.06720000000001,57.2311375,57.266888095238095,16.6184375,16.172738095238095,9.451219512195122,0.0,205.78048780487805,6556.0609756097565,14430.158536585366,18.355853658536592,65.56060975609755,71.00745365853656,16.390152439024387,17.751863414634137,88.75931707317073,57.249448780487825,0.0,1.0,1.0,1.0,-0.19269684959349614,1.5121951219512195,0.0,0.0,2.632147560975608,0.23170731707317074,1.4268292682926829,0.42430126458994455,0.4505798337236627,0.0,0.0,6418.90243902439,141.76829268292684,0.0,187.47560975609755,0.0,1835.5853658536585,0.0,283.5365853658537,4720.475609756098,0.0,0.0,0.0,0.0,8011.256097560976
569,0.31803441457141973,0.3339607068133303,0.1024026897880579,0.10316340641077598,0.980161829021026,0.9802344431346585,40.0,40.0,237.9320833333333,234.99333333333334,71.28544000000001,73.39664000000002,57.62994000000001,59.37066000000001,16.743812500000004,17.1856875,9.6375,0.0,205.9625,6785.9,14187.7625,19.775375000000004,67.85899999999997,72.34104000000005,16.96474999999999,18.085260000000005,90.42630000000003,58.5003,0.0,1.0,1.0,1.0,-0.21875625000000012,1.5,0.0,0.0,3.124009999999998,0.225,1.3625,0.4406588704353081,0.4411552996451144,0.0,0.0,6240.375,144.5625,0.0,191.65,0.0,1977.5375,0.0,289.125,4808.3625,0.0,0.0,0.0,0.0,7947.3875
570,0.31803441457141973,0.3339607068133303,0.10291616450454848,0.10318073474978019,0.9802000182179167,0.9802656137415184,40.0,40.0,233.71041666666667,228.66083333333333,74.09632,77.37535999999999,59.4668675,60.39731999999999,17.353437500000002,18.020375,10.075,0.0,210.325,7074.7625,13871.1375,20.394624999999994,70.747625,75.73584,17.68690625,18.933959999999995,94.66980000000005,59.932093750000014,0.0,1.0,1.0,1.0,-0.2485852864583335,1.5,0.0,0.0,1.8831599999999988,0.2125,1.4625,0.445280360843891,0.4379148296810638,0.0,0.0,5920.9875,151.125,0.0,199.725,0.0,2039.4625,0.0,302.25,5035.3,0.0,0.0,0.0,0.0,7950.15
571,0.318393522757047,0.3339607068133303,0.1038976312844723,0.10521905034929042,0.9802397700169696,0.9803039950662412,40.0,42.0,229.47166666666666,249.9924603174603,75.00095999999999,66.60464761904763,59.16204499999999,55.11749285714284,17.947687500000004,15.05964285714286,9.451219512195122,0.0,205.5731707317073,6587.378048780488,14398.939024390244,18.908902439024395,65.87378048780484,70.7004097560976,16.46844512195121,17.67510243902439,88.37551219512197,57.090445121951234,0.0,1.0,1.0,1.0,-0.1893842733739839,1.5121951219512195,0.0,0.0,2.858480487804876,0.2073170731707317,1.4634146341463414,0.4227837418581808,0.44630893822660367,0.0,0.0,6437.414634146341,141.76829268292684,0.0,187.3780487804878,0.0,1890.8902439024391,0.0,283.5365853658537,4696.487804878048,0.0,0.0,0.0,0.0,7961.524390243902
572,0.318393522757047,0.3339607068133303,0.10692392552244391,0.10507960840215197,0.9802807149290832,0.980344749930095,41.0,38.0,233.6321138211382,223.32236842105263,71.2679024390244,77.34568421052633,58.397473170731715,62.127231578947374,17.44298780487805,18.802631578947366,9.873417721518987,0.0,216.08860759493672,7238.797468354431,13720.379746835442,23.06518987341772,72.38797468354429,74.19139240506328,18.09699367088607,18.54784810126582,92.73924050632907,60.191534177215196,0.0,1.0,1.0,1.0,-0.25399029535865,1.481012658227848,0.0,0.0,4.097135443037973,0.25316455696202533,1.3670886075949367,0.4508035572809072,0.42877179796831555,0.0,0.0,5811.544303797468,148.1012658227848,0.0,195.51898734177215,0.0,2306.518987341772,0.0,296.2025316455696,4932.278481012659,0.0,0.0,0.0,0.0,7908.835443037975
573,0.318393522757047,0.3339607068133303,0.10801894645396301,0.10640392721770256,0.9803197388770043,0.9803828804753104,39.0,41.0,237.73760683760685,235.94430894308942,68.9921641025641,72.3509073170732,57.41425128205126,57.5928829268293,16.817564102564102,17.0425,9.5125,0.0,214.575,6773.1375,14209.1125,20.809875000000005,67.73137499999999,70.71352000000002,16.932843749999996,17.678379999999997,88.39189999999999,57.50579999999998,0.0,1.0,1.0,1.0,-0.19803750000000012,1.5125,0.0,0.0,3.7251237499999994,0.2375,1.3875,0.4311949700024817,0.4483999785056275,0.0,0.0,5990.2,142.6875,0.0,188.6875,0.0,2080.9875,0.0,285.375,4692.15,0.0,0.0,0.0,0.0,8218.9125
574,0.318393522757047,0.3339607068133303,0.10772392187405477,0.10532030306261544,0.9803605609701167,0.9804223493830326,38.0,41.0,228.6421052631579,231.35081300813007,76.8405894736842,74.08421463414635,60.26606052631578,58.82884390243903,18.041052631578946,17.722134146341464,9.962025316455696,0.0,212.65822784810126,7150.215189873417,13802.87341772152,21.304810126582286,71.50215189873418,75.41006582278483,17.875537974683546,18.852516455696204,94.26258227848102,59.52016329113927,0.0,1.0,1.0,1.0,-0.24000340189873418,1.518987341772152,0.0,0.0,1.9856354430379735,0.17721518987341772,1.4303797468354431,0.43220118101025345,0.45477093125033413,0.0,0.0,6226.721518987341,149.43037974683546,0.0,197.62025316455697,0.0,2130.481012658228,0.0,298.8607594936709,5019.734177215189,0.0,0.0,0.0,0.0,7576.151898734177
575,0.318393522757047,0.3339607068133303,0.10672348238644874,0.10607119402841345,0.9803967793105878,0.9804604061636177,40.0,41.0,246.1304166666667,232.58414634146342,69.11840000000004,73.73049756097562,57.046952499999996,59.37730975609756,15.582312500000004,17.49591463414634,9.604938271604938,0.0,214.25925925925927,6620.37037037037,14356.41975308642,18.785432098765426,66.20370370370372,71.45291851851853,16.55092592592593,17.863229629629622,89.3161481481481,58.22651604938273,0.0,1.0,1.0,1.0,-0.21305241769547342,1.5061728395061729,0.0,0.0,3.3245234567901214,0.25925925925925924,1.3703703703703705,0.4403270485375855,0.45049001420530127,0.0,0.0,6391.148148148148,144.07407407407408,0.0,189.98765432098764,0.0,1878.5432098765432,0.0,288.14814814814815,4741.827160493827,0.0,0.0,0.0,0.0,7965.271604938272
576,0.318393522757047,0.33424470696275244,0.10667064629392937,0.10451399166955498,0.980430299588788,0.9804976606996751,38.0,42.0,212.66052631578947,240.52261904761906,81.25170526315792,68.69638095238095,62.6538605263158,55.83870714285716,20.369539473684217,16.419880952380954,9.95,0.0,214.5125,7318.3875,13637.2875,23.561875000000004,73.183875,74.66015999999999,18.29596875,18.665039999999998,93.32520000000002,59.075905,0.0,1.0,1.0,1.0,-0.2307480208333335,1.525,0.0,0.0,2.7117137499999986,0.2125,1.4375,0.426437732332261,0.45806861542577887,0.0,0.0,5594.275,146.675,0.0,198.15,0.0,2356.1875,0.0,298.5,4962.2,0.0,0.0,0.0,0.0,8043.0125
577,0.318393522757047,0.33424470696275244,0.10439232027853419,0.10501155167034071,0.980469472956164,0.9805372815261019,42.0,40.0,229.6376984126984,238.9741666666667,75.3584761904762,72.14208,60.164211904761906,58.480149999999995,17.937261904761904,16.5941875,9.78048780487805,0.0,210.67073170731706,6912.841463414634,14051.524390243903,20.038292682926826,69.12841463414632,73.78950243902443,17.28210365853658,18.4473756097561,92.23687804878048,59.34271829268294,0.0,1.0,1.0,1.0,-0.23630663109756112,1.4878048780487805,0.0,0.0,2.83531951219512,0.23170731707317074,1.4146341463414633,0.4469793174752676,0.43199398025927493,0.0,0.0,5983.414634146341,146.70731707317074,0.0,194.5121951219512,0.0,2003.8292682926829,0.0,293.4146341463415,4909.012195121952,0.0,0.0,0.0,0.0,8068.109756097561
578,0.3187259343240375,0.33424470696275244,0.10603141803252468,0.10595922374138178,0.9805052107413119,0.9805769036499989,43.0,39.0,245.82906976744187,220.47692307692307,68.85536744186048,78.03848205128206,56.908144186046506,61.587,15.622616279069764,19.25692307692308,9.74390243902439,0.0,214.58536585365854,6940.451219512195,14026.280487804877,20.724999999999998,69.40451219512197,73.22294634146344,17.35112804878049,18.30573658536585,91.52868292682926,59.133453658536574,0.0,1.0,1.0,1.0,-0.23194695121951237,1.475609756097561,0.0,0.0,3.2616353658536568,0.2804878048780488,1.3780487804878048,0.45049647007768767,0.4243988845913079,0.0,0.0,6015.536585365854,146.15853658536585,0.0,193.79268292682926,0.0,2072.5,0.0,292.3170731707317,4867.951219512195,0.0,0.0,0.0,0.0,8010.743902439024
579,0.3187259343240375,0.33424470696275244,0.10583243782018913,0.10537138109643401,0.9805416614729399,0.9806113763562186,41.0,41.0,240.82642276422763,235.55853658536586,70.04987317073173,72.42333658536586,59.00986585365855,57.827046341463415,16.382560975609756,17.09902439024391,9.426829268292684,0.0,214.82926829268294,6696.317073170731,14291.548780487805,19.558048780487805,66.96317073170731,71.23660487804877,16.740792682926827,17.809151219512188,89.045756097561,58.41845609756098,0.0,1.0,1.0,1.0,-0.21705116869918709,1.5,0.0,0.0,3.9226439024390234,0.23170731707317074,1.451219512195122,0.44112074676069185,0.44206436861554504,0.0,0.0,6269.170731707317,141.40243902439025,0.0,186.9268292682927,0.0,1955.8048780487804,0.0,282.8048780487805,4740.512195121952,0.0,0.0,0.0,0.0,8022.378048780488
580,0.3187259343240375,0.33424470696275244,0.10651804131572992,0.1038903380814913,0.9805820908188633,0.9806490277527444,39.0,41.0,229.5931623931624,249.92073170731706,73.74736410256413,65.4509268292683,59.960669230769234,55.6924048780488,17.963717948717953,15.057743902439023,9.3875,0.0,226.15,6589.7625,14400.6625,19.81837500000001,65.89762499999999,69.49543999999999,16.474406249999998,17.37385999999999,86.86930000000004,57.77318375000001,0.0,1.0,1.0,1.0,-0.20360799479166686,1.5125,0.0,0.0,4.752149999999998,0.25,1.4125,0.4347077916744128,0.4432821270745957,0.0,0.0,6181.7125,140.8125,0.0,186.1375,0.0,1981.8375,0.0,281.625,4607.925,0.0,0.0,0.0,0.0,8218.95
581,0.3187259343240375,0.33424470696275244,0.10454641551503327,0.10460430306084481,0.9806190835902749,0.9806861709569165,39.0,38.0,231.88205128205126,230.68552631578947,75.37887179487178,75.3849263157895,60.35071282051283,59.436957894736835,17.58685897435898,17.79855263157895,9.948051948051948,0.0,222.16883116883116,7076.532467532467,13877.493506493507,20.577792207792214,70.76532467532466,75.38185974025973,17.691331168831166,18.84546493506492,94.22732467532465,59.899768831168835,0.0,1.0,1.0,1.0,-0.2479118506493508,1.4935064935064934,0.0,0.0,2.2092402597402585,0.24675324675324675,1.3896103896103895,0.4497779773690471,0.43693297762163347,0.0,0.0,5978.987012987013,149.2207792207792,0.0,197.3116883116883,0.0,2057.779220779221,0.0,298.4415584415584,5018.7532467532465,0.0,0.0,0.0,0.0,7898.506493506494
582,0.3187259343240375,0.33424470696275244,0.10182157223188729,0.10624170740840906,0.9806517956855338,0.9807223388595102,40.0,38.0,242.35333333333335,220.2578947368421,69.62192000000002,80.02256842105263,58.28052,61.50335789473684,16.124937500000005,19.24914473684211,9.935897435897436,0.0,218.37179487179486,7058.794871794872,13895.333333333334,20.931153846153844,70.58794871794869,74.68890256410258,17.646987179487173,18.672225641025644,93.36112820512821,59.85062051282052,0.0,1.0,1.0,1.0,-0.24688792735042747,1.4871794871794872,0.0,0.0,2.8087051282051263,0.24358974358974358,1.435897435897436,0.4521873195345667,0.4360816666573857,0.0,0.0,5704.5,148.9102564102564,0.0,197.8846153846154,0.0,2093.1153846153848,0.0,298.0769230769231,4965.679487179487,0.0,0.0,0.0,0.0,8190.833333333333
583,0.3187259343240375,0.33424470696275244,0.10287395979740756,0.10557591822392506,0.9806884764737676,0.9807544370163319,38.0,41.0,227.55394736842106,239.66056910569105,75.68404210526316,71.5342048780488,59.65363684210526,58.437043902439044,18.23453947368421,16.49865853658536,9.79746835443038,0.0,218.7594936708861,6933.455696202532,14030.227848101265,20.461772151898735,69.3345569620253,73.53032911392405,17.333639240506326,18.382582278481014,91.91291139240506,59.02224050632913,0.0,1.0,1.0,1.0,-0.22963001054852322,1.518987341772152,0.0,0.0,2.825550632911392,0.25316455696202533,1.3924050632911393,0.4290903901921822,0.45722675697093784,0.0,0.0,6069.835443037975,146.9620253164557,0.0,194.43037974683546,0.0,2046.1772151898733,0.0,293.9240506329114,4887.278481012659,0.0,0.0,0.0,0.0,7960.392405063291
584,0.32024438346145667,0.3342941983523053,0.10110950555354847,0.10531472582484676,0.9807269956969124,0.9807889438790263,39.0,40.0,225.14444444444445,223.28833333333333,77.99401025641026,77.07552000000001,61.3516076923077,60.114942500000005,18.544871794871792,18.864687499999995,10.227848101265822,0.0,207.58227848101265,7482.721518987341,13452.278481012658,23.207088607594944,74.82721518987341,77.52895189873419,18.706803797468353,19.382237974683544,96.9111898734177,60.72544810126581,0.0,1.0,1.0,1.0,-0.2651135021097047,1.5063291139240507,0.0,0.0,1.903299999999999,0.27848101265822783,1.3924050632911393,0.4319599439927893,0.45133972967651403,0.0,0.0,5932.164556962025,153.41772151898735,0.0,203.74683544303798,0.0,2320.7088607594937,0.0,306.8354430379747,5162.012658227848,0.0,0.0,0.0,0.0,7520.113924050633
585,0.3214209045439926,0.3342941983523053,0.1024751095622569,0.10559659889625223,0.9807611001988267,0.9808260603367502,41.0,41.0,236.44227642276422,243.33292682926827,72.46439024390243,68.89724878048781,59.923626829268294,57.197936585365845,16.969085365853665,16.007317073170736,9.414634146341463,0.0,217.4390243902439,6595.280487804878,14393.256097560976,18.971219512195116,65.95280487804877,70.68081951219514,16.48820121951219,17.670204878048775,88.3510243902439,58.56078170731707,0.0,1.0,1.0,1.0,-0.22001628556910577,1.5,0.0,0.0,4.368163414634146,0.2926829268292683,1.4146341463414633,0.4259481987074909,0.44119637169454473,0.0,0.0,6053.975609756098,141.21951219512195,0.0,186.8048780487805,0.0,1897.121951219512,0.0,282.4390243902439,4698.158536585366,0.0,0.0,0.0,0.0,8339.280487804877
586,0.32153955781957566,0.3342941983523053,0.10387438912573417,0.10794486774155639,0.980795419798891,0.9808628651058318,40.0,39.0,225.50416666666666,240.56752136752135,74.97280000000002,70.0100923076923,58.87970749999998,58.23707948717949,18.557875000000006,16.37743589743589,9.721518987341772,0.0,224.40506329113924,6992.5822784810125,13976.430379746835,21.773670886075955,69.92582278481011,72.52285569620256,17.481455696202527,18.13071392405063,90.65356962025314,58.56246075949368,0.0,1.0,1.0,1.0,-0.220051265822785,1.4936708860759493,0.0,0.0,3.521060759493669,0.21518987341772153,1.4303797468354431,0.4480621852189445,0.44011052126943545,0.0,0.0,5990.822784810127,145.8227848101266,0.0,192.51898734177215,0.0,2177.3670886075947,0.0,291.6455696202532,4815.215189873417,0.0,0.0,0.0,0.0,7985.607594936709
587,0.32153955781957566,0.3342941983523053,0.10460660070026837,0.10939892280438666,0.9808308867460815,0.9808988073182516,41.0,38.0,245.22682926829268,222.2798245614035,66.95508292682925,80.38012631578944,54.878278048780494,63.00354210526316,15.748658536585367,18.933947368421055,9.79746835443038,0.0,221.79746835443038,6912.329113924051,14051.341772151898,20.342405063291142,69.12329113924052,73.41269873417723,17.28082278481013,18.353174683544307,91.76587341772152,58.78663291139242,0.0,1.0,1.0,1.0,-0.22472151898734186,1.481012658227848,0.0,0.0,2.654756962025315,0.21518987341772153,1.4177215189873418,0.45930933082033915,0.4252182852413573,0.0,0.0,6168.392405063291,146.9620253164557,0.0,194.44303797468353,0.0,2034.240506329114,0.0,293.9240506329114,4878.088607594937,0.0,0.0,0.0,0.0,7882.949367088608
588,0.3217038292007597,0.3342941983523053,0.10324250559050208,0.11093163551942398,0.9808670844730765,0.9809361487712986,38.0,41.0,228.8921052631579,232.75121951219515,74.7418947368421,74.47882926829267,59.63726842105264,59.033741463414636,18.035263157894736,17.477865853658535,9.974683544303797,0.0,217.84810126582278,7098.392405063291,13853.696202531646,21.426329113924055,70.9839240506329,74.60536708860761,17.745981012658223,18.651341772151895,93.25670886075947,59.32404556962028,0.0,1.0,1.0,1.0,-0.23591761603375536,1.518987341772152,0.0,0.0,2.4646594936708848,0.20253164556962025,1.4430379746835442,0.42745859634081473,0.46134843904039385,0.0,0.0,6066.822784810127,149.62025316455697,0.0,198.0506329113924,0.0,2142.6329113924053,0.0,299.24050632911394,4955.7594936708865,0.0,0.0,0.0,0.0,7786.873417721519
589,0.32178124106667466,0.3342941983523053,0.10622107095005108,0.10859936480886358,0.9809066748008829,0.9809692321456882,39.0,42.0,235.13333333333333,237.06547619047618,72.92488205128207,70.40121904761905,59.9061230769231,56.27663333333333,17.13365384615384,16.931845238095235,9.555555555555555,0.0,220.35802469135803,6811.604938271605,14168.111111111111,20.526913580246916,68.11604938271606,71.61631604938272,17.029012345679014,17.90407901234567,89.52039506172838,58.02416543209877,0.0,1.0,1.0,1.0,-0.20883677983539103,1.5185185185185186,0.0,0.0,3.4368617283950607,0.2345679012345679,1.4444444444444444,0.4296219991172277,0.46291687635642,0.0,0.0,6159.234567901234,143.33333333333334,0.0,189.28395061728395,0.0,2052.6913580246915,0.0,286.6666666666667,4758.913580246914,0.0,0.0,0.0,0.0,8008.876543209876
590,0.32178124106667466,0.3342941983523053,0.10420212305738502,0.11043223631302224,0.9809428413979673,0.9810062709291886,39.0,40.0,239.40897435897435,241.39624999999998,72.42240000000002,68.75248000000002,59.8857717948718,55.6637475,16.523012820512825,16.277187499999997,9.481012658227849,0.0,225.58227848101265,6559.4177215189875,14424.911392405063,18.761772151898736,65.59417721518992,70.56421265822785,16.39854430379748,17.641053164556958,88.20526582278484,57.74803797468355,0.0,1.0,1.0,1.0,-0.20308412447257387,1.5063291139240507,0.0,0.0,3.5823696202531616,0.27848101265822783,1.3417721518987342,0.44143597320558015,0.44878203931083777,0.0,0.0,6219.518987341772,142.21518987341773,0.0,188.0253164556962,0.0,1876.1772151898733,0.0,284.43037974683546,4683.2405063291135,0.0,0.0,0.0,0.0,8205.39240506329
591,0.3217847961510107,0.3343053105286233,0.1047521634810678,0.10967625480287295,0.9809790051280609,0.9810448891634215,39.0,38.0,226.95042735042733,235.70701754385965,76.61111794871793,73.35898947368422,61.23038717948719,59.11275526315791,18.330833333333334,17.074013157894733,9.844155844155845,0.0,227.57142857142858,7084.233766233766,13876.311688311689,20.857402597402604,70.84233766233768,75.00617142857145,17.71058441558442,18.751542857142862,93.75771428571431,60.18532207792208,0.0,1.0,1.0,1.0,-0.2538608766233767,1.4935064935064934,0.0,0.0,2.889735064935063,0.2077922077922078,1.4155844155844155,0.44777131623532146,0.4345171597623657,0.0,0.0,5985.025974025974,147.66233766233765,0.0,195.46753246753246,0.0,2085.7402597402597,0.0,295.3246753246753,4998.493506493506,0.0,0.0,0.0,0.0,7891.285714285715
592,0.3217847961510107,0.3343053105286233,0.10466399780840469,0.11073502745557642,0.9810171780892794,0.98108116224757,40.0,38.0,236.94500000000002,220.1315789473684,71.82064000000001,78.84597894736842,57.95063000000001,61.45229736842106,16.86675,19.28644736842105,10.115384615384615,0.0,225.16666666666666,7218.2307692307695,13725.23076923077,22.249487179487183,72.1823076923077,75.24324102564103,18.045576923076926,18.810810256410257,94.05405128205126,59.65657051282051,0.0,1.0,1.0,1.0,-0.24284521901709416,1.4871794871794872,0.0,0.0,2.4589064102564078,0.23076923076923078,1.4102564102564104,0.4545654849936953,0.43744053805458066,0.0,0.0,5982.01282051282,151.73076923076923,0.0,200.34615384615384,0.0,2224.948717948718,0.0,303.46153846153845,4993.282051282052,0.0,0.0,0.0,0.0,7743.217948717948
593,0.3217992102263966,0.3343053105286233,0.10328050220950269,0.10918089951118037,0.9810531712030667,0.9811187624667742,40.0,41.0,233.35208333333333,242.14268292682928,73.99664000000001,70.45463414634146,59.70760250000003,57.15361707317075,17.409375000000004,16.126768292682925,9.666666666666666,0.0,226.23456790123456,6704.061728395061,14268.098765432098,19.089753086419755,67.04061728395062,72.2037728395062,16.760154320987656,18.050943209876543,90.25471604938272,58.414844444444455,0.0,1.0,1.0,1.0,-0.2169759259259261,1.5061728395061729,0.0,0.0,2.971225925925924,0.18518518518518517,1.4197530864197532,0.4351808598550922,0.4502051554904014,0.0,0.0,6565.938271604939,145.0,0.0,191.8395061728395,0.0,1908.9753086419753,0.0,290.0,4795.086419753086,0.0,0.0,0.0,0.0,7702.16049382716
594,0.3217992102263966,0.3343053105286233,0.10275147716688576,0.11163582385252895,0.981087064145354,0.981154122144553,40.0,40.0,242.5775,228.35416666666666,68.83472,74.26976,57.078337499999996,57.91735500000001,16.1103125,18.153749999999995,9.5375,0.0,226.25,6852.8125,14127.95,20.973250000000004,68.52812499999999,71.55224000000001,17.132031249999997,17.888059999999996,89.44029999999997,57.49784625000002,0.0,1.0,1.0,1.0,-0.19787179687500017,1.5,0.0,0.0,3.077637499999998,0.275,1.35,0.4480276994928184,0.444792895036786,0.0,0.0,6253.15,143.0625,0.0,189.05,0.0,2097.325,0.0,286.125,4755.4875,0.0,0.0,0.0,0.0,7874.8
595,0.321800349318992,0.3351796312784152,0.10113241202866409,0.11221063003584715,0.9811218771325858,0.9811895011842041,38.0,40.0,236.24912280701756,235.255,72.21187368421054,72.77456000000002,57.11677368421052,59.708900000000014,17.00565789473684,17.125625,9.679487179487179,0.0,226.33333333333334,6826.871794871795,14144.358974358975,20.09730769230769,68.26871794871798,72.50043076923073,17.067179487179494,18.125107692307683,90.62553846153848,58.44606923076924,0.0,1.0,1.0,1.0,-0.21762644230769246,1.5128205128205128,0.0,0.0,3.012817948717948,0.3076923076923077,1.4102564102564104,0.4328846011307236,0.44966962003710503,0.0,0.0,6137.4358974358975,145.19230769230768,0.0,192.19230769230768,0.0,2009.7307692307693,0.0,290.38461538461536,4817.141025641025,0.0,0.0,0.0,0.0,8006.923076923077
596,0.321800349318992,0.3351796312784152,0.10120530976470338,0.11168241464007873,0.9811552982360858,0.9812259489390373,37.0,40.0,237.8454954954955,237.745,71.79762162162163,72.0912,58.985627027027036,58.6800775,16.74331081081081,16.774437500000005,9.688311688311689,0.0,231.1818181818182,6703.792207792208,14267.597402597403,19.304155844155847,67.03792207792209,71.95012987012987,16.759480519480523,17.987532467532464,89.93766233766232,58.82689999999997,0.0,1.0,1.0,1.0,-0.22556041666666682,1.5194805194805194,0.0,0.0,3.6362506493506483,0.24675324675324675,1.4155844155844155,0.4252338612165697,0.4609155131296818,0.0,0.0,5776.233766233766,145.32467532467533,0.0,191.63636363636363,0.0,1930.4155844155844,0.0,290.64935064935065,4773.376623376624,0.0,0.0,0.0,0.0,8491.363636363636
597,0.321800349318992,0.3351796312784152,0.09895592387262837,0.11213153732503389,0.98118740190091,0.9812601812321832,37.0,40.0,222.94594594594594,245.34041666666664,76.97366486486487,68.51567999999999,61.033097297297296,58.259495,18.87297297297297,15.707999999999998,9.753246753246753,0.0,226.9090909090909,6891.532467532467,14074.766233766233,20.746363636363636,68.91532467532465,72.57990649350651,17.228831168831164,18.144976623376625,90.72488311688312,59.59226493506494,0.0,1.0,1.0,1.0,-0.24150551948051963,1.5194805194805194,0.0,0.0,4.2411896103896085,0.2077922077922078,1.4415584415584415,0.43041095823360553,0.4603391875797274,0.0,0.0,5965.961038961039,146.2987012987013,0.0,193.80519480519482,0.0,2074.6363636363635,0.0,292.5974025974026,4816.896103896104,0.0,0.0,0.0,0.0,8108.805194805195
598,0.321800349318992,0.3351796312784152,0.09770498015537284,0.11345126427243223,0.9812229862906231,0.9812932167528058,39.0,38.0,231.2576923076923,220.41973684210524,74.6822564102564,77.05027368421054,60.16558717948721,61.05715263157895,17.726858974358983,19.255000000000006,10.064935064935066,0.0,232.0,7392.402597402597,13554.545454545454,23.472337662337665,73.92402597402595,75.85088831168832,18.481006493506488,18.962722077922074,94.8136103896104,60.60558051948054,0.0,1.0,1.0,1.0,-0.26261626082251094,1.4935064935064934,0.0,0.0,3.2356987012986997,0.22077922077922077,1.3896103896103895,0.44705722492826333,0.44151089864579796,0.0,0.0,6119.324675324675,150.7792207792208,0.0,199.32467532467533,0.0,2347.2337662337663,0.0,301.94805194805195,5045.168831168831,0.0,0.0,0.0,0.0,7435.220779220779
599,0.321800349318992,0.3351796312784152,0.09764124115264172,0.11407192502763047,0.9812580605152891,0.981325958894418,39.0,40.0,235.60811965811965,238.36791666666667,72.09517948717948,72.94000000000001,58.8207358974359,59.07771250000002,17.06903846153846,16.680125,9.708860759493671,0.0,223.39240506329114,6748.848101265823,14220.32911392405,19.325189873417724,67.48848101265824,72.52293670886077,16.87212025316456,18.130734177215185,90.65367088607599,58.9508506329114,0.0,1.0,1.0,1.0,-0.22814272151898748,1.5063291139240507,0.0,0.0,3.3000341772151884,0.24050632911392406,1.4050632911392404,0.4351781081298102,0.4501071256510046,0.0,0.0,6301.734177215189,145.63291139240508,0.0,192.9240506329114,0.0,1932.5189873417721,0.0,291.26582278481015,4816.329113924051,0.0,0.0,0.0,0.0,7918.594936708861
600,0.321800349318992,0.3351796312784152,0.09756028634900017,0.11379163338706888,0.9812905994180346,0.9813601370306061,39.0,40.0,223.29871794871795,228.73083333333335,75.27483076923079,75.82352000000002,60.90263333333334,60.17238250000001,18.86532051282051,18.05325,10.08860759493671,0.0,231.39240506329114,7381.658227848101,13562.949367088608,23.61860759493672,73.81658227848102,75.55264810126586,18.454145569620255,18.88816202531646,94.44081012658229,60.53288607594938,0.0,1.0,1.0,1.0,-0.26110179324894534,1.5063291139240507,0.0,0.0,3.434383544303797,0.20253164556962025,1.4430379746835442,0.43220607091316143,0.4502715627182895,0.0,0.0,5845.329113924051,151.32911392405063,0.0,200.40506329113924,0.0,2361.8607594936707,0.0,302.65822784810126,5019.797468354431,0.0,0.0,0.0,0.0,7717.620253164557
601,0.321800349318992,0.3351796312784152,0.0981564505538302,0.11385712827893751,0.9813258970370249,0.9813956989069291,40.0,41.0,235.98708333333335,239.2536585365854,71.62848,70.33802926829269,58.760300000000015,59.01764878048781,17.075499999999995,16.565121951219517,9.469135802469136,0.0,232.85185185185185,6726.864197530864,14258.432098765432,20.104691358024688,67.26864197530864,70.9752888888889,16.81716049382716,17.743822222222224,88.71911111111113,58.890562962962946,0.0,1.0,1.0,1.0,-0.22688672839506188,1.5061728395061729,0.0,0.0,4.732434567901231,0.2345679012345679,1.4197530864197532,0.44130939774518485,0.4493700405492851,0.0,0.0,6378.333333333333,142.03703703703704,0.0,187.59259259259258,0.0,2010.469135802469,0.0,284.0740740740741,4716.395061728395,0.0,0.0,0.0,0.0,7880.098765432099
602,0.321800349318992,0.3351796312784152,0.09750974410650765,0.1150878770162962,0.9813564970406337,0.9814280958092679,39.0,40.0,238.2525641025641,233.18833333333333,72.79737435897437,73.14832000000001,57.94043076923077,58.84744500000003,16.659935897435894,17.4979375,9.620253164556962,0.0,232.9367088607595,6833.696202531645,14141.303797468354,19.742911392405073,68.3369620253165,72.9750683544304,17.084240506329124,18.243767088607594,91.21883544303797,58.39967848101268,0.0,1.0,1.0,1.0,-0.21665996835443066,1.5063291139240507,0.0,0.0,2.508850632911392,0.25316455696202533,1.3924050632911393,0.43885072019322946,0.4453722602348036,0.0,0.0,6484.544303797468,144.30379746835442,0.0,191.08860759493672,0.0,1974.2911392405063,0.0,288.60759493670884,4859.405063291139,0.0,0.0,0.0,0.0,7656.7594936708865
603,0.321800349318992,0.3351796312784152,0.09565098132195862,0.1139717182530478,0.9813912919095235,0.9814617881518111,40.0,38.0,243.2225,236.00701754385963,69.26560000000003,73.0831157894737,57.40028000000001,58.7492157894737,15.9924375,16.985789473684218,9.653846153846153,0.0,233.4102564102564,6590.551282051282,14382.435897435897,18.78589743589744,65.9055128205128,71.12541538461542,16.4763782051282,17.781353846153845,88.90676923076921,58.057453846153855,0.0,1.0,1.0,1.0,-0.20953028846153862,1.4871794871794872,0.0,0.0,3.408416666666665,0.19230769230769232,1.4230769230769231,0.44891900504358784,0.4349308035534993,0.0,0.0,6483.538461538462,144.80769230769232,0.0,191.5897435897436,0.0,1878.5897435897436,0.0,289.61538461538464,4711.961538461538,0.0,0.0,0.0,0.0,7898.897435897436
604,0.321800349318992,0.3351796312784152,0.09396175372927723,0.11378694682756368,0.9814259824730962,0.9814990741496159,39.0,39.0,227.56367521367522,229.3653846153846,74.79401025641026,74.8279794871795,59.08188974358976,60.4198564102564,18.264679487179485,17.974102564102566,9.91025641025641,0.0,237.83333333333334,7247.75641025641,13707.871794871795,22.702948717948722,72.47756410256407,74.81099487179489,18.11939102564102,18.702748717948715,93.51374358974361,59.750873076923085,0.0,1.0,1.0,1.0,-0.24480985576923084,1.5,0.0,0.0,3.0592692307692286,0.16666666666666666,1.4102564102564104,0.44174318213781616,0.4436949872248987,0.0,0.0,5780.923076923077,148.65384615384616,0.0,197.4102564102564,0.0,2270.2948717948716,0.0,297.3076923076923,4977.461538461538,0.0,0.0,0.0,0.0,7926.948717948718
605,0.321800349318992,0.3351796312784152,0.09141299555032761,0.11342749249683912,0.9814607784239106,0.981531675966236,39.0,40.0,232.27692307692308,235.49833333333333,72.32180512820511,71.14512000000002,57.36991282051282,56.44666000000002,17.57288461538462,17.1433125,9.594936708860759,0.0,236.0,6942.151898734177,14034.481012658227,21.781139240506338,69.42151898734178,71.72601518987341,17.355379746835446,17.931503797468352,89.65751898734176,56.9024430379747,0.0,1.0,1.0,1.0,-0.18546756329113945,1.5063291139240507,0.0,0.0,2.5318075949367063,0.21518987341772153,1.4303797468354431,0.44107972703442855,0.44946739968605437,0.0,0.0,6461.683544303797,143.9240506329114,0.0,190.59493670886076,0.0,2178.1139240506327,0.0,287.8481012658228,4764.037974683544,0.0,0.0,0.0,0.0,7572.797468354431
606,0.321800349318992,0.3351796312784152,0.09023116351347255,0.11600973970152464,0.9814947292014428,0.9815636768828223,39.0,39.0,234.5739316239316,233.81837606837607,73.0300717948718,72.20758974358975,58.35200256410257,58.419235897435904,17.208846153846153,17.35858974358974,9.76923076923077,0.0,234.5,6913.48717948718,14051.76923076923,20.949487179487186,69.13487179487178,72.61883076923078,17.283717948717946,18.154707692307696,90.77353846153848,58.38561923076923,0.0,1.0,1.0,1.0,-0.21636706730769248,1.5,0.0,0.0,3.050506410256409,0.2564102564102564,1.3974358974358974,0.44286439043111686,0.45073568016832094,0.0,0.0,6162.2692307692305,146.53846153846155,0.0,194.12820512820514,0.0,2094.948717948718,0.0,293.0769230769231,4818.538461538462,0.0,0.0,0.0,0.0,7889.5
607,0.321800349318992,0.3351796312784152,0.09065222683906671,0.11472529728619904,0.9815251998873477,0.9815983191367441,40.0,39.0,242.47208333333336,217.667094017094,68.56016000000001,80.41468717948719,55.230515000000004,62.73866410256411,16.158812500000003,19.6049358974359,9.89873417721519,0.0,232.32911392405063,7144.025316455696,13813.594936708861,21.966962025316466,71.44025316455696,74.41239493670885,17.86006329113924,18.60309873417721,93.01549367088606,58.937069620253155,0.0,1.0,1.0,1.0,-0.22785561708860763,1.4936708860759493,0.0,0.0,2.3847379746835426,0.20253164556962025,1.4303797468354431,0.44236662296918705,0.4442704728247959,0.0,0.0,6008.227848101265,148.48101265822785,0.0,195.9367088607595,0.0,2196.6962025316457,0.0,296.9620253164557,4947.329113924051,0.0,0.0,0.0,0.0,7805.367088607595
608,0.321800349318992,0.3351796312784152,0.09032446506175365,0.11358652223776598,0.9815618517680978,0.9816297940126195,37.0,43.0,230.65405405405406,246.9763565891473,72.97331891891892,67.7245023255814,56.85438108108109,57.367288372093036,17.853918918918918,15.421918604651164,9.4875,0.0,240.9625,6618.6875,14365.6375,19.682124999999992,66.18687500000001,70.15208000000001,16.546718750000004,17.538019999999996,87.69009999999999,57.13006875,0.0,1.0,1.0,1.0,-0.19020976562500017,1.5375,0.0,0.0,3.524707499999997,0.225,1.45,0.4161843538509369,0.46908455770551516,0.0,0.0,6410.6,142.3125,0.0,187.7375,0.0,1968.2125,0.0,284.625,4650.475,0.0,0.0,0.0,0.0,7955.0375
609,0.321800349318992,0.3351796312784152,0.0914179530966982,0.11309517617445623,0.9816007342647304,0.9816634554414737,36.0,42.0,198.80740740740742,253.49007936507937,86.66275555555556,64.76083809523809,65.37285277777781,54.237116666666665,22.30298611111111,14.565714285714286,10.012820512820513,0.0,233.84615384615384,7254.705128205128,13695.115384615385,22.816538461538464,72.5470512820513,74.8694153846154,18.136762820512825,18.71735384615385,93.58676923076924,59.376687179487185,0.0,1.0,1.0,1.0,-0.23701431623931646,1.5384615384615385,0.0,0.0,2.6440346153846153,0.28205128205128205,1.4102564102564104,0.41411776630664193,0.4753804183202298,0.0,0.0,5988.217948717948,149.83333333333334,0.0,198.96153846153845,0.0,2281.653846153846,0.0,300.38461538461536,4973.051282051282,0.0,0.0,0.0,0.0,7706.897435897436
610,0.32340019216727584,0.3354605778756413,0.09331752583410774,0.11214749232666249,0.981633295371752,0.981696919216803,43.0,38.0,246.4639534883721,209.99824561403508,66.7838511627907,80.50492631578948,55.488965116279076,60.91415000000001,15.616627906976747,20.76118421052632,9.654320987654321,0.0,226.28395061728395,7212.049382716049,13761.395061728395,23.364197530864203,72.12049382716046,73.22089876543211,18.030123456790115,18.305224691358024,91.52612345679012,58.03411358024691,0.0,1.0,1.0,1.0,-0.20904403292181079,1.4691358024691359,0.0,0.0,2.843338271604938,0.2839506172839506,1.3580246913580247,0.44875706229030027,0.4220301070632122,0.0,0.0,5708.9876543209875,143.66666666666666,0.0,192.25925925925927,0.0,2336.41975308642,0.0,289.6296296296296,4875.62962962963,0.0,0.0,0.0,0.0,8052.407407407408
611,0.32340019216727584,0.3354605778756413,0.09428242322684198,0.11234085340037879,0.9816658609062405,0.981729189990705,38.0,42.0,225.4109649122807,236.36190476190478,76.32555789473686,71.58278095238094,61.1829157894737,57.77760714285715,18.560592105263154,16.99732142857143,9.7625,0.0,235.1875,7095.95,13869.6125,21.817625000000007,70.9595,73.83560000000003,17.739875,18.458900000000007,92.2945,59.39512875000001,0.0,1.0,1.0,1.0,-0.2373985156250002,1.525,0.0,0.0,3.2994037499999984,0.2625,1.425,0.4150683561864719,0.45639049632291673,0.0,0.0,5861.825,146.4375,0.0,194.125,0.0,2181.7625,0.0,292.875,4914.1875,0.0,0.0,0.0,0.0,8007.7875
612,0.32340019216727584,0.3354605778756413,0.0937207008353519,0.11262063429730029,0.9816972747952362,0.9817625109288685,39.0,41.0,229.52521367521368,238.22357723577235,74.13234871794873,71.69701463414637,59.04329230769232,57.154456097560974,17.956666666666667,16.71158536585366,9.7625,0.0,241.7375,6927.425,14038.9875,20.875625000000007,69.27425,72.88423999999998,17.3185625,18.22105999999999,91.10530000000001,58.07526375,0.0,1.0,1.0,1.0,-0.20990132812500012,1.5125,0.0,0.0,2.509586249999998,0.2625,1.4375,0.4332245901651756,0.4552490752657645,0.0,0.0,6326.0,146.4375,0.0,193.275,0.0,2087.5625,0.0,292.875,4839.8625,0.0,0.0,0.0,0.0,7712.9875
613,0.323416402213182,0.3354605778756413,0.09397357621192999,0.11382880577822149,0.9817300058253932,0.9817933063081337,40.0,40.0,257.265,232.36375,61.16192000000002,74.29856000000001,53.52428000000001,58.078072500000005,14.06475,17.513062500000007,9.175,0.0,234.5125,6315.5625,14688.8625,18.2695,63.155625,67.73024000000001,15.78890625,16.932559999999995,84.66280000000003,55.801176250000005,0.0,1.0,1.0,1.0,-0.16252450520833345,1.5,0.0,0.0,3.859842499999998,0.275,1.45,0.4238165102440326,0.4536387609807779,0.0,0.0,6549.9,137.625,0.0,181.7,0.0,1826.95,0.0,275.25,4488.6125,0.0,0.0,0.0,0.0,8138.9625
614,0.323416402213182,0.3354605778756413,0.09571643667593246,0.11144553179683586,0.9817614704439203,0.9818248714852662,34.0,41.0,199.46617647058824,240.12276422764228,84.85590588235297,71.35188292682928,62.97718529411765,58.655241463414626,22.246176470588235,16.445609756097557,10.333333333333334,0.0,245.01333333333332,7630.08,13301.506666666666,24.81613333333333,76.30080000000001,77.4737066666667,19.075200000000002,19.368426666666664,96.84213333333334,60.61452266666668,0.0,1.0,1.0,1.0,-0.26280255555555576,1.5466666666666666,0.0,0.0,2.216015999999998,0.24,1.4,0.4012056451814469,0.48025306719686295,0.0,0.0,5223.973333333333,152.24,0.0,205.17333333333335,0.0,2481.6133333333332,0.0,310.0,5148.466666666666,0.0,0.0,0.0,0.0,8077.533333333334
615,0.323416402213182,0.3354605778756413,0.09448833533907053,0.11378779908472009,0.981798180978032,0.9818564030872488,40.0,40.0,221.07250000000002,231.90125,78.88431999999999,72.24640000000001,61.7324925,57.689822500000005,19.1539375,17.656250000000004,9.9875,0.0,242.7875,7362.0375,13589.2125,23.323999999999995,73.62037499999998,75.56536000000003,18.405093749999995,18.891339999999992,94.45670000000001,59.71115750000001,0.0,1.0,1.0,1.0,-0.24398244791666684,1.5,0.0,0.0,2.5508912499999985,0.25,1.4125,0.43935434391164063,0.44379392076326474,0.0,0.0,5675.3625,149.8125,0.0,198.3125,0.0,2332.4,0.0,299.625,5029.6375,0.0,0.0,0.0,0.0,7913.85
616,0.323416402213182,0.3354605778756413,0.09604638854407382,0.1123247214810486,0.9818279629087722,0.9818926330676123,42.0,39.0,251.52896825396826,230.34444444444443,65.20106666666668,73.53140512820512,57.05940714285715,58.84599487179488,14.863928571428573,17.830384615384617,9.283950617283951,0.0,246.55555555555554,6516.888888888889,14479.74074074074,19.2204938271605,65.1688888888889,69.21197037037041,16.292222222222225,17.302992592592595,86.51496296296298,57.91961604938271,0.0,1.0,1.0,1.0,-0.20665866769547342,1.4814814814814814,0.0,0.0,4.999867901234567,0.24691358024691357,1.382716049382716,0.4587938159093182,0.42734669618547794,0.0,0.0,6504.530864197531,139.25925925925927,0.0,184.59259259259258,0.0,1922.0493827160494,0.0,278.51851851851853,4594.83950617284,0.0,0.0,0.0,0.0,7975.20987654321
617,0.323416402213182,0.3354605778756413,0.096297286979642,0.11103840555004436,0.9818606435667248,0.9819259687896956,37.0,40.0,222.52972972972972,240.16666666666666,74.88432432432433,70.5144,59.28977027027026,58.2569875,18.96445945945946,16.454125,9.766233766233766,0.0,240.80519480519482,7064.1558441558445,13901.506493506493,22.457142857142852,70.64155844155843,72.61423376623377,17.660389610389608,18.153558441558438,90.7677922077922,58.75325974025976,0.0,1.0,1.0,1.0,-0.2240262445887448,1.5194805194805194,0.0,0.0,3.7994155844155824,0.24675324675324675,1.4155844155844155,0.4291198361159506,0.45534419880846505,0.0,0.0,6034.792207792208,146.4935064935065,0.0,193.85714285714286,0.0,2245.714285714286,0.0,292.987012987013,4818.441558441558,0.0,0.0,0.0,0.0,7866.714285714285
618,0.323416402213182,0.3354605778756413,0.09748247248316785,0.11074228280800336,0.9818906693760296,0.9819578880594628,39.0,38.0,234.44358974358974,230.31535087719297,71.50621538461542,74.79444210526317,58.53863333333333,59.83747894736843,17.333141025641023,17.77861842105263,9.779220779220779,0.0,239.36363636363637,7021.194805194805,13944.376623376624,21.63675324675324,70.21194805194804,73.12897662337664,17.55298701298701,18.282244155844158,91.41122077922077,59.17962207792209,0.0,1.0,1.0,1.0,-0.2329087932900434,1.4935064935064934,0.0,0.0,3.603632467532467,0.2077922077922078,1.4415584415584415,0.45125199681818,0.4378473142177343,0.0,0.0,6217.207792207792,146.6883116883117,0.0,193.36363636363637,0.0,2163.6753246753246,0.0,293.3766233766234,4857.519480519481,0.0,0.0,0.0,0.0,7727.168831168831
619,0.323416402213182,0.3354605778756413,0.09853050500621569,0.1103994423297003,0.981920654873656,0.9819867684731757,37.0,40.0,219.73513513513515,232.35541666666668,79.3115675675676,74.10512,61.749402702702696,61.075644999999994,19.330675675675675,17.534750000000006,10.220779220779221,0.0,243.27272727272728,7359.090909090909,13577.467532467532,22.684935064935072,73.59090909090912,76.60691948051951,18.39772727272728,19.151729870129873,95.75864935064939,61.399398701298715,0.0,1.0,1.0,1.0,-0.2791541396103897,1.5194805194805194,0.0,0.0,3.1902064935064924,0.19480519480519481,1.4675324675324675,0.43287631515852704,0.45505703182924206,0.0,0.0,5416.623376623376,153.3116883116883,0.0,202.5064935064935,0.0,2268.4935064935066,0.0,306.6233766233766,5090.597402597403,0.0,0.0,0.0,0.0,8160.8441558441555
620,0.323416402213182,0.3354605778756413,0.09982031915724482,0.11126082992357605,0.9819546832798303,0.9820177201836722,40.0,41.0,234.64874999999998,248.83414634146342,72.4768,65.89486829268296,58.667365,56.758153658536585,17.2190625,15.20707317073171,9.395061728395062,0.0,251.28395061728395,6480.259259259259,14509.74074074074,19.003580246913575,64.80259259259259,69.14520493827158,16.200648148148147,17.286301234567894,86.43150617283949,57.700974074074075,0.0,1.0,1.0,1.0,-0.20210362654320999,1.5061728395061729,0.0,0.0,4.756417283950615,0.25925925925925924,1.4320987654320987,0.44197030543353155,0.44140340603237815,0.0,0.0,6088.666666666667,140.92592592592592,0.0,186.22222222222223,0.0,1900.358024691358,0.0,281.85185185185185,4579.901234567901,0.0,0.0,0.0,0.0,8421.074074074075
621,0.323416402213182,0.3354605778756413,0.09978524690235617,0.1133268960502092,0.9819876843398221,0.9820496830244768,40.0,38.0,230.54500000000002,237.72105263157894,71.79488,72.15393684210528,58.22694249999999,58.3442,17.873562500000006,16.751578947368422,9.64102564102564,0.0,239.8846153846154,6930.782051282052,14042.461538461539,21.517307692307693,69.3078205128205,71.96980512820514,17.326955128205125,17.992451282051285,89.9622564102564,58.28406794871793,0.0,1.0,1.0,1.0,-0.21425141559829072,1.4871794871794872,0.0,0.0,3.641217948717947,0.19230769230769232,1.4102564102564104,0.45001635000677537,0.43359295568681244,0.0,0.0,6366.5641025641025,144.6153846153846,0.0,191.9102564102564,0.0,2151.730769230769,0.0,289.2307692307692,4779.051282051282,0.0,0.0,0.0,0.0,7675.897435897436
622,0.323416402213182,0.3354605778756413,0.09975843573108799,0.1141618663265893,0.9820211189779476,0.9820822842952905,39.0,38.0,221.18931623931624,233.1657894736842,77.01546666666667,72.2004210526316,59.685653846153855,59.26006315789473,19.1600641025641,17.477434210526315,9.883116883116884,0.0,241.67532467532467,7331.87012987013,13625.987012987012,23.65454545454546,73.31870129870128,74.63921038961035,18.32967532467532,18.65980259740259,93.29901298701299,59.47562207792208,0.0,1.0,1.0,1.0,-0.23907545995670998,1.4935064935064934,0.0,0.0,3.1660870129870107,0.22077922077922077,1.4285714285714286,0.4487199028401724,0.4372490513897047,0.0,0.0,5695.597402597403,148.1038961038961,0.0,196.54545454545453,0.0,2365.4545454545455,0.0,296.4935064935065,4966.415584415585,0.0,0.0,0.0,0.0,7930.38961038961
623,0.323416402213182,0.3354605778756413,0.09955900833382404,0.1113668094958047,0.9820516236818676,0.9821117262837845,41.0,37.0,239.44146341463414,225.12702702702703,70.41810731707318,75.58400000000003,58.23433170731707,57.891967567567576,16.556402439024385,18.587432432432436,9.743589743589743,0.0,246.73076923076923,7007.9358974358975,13959.076923076924,21.67641025641026,70.07935897435894,72.86859487179487,17.519839743589735,18.217148717948714,91.0857435897436,58.07192820512821,0.0,1.0,1.0,1.0,-0.2098318376068378,1.4743589743589745,0.0,0.0,2.723173076923074,0.24358974358974358,1.3974358974358974,0.4650258686905585,0.4284856573669052,0.0,0.0,6039.833333333333,146.15384615384616,0.0,193.52564102564102,0.0,2167.641025641026,0.0,292.3076923076923,4840.294871794872,0.0,0.0,0.0,0.0,7919.24358974359
624,0.323416402213182,0.3354605778756413,0.09721256251120342,0.11214059339662066,0.9820812112255976,0.9821456657012433,40.0,38.0,237.69458333333333,225.07456140350877,70.66768,76.21642105263159,57.835747500000004,59.471407894736856,16.797312499999997,18.569605263157893,9.897435897435898,0.0,242.66666666666666,7064.294871794872,13892.78205128205,21.982179487179476,70.6429487179487,73.37091282051283,17.660737179487175,18.342728205128203,91.71364102564101,58.6326076923077,0.0,1.0,1.0,1.0,-0.22151266025641045,1.4871794871794872,0.0,0.0,2.9224320512820503,0.24358974358974358,1.4230769230769231,0.45286743291392173,0.43685117685520114,0.0,0.0,6077.384615384615,148.46153846153845,0.0,196.53846153846155,0.0,2198.2179487179487,0.0,296.9230769230769,4866.076923076923,0.0,0.0,0.0,0.0,7815.397435897436
625,0.323416402213182,0.3354605778756413,0.09708985955817548,0.11706269704620353,0.9821139774526091,0.9821790564246008,39.0,40.0,240.37905982905983,239.26166666666668,69.48168205128204,69.36512000000002,56.77999230769232,56.637345,16.425833333333337,16.598,9.316455696202532,0.0,247.0253164556962,6605.202531645569,14388.79746835443,19.967468354430387,66.0520253164557,69.42266329113927,16.513006329113924,17.35566582278481,86.77832911392406,56.70776582278483,0.0,1.0,1.0,1.0,-0.18141178797468369,1.5063291139240507,0.0,0.0,3.7981088607594926,0.25316455696202533,1.379746835443038,0.43386372427764347,0.4510659342240515,0.0,0.0,6478.898734177215,139.74683544303798,0.0,185.7594936708861,0.0,1996.746835443038,0.0,279.49367088607596,4608.455696202532,0.0,0.0,0.0,0.0,7909.898734177215
626,0.323416402213182,0.3354605778756413,0.0958117985709293,0.11619217554526522,0.9821498871668782,0.9822069000394085,37.0,38.0,228.69864864864863,225.85438596491227,76.10049729729731,74.75806315789475,59.672272972973,58.564857894736846,18.08155405405406,18.496184210526312,9.973333333333333,0.0,244.05333333333334,7316.653333333334,13635.453333333333,22.971066666666662,73.16653333333335,75.42033066666666,18.291633333333337,18.855082666666654,94.27541333333335,59.11118266666668,0.0,1.0,1.0,1.0,-0.23148297222222244,1.5066666666666666,0.0,0.0,1.982485333333332,0.24,1.44,0.44033372737734056,0.4514360130186906,0.0,0.0,6011.133333333333,149.6,0.0,198.09333333333333,0.0,2297.1066666666666,0.0,299.2,5019.546666666667,0.0,0.0,0.0,0.0,7624.32
627,0.323416402213182,0.3354605778756413,0.09743495974293516,0.11640636698729433,0.9821794932087571,0.9822393988284793,38.0,39.0,210.42763157894737,245.47264957264957,81.4442105263158,68.29554871794875,62.671771052631584,55.459633333333336,20.67993421052632,15.720320512820512,9.883116883116884,0.0,252.66233766233765,7267.168831168831,13690.662337662337,22.894025974025965,72.6716883116883,74.7844987012987,18.167922077922075,18.696124675324672,93.48062337662336,59.018870129870145,0.0,1.0,1.0,1.0,-0.22955979437229457,1.5064935064935066,0.0,0.0,2.4022935064935047,0.19480519480519481,1.4155844155844155,0.4386053137436269,0.4430176879055629,0.0,0.0,6015.935064935065,147.97402597402598,0.0,196.7012987012987,0.0,2289.4025974025976,0.0,296.4935064935065,4977.766233766234,0.0,0.0,0.0,0.0,7674.727272727273
628,0.323416402213182,0.3354605778756413,0.09837434941192191,0.11445510387395995,0.9822113412405915,0.9822722863454202,42.0,36.0,248.5702380952381,224.2287037037037,66.69668571428574,77.45831111111113,56.51583333333336,61.21061944444445,15.262916666666662,18.701180555555556,9.538461538461538,0.0,257.7435897435897,6739.923076923077,14240.141025641025,19.758205128205134,67.39923076923078,71.66358974358975,16.849807692307696,17.91589743589743,89.57948717948722,58.68265769230769,0.0,1.0,1.0,1.0,-0.22255536858974373,1.4615384615384615,0.0,0.0,3.8688756410256397,0.2948717948717949,1.3333333333333333,0.47070173239363017,0.410056745546505,0.0,0.0,6218.653846153846,143.07692307692307,0.0,189.7051282051282,0.0,1975.820512820513,0.0,286.15384615384613,4764.102564102564,0.0,0.0,0.0,0.0,8021.48717948718
629,0.323416402213182,0.3354605778756413,0.10053956893443937,0.1170293580635445,0.9822437910646064,0.9823051424050792,38.0,38.0,230.50526315789475,227.40570175438597,74.33111578947369,75.50400000000002,59.720523684210534,58.16514999999999,17.81388157894737,18.234802631578944,10.052631578947368,0.0,256.7763157894737,7209.736842105263,13737.328947368422,22.36407894736842,72.09736842105262,74.91755789473685,18.024342105263155,18.72938947368421,93.64694736842105,58.942836842105265,0.0,1.0,1.0,1.0,-0.22797576754385987,1.5,0.0,0.0,2.049621052631578,0.27631578947368424,1.368421052631579,0.44304592244541646,0.4504860978561319,0.0,0.0,6420.105263157895,150.78947368421052,0.0,199.56578947368422,0.0,2236.407894736842,0.0,301.57894736842104,4973.328947368421,0.0,0.0,0.0,0.0,7317.223684210527
630,0.323416402213182,0.3354605778756413,0.10062022709321485,0.11787639123641708,0.9822762004801503,0.9823333563096187,39.0,40.0,219.24700854700856,249.82291666666666,78.74625641025644,64.49151999999998,63.466156410256424,53.69590250000001,19.42198717948718,15.099625,9.594936708860759,0.0,246.48101265822785,6893.379746835443,14083.708860759494,21.447594936708867,68.93379746835444,71.52866835443041,17.23344936708861,17.882167088607595,89.41083544303798,58.51919240506329,0.0,1.0,1.0,1.0,-0.21914984177215205,1.5063291139240507,0.0,0.0,4.223973417721518,0.24050632911392406,1.4556962025316456,0.4350524855130125,0.44859832439315084,0.0,0.0,6315.7594936708865,143.9240506329114,0.0,190.13924050632912,0.0,2144.759493670886,0.0,287.8481012658228,4748.620253164557,0.0,0.0,0.0,0.0,7767.949367088608
631,0.323416402213182,0.3354605778756413,0.10307929003703993,0.1172309066258545,0.9823085773223279,0.9823664792958229,42.0,36.0,241.00833333333333,237.39351851851853,69.48921904761906,71.15573333333333,57.25832857142856,58.29162222222222,16.32380952380952,16.876319444444448,9.35897435897436,0.0,257.9230769230769,6631.525641025641,14360.397435897436,19.615000000000002,66.31525641025642,70.25837948717947,16.578814102564106,17.564594871794863,87.82297435897436,57.73523333333334,0.0,1.0,1.0,1.0,-0.2028173611111112,1.4615384615384615,0.0,0.0,4.055667948717947,0.2692307692307692,1.3333333333333333,0.4728547218115708,0.40835911499341904,0.0,0.0,5969.217948717948,140.3846153846154,0.0,185.92307692307693,0.0,1961.5,0.0,280.7692307692308,4670.025641025641,0.0,0.0,0.0,0.0,8391.179487179486
632,0.323416402213182,0.3354605778756413,0.10268505706332749,0.11798847080559309,0.9823372776286725,0.9823960660392657,40.0,34.0,242.225,223.47107843137255,68.61536,77.50268235294116,55.99128000000002,59.73640000000001,16.1430625,18.803823529411765,9.824324324324325,0.0,255.82432432432432,6946.22972972973,14016.5,21.262702702702704,69.4622972972973,72.69872432432432,17.365574324324324,18.174681081081072,90.8734054054054,57.71201081081081,0.0,1.0,1.0,1.0,-0.2023335585585587,1.4594594594594594,0.0,0.0,2.378860810810809,0.25675675675675674,1.337837837837838,0.4792095589618567,0.411418254536921,0.0,0.0,6328.945945945946,147.36486486486487,0.0,194.17567567567568,0.0,2126.2702702702704,0.0,294.72972972972974,4819.959459459459,0.0,0.0,0.0,0.0,7687.554054054054
633,0.323416402213182,0.3354605778756413,0.10329059157403421,0.11828714862930222,0.9823680755452594,0.982426864203114,39.0,36.0,237.4346153846154,221.03564814814814,70.05013333333333,77.14488888888891,57.73472564102563,59.795944444444444,16.834743589743592,19.172986111111115,9.893333333333333,0.0,251.97333333333333,7182.84,13773.786666666667,23.09786666666667,71.82840000000003,73.45561600000002,17.957100000000008,18.363903999999998,91.81952,58.72411066666666,0.0,1.0,1.0,1.0,-0.2234189722222223,1.48,0.0,0.0,3.2255946666666646,0.21333333333333335,1.4133333333333333,0.4591189084821483,0.4248505401965899,0.0,0.0,6033.613333333334,148.4,0.0,197.17333333333335,0.0,2309.786666666667,0.0,296.8,4873.053333333333,0.0,0.0,0.0,0.0,7740.173333333333
634,0.323416402213182,0.3354605778756413,0.10155607662028127,0.12109135496225391,0.9823984481613013,0.9824605276696653,38.0,38.0,225.77719298245614,241.6311403508772,76.32269473684212,70.08555789473685,59.643365789473684,58.47683421052632,18.456118421052626,16.22085526315789,9.881578947368421,0.0,254.6578947368421,6935.394736842105,14022.25,20.809605263157888,69.35394736842103,73.2041263157895,17.338486842105258,18.30103157894737,91.50515789473691,59.060100000000006,0.0,1.0,1.0,1.0,-0.23041875000000017,1.5,0.0,0.0,3.1944605263157886,0.2631578947368421,1.368421052631579,0.4438125155516536,0.4399073113635135,0.0,0.0,6017.828947368421,148.22368421052633,0.0,196.68421052631578,0.0,2080.9605263157896,0.0,296.44736842105266,4854.434210526316,0.0,0.0,0.0,0.0,8004.421052631579
635,0.323416402213182,0.3354605778756413,0.10269226364620852,0.11865741754434392,0.9824294106860597,0.9824897377760178,40.0,37.0,244.68833333333333,238.67027027027027,68.33456000000001,70.45760000000001,57.1732925,57.0417054054054,15.821687500000001,16.65114864864865,9.2987012987013,0.0,258.54545454545456,6488.103896103896,14507.792207792209,18.834025974025973,64.88103896103897,69.3547220779221,16.220259740259742,17.338680519480526,86.6934025974026,57.110062337662335,0.0,1.0,1.0,1.0,-0.18979296536796547,1.4805194805194806,0.0,0.0,3.9755999999999982,0.3246753246753247,1.3246753246753247,0.4631808110935406,0.4309029287359394,0.0,0.0,6318.0,139.4805194805195,0.0,184.66233766233765,0.0,1883.4025974025974,0.0,278.961038961039,4604.701298701299,0.0,0.0,0.0,0.0,8189.792207792208
636,0.323416402213182,0.3354605778756413,0.10370812268442542,0.11635278656559336,0.9824613847164463,0.9825231671562505,37.0,36.0,226.60045045045044,234.26435185185184,75.01578378378382,70.89137777777779,59.81700540540541,57.25737222222223,18.37304054054054,17.280486111111113,9.904109589041095,0.0,250.3972602739726,7133.698630136986,13822.794520547945,22.98602739726027,71.33698630136986,72.98183013698632,17.834246575342465,18.245457534246576,91.2272876712329,58.55472054794521,0.0,1.0,1.0,1.0,-0.21989001141552528,1.4931506849315068,0.0,0.0,3.407136986301368,0.2876712328767123,1.3972602739726028,0.4463123528992864,0.4365268730673176,0.0,0.0,5512.041095890411,148.56164383561645,0.0,196.82191780821918,0.0,2298.6027397260273,0.0,297.1232876712329,4835.095890410959,0.0,0.0,0.0,0.0,8310.753424657534
637,0.323416402213182,0.3354605778756413,0.10032607490204308,0.11618885625057418,0.9824909586347473,0.9825505113208233,38.0,36.0,228.93026315789476,227.56435185185185,75.1444210526316,75.54524444444445,59.43388947368423,59.7643888888889,18.03888157894737,18.231875000000002,10.027027027027026,0.0,260.5810810810811,7253.108108108108,13695.945945945947,22.445810810810812,72.5310810810811,75.33941621621624,18.132770270270274,18.834854054054052,94.17427027027028,59.59467297297299,0.0,1.0,1.0,1.0,-0.24155568693693705,1.4864864864864864,0.0,0.0,2.3880270270270256,0.1891891891891892,1.4054054054054055,0.4496866787554192,0.43671951903334566,0.0,0.0,5942.972972972973,150.40540540540542,0.0,198.72972972972974,0.0,2244.5810810810813,0.0,300.81081081081084,5008.527027027027,0.0,0.0,0.0,0.0,7752.972972972973
638,0.323416402213182,0.3354605778756413,0.101936326132837,0.11573106559853198,0.9825211907522449,0.9825810120674787,39.0,37.0,244.7576923076923,222.50495495495494,68.31655384615385,77.98521081081081,56.93846923076924,61.00327027027027,15.794358974358975,18.90891891891892,9.842105263157896,0.0,258.9342105263158,6924.263157894737,14035.447368421053,20.80473684210526,69.24263157894738,73.02366315789473,17.310657894736845,18.25591578947368,91.27957894736844,58.917385526315805,0.0,1.0,1.0,1.0,-0.22744553179824578,1.486842105263158,0.0,0.0,3.2043802631578933,0.21052631578947367,1.4342105263157894,0.454811715927357,0.4340485481556671,0.0,0.0,6110.921052631579,147.6315789473684,0.0,196.39473684210526,0.0,2080.4736842105262,0.0,295.2631578947368,4843.789473684211,0.0,0.0,0.0,0.0,7924.526315789473
639,0.323416402213182,0.3354605778756413,0.10240900184568229,0.11598774923107362,0.9825525340044183,0.9826103748432752,37.0,40.0,227.56441441441441,236.5325,75.57362162162164,72.7448,58.556043243243245,59.98083750000001,18.204864864864867,16.964437500000003,9.883116883116884,0.0,257.6623376623377,7024.194805194805,13933.38961038961,20.99584415584416,70.24194805194806,74.1041038961039,17.560487012987014,18.526025974025963,92.63012987012989,59.296196103896094,0.0,1.0,1.0,1.0,-0.23533741883116896,1.5194805194805194,0.0,0.0,2.7525792207792183,0.24675324675324675,1.3896103896103895,0.43596232937195506,0.45925441567597525,0.0,0.0,5932.285714285715,148.24675324675326,0.0,196.67532467532467,0.0,2099.5844155844156,0.0,296.4935064935065,4924.61038961039,0.0,0.0,0.0,0.0,8001.103896103896
640,0.323416402213182,0.3354605778756413,0.10434478516213351,0.11495276361400235,0.9825822914667676,0.98264431453268,39.0,39.0,242.01495726495725,223.05299145299145,69.44361025641028,76.20053333333334,58.6807076923077,59.486125641025644,16.172948717948717,18.9325,9.653846153846153,0.0,264.55128205128204,7021.089743589743,13952.038461538461,21.76576923076923,70.21089743589745,72.82207179487175,17.552724358974363,18.205517948717937,91.02758974358979,59.08341666666667,0.0,1.0,1.0,1.0,-0.23090451388888913,1.5,0.0,0.0,3.814069230769229,0.15384615384615385,1.4615384615384615,0.4427146376158649,0.44247422274847553,0.0,0.0,6117.551282051282,144.80769230769232,0.0,191.44871794871796,0.0,2176.576923076923,0.0,289.61538461538464,4844.51282051282,0.0,0.0,0.0,0.0,7834.48717948718
641,0.323416402213182,0.3354605778756413,0.10618566305094836,0.1134597026811928,0.982609970376696,0.9826742157408758,38.0,40.0,226.06842105263158,240.86583333333334,75.78863157894739,69.68256000000002,59.72772631578949,57.816525,18.442368421052628,16.343000000000004,9.756410256410257,0.0,265.8076923076923,6946.307692307692,14019.410256410256,21.236410256410252,69.46307692307694,72.6573128205128,17.365769230769235,18.1643282051282,90.82164102564104,58.74762307692307,0.0,1.0,1.0,1.0,-0.22390881410256427,1.5128205128205128,0.0,0.0,3.456079487179487,0.20512820512820512,1.4230769230769231,0.4415303327543599,0.45212035262841316,0.0,0.0,6097.102564102564,146.34615384615384,0.0,194.24358974358975,0.0,2123.641025641026,0.0,292.6923076923077,4822.666666666667,0.0,0.0,0.0,0.0,7922.307692307692
642,0.323416402213182,0.3354605778756413,0.10407374449186588,0.11622981542712693,0.982641280264646,0.9827020660530722,40.0,39.0,245.59208333333333,237.43205128205128,67.00256,70.61579487179489,57.80136500000001,58.22357435897437,15.668312499999994,16.864423076923078,9.278481012658228,0.0,260.873417721519,6503.518987341772,14493.822784810127,19.414556962025316,65.0351898734177,68.78630886075952,16.258797468354427,17.196577215189873,85.98288607594937,58.009797468354435,0.0,1.0,1.0,1.0,-0.20853744725738413,1.4936708860759493,0.0,0.0,5.482286075949366,0.26582278481012656,1.4177215189873418,0.45076925275980256,0.43909797658116967,0.0,0.0,5981.962025316456,139.1772151898734,0.0,184.126582278481,0.0,1941.4556962025317,0.0,278.3544303797468,4562.06329113924,0.0,0.0,0.0,0.0,8511.860759493671
643,0.323416402213182,0.3354605778756413,0.10460787516398423,0.1168533639300807,0.982674505441503,0.9827317084800334,38.0,38.0,227.8293859649123,219.82850877192985,74.19098947368421,78.4837052631579,57.94205789473682,61.174497368421044,18.207434210526312,19.33618421052632,10.18421052631579,0.0,263.61842105263156,7508.723684210527,13429.736842105263,24.359868421052635,75.08723684210527,76.33734736842104,18.771809210526317,19.084336842105255,95.42168421052631,59.55827763157896,0.0,1.0,1.0,1.0,-0.2407974506578949,1.5,0.0,0.0,1.9927394736842103,0.19736842105263158,1.4342105263157894,0.44468158560140014,0.44545642985149886,0.0,0.0,5804.539473684211,152.76315789473685,0.0,202.25,0.0,2435.9868421052633,0.0,305.5263157894737,5072.736842105263,0.0,0.0,0.0,0.0,7625.1973684210525
644,0.323416402213182,0.3354605778756413,0.1057409590737314,0.11681028365827896,0.9827065587384723,0.9827604831079222,39.0,40.0,236.57905982905984,241.73791666666665,71.45780512820514,70.03599999999999,58.220492307692325,56.845442500000004,16.93679487179487,16.216375000000003,9.556962025316455,0.0,260.30379746835445,6628.810126582279,14351.468354430379,19.386455696202542,66.2881012658228,70.73790379746833,16.5720253164557,17.684475949367084,88.4223797468354,57.52426455696205,0.0,1.0,1.0,1.0,-0.19842217827004235,1.5063291139240507,0.0,0.0,3.3583860759493662,0.24050632911392406,1.4050632911392404,0.43591114159541877,0.44457795072138867,0.0,0.0,6065.506329113924,143.35443037974684,0.0,188.65822784810126,0.0,1938.6455696202531,0.0,286.7088607594937,4690.164556962025,0.0,0.0,0.0,0.0,8285.962025316456
645,0.323416402213182,0.3354605778756413,0.10865732340425409,0.11473681486744682,0.9827349629812515,0.9827892652946356,39.0,38.0,246.43589743589743,227.33684210526317,65.92804102564104,76.46315789473684,55.59673846153846,60.10745526315789,15.580448717948713,18.248947368421046,9.545454545454545,0.0,265.6623376623377,6758.948051948052,14220.623376623376,20.37363636363637,67.58948051948055,71.12718961038959,16.897370129870136,17.781797402597398,88.908987012987,57.82280649350652,0.0,1.0,1.0,1.0,-0.20464180194805204,1.4935064935064934,0.0,0.0,3.592987012987011,0.2077922077922078,1.4155844155844155,0.45499639943520015,0.43485719163949166,0.0,0.0,6317.623376623376,143.1818181818182,0.0,189.88311688311688,0.0,2037.3636363636363,0.0,286.3636363636364,4721.584415584415,0.0,0.0,0.0,0.0,7903.0
646,0.323416402213182,0.3354605778756413,0.10930798448498026,0.11335535136918931,0.9827627696163047,0.9828208860915909,36.0,40.0,222.97083333333333,238.60083333333333,77.50951111111114,70.49264000000001,59.81961666666669,58.75920000000001,18.871180555555558,16.6799375,9.868421052631579,0.0,264.9342105263158,7087.1578947368425,13871.828947368422,21.837368421052638,70.87157894736839,73.81642105263158,17.717894736842098,18.454105263157892,92.27052631578945,59.26150263157896,0.0,1.0,1.0,1.0,-0.23461463815789488,1.5263157894736843,0.0,0.0,3.162976315789473,0.21052631578947367,1.4210526315789473,0.42850883023957553,0.45776964423466243,0.0,0.0,6213.9078947368425,148.02631578947367,0.0,195.93421052631578,0.0,2183.7368421052633,0.0,296.05263157894734,4903.421052631579,0.0,0.0,0.0,0.0,7657.921052631579
647,0.323416402213182,0.3354605778756413,0.10913620054924911,0.11296787849720819,0.9827909841212353,0.9828530257986321,38.0,39.0,234.92675438596493,235.59529914529915,72.49027368421054,72.13193846153845,59.78223684210527,58.28671794871794,17.18394736842105,17.05551282051282,9.805194805194805,0.0,261.2987012987013,6847.558441558442,14115.922077922078,20.56389610389611,68.47558441558441,72.30877922077924,17.118896103896102,18.0771948051948,90.38597402597402,59.02476623376626,0.0,1.0,1.0,1.0,-0.22968262987013005,1.5064935064935066,0.0,0.0,3.834883116883116,0.23376623376623376,1.4025974025974026,0.4375542012948549,0.4415874435453913,0.0,0.0,6238.545454545455,147.07792207792207,0.0,194.28571428571428,0.0,2056.3896103896104,0.0,294.15584415584414,4791.168831168831,0.0,0.0,0.0,0.0,7877.376623376624
648,0.323416402213182,0.3354605778756413,0.10873220807268298,0.11580526412801564,0.9828207946912144,0.9828838278452428,38.0,40.0,223.73114035087718,255.06583333333336,75.67865263157896,63.910720000000026,59.539323684210544,55.114965000000005,18.789868421052628,14.337812500000002,9.384615384615385,0.0,268.3205128205128,6602.705128205128,14388.01282051282,19.82935897435897,66.02705128205126,69.6438153846154,16.506762820512815,17.41095384615384,87.05476923076928,57.2704217948718,0.0,1.0,1.0,1.0,-0.19313378739316248,1.5128205128205128,0.0,0.0,4.133369230769229,0.21794871794871795,1.4230769230769231,0.44213350342052665,0.45289099609168243,0.0,0.0,6354.448717948718,140.76923076923077,0.0,185.97435897435898,0.0,1982.9358974358975,0.0,281.53846153846155,4619.7692307692305,0.0,0.0,0.0,0.0,8033.5641025641025
649,0.323416402213182,0.3354605778756413,0.10828821736606085,0.11532184596289609,0.9828479822153884,0.9829117888088635,40.0,36.0,247.05499999999998,212.32962962962964,67.38224,81.01084444444446,56.7960375,62.34607500000001,15.478062500000002,20.37944444444445,9.907894736842104,0.0,269.82894736842104,7119.9078947368425,13836.368421052632,22.182631578947383,71.19907894736842,73.83789473684207,17.799769736842105,18.45947368421051,92.29736842105264,59.42500263157897,0.0,1.0,1.0,1.0,-0.23802088815789493,1.4736842105263157,0.0,0.0,3.386877631578946,0.2236842105263158,1.394736842105263,0.4735493010540217,0.4214957512621977,0.0,0.0,6061.986842105263,148.6184210526316,0.0,196.8684210526316,0.0,2218.2631578947367,0.0,297.2368421052632,4901.644736842105,0.0,0.0,0.0,0.0,7774.381578947368
650,0.323416402213182,0.3354605778756413,0.10914593795146638,0.11258658244283913,0.9828760755319288,0.9829389415126697,37.0,40.0,236.95855855855856,241.69833333333332,70.08294054054056,68.63072000000001,56.37042432432433,55.92493999999998,16.93155405405406,16.2331875,9.337662337662337,0.0,273.7142857142857,6627.506493506494,14365.246753246753,20.282597402597396,66.27506493506493,69.32854025974027,16.568766233766233,17.33213506493506,86.66067532467534,56.13900389610389,0.0,1.0,1.0,1.0,-0.16956258116883124,1.5194805194805194,0.0,0.0,3.379229870129867,0.24675324675324675,1.4025974025974026,0.42661612620977796,0.4502168814417045,0.0,0.0,6324.272727272727,140.06493506493507,0.0,186.05194805194805,0.0,2028.2597402597403,0.0,280.12987012987014,4599.2467532467535,0.0,0.0,0.0,0.0,8040.974025974026
651,0.323416402213182,0.3354605778756413,0.10959965790309527,0.11163377545165529,0.982905119927467,0.9829708476877399,36.0,38.0,214.52777777777777,237.98245614035088,79.57671111111112,70.65667368421052,61.14300277777776,59.242965789473686,20.091875,16.75407894736842,10.067567567567568,0.0,268.7972972972973,7351.148648648648,13594.324324324325,23.72986486486486,73.51148648648648,74.99615135135137,18.37787162162162,18.74903783783784,93.74518918918923,60.16730810810812,0.0,1.0,1.0,1.0,-0.25348558558558576,1.5135135135135136,0.0,0.0,3.549028378378377,0.1891891891891892,1.445945945945946,0.43639377183506306,0.45469903799404177,0.0,0.0,5886.716216216216,151.01351351351352,0.0,200.48648648648648,0.0,2372.9864864864867,0.0,302.02702702702703,4978.1621621621625,0.0,0.0,0.0,0.0,7707.608108108108
652,0.323416402213182,0.3354605778756413,0.11119354518700916,0.11165706047066841,0.9829337518768072,0.9830006444319777,39.0,37.0,242.6974358974359,222.38153153153152,67.51507692307693,76.30875675675675,56.45020769230771,59.28274864864867,16.12089743589743,18.992364864864864,9.605263157894736,0.0,271.7236842105263,7007.539473684211,13968.407894736842,22.389210526315793,70.07539473684213,71.7962105263158,17.518848684210532,17.949052631578944,89.74526315789473,57.82920789473683,0.0,1.0,1.0,1.0,-0.20477516447368438,1.486842105263158,0.0,0.0,3.551846052631577,0.2236842105263158,1.4210526315789473,0.45215240659481787,0.43090227989356716,0.0,0.0,5820.5921052631575,144.07894736842104,0.0,190.81578947368422,0.0,2238.9210526315787,0.0,288.1578947368421,4768.618421052632,0.0,0.0,0.0,0.0,8147.815789473684
653,0.323416402213182,0.3354605778756413,0.1112300531109096,0.10888036401298223,0.9829628266704644,0.9830294826224055,36.0,39.0,239.58842592592592,235.86282051282052,71.01653333333333,72.36824615384619,58.09846111111113,59.24561794871796,16.520555555555557,17.0125641025641,9.706666666666667,0.0,270.1333333333333,6710.56,14259.066666666668,19.568133333333343,67.10560000000002,71.719424,16.776400000000006,17.929855999999997,89.64928,58.69498266666669,0.0,1.0,1.0,1.0,-0.22281213888888904,1.52,0.0,0.0,3.751958666666666,0.22666666666666666,1.44,0.4340868950970235,0.45527085687801727,0.0,0.0,6318.373333333333,145.6,0.0,192.57333333333332,0.0,1956.8133333333333,0.0,291.2,4753.746666666667,0.0,0.0,0.0,0.0,7940.693333333334
654,0.323416402213182,0.3354605778756413,0.11234921396691097,0.10893914972374055,0.9829895078527876,0.9830576345123768,35.0,40.0,223.63571428571427,240.12125,77.55885714285714,70.63552,61.35121142857144,57.452615,18.775785714285714,16.446687500000003,9.866666666666667,0.0,274.62666666666667,7013.44,13945.68,21.0596,70.1344,73.86641066666665,17.5336,18.466602666666663,92.33301333333331,59.271960000000014,0.0,1.0,1.0,1.0,-0.2348325000000001,1.5333333333333334,0.0,0.0,2.9391493333333316,0.26666666666666666,1.3866666666666667,0.4225853063283713,0.4575303328315353,0.0,0.0,6118.2266666666665,148.0,0.0,195.88,0.0,2105.96,0.0,296.0,4907.48,0.0,0.0,0.0,0.0,7827.453333333333
655,0.323416402213182,0.3354605778756413,0.11110804549774736,0.10757952560074945,0.9830154817180161,0.9830881591736764,37.0,39.0,231.17747747747748,228.34529914529915,72.33574054054056,74.86227692307693,57.86957297297298,59.90243846153847,17.729324324324327,18.143012820512816,9.855263157894736,0.0,272.9868421052632,7176.644736842105,13783.447368421053,22.8646052631579,71.76644736842105,73.63225263157892,17.941611842105264,18.408063157894723,92.0403157894737,58.91275394736844,0.0,1.0,1.0,1.0,-0.22734904057017558,1.513157894736842,0.0,0.0,3.2221131578947353,0.2236842105263158,1.4210526315789473,0.4380845983332811,0.45621763583452796,0.0,0.0,5923.421052631579,147.82894736842104,0.0,195.42105263157896,0.0,2286.4605263157896,0.0,295.6578947368421,4890.184210526316,0.0,0.0,0.0,0.0,7860.026315789473
656,0.323416402213182,0.3354605778756413,0.1081576061177098,0.10889753744928303,0.9830490901848933,0.9831175324870252,37.0,40.0,238.2536036036036,236.03958333333333,69.6422054054054,73.61727999999998,57.47296216216216,59.25929000000001,16.71972972972973,16.992812499999992,9.675324675324676,0.0,278.3636363636364,6744.636363636364,14226.207792207791,19.89103896103896,67.44636363636364,71.70717922077922,16.86159090909091,17.926794805194792,89.63397402597401,58.40092467532467,0.0,1.0,1.0,1.0,-0.21668593073593095,1.5194805194805194,0.0,0.0,3.555336363636363,0.22077922077922077,1.3766233766233766,0.4340472386843638,0.44864650957755714,0.0,0.0,6270.935064935065,145.12987012987014,0.0,192.76623376623377,0.0,1989.1038961038962,0.0,290.2597402597403,4755.532467532467,0.0,0.0,0.0,0.0,7955.272727272727
657,0.323416402213182,0.3354605778756413,0.10817131322185376,0.10999811592997867,0.9830764868253212,0.9831451675134203,36.0,40.0,223.0736111111111,244.02333333333334,77.39680000000004,69.23616,60.06446944444445,57.5732475,18.8275,15.8925625,9.855263157894736,0.0,275.2105263157895,6913.118421052632,14045.986842105263,20.64381578947368,69.13118421052634,73.10172631578949,17.282796052631586,18.27543157894737,91.37715789473687,58.753300000000024,0.0,1.0,1.0,1.0,-0.2240270833333335,1.5263157894736843,0.0,0.0,2.934369736842105,0.2631578947368421,1.4473684210526316,0.4300736021875671,0.4554475523990548,0.0,0.0,6196.434210526316,147.82894736842104,0.0,196.4078947368421,0.0,2064.3815789473683,0.0,295.6578947368421,4848.736842105263,0.0,0.0,0.0,0.0,7849.5526315789475
658,0.323416402213182,0.3354605778756413,0.10818292822012535,0.11183815170744006,0.9831034752155063,0.9831739534932511,39.0,38.0,227.5811965811966,252.7188596491228,74.66683076923078,62.94652631578947,59.609907692307715,54.782042105263166,18.20717948717948,14.712631578947363,9.35064935064935,0.0,275.06493506493507,6593.038961038961,14399.207792207791,20.29753246753247,65.93038961038961,68.88278441558444,16.482597402597403,17.220696103896103,86.10348051948054,57.22732467532466,0.0,1.0,1.0,1.0,-0.1922359307359309,1.4935064935064934,0.0,0.0,4.827137662337659,0.22077922077922077,1.3896103896103895,0.4496349332727253,0.4354936888715889,0.0,0.0,6021.25974025974,140.25974025974025,0.0,185.97402597402598,0.0,2029.7532467532467,0.0,280.5194805194805,4563.285714285715,0.0,0.0,0.0,0.0,8377.948051948051
659,0.323416402213182,0.3354605778756413,0.10786405617087055,0.11358354240126665,0.9831324642683467,0.9832018171810907,41.0,33.0,258.12560975609756,203.17626262626263,62.098887804878046,85.92853333333336,53.56313414634147,64.8383878787879,13.877378048780495,21.6769696969697,9.864864864864865,0.0,275.7837837837838,6942.22972972973,14017.27027027027,21.237162162162164,69.4222972972973,72.72562162162163,17.355574324324326,18.181405405405407,90.90702702702706,58.59128783783785,0.0,1.0,1.0,1.0,-0.22065182995495514,1.445945945945946,0.0,0.0,3.221240540540539,0.2702702702702703,1.337837837837838,0.4881970496194272,0.3995874195153602,0.0,0.0,6219.243243243243,147.85135135135135,0.0,195.7027027027027,0.0,2123.7162162162163,0.0,295.94594594594594,4818.513513513513,0.0,0.0,0.0,0.0,7798.027027027027
660,0.323416402213182,0.3354605778756413,0.11014997869492076,0.111895559054378,0.9831601142218156,0.9832286794381302,36.0,38.0,226.91898148148147,229.1421052631579,76.736,74.24050526315791,59.976450000000014,58.56287631578947,18.31236111111111,17.97644736842105,10.175675675675675,0.0,280.47297297297297,7255.945945945946,13683.635135135135,22.51432432432431,72.55945945945949,75.45452972972971,18.139864864864872,18.86363243243242,94.31816216216217,59.2505608108108,0.0,1.0,1.0,1.0,-0.23438668355855857,1.5135135135135136,0.0,0.0,1.9358959459459446,0.20270270270270271,1.3918918918918919,0.4419582922245087,0.45032993017898143,0.0,0.0,5721.810810810811,152.63513513513513,0.0,201.51351351351352,0.0,2251.4324324324325,0.0,305.27027027027026,5004.513513513513,0.0,0.0,0.0,0.0,7961.824324324324
661,0.323416402213182,0.3354605778756413,0.1075232385580296,0.11061246450616782,0.9831879131307589,0.9832575191102707,38.0,40.0,220.38815789473682,244.97166666666666,77.62728421052633,65.95504000000001,60.76798947368422,55.46871750000001,19.265657894736844,15.803562500000002,9.602564102564102,0.0,276.35897435897436,6996.089743589743,13979.705128205129,22.393205128205125,69.96089743589745,71.64151794871796,17.490224358974363,17.910379487179487,89.55189743589747,58.050414102564105,0.0,1.0,1.0,1.0,-0.20938362713675224,1.5128205128205128,0.0,0.0,3.8991205128205104,0.23076923076923078,1.435897435897436,0.43710762565062466,0.4474743318224978,0.0,0.0,6203.820512820513,144.03846153846155,0.0,191.0897435897436,0.0,2239.3205128205127,0.0,288.0769230769231,4756.7692307692305,0.0,0.0,0.0,0.0,7775.884615384615
662,0.323416402213182,0.3354605778756413,0.10754748500332079,0.11058821229533923,0.9832153814352893,0.9832869691239209,40.0,37.0,246.995,220.81756756756755,65.98624000000001,75.89932972972974,55.75868000000001,57.797056756756774,15.486437500000003,19.229594594594587,9.571428571428571,0.0,282.64935064935065,6914.038961038961,14064.974025974027,22.242207792207797,69.14038961038963,70.74967272727274,17.28509740259741,17.687418181818177,88.4370909090909,56.73815974025975,0.0,1.0,1.0,1.0,-0.1820449945887447,1.4805194805194806,0.0,0.0,3.273584415584414,0.22077922077922077,1.4285714285714286,0.4610093831826435,0.42411500144929615,0.0,0.0,6219.961038961039,143.57142857142858,0.0,189.27272727272728,0.0,2224.220779220779,0.0,287.14285714285717,4689.818181818182,0.0,0.0,0.0,0.0,7845.012987012987
663,0.323416402213182,0.3354605778756413,0.10445694911612716,0.11017868312846943,0.9832426743464788,0.9833134420954595,37.0,38.0,238.36486486486487,229.32763157894735,71.63814054054058,75.36370526315791,56.917972972972976,60.411405263157896,16.673175675675676,17.926578947368423,10.0,0.0,279.32,6923.293333333333,14027.16,20.540933333333328,69.2329333333333,73.52575999999999,17.308233333333327,18.381439999999994,91.90720000000002,58.68797866666668,0.0,1.0,1.0,1.0,-0.22266622222222224,1.5066666666666666,0.0,0.0,2.470451999999999,0.22666666666666666,1.4266666666666667,0.4346732695365446,0.4425934755686738,0.0,0.0,6099.28,150.0,0.0,198.54666666666665,0.0,2054.0933333333332,0.0,300.0,4869.2,0.0,0.0,0.0,0.0,7927.88
664,0.323416402213182,0.3354605778756413,0.10474692027914541,0.10763706341063077,0.9832691941773217,0.9833438411198537,37.0,40.0,247.38513513513513,238.91625000000002,67.56756756756756,69.34816000000002,56.33262702702703,56.984725000000005,15.40608108108108,16.636437499999992,9.285714285714286,0.0,273.54545454545456,6418.090909090909,14579.142857142857,18.796103896103894,64.18090909090913,68.49255064935065,16.04522727272728,17.123137662337655,85.61568831168834,56.67137922077922,0.0,1.0,1.0,1.0,-0.18065373376623386,1.5194805194805194,0.0,0.0,4.224055844155842,0.2727272727272727,1.4025974025974026,0.4271711902050064,0.45493981310898357,0.0,0.0,6732.987012987013,139.28571428571428,0.0,183.9090909090909,0.0,1879.6103896103896,0.0,278.57142857142856,4538.480519480519,0.0,0.0,0.0,0.0,7846.1558441558445
665,0.323416402213182,0.3354605778756413,0.10373781274590038,0.10782002478452815,0.9832941247257193,0.9833704561269809,35.0,39.0,232.1561904761905,225.70470085470086,74.00868571428575,77.0241641025641,58.63967999999999,62.29918205128206,17.58328571428571,18.484038461538464,10.04054054054054,0.0,278.86486486486484,7223.2027027027025,13725.364864864865,21.956621621621622,72.23202702702706,75.59792432432432,18.058006756756765,18.899481081081074,94.49740540540544,60.56833648648651,0.0,1.0,1.0,1.0,-0.26184034346846863,1.527027027027027,0.0,0.0,3.0284189189189172,0.21621621621621623,1.4864864864864864,0.41548423753620695,0.4588024645340066,0.0,0.0,6171.864864864865,150.6081081081081,0.0,198.6081081081081,0.0,2195.662162162162,0.0,301.2162162162162,5027.540540540541,0.0,0.0,0.0,0.0,7553.5
666,0.323416402213182,0.3354605778756413,0.10402680400539215,0.10836716515195559,0.9833227280388276,0.9834005693405685,35.0,41.0,220.9952380952381,239.19837398373983,78.35483428571429,70.49943414634147,61.936397142857146,56.227258536585374,19.129785714285717,16.612134146341468,9.894736842105264,0.0,284.0131578947368,7108.631578947368,13848.921052631578,21.84026315789474,71.08631578947366,74.11705263157896,17.771578947368415,18.529263157894732,92.64631578947373,58.85646710526318,0.0,1.0,1.0,1.0,-0.22617639802631595,1.5394736842105263,0.0,0.0,2.5109934210526306,0.27631578947368424,1.4078947368421053,0.40937326397258006,0.4726729095956066,0.0,0.0,6025.565789473684,148.42105263157896,0.0,196.18421052631578,0.0,2184.0263157894738,0.0,296.8421052631579,4924.605263157895,0.0,0.0,0.0,0.0,7823.355263157895
667,0.323416402213182,0.3354605778756413,0.10089673159368523,0.10898132127813208,0.9833481090294407,0.9834302190302242,38.0,39.0,238.6951754385965,238.57051282051282,69.8565052631579,70.59183589743591,57.326773684210536,58.52871794871795,16.69243421052632,16.626474358974363,9.532467532467532,0.0,274.1168831168831,6663.61038961039,14317.922077922078,20.11064935064936,66.63610389610389,70.22894545454547,16.659025974025973,17.55723636363636,87.78618181818182,57.93555064935067,0.0,1.0,1.0,1.0,-0.20699063852813876,1.5064935064935066,0.0,0.0,4.3656311688311655,0.2727272727272727,1.4545454545454546,0.4369304875769759,0.44894753510102464,0.0,0.0,6131.935064935065,142.98701298701297,0.0,188.5064935064935,0.0,2011.064935064935,0.0,285.97402597402595,4652.545454545455,0.0,0.0,0.0,0.0,8185.987012987013
668,0.323416402213182,0.3354605778756413,0.1013782199757955,0.10815806098454046,0.9833740097670232,0.9834577451681394,36.0,39.0,231.25,244.8482905982906,73.39164444444444,67.88972307692309,59.84622222222223,58.34756923076924,17.694930555555555,15.795256410256412,9.506666666666666,0.0,289.96,6682.84,14299.266666666666,20.044666666666664,66.8284,70.53064533333334,16.7071,17.63266133333333,88.16330666666668,59.06692266666668,0.0,1.0,1.0,1.0,-0.2305608888888891,1.52,0.0,0.0,5.243377333333333,0.22666666666666666,1.4133333333333333,0.42646984760306017,0.45125535439273096,0.0,0.0,5890.013333333333,142.6,0.0,189.09333333333333,0.0,2004.4666666666667,0.0,285.2,4678.373333333333,0.0,0.0,0.0,0.0,8409.253333333334
669,0.323416402213182,0.3354605778756413,0.10250220456894663,0.10856717062153437,0.9834005097449732,0.9834851273187185,37.0,36.0,220.9108108108108,232.8375,77.73993513513516,73.06151111111112,59.784959459459465,58.6758138888889,19.18094594594595,17.488958333333336,10.095890410958905,0.0,289.013698630137,7338.6164383561645,13607.547945205479,23.288219178082187,73.38616438356169,75.43276712328768,18.346541095890423,18.85819178082191,94.29095890410959,59.23798356164385,0.0,1.0,1.0,1.0,-0.23412465753424683,1.4931506849315068,0.0,0.0,2.151757534246574,0.2191780821917808,1.4109589041095891,0.4534829086060362,0.43387627267779,0.0,0.0,6003.123287671233,148.64383561643837,0.0,201.31506849315068,0.0,2328.821917808219,0.0,302.8767123287671,5009.7945205479455,0.0,0.0,0.0,0.0,7604.424657534247
670,0.323416402213182,0.3354605778756413,0.10253990933091824,0.107004417846866,0.9834293185460214,0.9835127690428099,40.0,36.0,237.38,235.70833333333334,71.29744,72.44124444444444,58.047929999999994,57.75971666666668,16.8479375,17.040347222222223,9.697368421052632,0.0,291.11842105263156,6775.631578947368,14195.28947368421,20.1171052631579,67.75631578947369,71.8392421052632,16.939078947368422,17.959810526315795,89.79905263157899,57.911407894736854,0.0,1.0,1.0,1.0,-0.20648766447368438,1.4736842105263157,0.0,0.0,3.011244736842103,0.2631578947368421,1.4342105263157894,0.47024322799528345,0.41927230309455865,0.0,0.0,6269.5,145.46052631578948,0.0,191.69736842105263,0.0,2011.7105263157894,0.0,290.92105263157896,4763.921052631579,0.0,0.0,0.0,0.0,7925.789473684211
671,0.323416402213182,0.3354605778756413,0.10210377369512406,0.10587838823520214,0.9834547906024749,0.9835394003138442,39.0,37.0,243.22820512820513,230.5391891891892,68.12225641025641,75.58088648648649,55.18987435897437,60.04635945945947,16.02423076923077,17.742702702702708,9.736842105263158,0.0,277.4605263157895,6744.3421052631575,14223.03947368421,19.905789473684205,67.44342105263156,71.75343157894734,16.86085526315789,17.93835789473683,89.6917894736842,57.554215789473695,0.0,1.0,1.0,1.0,-0.1990461622807019,1.486842105263158,0.0,0.0,2.661639473684209,0.23684210526315788,1.394736842105263,0.4558198813722701,0.4343844253641372,0.0,0.0,6356.75,146.05263157894737,0.0,193.46052631578948,0.0,1990.578947368421,0.0,292.10526315789474,4753.763157894737,0.0,0.0,0.0,0.0,7866.289473684211
672,0.323416402213182,0.3354605778756413,0.10268249731702485,0.10275732696042407,0.9834805053087714,0.9835650875007493,37.0,39.0,220.0927927927928,255.1931623931624,78.80008648648649,62.05899487179487,60.220256756756754,53.15495641025642,19.24472972972973,14.331794871794868,9.618421052631579,0.0,289.60526315789474,6689.4473684210525,14286.28947368421,20.45960526315789,66.89447368421052,70.20926315789472,16.72361842105263,17.552315789473678,87.7615789473684,56.59464210526317,0.0,1.0,1.0,1.0,-0.17905504385964924,1.513157894736842,0.0,0.0,3.108997368421051,0.2236842105263158,1.4210526315789473,0.43899629729764567,0.44812110883475215,0.0,0.0,6310.9078947368425,144.27631578947367,0.0,190.43421052631578,0.0,2045.9605263157894,0.0,288.55263157894734,4643.486842105263,0.0,0.0,0.0,0.0,7975.381578947368
673,0.323416402213182,0.3354605778756413,0.1017154337506367,0.10454692592723369,0.9835070414792432,0.9835895291089752,41.0,34.0,239.0930894308943,210.8142156862745,68.73022439024392,81.19774117647061,55.38685853658537,62.950173529411785,16.62567073170732,20.621764705882356,9.973333333333333,0.0,282.6933333333333,7374.893333333333,13576.4,24.36453333333333,73.74893333333331,74.38216533333333,18.437233333333328,18.59554133333333,92.97770666666666,58.81556133333336,0.0,1.0,1.0,1.0,-0.22532419444444457,1.4533333333333334,0.0,0.0,2.8706293333333317,0.24,1.3466666666666667,0.4754792081956567,0.4033254956380114,0.0,0.0,5706.733333333334,149.6,0.0,198.90666666666667,0.0,2436.4533333333334,0.0,299.2,4938.44,0.0,0.0,0.0,0.0,7869.666666666667
674,0.323416402213182,0.3354605778756413,0.10107821987702498,0.10498783234650606,0.9835337540914444,0.983618511449573,39.0,38.0,235.54188034188033,229.59166666666667,70.55212307692308,75.3322105263158,56.630487179487204,59.67429210526318,17.12557692307692,17.924934210526317,9.792207792207792,0.0,286.15584415584414,7008.025974025974,13956.324675324675,21.686623376623373,70.0802597402597,72.9111272727273,17.520064935064926,18.22778181818182,91.13890909090911,58.13262467532467,0.0,1.0,1.0,1.0,-0.21109634740259758,1.4935064935064934,0.0,0.0,2.741562337662335,0.18181818181818182,1.4025974025974026,0.4482062789688651,0.44110632318505705,0.0,0.0,5824.311688311688,146.88311688311688,0.0,194.0,0.0,2168.6623376623374,0.0,293.76623376623377,4839.363636363636,0.0,0.0,0.0,0.0,8132.012987012987
675,0.323416402213182,0.3354605778756413,0.1014939693315537,0.10572033173143872,0.983562198236107,0.9836463976175185,38.0,39.0,235.84078947368423,248.42905982905984,70.4382315789474,66.96746666666665,55.96861842105264,55.73379487179489,17.057105263157897,15.25621794871795,9.376623376623376,0.0,284.987012987013,6457.987012987013,14533.0,19.12792207792208,64.57987012987013,68.68031168831172,16.144967532467533,17.17007792207792,85.85038961038967,55.84968181818181,0.0,1.0,1.0,1.0,-0.16353503787878798,1.5064935064935066,0.0,0.0,3.314337662337661,0.24675324675324675,1.4675324675324675,0.4386208938473529,0.44807243936463426,0.0,0.0,6365.649350649351,140.64935064935065,0.0,186.06493506493507,0.0,1912.7922077922078,0.0,281.2987012987013,4545.194805194805,0.0,0.0,0.0,0.0,8167.350649350649
676,0.323416402213182,0.3354605778756413,0.10112069530580489,0.10548365138930656,0.9835898207247717,0.9836713374294861,38.0,36.0,239.69122807017544,210.49537037037038,69.12926315789473,82.1025777777778,56.98113947368422,62.20804166666668,16.53671052631579,20.638333333333335,10.135135135135135,0.0,295.06756756756755,7412.8378378378375,13529.27027027027,24.05864864864865,74.12837837837837,75.44060540540544,18.532094594594593,18.86015135135135,94.30075675675678,59.52395675675677,0.0,1.0,1.0,1.0,-0.2400824324324326,1.4864864864864864,0.0,0.0,2.615445945945944,0.25675675675675674,1.3783783783783783,0.4503235964323385,0.43425420298335543,0.0,0.0,5789.540540540541,150.8918918918919,0.0,201.94594594594594,0.0,2405.864864864865,0.0,304.05405405405406,5006.972972972973,0.0,0.0,0.0,0.0,7739.72972972973
677,0.323416402213182,0.3354605778756413,0.10440138771730652,0.10423617362357468,0.9836161203073368,0.9836976185696158,36.0,41.0,216.18703703703704,244.4349593495935,78.11484444444444,68.30454634146342,60.43191111111113,55.69339756097562,19.860069444444445,15.827743902439027,9.922077922077921,0.0,283.5584415584416,7085.194805194805,13873.688311688311,22.58753246753247,70.85194805194803,72.89117922077922,17.712987012987007,18.222794805194802,91.11397402597404,57.90880649350651,0.0,1.0,1.0,1.0,-0.20643346861471878,1.5324675324675325,0.0,0.0,2.7306142857142848,0.2727272727272727,1.4805194805194806,0.4134113065813551,0.4661437842946434,0.0,0.0,6158.376623376624,145.14285714285714,0.0,197.3116883116883,0.0,2258.753246753247,0.0,297.6623376623377,4826.441558441558,0.0,0.0,0.0,0.0,7715.311688311688
678,0.323416402213182,0.3354605778756413,0.10274159725013657,0.10343650327168527,0.9836434125888535,0.9837235131504651,39.0,39.0,239.92393162393162,242.09658119658118,69.77033846153847,69.58424615384615,56.77160256410258,58.51827692307692,16.475961538461537,16.15641025641026,9.435897435897436,0.0,289.1666666666667,6526.474358974359,14460.615384615385,19.085769230769223,65.2647435897436,69.67729230769228,16.3161858974359,17.419323076923067,87.09661538461542,57.644939743589745,0.0,1.0,1.0,1.0,-0.2009362446581198,1.5,0.0,0.0,4.283833333333332,0.2564102564102564,1.3846153846153846,0.4465296224437441,0.4420964586822062,0.0,0.0,6594.884615384615,141.53846153846155,0.0,187.2948717948718,0.0,1908.576923076923,0.0,283.0769230769231,4617.897435897436,0.0,0.0,0.0,0.0,7865.7307692307695
679,0.323416402213182,0.3354605778756413,0.1005187450304664,0.10340547000088612,0.9836674499860991,0.9837484291906813,38.0,38.0,241.0407894736842,237.37236842105264,71.07553684210528,70.59065263157895,58.28620000000001,58.36386578947371,16.27782894736842,16.838618421052626,9.618421052631579,0.0,286.7894736842105,6623.289473684211,14352.394736842105,19.310657894736842,66.23289473684211,70.83309473684211,16.558223684210528,17.70827368421052,88.54136842105265,58.32503289473686,0.0,1.0,1.0,1.0,-0.21510485197368434,1.5,0.0,0.0,4.050161842105261,0.18421052631578946,1.4210526315789473,0.4422261270520115,0.44151851138012665,0.0,0.0,6223.5921052631575,144.27631578947367,0.0,190.48684210526315,0.0,1931.0657894736842,0.0,288.55263157894734,4692.223684210527,0.0,0.0,0.0,0.0,8128.8026315789475
680,0.323416402213182,0.3354605778756413,0.10381872879354105,0.10412326889901187,0.9836919924707845,0.9837746455194301,38.0,37.0,234.82149122807016,232.3391891891892,70.05035789473683,74.25556756756758,57.044947368421056,60.95375135135134,17.236249999999995,17.550405405405407,9.653333333333334,0.0,293.8,6956.493333333333,14015.813333333334,21.663999999999998,69.56493333333333,72.12492800000003,17.391233333333332,18.031232000000003,90.15616,58.97329066666668,0.0,1.0,1.0,1.0,-0.22861022222222235,1.4933333333333334,0.0,0.0,4.239595999999998,0.26666666666666666,1.4,0.4469621635173623,0.43325338694985505,0.0,0.0,5671.333333333333,144.8,0.0,192.29333333333332,0.0,2166.4,0.0,289.6,4790.093333333333,0.0,0.0,0.0,0.0,8344.48
681,0.323416402213182,0.3354605778756413,0.10324345674457205,0.10673257063570928,0.9837174056205008,0.9838015844570285,37.0,37.0,231.21846846846847,230.63873873873874,73.36648648648648,74.57660540540542,58.71518918918921,58.883840540540554,17.691891891891892,17.760878378378383,10.054054054054054,0.0,292.64864864864865,7090.554054054054,13855.716216216217,21.91256756756756,70.90554054054053,73.97154594594599,17.726385135135132,18.492886486486487,92.46443243243245,58.799514864864875,0.0,1.0,1.0,1.0,-0.22498989301801825,1.5,0.0,0.0,2.5543540540540532,0.1891891891891892,1.3918918918918919,0.44206931934265226,0.4434639062337753,0.0,0.0,6278.72972972973,150.8108108108108,0.0,200.2972972972973,0.0,2191.2567567567567,0.0,301.6216216216216,4899.2972972972975,0.0,0.0,0.0,0.0,7576.986486486487
682,0.323416402213182,0.3354605778756413,0.10223283921157672,0.10505917488860479,0.9837445140485273,0.9838293051818776,38.0,38.0,239.93333333333334,242.07719298245613,69.62694736842106,68.6122105263158,56.89284473684211,56.576847368421056,16.503421052631577,16.162434210526317,9.328947368421053,0.0,295.5394736842105,6533.171052631579,14460.315789473685,19.494868421052644,65.33171052631576,69.11957894736847,16.33292763157894,17.27989473684211,86.39947368421049,56.734846052631575,0.0,1.0,1.0,1.0,-0.1819759594298247,1.5,0.0,0.0,3.948194736842103,0.2631578947368421,1.394736842105263,0.43816650366510884,0.4405954759135292,0.0,0.0,6361.315789473684,139.93421052631578,0.0,185.71052631578948,0.0,1949.4868421052631,0.0,279.86842105263156,4583.684210526316,0.0,0.0,0.0,0.0,8099.0
683,0.323416402213182,0.3354605778756413,0.10255182287178348,0.10664880011372363,0.9837714884517065,0.9838570224606206,36.0,37.0,238.1726851851852,228.3346846846847,71.36622222222226,74.31731891891893,58.554575,59.511232432432436,16.654166666666665,18.118783783783787,10.0,0.0,299.2328767123288,6958.602739726028,13991.17808219178,21.41260273972603,69.58602739726027,72.86198356164384,17.396506849315067,18.21549589041096,91.07747945205477,59.03945616438356,0.0,1.0,1.0,1.0,-0.2299886700913243,1.5068493150684932,0.0,0.0,3.573979452054793,0.2328767123287671,1.4109589041095891,0.4407750189016976,0.44578075751396035,0.0,0.0,6064.986301369863,150.0,0.0,199.21917808219177,0.0,2141.2602739726026,0.0,300.0,4817.342465753424,0.0,0.0,0.0,0.0,7926.191780821918
684,0.323416402213182,0.3354605778756413,0.10115775794712485,0.10498980620872489,0.9837984136181632,0.9838821230277847,37.0,38.0,234.83153153153154,237.55877192982456,72.16155675675677,70.45507368421053,58.46008378378381,55.9466157894737,17.221351351351352,16.78407894736842,9.666666666666666,0.0,297.58666666666664,6799.92,14172.8,20.75679999999999,67.9992,71.29693866666669,16.9998,17.824234666666666,89.12117333333335,57.18659333333333,0.0,1.0,1.0,1.0,-0.19138736111111126,1.5066666666666666,0.0,0.0,2.8894546666666647,0.28,1.4,0.4354850998239389,0.44833683004887,0.0,0.0,6550.1466666666665,145.0,0.0,191.28,0.0,2075.68,0.0,290.0,4724.24,0.0,0.0,0.0,0.0,7622.653333333334
685,0.323416402213182,0.3354605778756413,0.09880395685456608,0.10417707181616903,0.9838202987306045,0.9839077964229184,36.0,38.0,231.01574074074077,225.87149122807017,75.00888888888888,75.45195789473684,59.217411111111105,61.234968421052656,17.703055555555554,18.46611842105263,10.14864864864865,0.0,295.0,7237.959459459459,13702.445945945947,22.48121621621622,72.37959459459462,75.23641081081082,18.094898648648655,18.8091027027027,94.0455135135135,60.253454054054046,0.0,1.0,1.0,1.0,-0.25528029279279296,1.5135135135135136,0.0,0.0,3.1119418918918904,0.28378378378378377,1.364864864864865,0.4363937555537812,0.44821187864621004,0.0,0.0,5561.7027027027025,152.22972972972974,0.0,201.90540540540542,0.0,2248.1216216216217,0.0,304.4594594594595,4989.8378378378375,0.0,0.0,0.0,0.0,8140.743243243243
686,0.323416402213182,0.3354605778756413,0.09756639466660898,0.10527108872082475,0.9838470804193976,0.9839337891001958,38.0,40.0,229.9469298245614,248.58041666666668,71.48833684210527,67.07872000000002,55.946576315789486,56.48826500000001,17.917565789473684,15.271125000000001,9.333333333333334,0.0,293.61538461538464,6624.166666666667,14370.153846153846,20.324743589743587,66.24166666666666,69.22699487179486,16.560416666666665,17.306748717948718,86.53374358974358,56.224365384615396,0.0,1.0,1.0,1.0,-0.1713409455128207,1.5128205128205128,0.0,0.0,3.5577871794871783,0.19230769230769232,1.4615384615384615,0.4383938319823561,0.4461409581039499,0.0,0.0,6541.641025641025,140.0,0.0,184.67948717948718,0.0,2032.474358974359,0.0,280.0,4591.692307692308,0.0,0.0,0.0,0.0,7828.51282051282
687,0.323416402213182,0.3354605778756413,0.09626751862718196,0.1047963038487521,0.9838736804746983,0.9839596511085342,38.0,37.0,239.79035087719296,242.7472972972973,69.34197894736843,69.11014054054056,57.5239447368421,55.59875135135135,16.511644736842108,16.08959459459459,9.293333333333333,0.0,295.17333333333335,6521.373333333333,14474.946666666667,19.261333333333326,65.21373333333334,69.22760533333333,16.303433333333334,17.306901333333332,86.53450666666666,56.57418266666667,0.0,1.0,1.0,1.0,-0.17862880555555571,1.4933333333333334,0.0,0.0,3.650010666666664,0.24,1.4133333333333333,0.45443092637774923,0.43722045060871695,0.0,0.0,6479.173333333333,139.4,0.0,184.48,0.0,1926.1333333333334,0.0,278.8,4595.24,0.0,0.0,0.0,0.0,7995.7733333333335
688,0.323416402213182,0.3354605778756413,0.0980600496626227,0.10659459167859282,0.9839002305533876,0.9839831987358295,37.0,35.0,237.18513513513514,217.79,70.46590270270269,79.55346285714285,58.170935135135146,61.67875999999999,16.9075,19.550714285714285,10.125,0.0,302.19444444444446,7276.958333333333,13665.416666666666,23.126249999999995,72.76958333333329,74.88346666666668,18.19239583333332,18.720866666666662,93.60433333333333,59.87612777777778,0.0,1.0,1.0,1.0,-0.24741932870370384,1.4861111111111112,0.0,0.0,3.1850569444444434,0.18055555555555555,1.4027777777777777,0.4583927921313605,0.43245041444695714,0.0,0.0,5615.708333333333,151.875,0.0,201.0,0.0,2312.625,0.0,303.75,4964.333333333333,0.0,0.0,0.0,0.0,8049.708333333333
689,0.323416402213182,0.3354605778756413,0.09992672272971602,0.1068748352546229,0.9839268943927424,0.9840087690051464,36.0,39.0,212.97453703703704,241.2474358974359,80.53013333333335,70.80254358974359,62.02050833333333,57.676661538461545,20.301527777777782,16.26865384615385,10.12,0.0,303.68,7281.7733333333335,13660.586666666666,22.71039999999999,72.81773333333334,75.47178666666669,18.204433333333334,18.86794666666667,94.33973333333337,59.761707999999985,0.0,1.0,1.0,1.0,-0.2450355833333335,1.52,0.0,0.0,2.4943546666666654,0.14666666666666667,1.48,0.42889066009728877,0.4582085597989962,0.0,0.0,6095.24,151.8,0.0,201.24,0.0,2271.04,0.0,303.6,5010.733333333334,0.0,0.0,0.0,0.0,7565.346666666666
690,0.323416402213182,0.3354605778756413,0.10099021264046532,0.1066397665105105,0.9839502481233444,0.9840351888821899,40.0,38.0,239.43125,237.9425438596491,71.07263999999998,70.10728421052633,57.90517250000001,57.630436842105276,16.551375,16.785789473684208,9.41025641025641,0.0,301.1794871794872,6666.2307692307695,14322.358974358975,19.738205128205134,66.66230769230769,70.60233846153847,16.665576923076923,17.650584615384616,88.25292307692308,57.77132692307694,0.0,1.0,1.0,1.0,-0.20356931089743602,1.4871794871794872,0.0,0.0,3.834565384615382,0.20512820512820512,1.4102564102564104,0.45693157033841775,0.4369679754453423,0.0,0.0,6086.974358974359,141.15384615384616,0.0,186.94871794871796,0.0,1973.820512820513,0.0,282.3076923076923,4692.410256410257,0.0,0.0,0.0,0.0,8235.384615384615
691,0.323416402213182,0.3354605778756413,0.10261456681867526,0.1064793329713898,0.9839736630217746,0.9840592755113902,39.0,37.0,249.274358974359,225.08198198198198,64.97296410256412,76.9081081081081,55.19606666666667,60.64487837837839,15.141025641025644,18.602432432432433,9.552631578947368,0.0,302.86842105263156,6730.473684210527,14249.78947368421,20.363684210526312,67.30473684210529,70.78349473684213,16.82618421052632,17.69587368421053,88.47936842105265,57.848777631578955,0.0,1.0,1.0,1.0,-0.2051828673245616,1.486842105263158,0.0,0.0,3.891467105263156,0.21052631578947367,1.4210526315789473,0.4575555319102651,0.4348762910323226,0.0,0.0,6224.315789473684,143.28947368421052,0.0,188.8684210526316,0.0,2036.3684210526317,0.0,286.57894736842104,4694.105263157895,0.0,0.0,0.0,0.0,8025.473684210527
692,0.323416402213182,0.3354605778756413,0.10340319616923718,0.10522644962124648,0.983997601198168,0.9840841966031425,36.0,38.0,222.23472222222225,238.3188596491228,76.8129777777778,70.15006315789475,60.47629166666669,57.164907894736835,19.00076388888889,16.714802631578948,9.85135135135135,0.0,303.1621621621622,7130.756756756757,13829.648648648648,22.5904054054054,71.30756756756759,73.39148108108107,17.826891891891897,18.347870270270263,91.73935135135133,58.775851351351356,0.0,1.0,1.0,1.0,-0.22449690315315332,1.5135135135135136,0.0,0.0,3.211262162162161,0.1891891891891892,1.472972972972973,0.4289098238658838,0.4544762907128988,0.0,0.0,5990.810810810811,147.63513513513513,0.0,195.4189189189189,0.0,2259.0405405405404,0.0,295.5405405405405,4871.716216216216,0.0,0.0,0.0,0.0,7838.8378378378375
693,0.323416402213182,0.3354605778756413,0.10510491448462318,0.10245593445511222,0.9840204350366725,0.9841072781481728,38.0,37.0,232.96447368421053,239.1783783783784,70.8810105263158,68.99840000000002,57.66301315789475,56.19937837837838,17.50638157894737,16.563378378378378,9.56,0.0,299.46666666666664,6816.466666666666,14161.8,21.879466666666666,68.16466666666669,69.95225600000003,17.041166666666673,17.488064000000005,87.44032000000003,56.94095333333335,0.0,1.0,1.0,1.0,-0.1862698611111113,1.4933333333333334,0.0,0.0,4.029863999999998,0.24,1.3866666666666667,0.45038040072354646,0.44006029795385027,0.0,0.0,6538.733333333334,143.4,0.0,190.53333333333333,0.0,2187.9466666666667,0.0,286.8,4628.52,0.0,0.0,0.0,0.0,7623.066666666667
694,0.323416402213182,0.3354605778756413,0.10371511811973882,0.1019700629041838,0.9840480582180089,0.9841322167682907,37.0,36.0,234.6342342342342,231.3759259259259,73.33708108108108,73.01546666666668,59.461327027027046,59.151800000000016,17.196891891891894,17.667916666666663,9.945205479452055,0.0,302.43835616438355,6971.671232876713,13981.643835616438,21.24808219178083,69.71671232876713,73.17847671232877,17.429178082191783,18.294619178082193,91.47309589041099,59.30868356164384,0.0,1.0,1.0,1.0,-0.2355975742009134,1.4931506849315068,0.0,0.0,3.5593849315068473,0.2191780821917808,1.4246575342465753,0.4480065105732724,0.441533775780264,0.0,0.0,6119.397260273972,149.17808219178082,0.0,198.15068493150685,0.0,2124.8082191780823,0.0,298.35616438356163,4846.86301369863,0.0,0.0,0.0,0.0,7862.246575342466
695,0.323416402213182,0.3354605778756413,0.10375427123160338,0.1009842886085184,0.9840718752214437,0.9841584211110586,38.0,37.0,237.60087719298244,232.22612612612613,70.42088421052634,73.01915675675676,56.7524710526316,57.93190000000002,16.80480263157895,17.53216216216216,9.813333333333333,0.0,311.6533333333333,6865.453333333333,14096.96,21.223466666666678,68.65453333333338,71.70269866666663,17.163633333333344,17.92567466666666,89.62837333333333,57.33432266666668,0.0,1.0,1.0,1.0,-0.1944650555555557,1.4933333333333334,0.0,0.0,2.795257333333332,0.25333333333333335,1.3866666666666667,0.4557874996926971,0.4364132442394004,0.0,0.0,6478.866666666667,147.2,0.0,194.98666666666668,0.0,2122.346666666667,0.0,294.4,4743.106666666667,0.0,0.0,0.0,0.0,7618.093333333333
696,0.323416402213182,0.3354605778756413,0.10499973517127127,0.10105224203191027,0.9840969767878118,0.9841852669580733,37.0,38.0,241.29504504504504,229.41798245614035,68.01608648648649,71.63772631578946,56.91123783783784,57.021792105263174,16.284324324324324,18.01013157894737,9.533333333333333,0.0,306.44,6863.493333333333,14116.64,22.405466666666655,68.63493333333332,69.8510506666667,17.15873333333333,17.46276266666667,87.31381333333333,56.96725200000003,0.0,1.0,1.0,1.0,-0.18681775000000017,1.5066666666666666,0.0,0.0,4.274934666666664,0.22666666666666666,1.4133333333333333,0.440040363638253,0.44581381542328546,0.0,0.0,6164.2266666666665,143.0,0.0,189.86666666666667,0.0,2240.5466666666666,0.0,286.0,4622.946666666667,0.0,0.0,0.0,0.0,7952.413333333333
697,0.323416402213182,0.3354605778756413,0.10480595329119767,0.09890715386495169,0.9841223894503736,0.984211125865913,36.0,38.0,226.32175925925924,240.97061403508772,77.69031111111113,68.8143157894737,61.683391666666694,56.391889473684216,18.319305555555555,16.337763157894734,9.986486486486486,0.0,303.5810810810811,6920.7027027027025,14030.648648648648,20.810540540540536,69.20702702702702,73.13236756756757,17.301756756756756,18.28309189189189,91.41545945945948,58.96613378378379,0.0,1.0,1.0,1.0,-0.22846112049549566,1.5135135135135136,0.0,0.0,3.1355229729729714,0.22972972972972974,1.4189189189189189,0.43632743645800354,0.4492058385697321,0.0,0.0,6142.27027027027,149.7972972972973,0.0,198.25675675675674,0.0,2081.054054054054,0.0,299.5945945945946,4839.648648648648,0.0,0.0,0.0,0.0,7888.378378378378
698,0.323416402213182,0.3354605778756413,0.10611134932037075,0.09712009654629909,0.9841448611336794,0.9842346258600598,39.0,36.0,239.12692307692308,240.19537037037037,69.92918974358977,70.59662222222221,56.32751794871796,56.419183333333336,16.593782051282048,16.411319444444445,9.533333333333333,0.0,309.1333333333333,6602.48,14378.386666666667,19.484000000000005,66.02480000000001,70.2495573333333,16.506200000000003,17.56238933333332,87.81194666666669,56.37151733333336,0.0,1.0,1.0,1.0,-0.17440661111111125,1.48,0.0,0.0,2.6281599999999985,0.2,1.3866666666666667,0.4599064782792203,0.42613610992143325,0.0,0.0,6844.933333333333,143.0,0.0,189.13333333333333,0.0,1948.4,0.0,286.0,4654.08,0.0,0.0,0.0,0.0,7533.453333333333
699,0.323416402213182,0.3354605778756413,0.10579081170593732,0.0977250256798323,0.9841710297207574,0.9842606994610328,38.0,36.0,244.58333333333334,219.80370370370372,68.1738105263158,77.62044444444446,55.73455789473684,59.454427777777774,15.79842105263158,19.308541666666667,9.932432432432432,0.0,299.97297297297297,7002.418918918919,13951.702702702703,21.863918918918916,70.02418918918919,72.76947027027025,17.506047297297297,18.19236756756756,90.96183783783783,57.544224324324354,0.0,1.0,1.0,1.0,-0.19883800675675695,1.4864864864864864,0.0,0.0,2.28080135135135,0.1891891891891892,1.4189189189189189,0.45659882605116453,0.43451336656172035,0.0,0.0,6163.2972972972975,148.98648648648648,0.0,197.9189189189189,0.0,2186.391891891892,0.0,297.97297297297297,4816.027027027027,0.0,0.0,0.0,0.0,7788.405405405405
700,0.323416402213182,0.3354605778756413,0.10391145246647887,0.0993221781680153,0.9841968551017007,0.9842853026223851,36.0,39.0,239.0384259259259,233.20897435897436,70.77511111111113,73.35286153846154,58.49171666666666,59.919958974358984,16.583333333333332,17.39339743589744,9.813333333333333,0.0,310.29333333333335,6801.826666666667,14160.426666666666,20.264666666666667,68.01826666666665,72.11554133333334,17.004566666666662,18.028885333333328,90.14442666666669,59.23440266666667,0.0,1.0,1.0,1.0,-0.2340500555555558,1.52,0.0,0.0,4.123427999999998,0.22666666666666666,1.4933333333333334,0.4308409414185019,0.4528401298068578,0.0,0.0,6335.12,147.2,0.0,195.14666666666668,0.0,2026.4666666666667,0.0,294.4,4775.36,0.0,0.0,0.0,0.0,7825.306666666666
701,0.323416402213182,0.3354605778756413,0.10213715965133847,0.09850984698555268,0.9842220861501235,0.984308376291062,36.0,40.0,217.93055555555557,248.57708333333332,80.01884444444447,65.98255999999999,61.91594722222223,55.26103500000001,19.576944444444447,15.288187500000001,9.671052631578947,0.0,307.0394736842105,6927.881578947368,14043.618421052632,20.997763157894738,69.27881578947368,72.63132631578948,17.31970394736842,18.157831578947363,90.78915789473686,58.413361842105274,0.0,1.0,1.0,1.0,-0.21694503837719314,1.5263157894736843,0.0,0.0,3.1017394736842094,0.23684210526315788,1.4342105263157894,0.4253857125558225,0.4648620464619272,0.0,0.0,6222.6973684210525,145.06578947368422,0.0,192.30263157894737,0.0,2099.7763157894738,0.0,290.13157894736844,4828.105263157895,0.0,0.0,0.0,0.0,7820.921052631579
702,0.323416402213182,0.3354605778756413,0.10462067093579983,0.10036392030443747,0.9842482798501412,0.984333412922222,39.0,36.0,246.87777777777777,227.07222222222222,66.21522051282051,76.50737777777779,55.41741282051284,60.58723333333334,15.46576923076923,18.28888888888889,9.693333333333333,0.0,307.04,6728.346666666666,14242.266666666666,20.174933333333332,67.28346666666667,71.15545600000002,16.820866666666667,17.788864000000004,88.94432000000005,57.89892666666669,0.0,1.0,1.0,1.0,-0.206227638888889,1.48,0.0,0.0,3.5643373333333312,0.24,1.36,0.4570220248302284,0.4229248864103005,0.0,0.0,6297.32,145.4,0.0,192.18666666666667,0.0,2017.4933333333333,0.0,290.8,4710.8533333333335,0.0,0.0,0.0,0.0,7944.946666666667
703,0.323416402213182,0.3354605778756413,0.10540202206636355,0.10043821570453838,0.9842720298857587,0.9843574163099013,37.0,38.0,247.81846846846847,229.32850877192985,64.6854918918919,74.90543157894737,54.54367567567568,58.74333684210526,15.39371621621622,17.963552631578956,9.466666666666667,0.0,304.70666666666665,6678.306666666666,14307.013333333334,20.485466666666664,66.78306666666667,69.8635946666667,16.695766666666668,17.465898666666675,87.32949333333335,56.67150400000001,0.0,1.0,1.0,1.0,-0.18065633333333345,1.5066666666666666,0.0,0.0,3.5036759999999987,0.25333333333333335,1.4133333333333333,0.4430079446003352,0.4442798170602299,0.0,0.0,6609.96,142.0,0.0,187.68,0.0,2048.5466666666666,0.0,284.0,4629.76,0.0,0.0,0.0,0.0,7697.053333333333
704,0.323416402213182,0.3354605778756413,0.1038267828561405,0.10278314008291507,0.9842959582740852,0.9843816537470563,34.0,39.0,177.95245098039217,257.4568376068376,91.69016470588237,60.16475897435899,66.38398235294117,53.16783076923078,25.3785294117647,14.036923076923078,10.123287671232877,0.0,317.013698630137,7727.726027397261,13225.643835616438,27.66027397260274,77.27726027397263,74.84782465753428,19.319315068493157,18.711956164383558,93.5597808219178,59.32329863013701,0.0,1.0,1.0,1.0,-0.23590205479452073,1.5342465753424657,0.0,0.0,3.794789041095888,0.2602739726027397,1.4794520547945205,0.4154142282471881,0.4691038861275805,0.0,0.0,5293.041095890411,140.87671232876713,0.0,201.05479452054794,0.0,2766.027397260274,0.0,303.6986301369863,4961.698630136986,0.0,0.0,0.0,0.0,7932.602739726028
705,0.323416402213182,0.3354605778756413,0.1016971321447829,0.10260744007388373,0.9843200694133568,0.9844058721862815,43.0,33.0,259.4612403100775,211.0661616161616,59.16040930232559,83.44591515151517,53.12120697674419,63.66562727272729,13.776395348837212,20.501439393939393,9.473684210526315,0.0,315.10526315789474,6678.5921052631575,14306.855263157895,20.618026315789468,66.78592105263158,69.70543157894737,16.696480263157895,17.42635789473684,87.13178947368418,57.699705263157895,0.0,1.0,1.0,1.0,-0.2020771929824563,1.4342105263157894,0.0,0.0,4.690753947368418,0.21052631578947367,1.381578947368421,0.49310392457446856,0.3935435038160402,0.0,0.0,6380.1973684210525,141.60526315789474,0.0,187.73684210526315,0.0,2061.8026315789475,0.0,284.2105263157895,4616.789473684211,0.0,0.0,0.0,0.0,7926.6578947368425
706,0.323416402213182,0.3354605778756413,0.10183827787882603,0.10265700515987694,0.9843417893977897,0.98442928084219,36.0,38.0,229.36805555555557,238.10307017543857,72.63448888888891,71.89355789473684,56.93333055555556,58.664294736842116,18.01041666666667,16.715657894736843,9.716216216216216,0.0,308.0135135135135,6938.216216216216,14031.216216216217,21.435405405405415,69.38216216216217,72.25401081081085,17.345540540540544,18.063502702702703,90.31751351351353,57.822204054054076,0.0,1.0,1.0,1.0,-0.2046292511261262,1.5135135135135136,0.0,0.0,2.913733783783782,0.24324324324324326,1.5,0.43534889956442674,0.4497327271369021,0.0,0.0,6292.689189189189,145.74324324324326,0.0,192.33783783783784,0.0,2143.5405405405404,0.0,291.4864864864865,4794.675675675676,0.0,0.0,0.0,0.0,7738.527027027027
707,0.323416402213182,0.3354605778756413,0.10168178844704454,0.10503309630316726,0.9843686600407543,0.9844527101489886,36.0,38.0,236.8986111111111,232.39035087719296,70.19182222222223,73.55890526315792,58.27603611111111,57.80509736842107,16.91701388888889,17.533486842105255,9.716216216216216,0.0,309.85135135135135,6893.4324324324325,14075.013513513513,21.24783783783784,68.93432432432432,71.92086486486487,17.23358108108108,17.98021621621621,89.90108108108107,58.0342027027027,0.0,1.0,1.0,1.0,-0.2090458896396398,1.5135135135135136,0.0,0.0,3.346918918918917,0.2702702702702703,1.4189189189189189,0.43662362477438105,0.4588730488738986,0.0,0.0,5921.9324324324325,145.74324324324326,0.0,193.32432432432432,0.0,2124.7837837837837,0.0,291.4864864864865,4768.648648648648,0.0,0.0,0.0,0.0,8153.081081081081
708,0.323416402213182,0.3354605778756413,0.10078244647905944,0.10635147475399696,0.9843923017601733,0.9844776243281007,35.0,39.0,214.9738095238095,233.308547008547,79.29197714285715,72.2294153846154,61.62734571428573,58.50358461538461,20.04514285714286,17.43737179487179,10.054054054054054,0.0,314.5945945945946,7468.310810810811,13478.202702702703,24.441486486486486,74.68310810810812,75.56981621621622,18.67077702702703,18.892454054054046,94.4622702702703,59.98103918918918,0.0,1.0,1.0,1.0,-0.24960498310810827,1.527027027027027,0.0,0.0,3.0819999999999985,0.25675675675675674,1.3783783783783783,0.42575543153425544,0.45995538909448175,0.0,0.0,5795.743243243243,150.8108108108108,0.0,200.05405405405406,0.0,2444.1486486486488,0.0,301.6216216216216,5024.1621621621625,0.0,0.0,0.0,0.0,7682.459459459459
709,0.323416402213182,0.3354605778756413,0.1011054850136553,0.10733004919298227,0.9844179042271477,0.9845011680262101,38.0,39.0,226.4574561403509,248.62649572649573,77.44286315789475,65.61673846153847,60.12409210526315,56.96285128205129,18.388092105263162,15.25076923076923,9.545454545454545,0.0,311.75324675324674,6719.623376623376,14261.155844155845,19.725844155844158,67.19623376623375,71.45300779220783,16.799058441558437,17.863251948051946,89.31625974025975,58.52294415584418,0.0,1.0,1.0,1.0,-0.21922800324675334,1.5064935064935066,0.0,0.0,3.868994805194803,0.2857142857142857,1.4285714285714286,0.4387767185092015,0.43961408878833447,0.0,0.0,6432.350649350649,143.1818181818182,0.0,188.67532467532467,0.0,1972.5844155844156,0.0,286.3636363636364,4747.038961038961,0.0,0.0,0.0,0.0,7828.805194805195
710,0.323416402213182,0.3354605778756413,0.10128667007789616,0.10732830359253583,0.9844407179551793,0.9845239864889916,40.0,36.0,253.40333333333334,232.72407407407408,64.00592,74.68622222222226,53.6366925,59.29915833333333,14.556125000000003,17.475416666666668,9.355263157894736,0.0,315.8157894736842,6375.578947368421,14616.473684210527,17.984605263157892,63.75578947368423,69.06501052631579,15.938947368421058,17.266252631578944,86.33126315789475,56.31891315789476,0.0,1.0,1.0,1.0,-0.1733106907894738,1.4736842105263157,0.0,0.0,3.1928499999999986,0.19736842105263158,1.4342105263157894,0.4706153650062202,0.42370487171468313,0.0,0.0,6710.618421052632,140.32894736842104,0.0,185.96052631578948,0.0,1798.4605263157894,0.0,280.6578947368421,4577.118421052632,0.0,0.0,0.0,0.0,7905.855263157895
711,0.323416402213182,0.3354605778756413,0.10162891118210166,0.10616626961036367,0.9844698175430705,0.9845458061604269,36.0,37.0,220.5662037037037,232.13378378378377,78.43093333333334,72.37552432432435,61.729872222222234,57.66861351351352,19.216041666666662,17.59006756756757,10.123287671232877,0.0,318.4931506849315,7356.767123287671,13585.753424657534,23.549178082191776,73.56767123287672,75.36175342465751,18.39191780821918,18.840438356164377,94.20219178082196,59.67142602739727,0.0,1.0,1.0,1.0,-0.24315470890410978,1.5068493150684932,0.0,0.0,2.701590410958902,0.1917808219178082,1.452054794520548,0.44178266659165905,0.4548239011684734,0.0,0.0,5709.027397260274,151.84931506849315,0.0,200.93150684931507,0.0,2354.917808219178,0.0,303.6986301369863,5001.8493150684935,0.0,0.0,0.0,0.0,7876.726027397261
712,0.323416402213182,0.3354605778756413,0.1024861260344977,0.1055585054432699,0.9844936979378884,0.9845698768014554,39.0,37.0,248.6846153846154,224.13378378378377,64.98576410256409,75.80990270270271,55.98691794871796,59.54324324324325,15.270128205128202,18.71074324324325,9.513157894736842,0.0,318.89473684210526,6778.065789473684,14203.934210526315,21.217631578947376,67.78065789473686,70.25541052631577,16.945164473684216,17.563852631578936,87.81926315789474,57.71828684210527,0.0,1.0,1.0,1.0,-0.20246430921052644,1.486842105263158,0.0,0.0,4.408040789473682,0.25,1.394736842105263,0.45367528153194325,0.4287515764876624,0.0,0.0,6131.210526315789,142.69736842105263,0.0,188.9078947368421,0.0,2121.7631578947367,0.0,285.39473684210526,4656.3026315789475,0.0,0.0,0.0,0.0,8072.723684210527
713,0.323416402213182,0.3354605778756413,0.10275527595562116,0.10767949487560163,0.9845196842631766,0.9845934261796017,35.0,39.0,229.57095238095238,241.34658119658118,74.92022857142858,69.74211282051283,60.135388571428585,56.894989743589754,17.932714285714287,16.243205128205123,9.797297297297296,0.0,320.4054054054054,6816.918918918919,14146.621621621622,20.34243243243244,68.16918918918921,72.19122162162161,17.042297297297303,18.0478054054054,90.23902702702703,58.42761081081082,0.0,1.0,1.0,1.0,-0.21724189189189194,1.527027027027027,0.0,0.0,3.278686486486485,0.22972972972972974,1.3918918918918919,0.41850816733872687,0.4654228047844878,0.0,0.0,6558.216216216216,146.95945945945945,0.0,194.5810810810811,0.0,2034.2432432432433,0.0,293.9189189189189,4782.675675675676,0.0,0.0,0.0,0.0,7588.405405405405
714,0.323416402213182,0.3354605778756413,0.10362748111569518,0.10871455850651542,0.9845434887070195,0.9846160286398269,36.0,38.0,224.71990740740742,243.65921052631577,77.20231111111111,68.533052631579,61.102150000000016,55.587965789473685,18.602291666666666,15.9346052631579,9.864864864864865,0.0,322.1621621621622,6892.959459459459,14066.72972972973,20.725,68.92959459459459,72.75052972972973,17.232398648648648,18.18763243243243,90.93816216216216,58.2705418918919,0.0,1.0,1.0,1.0,-0.21396962274774783,1.5135135135135136,0.0,0.0,2.75241081081081,0.22972972972972974,1.4054054054054055,0.44081446832441223,0.45095640139141924,0.0,0.0,5993.4324324324325,147.97297297297297,0.0,195.3918918918919,0.0,2072.5,0.0,295.94594594594594,4820.459459459459,0.0,0.0,0.0,0.0,8073.2972972972975
715,0.323416402213182,0.3354605778756413,0.10357010252976494,0.10908836368827311,0.9845668071403175,0.9846406764533352,38.0,36.0,240.99912280701756,233.48611111111111,69.8330947368421,73.46897777777778,57.30858684210527,58.80644444444445,16.305263157894736,17.365208333333342,9.716216216216216,0.0,314.7567567567568,6728.364864864865,14240.648648648648,19.84635135135135,67.28364864864866,71.60190270270273,16.820912162162166,17.900475675675676,89.50237837837837,58.03727432432434,0.0,1.0,1.0,1.0,-0.20910988175675688,1.4864864864864864,0.0,0.0,3.256283783783781,0.28378378378378377,1.3918918918918919,0.4593220462321053,0.43997467774100374,0.0,0.0,6077.013513513513,145.74324324324326,0.0,192.75675675675674,0.0,1984.6351351351352,0.0,291.4864864864865,4743.72972972973,0.0,0.0,0.0,0.0,8163.635135135135
716,0.323416402213182,0.3354605778756413,0.1019965465657991,0.10912949721553263,0.9845901368632768,0.9846658543540593,37.0,37.0,215.87657657657658,245.240990990991,79.82598918918917,67.41310270270273,61.514437837837825,55.65944594594596,19.897702702702702,15.712770270270275,9.91891891891892,0.0,321.13513513513516,7122.094594594595,13833.527027027027,22.38472972972974,71.22094594594596,73.61954594594596,17.80523648648649,18.404886486486486,92.02443243243245,58.5869418918919,0.0,1.0,1.0,1.0,-0.22056128941441455,1.5,0.0,0.0,2.772632432432431,0.21621621621621623,1.4054054054054055,0.44102836242193655,0.4463159656691252,0.0,0.0,6146.635135135135,148.78378378378378,0.0,197.02702702702703,0.0,2238.472972972973,0.0,297.56756756756755,4883.621621621622,0.0,0.0,0.0,0.0,7686.891891891892
717,0.323416402213182,0.3354605778756413,0.1015502949035233,0.11039698595774274,0.9846116557552915,0.9846881819087504,40.0,35.0,252.69791666666666,229.05,63.7112,73.22459428571429,54.08080000000001,57.942720000000016,14.694375000000004,17.980142857142855,9.386666666666667,0.0,318.12,6491.093333333333,14499.733333333334,19.88146666666667,64.91093333333332,68.150784,16.22773333333333,17.037695999999997,85.18848000000003,55.88302933333335,0.0,1.0,1.0,1.0,-0.16422977777777786,1.4666666666666666,0.0,0.0,3.9599786666666628,0.32,1.3333333333333333,0.4675401763581586,0.4197807296396219,0.0,0.0,6598.64,140.8,0.0,185.77333333333334,0.0,1988.1466666666668,0.0,281.6,4502.946666666667,0.0,0.0,0.0,0.0,7901.093333333333
718,0.323416402213182,0.3354605778756413,0.10314310861794683,0.1092755643758461,0.9846347641806399,0.9847122819111833,36.0,37.0,231.51805555555558,239.34864864864863,72.96551111111111,69.61816216216216,58.54718055555558,57.2448081081081,17.712777777777784,16.519797297297295,9.657534246575343,0.0,312.6849315068493,6843.246575342466,14129.219178082192,21.20397260273972,68.43246575342465,71.2689095890411,17.108116438356163,17.817227397260268,89.08613698630137,57.88707397260274,0.0,1.0,1.0,1.0,-0.20598070776255717,1.5068493150684932,0.0,0.0,3.7262808219178063,0.3013698630136986,1.4246575342465753,0.4458637294927939,0.45005209683140335,0.0,0.0,5679.287671232877,144.86301369863014,0.0,191.94520547945206,0.0,2120.3972602739727,0.0,289.7260273972603,4722.8493150684935,0.0,0.0,0.0,0.0,8449.931506849314
719,0.323416402213182,0.3354605778756413,0.10363822476528212,0.10733192773079417,0.9846577485495054,0.9847354759661846,36.0,37.0,227.90185185185186,237.29369369369368,74.76693333333334,71.21297297297299,58.97741944444446,57.22835135135135,18.162222222222223,16.837229729729728,9.917808219178083,0.0,329.5342465753425,6996.260273972603,13959.72602739726,21.636301369863016,69.96260273972601,72.96561095890411,17.490650684931502,18.24140273972602,91.20701369863018,58.09090547945206,0.0,1.0,1.0,1.0,-0.21022719748858462,1.5068493150684932,0.0,0.0,2.61594520547945,0.273972602739726,1.3972602739726028,0.4430746633963282,0.4425876246088111,0.0,0.0,6354.3835616438355,148.76712328767124,0.0,196.7123287671233,0.0,2163.6301369863013,0.0,297.5342465753425,4832.630136986301,0.0,0.0,0.0,0.0,7605.342465753424
720,0.323416402213182,0.3354605778756413,0.1036449961338495,0.10790180373808193,0.9846814526439863,0.9847588801102034,38.0,37.0,241.2122807017544,222.9391891891892,69.18265263157896,78.00475675675675,56.09245000000001,61.04338378378378,16.30026315789474,18.8777027027027,9.853333333333333,0.0,322.94666666666666,7028.72,13931.853333333333,21.45973333333334,70.28720000000001,73.5348906666667,17.571800000000003,18.383722666666664,91.91861333333335,58.534910666666654,0.0,1.0,1.0,1.0,-0.2194773055555557,1.4933333333333334,0.0,0.0,2.571819999999998,0.30666666666666664,1.3466666666666667,0.44350226352287,0.4421644455071173,0.0,0.0,6304.32,147.8,0.0,195.02666666666667,0.0,2145.9733333333334,0.0,295.6,4882.746666666667,0.0,0.0,0.0,0.0,7627.533333333334
721,0.323416402213182,0.3354605778756413,0.10249158097778162,0.10705047119579547,0.9847049915605571,0.984780167997036,37.0,39.0,236.66576576576577,244.02777777777777,71.71476756756759,68.24057435897437,58.21701621621624,56.156756410256406,16.879797297297294,15.905448717948715,9.578947368421053,0.0,315.0657894736842,6551.921052631579,14426.618421052632,19.266447368421055,65.51921052631579,69.93195789473684,16.379802631578947,17.482989473684206,87.4149473684211,57.15977763157895,0.0,1.0,1.0,1.0,-0.19082870065789492,1.513157894736842,0.0,0.0,3.607622368421051,0.3026315789473684,1.4473684210526316,0.43427839367186993,0.4503045971826528,0.0,0.0,6456.184210526316,143.68421052631578,0.0,189.4078947368421,0.0,1926.6447368421052,0.0,287.36842105263156,4625.276315789473,0.0,0.0,0.0,0.0,7970.434210526316
722,0.323416402213182,0.3354605778756413,0.1033235234398771,0.10621814415875834,0.9847320437045363,0.9848026229523166,38.0,37.0,237.52938596491228,231.38108108108108,71.77667368421055,72.80103783783784,56.52277894736842,57.593145945945956,16.782631578947367,17.70790540540541,9.773333333333333,0.0,321.38666666666666,6895.64,14069.773333333333,21.037733333333335,68.95639999999999,72.2820266666667,17.239099999999997,18.070506666666667,90.35253333333333,57.05082666666669,0.0,1.0,1.0,1.0,-0.18855888888888903,1.4933333333333334,0.0,0.0,2.007899999999999,0.21333333333333335,1.3733333333333333,0.4528835247093489,0.4381220267919596,0.0,0.0,6515.32,146.6,0.0,193.78666666666666,0.0,2103.7733333333335,0.0,293.2,4791.866666666667,0.0,0.0,0.0,0.0,7554.453333333333
723,0.323416402213182,0.3354605778756413,0.10454489658438838,0.1065641043235402,0.9847572734365645,0.9848260088306848,38.0,37.0,243.16008771929825,235.12477477477478,67.89995789473684,71.4411243243243,55.430873684210525,57.895737837837835,16.013026315789478,17.171216216216216,9.453333333333333,0.0,327.88,6633.76,14351.76,20.197599999999998,66.33760000000001,69.64693333333335,16.584400000000002,17.411733333333327,87.0586666666667,56.64687333333334,0.0,1.0,1.0,1.0,-0.1801431944444445,1.4933333333333334,0.0,0.0,3.5843399999999974,0.22666666666666666,1.4133333333333333,0.45158766891789887,0.43998245048312973,0.0,0.0,6451.493333333333,141.8,0.0,188.08,0.0,2019.76,0.0,283.6,4614.0,0.0,0.0,0.0,0.0,7900.266666666666
724,0.323416402213182,0.3354605778756413,0.10727948987894712,0.1056512953515349,0.9847817857558074,0.9848479777819172,36.0,36.0,227.74120370370372,217.74074074074076,73.48000000000002,77.27573333333333,57.66002500000002,58.88483611111113,18.256458333333335,19.642083333333332,10.097222222222221,0.0,331.875,7579.708333333333,13364.458333333334,25.74319444444444,75.79708333333332,75.37786666666666,18.94927083333333,18.84446666666666,94.22233333333332,58.272430555555566,0.0,1.0,1.0,1.0,-0.2140089699074076,1.5,0.0,0.0,1.8438347222222216,0.20833333333333334,1.4027777777777777,0.4434705002611518,0.44318863712163614,0.0,0.0,5704.597222222223,151.45833333333334,0.0,200.45833333333334,0.0,2574.3194444444443,0.0,302.9166666666667,5005.388888888889,0.0,0.0,0.0,0.0,7659.861111111111
725,0.323416402213182,0.3354605778756413,0.10677167857356315,0.10397057976127749,0.9848058310769577,0.9848723365295879,36.0,39.0,233.02314814814815,242.13119658119658,72.6928,70.67142564102565,56.70030555555557,57.17178717948718,17.427361111111114,16.157500000000002,9.666666666666666,0.0,333.1333333333333,6706.8133333333335,14265.56,19.556399999999993,67.06813333333332,71.64168533333331,16.76703333333333,17.910421333333325,89.55210666666669,56.94547600000003,0.0,1.0,1.0,1.0,-0.1863640833333336,1.52,0.0,0.0,2.0708239999999987,0.18666666666666668,1.4133333333333333,0.4342178351490265,0.45513220720358416,0.0,0.0,6497.346666666666,145.0,0.0,191.62666666666667,0.0,1955.64,0.0,290.0,4751.173333333333,0.0,0.0,0.0,0.0,7768.213333333333
726,0.323416402213182,0.3354605778756413,0.10512103690052994,0.10484622091004457,0.9848312876729343,0.9848952072895792,37.0,38.0,225.79234234234232,242.00087719298244,74.43736216216216,69.82837894736844,58.25360810810812,57.71397631578949,18.502499999999994,16.163881578947368,9.746666666666666,0.0,331.29333333333335,6927.04,14040.28,21.468933333333336,69.27039999999998,72.10214400000002,17.317599999999995,18.025536000000002,90.12768000000005,57.9801946666667,0.0,1.0,1.0,1.0,-0.20792072222222233,1.5066666666666666,0.0,0.0,3.195650666666665,0.22666666666666666,1.4533333333333334,0.4441214520692274,0.4446166865745253,0.0,0.0,5998.36,146.2,0.0,193.08,0.0,2146.8933333333334,0.0,292.4,4780.1466666666665,0.0,0.0,0.0,0.0,8041.92
727,0.323416402213182,0.3354605778756413,0.10384826329648038,0.10627098146371684,0.9848535644436702,0.9849162209529565,38.0,37.0,240.68201754385964,238.83018018018018,70.3328,71.28216216216217,56.87017368421054,57.05760270270272,16.303815789473685,16.648108108108108,9.613333333333333,0.0,330.18666666666667,6589.466666666666,14386.106666666667,18.99293333333333,65.89466666666668,70.80115200000002,16.47366666666667,17.700288000000004,88.50144000000003,56.962638666666656,0.0,1.0,1.0,1.0,-0.18672163888888899,1.4933333333333334,0.0,0.0,2.635153333333333,0.21333333333333335,1.4533333333333334,0.44597110383931543,0.4370097955962928,0.0,0.0,6634.293333333333,144.2,0.0,190.82666666666665,0.0,1899.2933333333333,0.0,288.4,4690.173333333333,0.0,0.0,0.0,0.0,7751.8133333333335
728,0.323416402213182,0.3354605778756413,0.10495795474728048,0.10426134383969066,0.9848774677068057,0.9849375413817103,38.0,36.0,229.17105263157893,243.0587962962963,74.67368421052633,68.33173333333335,59.3200052631579,56.002655555555556,17.95230263157895,16.03243055555555,9.797297297297296,0.0,336.4864864864865,6807.324324324324,14155.635135135135,20.71743243243244,68.07324324324325,71.58841081081083,17.018310810810814,17.8971027027027,89.48551351351355,57.70615945945947,0.0,1.0,1.0,1.0,-0.20221165540540556,1.4864864864864864,0.0,0.0,3.136059459459458,0.24324324324324326,1.3918918918918919,0.45150568817565023,0.4312703300138257,0.0,0.0,6218.2972972972975,146.95945945945945,0.0,195.16216216216216,0.0,2071.7432432432433,0.0,293.9189189189189,4735.581081081081,0.0,0.0,0.0,0.0,7937.3378378378375
729,0.323416402213182,0.3354605778756413,0.10507028692914122,0.1067402875889674,0.9849009642024855,0.9849603789323396,40.0,34.0,240.26666666666668,208.35049019607843,68.06816,80.51651764705883,56.2644925,61.33463823529413,16.466249999999995,20.98764705882353,9.945945945945946,0.0,337.5135135135135,7417.459459459459,13536.148648648648,25.23067567567568,74.17459459459461,73.78767567567569,18.543648648648652,18.446918918918918,92.23459459459458,58.59401891891892,0.0,1.0,1.0,1.0,-0.22070872747747763,1.4594594594594594,0.0,0.0,3.3499918918918907,0.2702702702702703,1.3918918918918919,0.4724532594167875,0.41423494545058487,0.0,0.0,5953.2027027027025,149.1891891891892,0.0,197.82432432432432,0.0,2523.0675675675675,0.0,298.3783783783784,4894.391891891892,0.0,0.0,0.0,0.0,7582.945945945946
730,0.323416402213182,0.3354605778756413,0.10379231078771346,0.10567306805058976,0.9849261599201584,0.9849833175029282,38.0,38.0,238.01052631578946,235.9815789473684,71.72395789473687,71.67326315789474,58.74919473684211,57.72680789473685,16.738750000000003,17.0278947368421,9.644736842105264,0.0,329.86842105263156,6753.328947368421,14219.763157894737,19.957894736842107,67.53328947368422,71.69861052631582,16.883322368421055,17.924652631578947,89.62326315789477,58.23800131578948,0.0,1.0,1.0,1.0,-0.21329169407894752,1.5,0.0,0.0,3.422713157894735,0.2236842105263158,1.4736842105263157,0.4470995612183039,0.44828504536890945,0.0,0.0,6250.263157894737,144.67105263157896,0.0,191.89473684210526,0.0,1995.7894736842106,0.0,289.3421052631579,4757.539473684211,0.0,0.0,0.0,0.0,7969.5
731,0.323416402213182,0.3354605778756413,0.10601537196732909,0.10426519087935013,0.9849494945240842,0.9850055297722061,38.0,38.0,251.79692982456143,229.46008771929826,62.99738947368421,74.46181052631579,54.86089473684211,58.73848421052634,14.832697368421053,17.917434210526316,9.421052631578947,0.0,332.61842105263156,6550.026315789473,14437.71052631579,20.048684210526325,65.50026315789472,68.72959999999998,16.37506578947368,17.18239999999999,85.91200000000005,56.79968947368422,0.0,1.0,1.0,1.0,-0.18332686403508783,1.5,0.0,0.0,4.445155263157893,0.25,1.4078947368421053,0.4405513438727649,0.44390881782262265,0.0,0.0,6587.8421052631575,141.31578947368422,0.0,187.31578947368422,0.0,2004.8684210526317,0.0,282.63157894736844,4545.1578947368425,0.0,0.0,0.0,0.0,7849.868421052632
732,0.323416402213182,0.3354605778756413,0.1052237401844822,0.10493825884825231,0.9849710073374385,0.9850283744516575,34.0,40.0,209.76029411764705,249.66791666666668,84.11764705882354,64.4656,63.68804705882354,55.499007500000005,20.70514705882353,15.114,9.95945945945946,0.0,335.22972972972974,7073.1621621621625,13879.918918918918,22.028243243243242,70.73162162162164,73.49491891891893,17.68290540540541,18.373729729729728,91.86864864864866,59.2615391891892,0.0,1.0,1.0,1.0,-0.23461539977477494,1.5405405405405406,0.0,0.0,3.4495256756756745,0.2702702702702703,1.4324324324324325,0.41575242446810695,0.4701922611190461,0.0,0.0,5826.972972972973,149.3918918918919,0.0,197.74324324324326,0.0,2202.824324324324,0.0,298.7837837837838,4870.3378378378375,0.0,0.0,0.0,0.0,8052.945945945946
733,0.323416402213182,0.3354605778756413,0.1039320252223023,0.10368747060735319,0.9849921148801098,0.9850527249971741,39.0,36.0,239.12863247863248,213.3148148148148,70.001558974359,79.85191111111112,58.3064358974359,62.03652777777779,16.61698717948718,20.27347222222222,9.96,0.0,328.94666666666666,7348.84,13604.28,23.820799999999995,73.48839999999998,74.72972800000001,18.372099999999996,18.682432,93.41215999999999,60.096880000000006,0.0,1.0,1.0,1.0,-0.25201833333333357,1.48,0.0,0.0,3.7392519999999982,0.30666666666666664,1.4,0.4583246211887908,0.42771862379753706,0.0,0.0,6187.826666666667,149.4,0.0,197.68,0.0,2382.08,0.0,298.8,4966.76,0.0,0.0,0.0,0.0,7416.453333333333
734,0.323416402213182,0.3354605778756413,0.10506349670602287,0.10566151245006125,0.9850122058489863,0.9850738025307477,37.0,39.0,234.15675675675675,244.14786324786326,72.61612972972972,68.01476923076922,58.3835054054054,57.262461538461544,17.297297297297302,15.8825,9.460526315789474,0.0,329.0921052631579,6628.513157894737,14357.026315789473,19.676447368421044,66.28513157894736,70.25490526315791,16.57128289473684,17.563726315789474,87.8186315789474,57.80823289473684,0.0,1.0,1.0,1.0,-0.2043381853070177,1.513157894736842,0.0,0.0,4.124610526315787,0.21052631578947367,1.381578947368421,0.42874854609600205,0.45393233026469393,0.0,0.0,6757.144736842105,141.9078947368421,0.0,187.73684210526315,0.0,1967.6447368421052,0.0,283.8157894736842,4660.868421052632,0.0,0.0,0.0,0.0,7599.881578947368
735,0.323416402213182,0.3354605778756413,0.10761350334693598,0.10703719970997685,0.9850346687982685,0.9850944299423188,37.0,37.0,233.7342342342342,234.2018018018018,72.92488648648649,72.93197837837837,59.27960810810811,58.55338378378381,17.297027027027028,17.30716216216216,9.878378378378379,0.0,337.93243243243245,6920.8378378378375,14038.081081081082,20.87662162162162,69.2083783783784,72.92843243243244,17.3020945945946,18.23210810810811,91.16054054054057,58.916495945945975,0.0,1.0,1.0,1.0,-0.227426998873874,1.5,0.0,0.0,3.2901581081081073,0.2702702702702703,1.3918918918918919,0.44155039894932036,0.44274087481249247,0.0,0.0,6312.364864864865,148.17567567567568,0.0,195.55405405405406,0.0,2087.662162162162,0.0,296.35135135135135,4833.175675675676,0.0,0.0,0.0,0.0,7725.716216216216
736,0.323416402213182,0.3354605778756413,0.1080530846598548,0.10778136189355303,0.9850579269523939,0.985116346746045,38.0,37.0,223.16535087719296,243.97567567567566,76.09835789473685,67.41777297297298,59.54228947368421,53.95330540540541,18.832631578947364,15.934459459459458,9.746666666666666,0.0,329.5733333333333,6961.1466666666665,14005.906666666666,22.033600000000003,69.61146666666664,71.81593599999998,17.40286666666666,17.953983999999988,89.76992000000007,56.785057333333356,0.0,1.0,1.0,1.0,-0.1830220277777779,1.4933333333333334,0.0,0.0,2.371987999999998,0.30666666666666664,1.4,0.4433976650213198,0.4381371620887874,0.0,0.0,6089.906666666667,146.2,0.0,193.34666666666666,0.0,2203.36,0.0,292.4,4757.786666666667,0.0,0.0,0.0,0.0,7916.0
737,0.323416402213182,0.3354605778756413,0.10725488234622725,0.10720221331208832,0.9850823384279559,0.9851399868263385,41.0,34.0,250.5089430894309,227.4151960784314,65.04819512195122,74.95642352941175,54.57482195121951,59.63445294117647,15.008414634146344,18.22404411764706,9.4,0.0,334.5466666666667,6586.466666666666,14402.386666666667,19.761599999999994,65.86466666666668,69.53992533333337,16.46616666666667,17.384981333333336,86.92490666666664,56.86852133333334,0.0,1.0,1.0,1.0,-0.18476086111111123,1.4533333333333334,0.0,0.0,3.794762666666664,0.28,1.4,0.47967490155139597,0.41177854627178745,0.0,0.0,6469.746666666667,141.0,0.0,187.14666666666668,0.0,1976.16,0.0,282.0,4610.306666666666,0.0,0.0,0.0,0.0,7932.64
738,0.323416402213182,0.3354605778756413,0.10957868227054267,0.10506961531045324,0.9851051836138633,0.9851618708437723,37.0,36.0,247.8954954954955,234.35972222222225,66.36367567567568,72.52195555555555,56.62267297297297,58.967405555555565,15.383581081081081,17.203124999999996,9.465753424657533,0.0,337.4931506849315,6512.356164383562,14473.219178082192,19.186849315068493,65.12356164383563,69.40063561643835,16.280890410958907,17.350158904109588,86.75079452054793,57.77897945205478,0.0,1.0,1.0,1.0,-0.20372873858447496,1.4931506849315068,0.0,0.0,4.659234246575341,0.2602739726027397,1.3972602739726028,0.4508718483744851,0.435507932085532,0.0,0.0,6486.41095890411,141.986301369863,0.0,187.46575342465752,0.0,1918.6849315068494,0.0,283.972602739726,4593.671232876713,0.0,0.0,0.0,0.0,7986.808219178082
739,0.323416402213182,0.3354605778756413,0.10947002764585255,0.10590209806484858,0.9851272147041601,0.9851840402552768,34.0,37.0,220.8392156862745,230.97252252252252,75.7159529411765,74.78918918918922,59.3384411764706,59.59881351351352,19.159779411764703,17.770000000000003,10.140845070422536,0.0,341.6901408450704,7374.211267605634,13567.197183098591,23.83957746478873,73.74211267605635,75.23299154929576,18.435528169014088,18.80824788732394,94.04123943661973,59.47412816901412,0.0,1.0,1.0,1.0,-0.2390443368544602,1.5211267605633803,0.0,0.0,2.676664788732394,0.2676056338028169,1.4647887323943662,0.4310370688330554,0.4587157482547488,0.0,0.0,5640.338028169014,152.11267605633802,0.0,201.25352112676057,0.0,2383.957746478873,0.0,304.22535211267603,4990.2535211267605,0.0,0.0,0.0,0.0,7926.859154929577
740,0.323416402213182,0.3354605778756413,0.10980703318275731,0.10530001136066548,0.985148350999171,0.9852057765584796,37.0,37.0,230.16306306306305,234.66846846846846,71.44787027027029,72.03805405405406,55.471318918918925,57.58245945945947,17.911756756756755,17.225608108108112,9.64864864864865,0.0,337.2837837837838,7027.472972972973,13944.945945945947,22.668108108108108,70.27472972972974,71.7429621621622,17.568682432432436,17.93574054054054,89.67870270270268,56.526889189189184,0.0,1.0,1.0,1.0,-0.17764352477477485,1.5,0.0,0.0,2.3526094594594578,0.2702702702702703,1.3918918918918919,0.4467861237873853,0.44042478697164106,0.0,0.0,6204.2027027027025,144.72972972972974,0.0,192.3918918918919,0.0,2266.810810810811,0.0,289.4594594594595,4760.6621621621625,0.0,0.0,0.0,0.0,7740.743243243243
741,0.323416402213182,0.3354605778756413,0.10950770804847475,0.10603064716275354,0.9851707786893158,0.9852275748088953,37.0,37.0,237.9373873873874,236.6342342342342,69.87001081081084,72.44004324324328,55.82845945945945,59.22376756756758,16.753783783783785,16.931013513513513,9.621621621621621,0.0,347.06756756756755,6736.959459459459,14237.148648648648,20.198648648648653,67.36959459459463,71.15502702702705,16.842398648648658,17.788756756756754,88.94378378378379,57.52611351351351,0.0,1.0,1.0,1.0,-0.1984606981981983,1.5,0.0,0.0,3.2134851351351323,0.21621621621621623,1.4324324324324325,0.4400091866727167,0.43650881501179445,0.0,0.0,6071.824324324324,144.32432432432432,0.0,191.9189189189189,0.0,2019.8648648648648,0.0,288.64864864864865,4717.094594594595,0.0,0.0,0.0,0.0,8165.324324324324
742,0.323416402213182,0.3354605778756413,0.1111440044786489,0.10543284031393452,0.9851918564450481,0.9852494772173723,36.0,37.0,223.6740740740741,238.6283783783784,76.19893333333334,69.99697297297297,58.85106111111112,58.46127297297299,18.82625,16.63452702702703,9.849315068493151,0.0,349.3424657534247,7086.1506849315065,13875.219178082192,22.40506849315069,70.86150684931506,73.05547397260271,17.715376712328766,18.263868493150675,91.31934246575344,58.65349726027398,0.0,1.0,1.0,1.0,-0.22194785958904129,1.5068493150684932,0.0,0.0,3.313399999999999,0.1917808219178082,1.3972602739726028,0.4382037730136699,0.4440791151311293,0.0,0.0,6110.438356164384,146.87671232876713,0.0,195.27397260273972,0.0,2240.5068493150684,0.0,295.47945205479454,4845.643835616438,0.0,0.0,0.0,0.0,7764.780821917808
743,0.323416402213182,0.3354605778756413,0.11134750643070028,0.10799438263237932,0.9852126261096052,0.9852710837443752,37.0,37.0,237.1536036036036,242.20225225225224,71.43178378378379,68.94547027027028,57.19672162162163,57.945424324324335,16.84243243243243,16.1475,9.567567567567568,0.0,346.05405405405406,6597.986486486487,14380.675675675675,19.516621621621624,65.97986486486487,70.18862702702701,16.494966216216216,17.547156756756745,87.73578378378382,57.57107297297297,0.0,1.0,1.0,1.0,-0.19939735360360383,1.5,0.0,0.0,3.877412162162161,0.24324324324324326,1.4054054054054055,0.4490829845822116,0.4392304634687506,0.0,0.0,6186.418918918919,143.51351351351352,0.0,189.7972972972973,0.0,1951.662162162162,0.0,287.02702702702703,4646.324324324324,0.0,0.0,0.0,0.0,8194.256756756757
744,0.323416402213182,0.3354605778756413,0.10983958517994363,0.10755793534425928,0.9852302888569724,0.9852938166134223,37.0,36.0,233.38063063063063,232.72314814814814,72.4071783783784,72.4584888888889,58.265470270270285,57.72329722222222,17.407297297297294,17.47201388888889,9.876712328767123,0.0,339.36986301369865,6975.684931506849,13983.383561643835,21.811095890410964,69.7568493150685,72.43248219178082,17.439212328767123,18.108120547945205,90.54060273972605,57.99809726027399,0.0,1.0,1.0,1.0,-0.20829369292237457,1.4931506849315068,0.0,0.0,3.004827397260273,0.2191780821917808,1.4109589041095891,0.4548323461850463,0.43906947372539845,0.0,0.0,5907.698630136986,148.15068493150685,0.0,195.4794520547945,0.0,2181.109589041096,0.0,296.3013698630137,4794.575342465753,0.0,0.0,0.0,0.0,8075.684931506849
745,0.323416402213182,0.3354605778756413,0.10943750348517271,0.10776975252955756,0.9852513154438863,0.9853163245211056,37.0,37.0,236.1436936936937,236.36261261261262,71.91610810810812,72.90845405405405,58.110486486486494,58.12646216216217,16.977702702702707,16.96405405405405,9.797297297297296,0.0,342.06756756756755,6788.351351351352,14175.18918918919,19.884054054054047,67.88351351351352,72.41228108108112,16.97087837837838,18.103070270270276,90.51535135135136,58.118474324324325,0.0,1.0,1.0,1.0,-0.2108015484234236,1.5,0.0,0.0,2.67707162162162,0.21621621621621623,1.4594594594594594,0.4475826368565514,0.44346829673066557,0.0,0.0,6471.22972972973,146.95945945945945,0.0,194.5810810810811,0.0,1988.4054054054054,0.0,293.9189189189189,4799.945945945946,0.0,0.0,0.0,0.0,7703.959459459459
746,0.323416402213182,0.3354605778756413,0.10812054107220048,0.10621644208215705,0.9852724942485351,0.9853372581969958,38.0,37.0,243.68640350877192,245.55990990990992,68.87393684210528,66.9139027027027,57.83226842105264,55.20883243243245,15.95638157894737,15.672770270270268,9.186666666666667,0.0,341.0933333333333,6326.586666666667,14676.64,18.251866666666665,63.26586666666669,67.90698666666668,15.816466666666672,16.976746666666667,84.88373333333332,56.53804000000002,0.0,1.0,1.0,1.0,-0.17787583333333343,1.4933333333333334,0.0,0.0,4.447519999999998,0.24,1.4533333333333334,0.4542545960156558,0.43982036517805484,0.0,0.0,6712.986666666667,137.8,0.0,182.37333333333333,0.0,1825.1866666666667,0.0,275.6,4501.4,0.0,0.0,0.0,0.0,7963.653333333334
747,0.323416402213182,0.3354605778756413,0.10827337449533223,0.10714234978484395,0.9852931603652085,0.9853568723940905,36.0,35.0,234.09768518518518,212.06714285714284,72.5889777777778,80.54528000000002,58.02319444444446,61.48053428571429,17.28402777777778,20.454785714285716,10.267605633802816,0.0,346.3380281690141,7538.830985915493,13394.25352112676,24.598169014084505,75.38830985915493,76.5110985915493,18.847077464788732,19.127774647887325,95.63887323943663,59.72751690140842,0.0,1.0,1.0,1.0,-0.2443232687793429,1.4929577464788732,0.0,0.0,2.0634957746478864,0.16901408450704225,1.4225352112676057,0.449143112487794,0.4378722763830104,0.0,0.0,5927.549295774648,154.01408450704224,0.0,203.8732394366197,0.0,2459.8169014084506,0.0,308.0281690140845,5079.014084507042,0.0,0.0,0.0,0.0,7466.704225352113
748,0.323416402213182,0.3354605778756413,0.10933392377663281,0.10683213108326886,0.9853153679764912,0.9853772678280802,36.0,38.0,224.86574074074076,239.27763157894736,76.34968888888892,69.80412631578949,59.0103361111111,57.998923684210524,18.587916666666665,16.571381578947364,9.905405405405405,0.0,339.47297297297297,7020.959459459459,13935.986486486487,21.8545945945946,70.20959459459459,72.98845405405409,17.552398648648648,18.24711351351352,91.23556756756757,58.49096216216217,0.0,1.0,1.0,1.0,-0.2185617117117119,1.5135135135135136,0.0,0.0,3.0549067567567554,0.25675675675675674,1.364864864864865,0.4370200766797544,0.4564599974378992,0.0,0.0,6074.094594594595,148.5810810810811,0.0,196.3108108108108,0.0,2185.4594594594596,0.0,297.1621621621622,4835.5,0.0,0.0,0.0,0.0,7861.891891891892
749,0.323416402213182,0.3354605778756413,0.10805043672037751,0.10680532028160777,0.9853372267350021,0.9853998434727674,38.0,37.0,229.98684210526318,244.23198198198196,75.45077894736845,69.08073513513514,59.79535000000001,56.201694594594606,17.88085526315789,15.832972972972975,9.706666666666667,0.0,340.25333333333333,6748.2266666666665,14220.866666666667,19.484800000000003,67.48226666666669,72.30822400000002,16.870566666666672,18.077056,90.38527999999997,58.02248000000001,0.0,1.0,1.0,1.0,-0.20880166666666683,1.4933333333333334,0.0,0.0,2.584822666666665,0.3333333333333333,1.36,0.448817817833812,0.44024140883481827,0.0,0.0,6342.266666666666,145.6,0.0,193.10666666666665,0.0,1948.48,0.0,291.2,4799.746666666667,0.0,0.0,0.0,0.0,7878.6
750,0.323416402213182,0.3354605778756413,0.10820366505574555,0.1077829005430304,0.9853596108720177,0.985421916857519,39.0,36.0,248.6260683760684,227.99074074074076,65.23060512820514,73.26151111111113,53.987394871794876,59.62002222222223,15.251987179487177,18.167361111111113,9.48,0.0,339.1066666666667,6660.546666666667,14323.266666666666,20.927466666666668,66.60546666666666,69.08543999999996,16.651366666666664,17.27135999999999,86.35679999999996,56.691056,0.0,1.0,1.0,1.0,-0.18106366666666682,1.48,0.0,0.0,4.256982666666666,0.32,1.3733333333333333,0.46128079358542873,0.43109872458473,0.0,0.0,6026.16,142.2,0.0,188.58666666666667,0.0,2092.7466666666664,0.0,284.4,4567.8,0.0,0.0,0.0,0.0,8297.106666666667
751,0.323416402213182,0.3354605778756413,0.10756882989306772,0.10834300769510642,0.9853811910503373,0.9854428442879056,36.0,37.0,228.55787037037038,234.20855855855856,72.8599111111111,72.69050810810813,58.08250833333336,57.85851891891891,18.140486111111112,17.281351351351347,9.73972602739726,0.0,346.1232876712329,7082.013698630137,13885.315068493152,22.487671232876707,70.82013698630136,72.7740493150685,17.70503424657534,18.193512328767124,90.9675616438356,57.96897945205479,0.0,1.0,1.0,1.0,-0.2076870719178084,1.5068493150684932,0.0,0.0,2.8999643835616418,0.2876712328767123,1.3835616438356164,0.4385222650433559,0.4467063952727563,0.0,0.0,6237.41095890411,146.0958904109589,0.0,193.3835616438356,0.0,2248.7671232876714,0.0,292.1917808219178,4833.246575342466,0.0,0.0,0.0,0.0,7647.904109589041
752,0.323416402213182,0.3354605778756413,0.1062353207350096,0.10832509628479599,0.9854036839739525,0.9854644076907111,36.0,37.0,230.90694444444443,238.8328828828829,73.36835555555555,70.64285405405406,58.22696666666668,56.81168918918918,17.736458333333335,16.63121621621621,9.767123287671232,0.0,349.90410958904107,6870.506849315068,14095.452054794521,21.01150684931507,68.7050684931507,71.98693698630139,17.176267123287676,17.99673424657534,89.98367123287673,57.50963424657536,0.0,1.0,1.0,1.0,-0.19811738013698652,1.5068493150684932,0.0,0.0,2.698964383561642,0.273972602739726,1.4657534246575343,0.44276151823365073,0.4525254698910231,0.0,0.0,6557.698630136986,146.5068493150685,0.0,193.5205479452055,0.0,2101.150684931507,0.0,293.013698630137,4769.356164383562,0.0,0.0,0.0,0.0,7537.753424657534
753,0.323416402213182,0.3354605778756413,0.10732354044792373,0.10825144931256046,0.9854240430105088,0.9854852739257959,37.0,36.0,241.6599099099099,231.275,69.39398918918918,73.72604444444445,57.677356756756765,58.786166666666674,16.213648648648643,17.669375,9.767123287671232,0.0,345.4657534246575,6772.6164383561645,14192.315068493152,20.38931506849315,67.72616438356164,71.53034520547943,16.93154109589041,17.882586301369855,89.41293150684929,58.22416712328769,0.0,1.0,1.0,1.0,-0.21300348173515998,1.4931506849315068,0.0,0.0,3.6253630136986286,0.3013698630136986,1.4109589041095891,0.4517984172640979,0.43573111803602227,0.0,0.0,6428.945205479452,146.5068493150685,0.0,194.54794520547946,0.0,2038.9315068493152,0.0,293.013698630137,4733.684931506849,0.0,0.0,0.0,0.0,7763.369863013699
754,0.323416402213182,0.3354605778756413,0.1047359830245682,0.1101042364982609,0.9854442510851379,0.9855059642925518,36.0,37.0,238.13101851851852,234.88378378378377,69.98204444444445,71.63519999999998,55.097566666666665,56.7394108108108,16.71430555555556,17.18270270270271,9.698630136986301,0.0,349.2054794520548,6780.684931506849,14189.109589041096,20.965068493150685,67.8068493150685,70.81994520547948,16.951712328767126,17.704986301369864,88.52493150684933,55.92973424657535,0.0,1.0,1.0,1.0,-0.16520279680365307,1.5068493150684932,0.0,0.0,2.061501369863011,0.2465753424657534,1.4246575342465753,0.44256331251127135,0.4477874993464031,0.0,0.0,6793.41095890411,145.4794520547945,0.0,192.76712328767124,0.0,2096.5068493150684,0.0,290.958904109589,4684.178082191781,0.0,0.0,0.0,0.0,7395.698630136986
755,0.323416402213182,0.3354605778756413,0.10493050003916826,0.1107386244068088,0.9854630868222672,0.985527039577466,36.0,37.0,233.80370370370372,230.9963963963964,73.51626666666668,73.88350270270273,58.57985833333334,57.92331891891893,17.33256944444445,17.71972972972973,9.945205479452055,0.0,344.05479452054794,7011.520547945205,13942.849315068494,21.237260273972606,70.11520547945207,73.70240000000001,17.528801369863018,18.425599999999996,92.12800000000003,58.247091780821926,0.0,1.0,1.0,1.0,-0.21348107876712347,1.5068493150684932,0.0,0.0,2.07349315068493,0.1917808219178082,1.4246575342465753,0.44129817385475434,0.44914950905179907,0.0,0.0,6399.082191780822,149.17808219178082,0.0,197.0958904109589,0.0,2123.72602739726,0.0,298.35616438356163,4887.7945205479455,0.0,0.0,0.0,0.0,7543.767123287671
756,0.323416402213182,0.3354605778756413,0.1065258365275076,0.11105595633221146,0.9854830181023698,0.9855462200454661,36.0,38.0,241.04537037037036,242.48508771929826,70.75377777777778,67.40816842105265,58.6487027777778,57.57420263157895,16.28611111111111,16.146315789473682,9.35135135135135,0.0,353.7567567567568,6485.72972972973,14507.081081081082,19.10554054054055,64.85729729729732,69.03576216216217,16.21432432432433,17.258940540540536,86.29470270270275,58.09693243243244,0.0,1.0,1.0,1.0,-0.21035275900900913,1.5135135135135136,0.0,0.0,5.275494594594592,0.2702702702702703,1.4324324324324325,0.43161249703524174,0.4497839386559244,0.0,0.0,6170.27027027027,140.27027027027026,0.0,185.3783783783784,0.0,1910.554054054054,0.0,280.5405405405405,4575.175675675676,0.0,0.0,0.0,0.0,8336.81081081081
757,0.323416402213182,0.3354605778756413,0.10807114807031198,0.11188175145838103,0.9855049644304512,0.98556733444994,36.0,36.0,228.38425925925924,211.8115740740741,74.49137777777779,79.72568888888888,59.49399166666669,61.96476666666669,18.108402777777783,20.461041666666667,10.458333333333334,0.0,352.375,7713.888888888889,13205.875,26.048888888888882,77.13888888888887,77.10853333333336,19.284722222222218,19.27713333333333,96.38566666666665,60.72937916666668,0.0,1.0,1.0,1.0,-0.26519539930555575,1.5,0.0,0.0,2.9055680555555545,0.2361111111111111,1.4583333333333333,0.4434418074653048,0.4531784309472322,0.0,0.0,5269.583333333333,156.875,0.0,208.61111111111111,0.0,2604.8888888888887,0.0,313.75,5109.0,0.0,0.0,0.0,0.0,7936.291666666667
758,0.323416402213182,0.3354605778756413,0.10737131565378169,0.11283103936031588,0.9855241110025729,0.9855890422204608,37.0,40.0,237.55225225225226,246.58333333333334,70.62105945945946,67.9664,57.61855675675677,56.82153000000002,16.80594594594595,15.516062500000004,9.402597402597403,0.0,353.8961038961039,6454.350649350649,14534.623376623376,18.67545454545455,64.54350649350646,69.24201558441561,16.135876623376614,17.3105038961039,86.55251948051948,57.204516883116874,0.0,1.0,1.0,1.0,-0.19176076839826847,1.5194805194805194,0.0,0.0,4.098377922077921,0.2857142857142857,1.4285714285714286,0.43184891978682466,0.45377549361420055,0.0,0.0,6318.181818181818,141.03896103896105,0.0,186.9090909090909,0.0,1867.5454545454545,0.0,282.0779220779221,4586.805194805195,0.0,0.0,0.0,0.0,8216.441558441558
759,0.323416402213182,0.3354605778756413,0.10626924793905451,0.1120289802070343,0.9855452073345091,0.9856098450602505,37.0,38.0,235.69864864864863,247.75263157894736,72.61353513513515,66.95191578947369,57.568681081081095,55.352234210526326,17.035067567567562,15.347434210526318,9.546666666666667,0.0,352.6,6472.0,14508.36,18.58506666666667,64.72,69.74498133333337,16.18,17.436245333333332,87.1812266666667,56.44568133333334,0.0,1.0,1.0,1.0,-0.17595169444444458,1.5066666666666666,0.0,0.0,2.880699999999999,0.21333333333333335,1.4266666666666667,0.4377809563211554,0.44877253697938047,0.0,0.0,6930.8533333333335,143.2,0.0,189.04,0.0,1858.5066666666667,0.0,286.4,4613.493333333333,0.0,0.0,0.0,0.0,7577.506666666667
760,0.323416402213182,0.3354605778756413,0.10634120526390262,0.11341832013437468,0.9855651019329504,0.9856315791451635,38.0,36.0,251.54298245614035,229.7712962962963,64.22501052631578,74.85280000000002,53.98212894736844,58.91097499999998,14.84657894736842,17.875208333333337,9.445945945945946,0.0,354.8918918918919,6527.986486486487,14457.081081081082,19.330000000000005,65.27986486486488,69.39528648648648,16.31996621621622,17.348821621621614,86.74410810810812,56.379945945945956,0.0,1.0,1.0,1.0,-0.17458220720720735,1.4864864864864864,0.0,0.0,3.3046256756756733,0.22972972972972974,1.3918918918918919,0.4545821280117692,0.43677518105751595,0.0,0.0,6686.081081081081,141.6891891891892,0.0,188.86486486486487,0.0,1933.0,0.0,283.3783783783784,4594.986486486487,0.0,0.0,0.0,0.0,7771.0
761,0.323416402213182,0.3354605778756413,0.10646234680457337,0.11596460511479563,0.9855881714340741,0.9856505476407312,34.0,38.0,223.05980392156863,236.40350877192984,73.70729411764707,70.91991578947369,57.16625882352942,57.219168421052615,18.924779411764707,16.93736842105263,9.902777777777779,0.0,356.875,7150.347222222223,13806.138888888889,23.73388888888888,71.50347222222223,72.23617777777777,17.875868055555557,18.059044444444442,90.29522222222221,57.194183333333335,0.0,1.0,1.0,1.0,-0.19154548611111125,1.5277777777777777,0.0,0.0,2.833873611111109,0.20833333333333334,1.4583333333333333,0.42750621034028063,0.4648525355446498,0.0,0.0,5985.583333333333,148.31944444444446,0.0,197.11111111111111,0.0,2373.3888888888887,0.0,297.0833333333333,4776.958333333333,0.0,0.0,0.0,0.0,7820.555555555556
762,0.323416402213182,0.3354605778756413,0.10616736252413089,0.11709680624112365,0.9856085621885188,0.9856713233906494,35.0,38.0,228.75857142857143,236.76315789473682,73.19661714285715,69.5061894736842,56.88274857142858,56.19817631578949,18.058857142857143,16.941052631578952,9.73972602739726,0.0,357.13698630136986,6990.7945205479455,13975.520547945205,22.746164383561638,69.90794520547945,71.27557260273973,17.476986301369863,17.818893150684932,89.09446575342466,56.52639589041095,0.0,1.0,1.0,1.0,-0.17763324771689507,1.5205479452054795,0.0,0.0,2.727809589041093,0.1643835616438356,1.4657534246575343,0.43189154070840585,0.4620576165261649,0.0,0.0,6404.315068493151,146.0958904109589,0.0,194.3972602739726,0.0,2274.6164383561645,0.0,292.1917808219178,4716.178082191781,0.0,0.0,0.0,0.0,7571.2054794520545
763,0.323416402213182,0.3354605778756413,0.10572190288425398,0.11798903393472329,0.9856289854902467,0.9856908199704485,36.0,37.0,237.54166666666666,239.23063063063063,71.31484444444443,70.44774054054055,59.05463333333335,57.24075675675677,16.790625,16.57810810810811,9.58904109589041,0.0,358.4109589041096,6673.164383561644,14303.86301369863,19.75068493150685,66.73164383561645,70.87535342465753,16.682910958904113,17.718838356164383,88.5941917808219,58.13527123287673,0.0,1.0,1.0,1.0,-0.21115148401826497,1.5068493150684932,0.0,0.0,3.9428287671232853,0.2328767123287671,1.3972602739726028,0.4420111243720028,0.4504778350357355,0.0,0.0,6344.602739726028,143.83561643835617,0.0,190.46575342465752,0.0,1975.0684931506848,0.0,287.67123287671234,4698.095890410959,0.0,0.0,0.0,0.0,7959.260273972603
764,0.323416402213182,0.3354605778756413,0.10551625805069108,0.1181978946790241,0.985648929619694,0.9857115016130343,36.0,36.0,235.63379629629628,224.04583333333332,70.44515555555556,77.53191111111113,57.61340277777778,60.2194388888889,17.123541666666668,18.709930555555555,9.902777777777779,0.0,355.7083333333333,7166.694444444444,13790.388888888889,22.528333333333336,71.66694444444444,73.98853333333334,17.91673611111111,18.49713333333333,92.48566666666669,58.91642083333334,0.0,1.0,1.0,1.0,-0.22742543402777793,1.5,0.0,0.0,2.8446236111111096,0.25,1.375,0.44646957292784517,0.4478577470453769,0.0,0.0,6115.569444444444,148.54166666666666,0.0,196.29166666666666,0.0,2252.8333333333335,0.0,297.0833333333333,4913.861111111111,0.0,0.0,0.0,0.0,7674.819444444444
765,0.323416402213182,0.3354605778756413,0.10503931701168541,0.11960482165124851,0.9856681349479135,0.9857328458852449,35.0,38.0,201.19619047619048,237.05833333333334,82.27401142857143,72.2602105263158,61.95171142857145,59.08357368421055,22.051499999999997,16.855986842105256,10.315068493150685,0.0,355.47945205479454,7738.7945205479455,13191.849315068494,26.20945205479452,77.38794520547945,77.0613479452055,19.346986301369864,19.265336986301367,96.32668493150685,60.458708219178085,0.0,1.0,1.0,1.0,-0.25955642123287687,1.5205479452054795,0.0,0.0,2.744346575342464,0.2191780821917808,1.4246575342465753,0.42481325136208875,0.45988696482263214,0.0,0.0,5226.424657534247,153.93150684931507,0.0,204.97260273972603,0.0,2620.945205479452,0.0,309.45205479452056,5117.8493150684935,0.0,0.0,0.0,0.0,7965.424657534247
766,0.323416402213182,0.3354605778756413,0.10601809549736638,0.11795267920355475,0.9856896097769803,0.9857528363843674,39.0,38.0,244.0931623931624,242.77105263157895,69.0297435897436,68.02543157894738,56.59640256410259,56.606181578947385,15.898461538461538,16.041184210526314,9.337662337662337,0.0,355.46753246753246,6387.558441558442,14606.441558441558,18.503766233766225,63.87558441558439,68.5341090909091,15.968896103896098,17.133527272727267,85.66763636363636,56.601228571428585,0.0,1.0,1.0,1.0,-0.17919226190476206,1.4935064935064934,0.0,0.0,4.0360155844155825,0.2727272727272727,1.4545454545454546,0.4487237371980819,0.43868142293991397,0.0,0.0,6420.649350649351,140.06493506493507,0.0,184.80519480519482,0.0,1850.3766233766235,0.0,280.12987012987014,4537.181818181818,0.0,0.0,0.0,0.0,8185.792207792208
767,0.323416402213182,0.3354605778756413,0.10681099841601004,0.11930440600002322,0.9857108531384227,0.985773467750611,37.0,37.0,245.67342342342343,238.91666666666666,69.31303783783785,70.79558918918919,55.05364324324326,57.141297297297314,15.649189189189196,16.614324324324322,9.391891891891891,0.0,361.52702702702703,6452.7027027027025,14537.702702702703,18.015,64.52702702702705,70.0543135135135,16.13175675675676,17.513578378378373,87.5678918918919,56.0974702702703,0.0,1.0,1.0,1.0,-0.1686972972972974,1.5,0.0,0.0,2.1749135135135114,0.22972972972972974,1.4324324324324325,0.44104025571898264,0.4456739164235802,0.0,0.0,6844.972972972973,140.8783783783784,0.0,185.95945945945945,0.0,1801.5,0.0,281.7567567567568,4651.2027027027025,0.0,0.0,0.0,0.0,7692.72972972973
768,0.323416402213182,0.3354605778756413,0.10731014156012683,0.11833587891088734,0.985731130623876,0.9857950378310276,35.0,36.0,227.98714285714286,226.0111111111111,71.92393142857144,74.9221333333333,57.24058000000001,58.28236111111112,18.206142857142854,18.45388888888889,9.985915492957746,0.0,363.0,7332.704225352113,13619.112676056338,24.686478873239434,73.32704225352111,73.44414647887324,18.33176056338028,18.36103661971831,91.80518309859154,57.76880704225354,0.0,1.0,1.0,1.0,-0.20351681338028182,1.5070422535211268,0.0,0.0,2.6564211267605606,0.2112676056338028,1.4788732394366197,0.4383094360557067,0.45657511539473844,0.0,0.0,5879.140845070423,149.59154929577466,0.0,198.01408450704224,0.0,2468.6478873239435,0.0,299.5774647887324,4864.056338028169,0.0,0.0,0.0,0.0,7739.971830985915
769,0.323416402213182,0.3354605778756413,0.11030728604167957,0.11668260483946334,0.9857516804904763,0.9858142262334745,35.0,38.0,237.28619047619046,235.65043859649123,69.15803428571432,70.45726315789473,55.58723428571428,57.94345263157895,16.870499999999996,17.077565789473688,9.58904109589041,0.0,365.4246575342466,6791.315068493151,14186.082191780823,21.745479452054784,67.91315068493152,69.83434520547945,16.97828767123288,17.45858630136986,87.29293150684929,56.813758904109605,0.0,1.0,1.0,1.0,-0.18361997716894998,1.5205479452054795,0.0,0.0,3.957701369863011,0.2054794520547945,1.4246575342465753,0.4261216201014031,0.4596624855924763,0.0,0.0,6499.095890410959,143.83561643835617,0.0,190.0958904109589,0.0,2174.5479452054797,0.0,287.67123287671234,4616.767123287671,0.0,0.0,0.0,0.0,7686.986301369863
770,0.323416402213182,0.3354605778756413,0.11093852767273445,0.11654580116348338,0.9857714377956585,0.9858337376919244,34.0,38.0,208.96666666666667,242.72850877192982,80.84084705882354,68.2853052631579,62.7486617647059,55.975202631578945,20.86205882352941,16.093684210526316,10.069444444444445,0.0,363.84722222222223,7338.166666666667,13607.125,24.212500000000002,73.38166666666665,74.2143111111111,18.34541666666666,18.553577777777768,92.76788888888889,59.17378055555557,0.0,1.0,1.0,1.0,-0.2327870949074076,1.5277777777777777,0.0,0.0,3.3048861111111103,0.3194444444444444,1.4305555555555556,0.4274418209570643,0.4651222778795608,0.0,0.0,5781.25,151.04166666666666,0.0,200.58333333333334,0.0,2421.25,0.0,302.0833333333333,4916.916666666667,0.0,0.0,0.0,0.0,7825.875
771,0.323416402213182,0.3354605778756413,0.11162818578766927,0.11738520192921863,0.9857935252848402,0.9858521750733585,38.0,36.0,228.95307017543857,233.2675925925926,72.88993684210529,70.896,58.40435000000001,58.35185,18.052236842105263,17.44736111111111,9.756756756756756,0.0,353.81081081081084,7103.189189189189,13863.121621621622,23.381621621621612,71.0318918918919,71.91991351351355,17.757972972972976,17.97997837837838,89.89989189189193,58.37880945945946,0.0,1.0,1.0,1.0,-0.21622519707207224,1.4864864864864864,0.0,0.0,4.216868918918918,0.16216216216216217,1.4594594594594594,0.45063326362170264,0.4396277360516406,0.0,0.0,6172.216216216216,146.35135135135135,0.0,193.63513513513513,0.0,2338.162162162162,0.0,292.7027027027027,4765.027027027027,0.0,0.0,0.0,0.0,7690.905405405405
772,0.323416402213182,0.3354605778756413,0.11212130826104043,0.11548964833027904,0.9858143304710603,0.9858708915737344,39.0,36.0,257.4153846153846,219.2115740740741,61.142810256410264,78.4842666666667,53.98051794871795,60.7085861111111,14.01025641025641,19.39458333333333,9.506666666666666,0.0,363.81333333333333,6637.893333333333,14344.653333333334,20.426400000000005,66.37893333333335,69.4667093333333,16.594733333333338,17.36667733333332,86.83338666666668,57.20999066666666,0.0,1.0,1.0,1.0,-0.19187480555555567,1.48,0.0,0.0,4.338014666666665,0.29333333333333333,1.36,0.456152493310179,0.43085551592219606,0.0,0.0,6147.24,142.6,0.0,188.65333333333334,0.0,2042.64,0.0,285.2,4595.253333333333,0.0,0.0,0.0,0.0,8197.413333333334
773,0.323416402213182,0.3354605778756413,0.11235561453619036,0.11580373336103068,0.9858339263786883,0.9858906010490851,34.0,39.0,216.09656862745098,255.1846153846154,76.73355294117648,62.814687179487194,59.10760882352942,54.80765897435898,19.877941176470586,14.297307692307694,9.58904109589041,0.0,361.4931506849315,6758.602739726028,14218.753424657534,21.837808219178086,67.5860273972603,69.29744657534248,16.896506849315074,17.324361643835616,86.62180821917809,56.810375342465754,0.0,1.0,1.0,1.0,-0.18354948630136997,1.5342465753424657,0.0,0.0,4.409435616438354,0.2602739726027397,1.4794520547945205,0.4233788467530737,0.46850345711450325,0.0,0.0,6054.808219178082,143.83561643835617,0.0,190.13698630136986,0.0,2183.780821917808,0.0,287.67123287671234,4574.821917808219,0.0,0.0,0.0,0.0,8163.945205479452
774,0.323416402213182,0.3354605778756413,0.11242644575605411,0.11633801784564193,0.9858527666691593,0.9859109158935695,37.0,35.0,232.3563063063063,238.80238095238096,73.16376216216216,70.06445714285717,59.086494594594605,56.19774857142858,17.54594594594594,16.594642857142855,9.791666666666666,0.0,363.90277777777777,6833.402777777777,14129.388888888889,20.919583333333335,68.33402777777783,71.65715555555556,17.08350694444446,17.914288888888883,89.57144444444447,57.682243055555574,0.0,1.0,1.0,1.0,-0.20171339699074087,1.4861111111111112,0.0,0.0,3.108594444444442,0.25,1.4166666666666667,0.45737236748843,0.43846298230563174,0.0,0.0,6511.5,146.875,0.0,195.58333333333334,0.0,2091.9583333333335,0.0,293.75,4741.444444444444,0.0,0.0,0.0,0.0,7617.888888888889
775,0.323416402213182,0.3354605778756413,0.11256295910974527,0.1142118052515205,0.9858716368553699,0.9859313933304739,37.0,35.0,235.37657657657658,235.13571428571427,71.36190270270271,72.56868571428572,56.61024324324325,58.699634285714296,17.09891891891892,17.116714285714284,9.875,0.0,370.9583333333333,6843.027777777777,14115.569444444445,20.861111111111114,68.43027777777779,71.94853333333334,17.107569444444447,17.987133333333333,89.93566666666665,57.625919444444435,0.0,1.0,1.0,1.0,-0.20053998842592613,1.4861111111111112,0.0,0.0,2.7849555555555545,0.16666666666666666,1.4583333333333333,0.4561284641177587,0.4332302316639082,0.0,0.0,6739.763888888889,148.125,0.0,196.02777777777777,0.0,2086.1111111111113,0.0,296.25,4756.916666666667,0.0,0.0,0.0,0.0,7375.805555555556
776,0.323416402213182,0.3354605778756413,0.11337321895027928,0.11219377915687559,0.9858922406860602,0.9859506509015862,37.0,36.0,236.62117117117117,234.11574074074076,71.37055135135135,71.06933333333335,57.7857972972973,56.8005138888889,16.917567567567563,17.280624999999997,9.835616438356164,0.0,369.3835616438356,6838.643835616438,14123.13698630137,21.35041095890411,68.38643835616436,71.22200547945206,17.09660958904109,17.80550136986301,89.02750684931506,57.29990410958904,0.0,1.0,1.0,1.0,-0.19374800228310515,1.4931506849315068,0.0,0.0,3.174508219178081,0.273972602739726,1.3835616438356164,0.4456051309801127,0.4386369830413254,0.0,0.0,6287.45205479452,147.53424657534248,0.0,194.6164383561644,0.0,2135.041095890411,0.0,295.06849315068496,4703.602739726028,0.0,0.0,0.0,0.0,7835.684931506849
777,0.323416402213182,0.3354605778756413,0.11156624008718515,0.11084300692505343,0.9859134288075083,0.9859701665442141,37.0,36.0,243.77477477477478,226.9625,67.45150270270271,75.53635555555556,56.11716486486488,60.404877777777784,15.933716216216222,18.302013888888887,9.698630136986301,0.0,366.986301369863,6840.657534246576,14129.027397260274,21.081506849315076,68.40657534246574,71.43855342465753,17.101643835616436,17.859638356164382,89.29819178082191,58.23165342465755,0.0,1.0,1.0,1.0,-0.21315944634703213,1.4931506849315068,0.0,0.0,3.894743835616436,0.2602739726027397,1.4246575342465753,0.4517133332153525,0.438453357694745,0.0,0.0,6393.986301369863,145.4794520547945,0.0,192.87671232876713,0.0,2108.150684931507,0.0,290.958904109589,4732.506849315068,0.0,0.0,0.0,0.0,7735.041095890411
778,0.323416402213182,0.3354605778756413,0.10917234125408902,0.11252799870204855,0.9859346125859137,0.9859899698947453,35.0,38.0,237.3352380952381,242.76535087719296,71.67579428571429,67.86206315789475,56.99349142857143,56.16358157894736,16.789428571428573,16.094144736842107,9.534246575342467,0.0,371.47945205479454,6571.0,14409.712328767124,19.60671232876712,65.71000000000001,69.69056438356162,16.427500000000002,17.422641095890405,87.11320547945208,56.56148356164386,0.0,1.0,1.0,1.0,-0.17836424086758002,1.5205479452054795,0.0,0.0,3.29841917808219,0.3424657534246575,1.356164383561644,0.42746974943516963,0.462473178354902,0.0,0.0,6178.493150684932,143.013698630137,0.0,189.24657534246575,0.0,1960.6712328767123,0.0,286.027397260274,4610.328767123287,0.0,0.0,0.0,0.0,8231.219178082192
779,0.323416402213182,0.3354605778756413,0.10877072575390428,0.11366494406052965,0.9859553090887574,0.9860091676285201,36.0,36.0,231.89953703703705,242.3236111111111,74.29102222222222,69.00391111111112,58.673558333333325,55.18292222222223,17.568055555555553,16.142430555555553,9.722222222222221,0.0,356.31944444444446,6742.097222222223,14226.694444444445,19.953333333333337,67.42097222222223,71.64746666666666,16.855243055555558,17.911866666666658,89.55933333333337,56.92824027777777,0.0,1.0,1.0,1.0,-0.1860050057870372,1.5,0.0,0.0,2.1360166666666647,0.2638888888888889,1.4305555555555556,0.4403000489895527,0.4426080715060119,0.0,0.0,6722.277777777777,145.83333333333334,0.0,192.70833333333334,0.0,1995.3333333333333,0.0,291.6666666666667,4746.763888888889,0.0,0.0,0.0,0.0,7504.416666666667
780,0.323416402213182,0.3354605778756413,0.10756909048206933,0.11418845439547104,0.9859736196903046,0.986030615053568,38.0,34.0,236.875,201.50735294117646,72.63477894736846,85.75887058823527,57.780060526315786,64.78425,16.893157894736845,21.90801470588235,10.541666666666666,0.0,376.68055555555554,7704.513888888889,13210.416666666666,24.681388888888883,77.0451388888889,78.83226666666668,19.261284722222225,19.708066666666667,98.54033333333335,61.08759444444445,0.0,1.0,1.0,1.0,-0.2726582175925928,1.4722222222222223,0.0,0.0,1.5166124999999988,0.25,1.3888888888888888,0.46159803956162343,0.4245705818696528,0.0,0.0,5698.319444444444,158.125,0.0,209.69444444444446,0.0,2468.1388888888887,0.0,316.25,5236.375,0.0,0.0,0.0,0.0,7512.097222222223
781,0.323416402213182,0.3354605778756413,0.10808041210990754,0.11484079305140199,0.985994131513856,0.9860500417892549,38.0,40.0,234.47719298245613,245.32541666666665,71.49608421052635,68.58512,58.60274736842106,56.408382500000016,17.26276315789473,15.712250000000001,9.397435897435898,0.0,360.1666666666667,6587.051282051282,14402.423076923076,19.40320512820513,65.87051282051284,70.00328205128206,16.46762820512821,17.50082051282051,87.50410256410258,57.47743205128205,0.0,1.0,1.0,1.0,-0.19744650106837625,1.5128205128205128,0.0,0.0,3.941778205128204,0.2564102564102564,1.4230769230769231,0.43117836441825946,0.45620571446028063,0.0,0.0,6391.7692307692305,140.96153846153845,0.0,186.64102564102564,0.0,1940.320512820513,0.0,281.9230769230769,4646.7307692307695,0.0,0.0,0.0,0.0,8010.653846153846
782,0.323416402213182,0.3354605778756413,0.1074424504758842,0.11588138094517587,0.9860130633888907,0.986068517770774,38.0,38.0,238.01052631578946,243.89298245614037,69.71604210526316,68.84496842105264,55.78446578947369,56.72729736842106,16.757697368421052,15.912697368421053,9.368421052631579,0.0,372.63157894736844,6534.078947368421,14457.105263157895,19.412763157894734,65.34078947368421,69.28050526315789,16.335197368421053,17.320126315789466,86.6006315789474,56.255881578947395,0.0,1.0,1.0,1.0,-0.17199753289473702,1.5,0.0,0.0,3.310573684210524,0.23684210526315788,1.4078947368421053,0.4447380890498845,0.4464762828513903,0.0,0.0,6466.605263157895,140.52631578947367,0.0,186.23684210526315,0.0,1941.2763157894738,0.0,281.05263157894734,4592.8026315789475,0.0,0.0,0.0,0.0,7990.5
783,0.323416402213182,0.3354605778756413,0.10550738993065617,0.11594836274263842,0.9860334078823637,0.9860874368995713,37.0,36.0,235.75045045045044,240.91898148148147,71.36467027027027,69.29493333333333,56.67508108108108,56.96763055555558,17.052364864864867,16.328055555555554,9.602739726027398,0.0,379.8082191780822,6678.068493150685,14297.95890410959,20.226849315068502,66.78068493150684,70.34397808219175,16.69517123287671,17.58599452054794,87.92997260273971,56.819352054794535,0.0,1.0,1.0,1.0,-0.18373650114155268,1.4931506849315068,0.0,0.0,3.1705452054794505,0.2328767123287671,1.452054794520548,0.4455637767969134,0.43401194299370505,0.0,0.0,6362.712328767123,144.04109589041096,0.0,190.84931506849315,0.0,2022.6849315068494,0.0,288.0821917808219,4655.3835616438355,0.0,0.0,0.0,0.0,7935.246575342466
784,0.323416402213182,0.3354605778756413,0.1048681153280487,0.11294697114104948,0.9860521711697351,0.9861054777719075,37.0,35.0,236.72432432432433,220.56380952380954,71.21366486486487,77.69472,56.87945675675676,60.27916571428573,16.96560810810811,19.182499999999997,10.01388888888889,0.0,373.43055555555554,7217.305555555556,13732.111111111111,22.838194444444444,72.17305555555555,74.36417777777777,18.043263888888887,18.59104444444444,92.95522222222225,58.53209305555557,0.0,1.0,1.0,1.0,-0.2194186053240742,1.4861111111111112,0.0,0.0,2.2111791666666654,0.18055555555555555,1.4444444444444444,0.4559367121510658,0.43693007792763966,0.0,0.0,6172.347222222223,150.20833333333334,0.0,198.95833333333334,0.0,2283.8194444444443,0.0,300.4166666666667,4933.486111111111,0.0,0.0,0.0,0.0,7559.763888888889
785,0.323416402213182,0.3354605778756413,0.10590604139928703,0.11464607656699334,0.9860719360657645,0.9861265368774252,36.0,38.0,234.1361111111111,245.69561403508771,73.24231111111114,66.87056842105262,59.1782111111111,56.24056315789475,17.24604166666667,15.644539473684215,9.64864864864865,0.0,379.6216216216216,6569.459459459459,14404.324324324325,19.472837837837837,65.6945945945946,69.97033513513519,16.42364864864865,17.49258378378378,87.46291891891892,57.66968918918917,0.0,1.0,1.0,1.0,-0.20145185810810826,1.5135135135135136,0.0,0.0,4.123002702702701,0.2972972972972973,1.4054054054054055,0.4387405034033643,0.4509973615999951,0.0,0.0,6023.621621621622,144.72972972972974,0.0,191.02702702702703,0.0,1947.2837837837837,0.0,289.4594594594595,4622.175675675676,0.0,0.0,0.0,0.0,8380.702702702703
786,0.323416402213182,0.3354605778756413,0.10503723597689238,0.1146386768252375,0.9860900923607793,0.986145749755568,37.0,36.0,238.45855855855856,228.27083333333334,70.50534054054054,75.07217777777778,57.2674837837838,59.59230277777778,16.658918918918918,18.126180555555557,9.89041095890411,0.0,366.64383561643837,6953.0,14006.068493150686,21.34232876712328,69.52999999999997,72.7574794520548,17.382499999999993,18.1893698630137,90.94684931506849,58.41396986301371,0.0,1.0,1.0,1.0,-0.2169577054794522,1.4931506849315068,0.0,0.0,3.0389904109589025,0.2328767123287671,1.4246575342465753,0.452921668065434,0.4412950236804199,0.0,0.0,5915.8493150684935,148.35616438356163,0.0,194.86301369863014,0.0,2134.2328767123286,0.0,296.71232876712327,4818.767123287671,0.0,0.0,0.0,0.0,8090.219178082192
787,0.323416402213182,0.3354605778756413,0.10745182694028273,0.11270395308061623,0.9861114769889238,0.9861642285943115,37.0,37.0,235.52522522522523,236.9153153153153,71.48921081081079,70.80492972972974,57.622248648648664,57.471910810810826,17.125540540540545,16.892297297297297,9.594594594594595,0.0,378.2162162162162,6803.5675675675675,14173.216216216217,20.847297297297303,68.03567567567568,71.14707027027025,17.00891891891892,17.78676756756756,88.9338378378378,57.547079729729745,0.0,1.0,1.0,1.0,-0.19889749436936943,1.5,0.0,0.0,3.4089283783783766,0.32432432432432434,1.3513513513513513,0.43678156308903215,0.4461310547892061,0.0,0.0,6206.2027027027025,143.9189189189189,0.0,190.45945945945945,0.0,2084.7297297297296,0.0,287.8378378378378,4718.8378378378375,0.0,0.0,0.0,0.0,7967.013513513513
788,0.323416402213182,0.3354605778756413,0.10693036103364646,0.11029345953456969,0.9861309404200006,0.986183007598715,36.0,37.0,252.82453703703703,226.7279279279279,64.12533333333334,75.7754810810811,56.25028611111112,59.811091891891905,14.63583333333333,18.317364864864874,9.58904109589041,0.0,370.35616438356163,6600.726027397261,14375.849315068494,19.68657534246575,66.0072602739726,70.03020273972601,16.50181506849315,17.507550684931502,87.53775342465754,58.055078082191784,0.0,1.0,1.0,1.0,-0.2094807933789956,1.5068493150684932,0.0,0.0,4.526690410958903,0.3698630136986301,1.4246575342465753,0.43372786889792325,0.45244535987733897,0.0,0.0,6452.164383561644,143.83561643835617,0.0,190.91780821917808,0.0,1968.6575342465753,0.0,287.67123287671234,4632.068493150685,0.0,0.0,0.0,0.0,7923.684931506849
789,0.323416402213182,0.3354605778756413,0.10582590805539065,0.10699113719410852,0.9861505015551212,0.9862010633851388,33.0,39.0,218.5570707070707,248.94658119658118,76.23117575757576,65.58539487179489,59.51354545454546,55.48094102564102,19.507424242424246,15.211858974358975,9.63888888888889,0.0,376.27777777777777,6872.263888888889,14101.083333333334,22.106111111111115,68.7226388888889,70.4647111111111,17.180659722222224,17.616177777777775,88.08088888888888,57.32921805555556,0.0,1.0,1.0,1.0,-0.1943587094907408,1.5416666666666667,0.0,0.0,4.045166666666665,0.2222222222222222,1.3888888888888888,0.41810409016238825,0.4761684234270818,0.0,0.0,5993.986111111111,144.58333333333334,0.0,191.90277777777777,0.0,2210.6111111111113,0.0,289.1666666666667,4661.652777777777,0.0,0.0,0.0,0.0,8107.097222222223
790,0.323416402213182,0.3354605778756413,0.10786118102204194,0.1070608027010384,0.9861693934968488,0.9862212532967211,36.0,36.0,231.27962962962962,228.83564814814815,72.79751111111112,75.41724444444444,58.84245833333335,59.607705555555555,17.70479166666667,18.024305555555557,10.027777777777779,0.0,377.7083333333333,7145.819444444444,13803.458333333334,22.33611111111111,71.45819444444446,74.1073777777778,17.864548611111115,18.526844444444443,92.63422222222219,59.225081944444455,0.0,1.0,1.0,1.0,-0.23385587384259277,1.5,0.0,0.0,2.982252777777776,0.2777777777777778,1.4027777777777777,0.45175294123502663,0.442438290600875,0.0,0.0,5982.277777777777,150.41666666666666,0.0,198.47222222222223,0.0,2233.6111111111113,0.0,300.8333333333333,4912.208333333333,0.0,0.0,0.0,0.0,7821.180555555556
791,0.323416402213182,0.3354605778756413,0.10699885751797662,0.10832295211125491,0.9861887743940291,0.9862402876086476,37.0,38.0,244.8864864864865,235.16798245614035,69.1148108108108,72.2357894736842,58.10181081081082,59.32754210526316,15.768310810810808,17.115855263157897,9.573333333333334,0.0,372.41333333333336,6580.426666666666,14397.746666666666,18.9496,65.80426666666663,70.69610666666668,16.45106666666666,17.674026666666666,88.37013333333334,58.722848,0.0,1.0,1.0,1.0,-0.2233926666666668,1.5066666666666666,0.0,0.0,4.477808,0.25333333333333335,1.4133333333333333,0.44505038530611224,0.45083430289395626,0.0,0.0,6475.893333333333,143.6,0.0,190.02666666666667,0.0,1894.96,0.0,287.2,4685.466666666666,0.0,0.0,0.0,0.0,7921.8533333333335
792,0.323416402213182,0.3354605778756413,0.10709961077138043,0.10663405763527425,0.9862080581009955,0.9862589019838608,35.0,39.0,219.3952380952381,248.62051282051283,78.21513142857142,65.66137435897438,62.354197142857146,56.0063641025641,19.369214285714275,15.292371794871798,9.608108108108109,0.0,368.3243243243243,6888.243243243243,14087.864864864865,21.352837837837832,68.88243243243241,71.59896216216217,17.220608108108102,17.899740540540538,89.49870270270273,59.00871756756758,0.0,1.0,1.0,1.0,-0.2293482826576579,1.527027027027027,0.0,0.0,4.630363513513513,0.2972972972972973,1.364864864864865,0.4272272905763862,0.4600423689030536,0.0,0.0,6238.635135135135,144.1216216216216,0.0,190.52702702702703,0.0,2135.2837837837837,0.0,288.2432432432432,4752.959459459459,0.0,0.0,0.0,0.0,7849.22972972973
793,0.323416402213182,0.3354605778756413,0.10944859936629857,0.10617653773818876,0.9862255353256643,0.9862775190243457,38.0,35.0,246.31973684210524,222.2747619047619,65.56665263157895,76.37650285714288,54.18178157894736,59.597674285714284,15.591842105263154,18.954714285714285,9.726027397260275,0.0,365.958904109589,6881.671232876713,14087.479452054795,22.05397260273973,68.8167123287671,70.74945753424657,17.204178082191774,17.687364383561636,88.43682191780823,56.778442465753436,0.0,1.0,1.0,1.0,-0.1828842180365298,1.4794520547945205,0.0,0.0,3.2331630136986274,0.3424657534246575,1.3972602739726028,0.4622382638518285,0.42462136088703034,0.0,0.0,6405.1506849315065,145.27397260273972,0.0,192.7945205479452,0.0,2205.3972602739727,0.0,291.7808219178082,4676.273972602739,0.0,0.0,0.0,0.0,7682.328767123287
794,0.323416402213182,0.3354605778756413,0.11017294818381888,0.10615666514335026,0.9862447746029916,0.986296339801671,35.0,38.0,223.14190476190475,242.74078947368423,74.90304,66.39713684210528,58.35192571428573,55.35574210526317,18.88264285714286,16.105263157894736,9.602739726027398,0.0,383.16438356164383,6974.753424657534,14000.643835616438,23.09109589041096,69.74753424657531,70.47530958904113,17.43688356164383,17.618827397260276,88.0941369863014,56.7922684931507,0.0,1.0,1.0,1.0,-0.1831722602739728,1.5205479452054795,0.0,0.0,3.7538424657534226,0.2602739726027397,1.3972602739726028,0.42636071362142614,0.45601205766462055,0.0,0.0,6140.260273972603,144.04109589041096,0.0,191.4794520547945,0.0,2309.109589041096,0.0,288.0821917808219,4665.643835616438,0.0,0.0,0.0,0.0,7860.3835616438355
795,0.323416402213182,0.3354605778756413,0.108067776258377,0.10384515260330623,0.9862622836482423,0.9863142736586721,36.0,36.0,220.27546296296296,247.9087962962963,77.56533333333336,64.83484444444444,60.09307777777778,55.202138888888896,19.27513888888889,15.369097222222223,9.625,0.0,380.77777777777777,6928.847222222223,14045.527777777777,22.08527777777778,69.28847222222221,71.20008888888889,17.322118055555553,17.800022222222214,89.0001111111111,57.64760833333334,0.0,1.0,1.0,1.0,-0.20099184027777797,1.5,0.0,0.0,3.7696374999999978,0.2222222222222222,1.4444444444444444,0.45063477797727025,0.44577618357659105,0.0,0.0,6224.847222222223,144.375,0.0,191.5,0.0,2208.527777777778,0.0,288.75,4720.319444444444,0.0,0.0,0.0,0.0,7820.680555555556
796,0.323416402213182,0.3354605778756413,0.10884528095668797,0.10517091508147824,0.9862804978175523,0.9863323075725485,38.0,33.0,246.9543859649123,203.1449494949495,65.85717894736842,83.20193939393943,53.82108947368421,62.015448484848484,15.5028947368421,21.696439393939396,10.098591549295774,0.0,385.0422535211268,7352.633802816901,13595.535211267606,24.61352112676057,73.52633802816901,73.91882816901408,18.381584507042252,18.479707042253516,92.39853521126763,57.629735211267636,0.0,1.0,1.0,1.0,-0.2006194835680753,1.4647887323943662,0.0,0.0,2.0924915492957736,0.29577464788732394,1.3943661971830985,0.4730617495207195,0.41513617972838296,0.0,0.0,5873.394366197183,147.53521126760563,0.0,200.33802816901408,0.0,2461.3521126760565,0.0,302.9577464788732,4891.281690140845,0.0,0.0,0.0,0.0,7722.140845070423
797,0.323416402213182,0.3354605778756413,0.10779473398827914,0.10562724167666131,0.9862987088620082,0.9863504650070328,35.0,39.0,216.55666666666667,258.1418803418803,80.86619428571431,59.8716717948718,61.909068571428584,53.37397692307693,19.75192857142857,13.923012820512819,9.54054054054054,0.0,370.81081081081084,6671.972972972973,14308.391891891892,20.535270270270267,66.71972972972972,69.80151351351351,16.67993243243243,17.450378378378378,87.25189189189192,57.41084459459459,0.0,1.0,1.0,1.0,-0.19605926238738752,1.527027027027027,0.0,0.0,4.289263513513513,0.25675675675675674,1.4594594594594594,0.42046269083539295,0.4566261898342133,0.0,0.0,5968.405405405405,143.1081081081081,0.0,189.3108108108108,0.0,2053.527027027027,0.0,286.2162162162162,4618.445945945946,0.0,0.0,0.0,0.0,8339.986486486487
798,0.323416402213182,0.3354605778756413,0.11016935070610519,0.10553250449498613,0.9863175726599787,0.9863697359309584,39.0,34.0,243.12735042735042,227.16127450980395,68.13702564102564,72.39265882352942,55.783658974358985,57.61845882352942,16.0223717948718,18.3389705882353,9.506849315068493,0.0,389.3013698630137,6840.534246575343,14141.465753424658,21.943287671232866,68.40534246575344,70.11910136986299,17.10133561643836,17.529775342465747,87.64887671232876,56.63822328767123,0.0,1.0,1.0,1.0,-0.17996298515981743,1.4657534246575343,0.0,0.0,3.620457534246574,0.3013698630136986,1.356164383561644,0.4749754939491874,0.42141715078296355,0.0,0.0,5942.41095890411,142.6027397260274,0.0,189.1917808219178,0.0,2194.328767123288,0.0,285.2054794520548,4646.2054794520545,0.0,0.0,0.0,0.0,8199.054794520547
799,0.323416402213182,0.3354605778756413,0.10835428578386537,0.10756160876170298,0.9863362053778729,0.986387821975019,37.0,34.0,231.4454954954955,233.4921568627451,72.04929729729729,72.49882352941175,58.04964864864866,57.85236176470589,17.689391891891894,17.353529411764704,9.901408450704226,0.0,381.4788732394366,7011.422535211268,13945.535211267606,22.321267605633796,70.11422535211265,72.2645633802817,17.528556338028164,18.06614084507042,90.33070422535214,57.95517323943662,0.0,1.0,1.0,1.0,-0.20739944248826309,1.4788732394366197,0.0,0.0,3.2191661971830983,0.2535211267605634,1.4366197183098592,0.4549112496445061,0.4300125879957925,0.0,0.0,5956.56338028169,148.5211267605634,0.0,196.4788732394366,0.0,2232.1267605633802,0.0,297.0422535211268,4779.295774647887,0.0,0.0,0.0,0.0,7988.971830985915
800,0.323416402213182,0.3354605778756413,0.10724410239613104,0.10888730204848392,0.986353655299638,0.9864062442504374,37.0,35.0,231.78603603603602,240.0504761904762,72.91710270270272,68.38619428571427,59.51278918918921,56.23650571428573,17.649391891891895,16.455214285714284,9.597222222222221,0.0,380.69444444444446,6827.555555555556,14148.208333333334,21.42736111111111,68.27555555555551,70.71457777777779,17.06888888888888,17.678644444444444,88.39322222222224,57.92015138888891,0.0,1.0,1.0,1.0,-0.20666982060185196,1.4861111111111112,0.0,0.0,4.274462499999998,0.2222222222222222,1.4305555555555556,0.4580057537793079,0.4337007732616853,0.0,0.0,6068.680555555556,143.95833333333334,0.0,191.36111111111111,0.0,2142.7361111111113,0.0,287.9166666666667,4684.819444444444,0.0,0.0,0.0,0.0,8079.527777777777
801,0.323416402213182,0.3354605778756413,0.10561457781903634,0.10967608182104051,0.9863725053468119,0.9864241501961183,37.0,34.0,239.72657657657658,219.30539215686272,70.86754594594593,78.07698823529412,58.378732432432436,61.61286764705884,16.493310810810804,19.39220588235294,10.014084507042254,0.0,380.7323943661972,7152.605633802817,13796.845070422536,22.225915492957746,71.52605633802817,74.31995492957746,17.881514084507042,18.579988732394362,92.89994366197185,59.92747323943663,0.0,1.0,1.0,1.0,-0.24848902582159632,1.4788732394366197,0.0,0.0,3.489032394366195,0.22535211267605634,1.4366197183098592,0.4619554985779882,0.42884542721686686,0.0,0.0,6098.887323943662,150.2112676056338,0.0,198.91549295774647,0.0,2222.5915492957747,0.0,300.4225352112676,4930.014084507042,0.0,0.0,0.0,0.0,7697.957746478874
802,0.323416402213182,0.3354605778756413,0.10561868070524202,0.11067736366717225,0.9863910695136151,0.9864436574638948,36.0,37.0,235.82222222222222,235.4189189189189,71.78488888888889,72.70797837837839,59.40418611111113,59.53879459459459,17.030069444444447,17.13337837837838,9.712328767123287,0.0,390.8493150684931,6832.972602739726,14137.068493150686,20.38054794520549,68.32972602739726,72.25275616438356,17.082431506849314,18.06318904109588,90.31594520547944,59.47241232876715,0.0,1.0,1.0,1.0,-0.2390085901826486,1.5068493150684932,0.0,0.0,4.302087671232874,0.2054794520547945,1.4246575342465753,0.43744525334507084,0.4534820174203787,0.0,0.0,6000.0,145.68493150684932,0.0,191.9041095890411,0.0,2038.054794520548,0.0,291.36986301369865,4794.917808219178,0.0,0.0,0.0,0.0,8137.068493150685
803,0.323416402213182,0.3354605778756413,0.10533774169528258,0.10873909050179476,0.9864088608988016,0.9864610262231426,36.0,36.0,233.38703703703703,231.05370370370372,70.22862222222223,75.2979555555556,57.7900027777778,60.11779722222223,17.447777777777777,17.696458333333332,9.819444444444445,0.0,375.5416666666667,7028.847222222223,13933.222222222223,22.034166666666664,70.28847222222225,72.76328888888888,17.572118055555563,18.190822222222213,90.9541111111111,58.953900000000004,0.0,1.0,1.0,1.0,-0.2282062500000002,1.5,0.0,0.0,3.7627291666666642,0.2916666666666667,1.3888888888888888,0.4445222698946912,0.4489145618806277,0.0,0.0,5793.916666666667,147.29166666666666,0.0,195.05555555555554,0.0,2203.4166666666665,0.0,294.5833333333333,4825.430555555556,0.0,0.0,0.0,0.0,8139.305555555556
804,0.323416402213182,0.3354605778756413,0.10584210710581386,0.1077500186733717,0.9864279365573461,0.9864782204811148,35.0,38.0,226.8352380952381,241.1109649122807,75.8111085714286,69.4208,59.83070857142858,57.61561052631579,18.31114285714286,16.302236842105263,9.808219178082192,0.0,382.6849315068493,6906.164383561644,14055.986301369863,21.015205479452064,69.06164383561641,72.48464657534245,17.265410958904102,18.12116164383561,90.6058082191781,58.67764383561645,0.0,1.0,1.0,1.0,-0.22245091324200925,1.5205479452054795,0.0,0.0,3.4584082191780814,0.2602739726027397,1.4109589041095891,0.4270754796861336,0.45827648879686855,0.0,0.0,6338.739726027397,147.12328767123287,0.0,195.4794520547945,0.0,2101.5205479452056,0.0,294.24657534246575,4804.643835616438,0.0,0.0,0.0,0.0,7717.246575342466
805,0.323416402213182,0.3354605778756413,0.10619467579531407,0.10795620163858471,0.9864450891335745,0.9864970315693746,37.0,37.0,243.51486486486485,231.9346846846847,67.17474594594593,75.51221621621622,56.26492162162162,59.88340540540541,15.962094594594594,17.530270270270275,9.824324324324325,0.0,385.3783783783784,6698.472972972973,14263.486486486487,19.843918918918913,66.98472972972971,71.34348108108108,16.746182432432427,17.835870270270267,89.17935135135133,58.07416351351352,0.0,1.0,1.0,1.0,-0.20987840653153167,1.5,0.0,0.0,3.476864864864863,0.25675675675675674,1.4189189189189189,0.4381613265173946,0.4457963786890424,0.0,0.0,6285.351351351352,147.36486486486487,0.0,194.94594594594594,0.0,1984.3918918918919,0.0,294.72972972972974,4714.081081081081,0.0,0.0,0.0,0.0,7978.135135135135
806,0.323416402213182,0.3354605778756413,0.10343413117818151,0.10699790375720601,0.9864631874246983,0.9865162547422508,35.0,39.0,231.44904761904763,248.25,73.6256,65.38190769230772,58.26397999999999,54.96050512820513,17.667357142857146,15.307948717948715,9.41891891891892,0.0,380.5405405405405,6569.554054054054,14418.216216216217,19.811351351351345,65.69554054054056,69.28095135135132,16.42388513513514,17.32023783783782,86.60118918918921,56.522959459459464,0.0,1.0,1.0,1.0,-0.17756165540540558,1.527027027027027,0.0,0.0,3.6658932432432407,0.2702702702702703,1.4054054054054055,0.4158884503407393,0.4664729164762543,0.0,0.0,6944.310810810811,141.28378378378378,0.0,187.3783783783784,0.0,1981.1351351351352,0.0,282.56756756756755,4588.418918918919,0.0,0.0,0.0,0.0,7473.905405405405
807,0.323416402213182,0.3354605778756413,0.1042471222956929,0.10522615445281382,0.986482034687179,0.9865348621507217,36.0,36.0,237.39212962962964,217.93101851851853,70.65724444444444,78.92728888888891,56.673636111111115,60.488375000000005,16.883888888888887,19.52513888888889,10.152777777777779,0.0,385.56944444444446,7281.805555555556,13659.694444444445,23.270277777777775,72.81805555555553,74.79226666666668,18.204513888888883,18.698066666666662,93.49033333333335,58.581005555555585,0.0,1.0,1.0,1.0,-0.22043761574074094,1.5,0.0,0.0,1.993252777777776,0.2638888888888889,1.375,0.4445140610842513,0.44431254012316923,0.0,0.0,5957.972222222223,152.29166666666666,0.0,200.625,0.0,2327.027777777778,0.0,304.5833333333333,4954.777777777777,0.0,0.0,0.0,0.0,7701.722222222223
808,0.323416402213182,0.3354605778756413,0.10270802634552968,0.10648171027518342,0.9864998482292411,0.9865519556321668,34.0,41.0,225.57401960784313,257.35325203252034,77.2736,62.743414634146355,62.024517647058836,54.63123414634146,18.455808823529413,14.018231707317073,9.413333333333334,0.0,388.62666666666667,6411.973333333333,14576.8,18.192,64.11973333333333,69.33043200000003,16.029933333333332,17.332608,86.66304000000001,57.982856000000005,0.0,1.0,1.0,1.0,-0.20797616666666677,1.5466666666666666,0.0,0.0,4.68235733333333,0.32,1.4533333333333334,0.40580465388569936,0.47416195202797,0.0,0.0,6212.693333333334,141.2,0.0,186.62666666666667,0.0,1819.2,0.0,282.4,4592.7733333333335,0.0,0.0,0.0,0.0,8364.106666666667
809,0.323416402213182,0.3354605778756413,0.10072752503066487,0.10660714649950026,0.9865174645797851,0.9865703762149021,37.0,36.0,237.12297297297297,238.9712962962963,72.1461621621622,68.7416888888889,57.68747297297298,56.05071111111111,16.82939189189189,16.61020833333334,9.684931506849315,0.0,388.958904109589,6688.520547945205,14282.068493150686,20.306986301369854,66.88520547945203,70.46724383561644,16.721301369863006,17.61681095890411,88.08405479452058,56.88030273972605,0.0,1.0,1.0,1.0,-0.18500630707762575,1.4931506849315068,0.0,0.0,3.1343602739726,0.3150684931506849,1.4109589041095891,0.4467492558407518,0.4385061249332236,0.0,0.0,6600.219178082192,145.27397260273972,0.0,192.58904109589042,0.0,2030.6986301369864,0.0,290.54794520547944,4657.821917808219,0.0,0.0,0.0,0.0,7681.8493150684935
810,0.323416402213182,0.3354605778756413,0.10135381711586146,0.10516595562222095,0.986535438564476,0.9865870105384684,38.0,35.0,241.625,236.42190476190478,68.91553684210528,71.27021714285713,56.21737631578949,58.14108571428573,16.246052631578944,16.99,9.41095890410959,0.0,378.1232876712329,6641.095890410959,14347.82191780822,19.923287671232877,66.41095890410959,70.04449315068496,16.602739726027398,17.511123287671232,87.55561643835615,57.13970273972604,0.0,1.0,1.0,1.0,-0.19041047374429237,1.4794520547945205,0.0,0.0,3.6979493150684912,0.3150684931506849,1.3287671232876712,0.45335948610086657,0.4300022336770598,0.0,0.0,6332.301369863014,141.16438356164383,0.0,186.58904109589042,0.0,1992.3287671232877,0.0,282.32876712328766,4648.767123287671,0.0,0.0,0.0,0.0,8015.520547945205
811,0.323416402213182,0.3354605778756413,0.10222407918696706,0.10356554381571025,0.9865534299234224,0.9866050752510435,36.0,34.0,245.8509259259259,219.66911764705884,66.50897777777779,78.33844705882355,55.493180555555554,61.07612058823529,15.640833333333335,19.308161764705876,9.914285714285715,0.0,384.22857142857146,6968.842857142857,13988.042857142857,21.914428571428566,69.6884285714286,72.25471999999999,17.42210714285715,18.063679999999994,90.31840000000001,58.20489428571429,0.0,1.0,1.0,1.0,-0.21260196428571446,1.4857142857142858,0.0,0.0,3.3722814285714264,0.2714285714285714,1.4142857142857144,0.45332151404449833,0.4291724084901306,0.0,0.0,6224.9,148.71428571428572,0.0,195.97142857142856,0.0,2191.442857142857,0.0,297.42857142857144,4777.4,0.0,0.0,0.0,0.0,7763.142857142857
812,0.323416402213182,0.3354605778756413,0.10264835940323604,0.105687193696303,0.9865706993765804,0.9866223743551302,34.0,38.0,218.30882352941177,245.3635964912281,77.74814117647061,64.55562105263157,58.77678823529412,54.981310526315816,19.538308823529416,15.755263157894735,9.666666666666666,0.0,388.52777777777777,7016.680555555556,13955.263888888889,23.32402777777777,70.1668055555556,70.78542222222224,17.5417013888889,17.696355555555556,88.48177777777782,56.773619444444456,0.0,1.0,1.0,1.0,-0.1827837384259261,1.5277777777777777,0.0,0.0,3.52989861111111,0.25,1.375,0.4252665001136869,0.4663647534310674,0.0,0.0,6296.916666666667,145.0,0.0,192.05555555555554,0.0,2332.402777777778,0.0,290.0,4684.277777777777,0.0,0.0,0.0,0.0,7658.347222222223
813,0.323416402213182,0.3354605778756413,0.10367254950307295,0.10462194392975928,0.98658921352502,0.9866404788199205,37.0,35.0,234.08063063063065,234.95,73.1468108108108,70.48722285714285,58.64195405405405,56.73171714285714,17.285337837837837,17.13814285714286,9.930555555555555,0.0,391.15277777777777,6885.513888888889,14070.194444444445,21.40847222222222,68.8551388888889,71.85395555555554,17.213784722222226,17.963488888888882,89.81744444444449,57.713366666666694,0.0,1.0,1.0,1.0,-0.20236180555555572,1.4861111111111112,0.0,0.0,3.0731958333333322,0.20833333333333334,1.4305555555555556,0.4568572963029123,0.441023115168452,0.0,0.0,6269.444444444444,148.95833333333334,0.0,196.41666666666666,0.0,2140.847222222222,0.0,297.9166666666667,4744.666666666667,0.0,0.0,0.0,0.0,7800.75
814,0.323416402213182,0.3354605778756413,0.10353666436848773,0.10392945107376658,0.9866071084527593,0.9866575590761738,38.0,36.0,244.8359649122807,240.68564814814815,68.37187368421053,68.82364444444445,57.0517157894737,56.89298055555557,15.76565789473684,16.383541666666662,9.31081081081081,0.0,394.6081081081081,6426.5,14569.013513513513,18.824729729729732,64.26500000000001,68.59165405405406,16.066250000000004,17.147913513513515,85.73956756756753,56.97449324324323,0.0,1.0,1.0,1.0,-0.18696860923423442,1.4864864864864864,0.0,0.0,4.449089189189187,0.25675675675675674,1.4054054054054055,0.4494888990508962,0.43550043052364223,0.0,0.0,6603.972972972973,139.66216216216216,0.0,184.5,0.0,1882.472972972973,0.0,279.3243243243243,4544.027027027027,0.0,0.0,0.0,0.0,7965.040540540541
815,0.323416402213182,0.3354605778756413,0.104919612081252,0.10301001436384931,0.986625198875928,0.9866763467412796,36.0,34.0,228.24953703703704,221.49803921568628,74.07466666666667,77.89967058823528,59.756205555555574,60.91112352941178,18.16340277777778,19.05220588235294,10.2,0.0,399.62857142857143,7438.042857142857,13498.214285714286,23.98314285714285,74.38042857142858,75.93252571428572,18.595107142857145,18.983131428571426,94.91565714285716,60.31716571428573,0.0,1.0,1.0,1.0,-0.25660761904761914,1.4857142857142858,0.0,0.0,2.9797471428571414,0.22857142857142856,1.4285714285714286,0.4524160157612496,0.4302648819573223,0.0,0.0,5835.771428571428,153.0,0.0,203.74285714285713,0.0,2398.3142857142857,0.0,306.0,5039.728571428572,0.0,0.0,0.0,0.0,7662.442857142857
816,0.323416402213182,0.3354605778756413,0.10617074150850607,0.1044346999865164,0.9866421387427496,0.9866940729390405,36.0,37.0,231.99583333333334,231.1873873873874,73.87911111111113,72.71143783783786,59.08383888888889,59.07087027027029,17.568402777777777,17.72993243243243,9.931506849315069,0.0,396.6164383561644,7060.109589041096,13895.164383561643,22.035479452054798,70.60109589041095,73.28727671232876,17.650273972602736,18.321819178082187,91.609095890411,59.07726575342466,0.0,1.0,1.0,1.0,-0.23077636986301386,1.5068493150684932,0.0,0.0,3.4402630136986296,0.2465753424657534,1.4383561643835616,0.44275911851340627,0.45079832757716815,0.0,0.0,5845.986301369863,148.3013698630137,0.0,197.4794520547945,0.0,2203.5479452054797,0.0,297.94520547945206,4856.561643835616,0.0,0.0,0.0,0.0,8049.178082191781
817,0.3243567628498472,0.3354605778756413,0.10693500762494729,0.10276341367957792,0.9866596262492654,0.9867125903072163,37.0,37.0,229.59459459459458,236.96801801801803,72.53327567567568,71.91247567567568,58.74586756756758,58.09928648648649,17.959932432432435,16.892905405405404,9.743243243243244,0.0,386.1081081081081,6970.5675675675675,13996.878378378378,21.806891891891883,69.70567567567568,72.22287567567567,17.42641891891892,18.05571891891891,90.27859459459461,58.422577027027025,0.0,1.0,1.0,1.0,-0.2171370213963965,1.5,0.0,0.0,3.6261202702702686,0.2972972972972973,1.4054054054054055,0.4338119664186076,0.44147236814689245,0.0,0.0,6276.716216216216,146.14864864864865,0.0,193.1081081081081,0.0,2180.689189189189,0.0,292.2972972972973,4789.878378378378,0.0,0.0,0.0,0.0,7720.1621621621625
818,0.3243567628498472,0.3354605778756413,0.10814642395738415,0.10270819495828767,0.9866788230936637,0.9867293210880735,38.0,37.0,230.41710526315788,252.5202702702703,74.66644210526317,62.981881081081085,60.842736842105275,53.991302702702704,17.77986842105263,14.734054054054052,9.386666666666667,0.0,396.73333333333335,6510.906666666667,14479.28,19.492666666666672,65.10906666666666,68.90205866666669,16.277266666666666,17.225514666666662,86.12757333333333,57.46269600000001,0.0,1.0,1.0,1.0,-0.19713950000000008,1.4933333333333334,0.0,0.0,4.837903999999998,0.30666666666666664,1.36,0.4453805397555189,0.4329008211914751,0.0,0.0,6453.88,140.8,0.0,186.41333333333333,0.0,1949.2666666666667,0.0,281.6,4561.64,0.0,0.0,0.0,0.0,8025.4
819,0.3243567628498472,0.3354605778756413,0.10526017889121783,0.10250964047197454,0.9866968137171982,0.9867475447283809,40.0,33.0,254.05333333333334,207.37121212121212,61.843039999999974,82.34453333333333,54.485220000000005,62.30638484848487,14.501937500000002,21.059393939393942,9.835616438356164,0.0,387.6027397260274,6986.506849315068,13977.027397260274,22.915890410958898,69.86506849315066,71.1108383561644,17.466267123287665,17.777709589041102,88.88854794520549,58.02081506849314,0.0,1.0,1.0,1.0,-0.20876698059360746,1.452054794520548,0.0,0.0,4.376243835616438,0.3150684931506849,1.356164383561644,0.4784041496213389,0.40649559991137485,0.0,0.0,5742.109589041096,145.73972602739727,0.0,194.65753424657535,0.0,2291.5890410958905,0.0,295.06849315068496,4694.917808219178,0.0,0.0,0.0,0.0,8234.917808219177
820,0.3243567628498472,0.3354605778756413,0.10619969350187038,0.10201569682296502,0.9867148207856795,0.9867656405932324,35.0,38.0,222.19238095238094,243.5425438596491,76.8508342857143,68.3503157894737,59.58648285714287,55.8834157894737,18.94421428571429,15.971776315789475,9.89041095890411,0.0,403.86301369863014,6958.767123287671,13998.369863013699,21.659041095890416,69.58767123287667,72.42590684931508,17.396917808219168,18.106476712328764,90.53238356164381,57.6588589041096,0.0,1.0,1.0,1.0,-0.20122622716894994,1.5205479452054795,0.0,0.0,2.6298698630136954,0.2602739726027397,1.4109589041095891,0.43114984648771093,0.46075483400976247,0.0,0.0,6001.8493150684935,148.35616438356163,0.0,196.7945205479452,0.0,2165.904109589041,0.0,296.71232876712327,4792.86301369863,0.0,0.0,0.0,0.0,7996.520547945205
821,0.3243567628498472,0.3354605778756413,0.10906863079751103,0.10287118926095885,0.9867335407803236,0.9867828379195661,38.0,36.0,229.7017543859649,231.3125,73.79553684210528,74.08248888888892,58.69731578947371,60.16485277777778,17.95026315789474,17.650277777777774,9.986486486486486,0.0,393.72972972972974,7121.72972972973,13829.121621621622,22.19364864864864,71.21729729729728,73.93513513513513,17.80432432432432,18.483783783783778,92.41891891891893,59.4112527027027,0.0,1.0,1.0,1.0,-0.2377344313063065,1.4864864864864864,0.0,0.0,3.2804418918918907,0.1891891891891892,1.3918918918918919,0.4564411952384109,0.43592262180633423,0.0,0.0,6135.7972972972975,149.7972972972973,0.0,198.75675675675674,0.0,2219.364864864865,0.0,299.5945945945946,4902.364864864865,0.0,0.0,0.0,0.0,7693.324324324324
822,0.3243567628498472,0.3354605778756413,0.10852759586584393,0.103607987227152,0.9867520906040242,0.9868001391896484,38.0,38.0,249.50307017543858,234.13245614035088,63.94492631578949,74.06871578947369,55.167607894736854,59.26065526315792,15.18236842105263,17.251315789473686,9.31578947368421,0.0,393.5394736842105,6486.736842105263,14509.065789473685,19.107105263157887,64.86736842105263,69.00682105263157,16.216842105263158,17.251705263157888,86.25852631578947,57.214131578947395,0.0,1.0,1.0,1.0,-0.19196107456140368,1.5,0.0,0.0,4.424152631578946,0.25,1.394736842105263,0.4474901488012786,0.44141993391868,0.0,0.0,6690.763157894737,139.73684210526315,0.0,183.98684210526315,0.0,1910.7105263157894,0.0,279.4736842105263,4576.026315789473,0.0,0.0,0.0,0.0,7818.3026315789475
823,0.3243567628498472,0.3354605778756413,0.10623270199717644,0.10498425217285753,0.9867706783933634,0.9868164355553438,34.0,39.0,242.14901960784312,243.26709401709402,69.82324705882353,67.65587692307693,56.86456764705882,56.79345128205129,16.121397058823533,16.019102564102564,9.36986301369863,0.0,391.9178082191781,6426.698630136986,14564.780821917808,18.82082191780822,64.26698630136984,68.66533698630137,16.06674657534246,17.166334246575342,85.83167123287669,56.82657397260274,0.0,1.0,1.0,1.0,-0.18388695776255726,1.5342465753424657,0.0,0.0,4.227983561643834,0.273972602739726,1.4657534246575343,0.4125167305901283,0.4648992833337171,0.0,0.0,6179.3835616438355,140.54794520547946,0.0,185.87671232876713,0.0,1882.0821917808219,0.0,281.09589041095893,4544.6164383561645,0.0,0.0,0.0,0.0,8385.397260273972
824,0.3243567628498472,0.3354605778756413,0.10803074821711599,0.10559274331213246,0.9867881920693109,0.9868349601575274,34.0,37.0,222.94166666666666,239.36936936936937,77.1264,71.84449729729732,60.19689705882354,58.493808108108105,18.84176470588235,16.54,10.070422535211268,0.0,406.84507042253523,7056.901408450704,13890.154929577464,21.276056338028166,70.56901408450706,74.37385915492956,17.642253521126765,18.593464788732383,92.96732394366197,59.30937183098593,0.0,1.0,1.0,1.0,-0.2356119131455401,1.5211267605633803,0.0,0.0,2.577766197183097,0.2676056338028169,1.4366197183098592,0.4290585894830339,0.4513802522302216,0.0,0.0,6588.197183098591,151.05633802816902,0.0,198.77464788732394,0.0,2127.605633802817,0.0,302.11267605633805,4929.295774647887,0.0,0.0,0.0,0.0,7301.957746478874
825,0.3243567628498472,0.3354605778756413,0.10797920966862189,0.10815207760922893,0.9868040626823027,0.9868506677816758,37.0,36.0,242.34954954954955,239.90648148148148,70.22996756756758,69.29813333333335,55.526518918918924,55.52845833333335,16.102972972972974,16.470277777777774,9.520547945205479,0.0,400.73972602739724,6513.643835616438,14468.684931506848,18.95876712328768,65.13643835616439,69.77043287671235,16.284109589041098,17.44260821917808,87.21304109589038,55.52747534246576,0.0,1.0,1.0,1.0,-0.15682240296803665,1.4931506849315068,0.0,0.0,2.04115205479452,0.2602739726027397,1.4383561643835616,0.44571925852829564,0.43483747925983174,0.0,0.0,6541.890410958904,142.8082191780822,0.0,188.24657534246575,0.0,1895.876712328767,0.0,285.6164383561644,4617.767123287671,0.0,0.0,0.0,0.0,7926.7945205479455
826,0.3243567628498472,0.3354605778756413,0.10845145539808854,0.10948193592886722,0.9868203937504789,0.9868683519324332,36.0,35.0,236.9601851851852,220.24142857142857,72.21084444444448,76.34523428571428,58.06426388888891,60.684768571428584,16.85194444444444,19.26821428571429,10.154929577464788,0.0,401.2957746478873,7217.225352112676,13723.112676056338,23.05084507042253,72.17225352112675,74.24892394366195,18.043063380281687,18.562230985915487,92.81115492957747,59.35606197183098,0.0,1.0,1.0,1.0,-0.23658462441314562,1.4929577464788732,0.0,0.0,3.1502014084507026,0.29577464788732394,1.4225352112676057,0.4475068892788549,0.44244458140542964,0.0,0.0,5832.887323943662,152.32394366197184,0.0,201.69014084507043,0.0,2305.0845070422533,0.0,304.6478873239437,4912.140845070423,0.0,0.0,0.0,0.0,7890.225352112676
827,0.3243567628498472,0.3354605778756413,0.10757241739714925,0.10871916557177462,0.9868370503828894,0.9868837007330675,37.0,38.0,238.5963963963964,243.2434210526316,69.61747027027029,67.96277894736843,56.08912702702703,55.17458421052631,16.699932432432433,16.018618421052633,9.266666666666667,0.0,400.8,6541.893333333333,14457.053333333333,19.793599999999998,65.41893333333333,68.77909333333334,16.354733333333332,17.194773333333334,85.97386666666668,55.625758666666684,0.0,1.0,1.0,1.0,-0.15886997222222235,1.5066666666666666,0.0,0.0,3.2013986666666643,0.24,1.44,0.4353129648829774,0.4423004182486729,0.0,0.0,6779.16,139.0,0.0,183.05333333333334,0.0,1979.36,0.0,278.0,4562.533333333334,0.0,0.0,0.0,0.0,7677.893333333333
828,0.3243567628498472,0.3354605778756413,0.10965577162256247,0.11163718003830901,0.9868535903954816,0.9869006456154219,35.0,36.0,225.26714285714286,241.78425925925924,76.98102857142857,66.75431111111112,59.45957714285716,54.2317638888889,18.49128571428572,16.28201388888889,9.732394366197184,0.0,405.61971830985914,6948.43661971831,14018.521126760563,21.90985915492958,69.48436619718309,71.79565070422535,17.371091549295773,17.948912676056334,89.74456338028169,56.80885492957747,0.0,1.0,1.0,1.0,-0.18351781103286396,1.5070422535211268,0.0,0.0,2.3842957746478866,0.28169014084507044,1.4225352112676057,0.43666154405599106,0.4480414608531942,0.0,0.0,5997.816901408451,145.98591549295776,0.0,194.08450704225353,0.0,2190.9859154929577,0.0,291.9718309859155,4757.450704225352,0.0,0.0,0.0,0.0,8020.704225352113
829,0.3243567628498472,0.3354605778756413,0.10699006566136085,0.1109752073220922,0.9868710170102749,0.9869176397355913,38.0,33.0,253.73508771929826,204.79444444444442,63.48698947368425,81.61144242424244,54.12927631578948,60.54564848484849,14.521381578947372,21.472803030303034,9.845070422535212,0.0,404.90140845070425,7100.929577464789,13859.281690140846,23.443239436619724,71.00929577464785,71.91103098591549,17.752323943661963,17.977757746478872,89.88878873239436,57.1115338028169,0.0,1.0,1.0,1.0,-0.18982362089201893,1.4647887323943662,0.0,0.0,2.952826760563379,0.2535211267605634,1.380281690140845,0.47140957477448564,0.42359521236295816,0.0,0.0,5707.3239436619715,147.67605633802816,0.0,195.7605633802817,0.0,2344.323943661972,0.0,295.3521126760563,4756.605633802817,0.0,0.0,0.0,0.0,8151.957746478874
830,0.3243567628498472,0.3354605778756413,0.10659542372956851,0.11092388829338361,0.9868879917784134,0.9869342032258236,34.0,38.0,228.4921568627451,244.38684210526316,75.82983529411766,67.54458947368423,60.0869794117647,56.64829736842106,18.07389705882353,15.85519736842106,9.63888888888889,0.0,413.56944444444446,6761.166666666667,14212.861111111111,20.21986111111111,67.61166666666665,71.45706666666668,16.902916666666663,17.864266666666666,89.32133333333333,58.27211944444447,0.0,1.0,1.0,1.0,-0.21400248842592615,1.5277777777777777,0.0,0.0,3.717969444444442,0.20833333333333334,1.4861111111111112,0.4237055109976359,0.46691236276346537,0.0,0.0,6105.402777777777,144.58333333333334,0.0,191.22222222222223,0.0,2021.986111111111,0.0,289.1666666666667,4739.180555555556,0.0,0.0,0.0,0.0,8107.458333333333
831,0.3243567628498472,0.3354605778756413,0.10525289104733218,0.11118600517052162,0.9869046892235499,0.9869505815777537,36.0,36.0,221.6361111111111,237.4990740740741,75.99697777777777,69.70880000000001,58.24093055555558,56.09786111111111,19.084374999999994,16.851111111111116,9.847222222222221,0.0,405.44444444444446,7187.097222222223,13774.055555555555,23.570972222222217,71.87097222222224,72.85288888888888,17.96774305555556,18.21322222222222,91.06611111111116,57.16939583333332,0.0,1.0,1.0,1.0,-0.19102907986111123,1.5,0.0,0.0,2.2842499999999983,0.25,1.3888888888888888,0.44025229667715793,0.4478932360169084,0.0,0.0,6146.847222222223,147.29166666666666,0.0,195.13888888888889,0.0,2357.097222222222,0.0,295.4166666666667,4830.0,0.0,0.0,0.0,0.0,7627.208333333333
832,0.3243567628498472,0.3354605778756413,0.10203619378910693,0.11401120182434203,0.9869215670684494,0.9869676756736193,38.0,35.0,231.92938596491229,236.5852380952381,71.83141052631578,71.72553142857143,58.69745789473684,58.03830857142859,17.647236842105265,16.927714285714284,9.67123287671233,0.0,405.5753424657534,6920.904109589041,14049.698630136987,21.59273972602739,69.20904109589043,71.78064657534246,17.302260273972607,17.945161643835608,89.7258082191781,58.38142739726027,0.0,1.0,1.0,1.0,-0.2162797374429225,1.4794520547945205,0.0,0.0,3.90304109589041,0.2876712328767123,1.36986301369863,0.4632556383195301,0.4268423783549375,0.0,0.0,6013.780821917808,145.06849315068493,0.0,193.1917808219178,0.0,2159.27397260274,0.0,290.13698630136986,4761.630136986301,0.0,0.0,0.0,0.0,8035.917808219178
833,0.3243567628498472,0.3354605778756413,0.10446866180532556,0.11240398258117641,0.9869400395172785,0.9869836867766827,38.0,35.0,232.3122807017544,231.00190476190477,73.43343157894738,73.79456,58.48652894736842,58.80206285714286,17.547631578947374,17.716857142857148,9.95890410958904,0.0,402.1232876712329,7051.506849315068,13901.04109589041,21.723972602739714,70.5150684931507,73.60657534246575,17.628767123287673,18.401643835616433,92.00821917808223,58.63781232876714,0.0,1.0,1.0,1.0,-0.22162109018264856,1.4794520547945205,0.0,0.0,2.6600041095890394,0.2465753424657534,1.4109589041095891,0.4612695787715951,0.4349992230320677,0.0,0.0,6107.8493150684935,149.3835616438356,0.0,198.3013698630137,0.0,2172.3972602739727,0.0,298.7671232876712,4879.109589041096,0.0,0.0,0.0,0.0,7793.191780821918
834,0.3243567628498472,0.3354605778756413,0.10447559400017546,0.11250884773788059,0.9869584245368072,0.9870005552534861,38.0,36.0,235.97280701754386,246.85416666666666,71.63705263157894,66.27288888888889,57.778636842105264,56.540316666666655,17.035986842105263,15.478402777777777,9.432432432432432,0.0,400.6756756756757,6511.2972972972975,14475.986486486487,19.43864864864865,65.11297297297295,69.02745945945948,16.27824324324324,17.256864864864866,86.28432432432433,57.17621081081082,0.0,1.0,1.0,1.0,-0.19117105855855868,1.4864864864864864,0.0,0.0,4.426994594594592,0.22972972972972974,1.445945945945946,0.4565001137423576,0.43514681474993766,0.0,0.0,6281.594594594595,141.48648648648648,0.0,187.25675675675674,0.0,1943.8648648648648,0.0,282.97297297297297,4567.4324324324325,0.0,0.0,0.0,0.0,8194.391891891892
835,0.3243567628498472,0.3354605778756413,0.1043664264659205,0.11321800973637997,0.9869741025608393,0.9870169661626784,38.0,34.0,241.11666666666667,230.11127450980393,67.51494736842106,73.42701176470591,55.11072894736843,59.63857647058825,16.338421052631574,17.884191176470587,9.51388888888889,0.0,416.1666666666667,6827.347222222223,14155.180555555555,21.670972222222225,68.27347222222221,70.30675555555557,17.068368055555553,17.576688888888892,87.88344444444448,57.24887916666666,0.0,1.0,1.0,1.0,-0.1926849826388891,1.4722222222222223,0.0,0.0,4.010491666666666,0.2638888888888889,1.4027777777777777,0.46867742447990746,0.42287793929140277,0.0,0.0,6347.75,142.70833333333334,0.0,188.34722222222223,0.0,2167.097222222222,0.0,285.4166666666667,4660.25,0.0,0.0,0.0,0.0,7807.430555555556
836,0.3243567628498472,0.3354605778756413,0.10434495091396283,0.11101323459198864,0.9869892284247719,0.9870339263966595,36.0,34.0,236.17037037037036,220.2436274509804,70.91857777777778,78.30569411764708,56.6475638888889,60.830364705882346,16.997847222222223,19.270882352941182,10.057142857142857,0.0,410.7142857142857,7240.757142857143,13706.07142857143,22.999285714285723,72.4075714285714,74.50660571428571,18.10189285714285,18.626651428571428,93.13325714285718,58.67920999999999,0.0,1.0,1.0,1.0,-0.22248354166666676,1.4857142857142858,0.0,0.0,2.274497142857141,0.2571428571428571,1.4,0.4504543551076486,0.43624721418763124,0.0,0.0,5968.142857142857,150.85714285714286,0.0,199.6,0.0,2299.9285714285716,0.0,301.7142857142857,4940.828571428571,0.0,0.0,0.0,0.0,7737.928571428572
837,0.3243567628498472,0.3354605778756413,0.10435919003240929,0.11104991593891032,0.987006333951069,0.9870517102826224,36.0,36.0,230.7486111111111,235.74305555555557,73.72391111111114,71.79964444444447,59.96546388888891,57.574463888888914,17.760972222222225,17.06513888888889,9.86111111111111,0.0,410.75,6965.222222222223,13994.75,21.435555555555556,69.65222222222222,72.76177777777774,17.413055555555555,18.19044444444443,90.95222222222223,58.769963888888896,0.0,1.0,1.0,1.0,-0.22437424768518532,1.5,0.0,0.0,3.4212416666666656,0.25,1.4305555555555556,0.4398771558055578,0.44859778056071026,0.0,0.0,6148.833333333333,147.91666666666666,0.0,195.27777777777777,0.0,2143.5555555555557,0.0,295.8333333333333,4821.666666666667,0.0,0.0,0.0,0.0,7845.916666666667
838,0.3243567628498472,0.3354605778756413,0.10694185421798583,0.10935568863503581,0.9870215325340154,0.9870684364673992,37.0,36.0,229.87882882882883,244.40324074074076,74.31178378378378,68.58488888888888,58.469902702702726,55.90402777777778,17.890405405405396,15.803194444444447,9.73972602739726,0.0,413.013698630137,6744.438356164384,14222.493150684932,20.11698630136986,67.44438356164382,71.48756164383562,16.861095890410954,17.871890410958905,89.3594520547945,57.20453972602739,0.0,1.0,1.0,1.0,-0.19176124429223756,1.4931506849315068,0.0,0.0,2.5780739726027377,0.2876712328767123,1.452054794520548,0.4489240698353324,0.4465625721193246,0.0,0.0,6581.972602739726,146.0958904109589,0.0,193.78082191780823,0.0,2011.6986301369864,0.0,292.1917808219178,4732.739726027397,0.0,0.0,0.0,0.0,7640.520547945205
839,0.32452593289600534,0.3354605778756413,0.11013233506183452,0.1102040387249644,0.9870393346916113,0.9870858013231145,38.0,35.0,229.59824561403508,231.43238095238095,71.52572631578948,72.99456,56.82731842105263,57.82713714285716,17.986578947368425,17.662999999999997,9.849315068493151,0.0,396.3972602739726,7132.575342465753,13828.657534246575,23.514246575342465,71.32575342465756,72.22996164383561,17.83143835616439,18.057490410958902,90.2874520547945,57.306683561643844,0.0,1.0,1.0,1.0,-0.19388924086758005,1.4794520547945205,0.0,0.0,2.908160273972601,0.3013698630136986,1.356164383561644,0.4468873337137074,0.4281167762897681,0.0,0.0,6295.232876712329,147.73972602739727,0.0,194.54794520547946,0.0,2351.4246575342468,0.0,295.47945205479454,4781.1506849315065,0.0,0.0,0.0,0.0,7533.424657534247
840,0.32452593289600534,0.3354605778756413,0.10895860304777857,0.10957489866196594,0.9870563287601692,0.9871019151505799,38.0,36.0,246.88859649122807,238.58935185185186,67.19376842105262,70.97493333333334,55.14924210526318,58.08553611111111,15.475065789473684,16.648958333333333,9.391891891891891,0.0,416.2837837837838,6418.459459459459,14571.067567567568,18.470270270270262,64.1845945945946,69.03325405405404,16.04614864864865,17.258313513513514,86.29156756756755,56.57770945945946,0.0,1.0,1.0,1.0,-0.17870228040540556,1.4864864864864864,0.0,0.0,3.590604054054053,0.2972972972972973,1.4054054054054055,0.4566414227746698,0.43116142972516425,0.0,0.0,6374.918918918919,140.8783783783784,0.0,186.83783783783784,0.0,1847.027027027027,0.0,281.7567567567568,4571.4324324324325,0.0,0.0,0.0,0.0,8196.148648648648
841,0.32452593289600534,0.3354605778756413,0.10956163664122878,0.1104066989617497,0.9870723870291528,0.9871189544379775,36.0,36.0,233.99398148148148,235.07222222222222,72.11537777777777,70.71128888888887,58.428427777777785,57.11043888888889,17.298472222222223,17.160208333333333,9.805555555555555,0.0,410.56944444444446,6891.736111111111,14071.986111111111,21.705555555555552,68.91736111111108,71.41333333333336,17.22934027777777,17.853333333333335,89.26666666666667,57.76943333333333,0.0,1.0,1.0,1.0,-0.20352986111111127,1.5,0.0,0.0,3.585440277777776,0.2638888888888889,1.4027777777777777,0.4397482651773259,0.4418662604091785,0.0,0.0,6636.916666666667,147.08333333333334,0.0,194.02777777777777,0.0,2170.5555555555557,0.0,294.1666666666667,4721.180555555556,0.0,0.0,0.0,0.0,7435.069444444444
842,0.32452593289600534,0.3354605778756413,0.10890737334712902,0.11167660761528171,0.9870888055155643,0.9871351559535584,36.0,36.0,238.0175925925926,228.46296296296296,68.05706666666667,74.77706666666667,56.326244444444455,58.47104444444445,16.806111111111118,18.075902777777777,9.694444444444445,0.0,412.9166666666667,6976.402777777777,13994.416666666666,22.45208333333333,69.76402777777778,71.41706666666668,17.441006944444446,17.854266666666664,89.27133333333335,57.39864444444446,0.0,1.0,1.0,1.0,-0.19580509259259277,1.5,0.0,0.0,3.4225847222222203,0.3194444444444444,1.3333333333333333,0.441603585974103,0.44679043462939677,0.0,0.0,5883.444444444444,145.41666666666666,0.0,191.93055555555554,0.0,2245.2083333333335,0.0,290.8333333333333,4731.194444444444,0.0,0.0,0.0,0.0,8110.972222222223
843,0.32452593289600534,0.3354605778756413,0.11128109790406468,0.10964088594973007,0.9871037789237788,0.9871515099966416,34.0,38.0,214.27598039215687,250.59736842105264,82.41204705882353,64.3109052631579,63.684326470588246,52.93489473684211,20.05470588235294,15.011184210526318,9.805555555555555,0.0,395.1666666666667,6957.138888888889,14006.736111111111,21.230416666666667,69.57138888888886,72.85866666666669,17.392847222222215,18.21466666666667,91.07333333333334,58.0110152777778,0.0,1.0,1.0,1.0,-0.20856281828703715,1.5277777777777777,0.0,0.0,2.545195833333331,0.3333333333333333,1.4305555555555556,0.42247722134534377,0.4432376083088394,0.0,0.0,6468.583333333333,147.08333333333334,0.0,193.875,0.0,2123.0416666666665,0.0,294.1666666666667,4834.097222222223,0.0,0.0,0.0,0.0,7538.152777777777
844,0.32452593289600534,0.3354605778756413,0.11110638011080487,0.10940250509093027,0.9871206794836642,0.9871681392974956,39.0,34.0,244.68632478632478,230.35,67.31208205128208,71.97477647058824,55.10893589743589,56.3334205882353,15.78583333333333,17.85448529411765,9.547945205479452,0.0,406.6575342465753,6699.726027397261,14280.547945205479,21.067534246575335,66.99726027397259,69.48374794520548,16.749315068493146,17.370936986301363,86.85468493150685,55.67924383561643,0.0,1.0,1.0,1.0,-0.15998424657534263,1.4657534246575343,0.0,0.0,2.944810958904109,0.273972602739726,1.36986301369863,0.4602906058421425,0.421833258713753,0.0,0.0,6476.246575342466,143.21917808219177,0.0,189.06849315068493,0.0,2106.753424657534,0.0,286.43835616438355,4592.972602739726,0.0,0.0,0.0,0.0,7804.301369863014
845,0.32452593289600534,0.3354605778756413,0.11104222524284517,0.10797829768671084,0.9871366877084304,0.9871846315055509,37.0,34.0,239.4108108108108,219.54509803921567,70.18551351351353,77.26324705882354,56.309924324324335,61.902605882352965,16.567972972972974,19.362647058823526,9.901408450704226,0.0,424.53521126760563,7162.507042253521,13793.859154929578,22.808450704225358,71.62507042253523,73.57485070422536,17.906267605633808,18.39371267605634,91.96856338028171,58.988109859154946,0.0,1.0,1.0,1.0,-0.22891895539906115,1.4788732394366197,0.0,0.0,3.3195267605633796,0.23943661971830985,1.408450704225352,0.45959473863106337,0.426910274463574,0.0,0.0,5790.788732394366,148.5211267605634,0.0,197.07042253521126,0.0,2280.845070422535,0.0,297.0422535211268,4881.661971830986,0.0,0.0,0.0,0.0,8003.070422535211
846,0.32452593289600534,0.3354605778756413,0.1117646506923183,0.10772329251369171,0.98715246269694,0.9872001296820546,36.0,37.0,222.5513888888889,256.46801801801803,76.46595555555558,61.63545945945946,59.89567500000001,52.847948648648654,18.969374999999996,14.125472972972974,9.41095890410959,0.0,424.13698630136986,6605.698630136986,14384.520547945205,20.425068493150686,66.05698630136988,68.9491287671233,16.51424657534247,17.237282191780825,86.1864109589041,56.32353972602739,0.0,1.0,1.0,1.0,-0.17340707762557092,1.5068493150684932,0.0,0.0,3.888657534246573,0.2191780821917808,1.3972602739726028,0.4429508836228926,0.4452538893945692,0.0,0.0,6546.095890410959,140.13698630136986,0.0,186.31506849315068,0.0,2042.5068493150684,0.0,282.32876712328766,4563.191780821918,0.0,0.0,0.0,0.0,7838.424657534247
847,0.32452593289600534,0.3354605778756413,0.11317229198653822,0.1086153853747651,0.9871691644810913,0.9872168829084699,38.0,33.0,238.9719298245614,241.78131313131314,68.7701894736842,67.74671515151515,57.51828157894738,57.079660606060614,16.654802631578946,16.22136363636363,9.267605633802816,0.0,415.90140845070425,6581.338028169014,14416.661971830987,20.5674647887324,65.81338028169014,68.29449014084508,16.453345070422536,17.07362253521127,85.36811267605631,57.31441549295776,0.0,1.0,1.0,1.0,-0.19405032276995318,1.4647887323943662,0.0,0.0,5.47327042253521,0.28169014084507044,1.408450704225352,0.4726878094431878,0.4156995192589834,0.0,0.0,5686.450704225352,139.01408450704224,0.0,183.95774647887325,0.0,2056.7464788732395,0.0,278.0281690140845,4524.591549295775,0.0,0.0,0.0,0.0,8730.211267605633
848,0.32452593289600534,0.3354605778756413,0.11124614233136616,0.10974559726377668,0.9871872478369279,0.9872330238113349,36.0,32.0,231.65092592592592,212.5984375,73.17617777777777,79.324,59.24011666666667,60.186184375,17.62194444444444,20.374765625,10.352941176470589,0.0,419.97058823529414,7566.955882352941,13361.10294117647,25.299264705882354,75.66955882352943,76.06927058823533,18.917389705882357,19.017317647058828,95.08658823529412,59.685324999999985,0.0,1.0,1.0,1.0,-0.2434442708333335,1.4705882352941178,0.0,0.0,2.5334441176470577,0.29411764705882354,1.3823529411764706,0.46494739940037616,0.42120461685953753,0.0,0.0,5539.926470588235,155.2941176470588,0.0,205.05882352941177,0.0,2529.926470588235,0.0,310.5882352941176,5037.029411764706,0.0,0.0,0.0,0.0,7821.176470588235
849,0.32452593289600534,0.3354605778756413,0.11281728393585924,0.10880946321915262,0.987203239842187,0.9872483973413851,37.0,35.0,239.07612612612613,231.83904761904762,68.22348108108108,72.71936000000001,56.53371351351352,57.35668285714286,16.607905405405408,17.582571428571427,9.76388888888889,0.0,417.56944444444446,6832.680555555556,14133.486111111111,21.863194444444453,68.32680555555557,70.40897777777779,17.08170138888889,17.602244444444445,88.01122222222223,56.93376805555556,0.0,1.0,1.0,1.0,-0.1861201678240742,1.4861111111111112,0.0,0.0,3.6064916666666655,0.2638888888888889,1.4027777777777777,0.45396683556558215,0.43883488071870047,0.0,0.0,6103.055555555556,146.45833333333334,0.0,193.45833333333334,0.0,2186.3194444444443,0.0,292.9166666666667,4646.361111111111,0.0,0.0,0.0,0.0,8030.430555555556
850,0.32452593289600534,0.3354605778756413,0.11117083574842762,0.10934503189502452,0.987217798985817,0.9872655228512214,36.0,36.0,232.2726851851852,236.6074074074074,72.74204444444445,70.00071111111109,57.33338333333336,56.87627222222223,17.536666666666665,16.95611111111111,9.777777777777779,0.0,427.43055555555554,6898.555555555556,14066.402777777777,21.782222222222227,68.98555555555555,71.37137777777778,17.246388888888887,17.842844444444438,89.21422222222226,57.1048277777778,0.0,1.0,1.0,1.0,-0.1896839120370371,1.5,0.0,0.0,2.979838888888887,0.2222222222222222,1.4166666666666667,0.4487990785970843,0.4451851246898593,0.0,0.0,6259.319444444444,146.66666666666666,0.0,194.04166666666666,0.0,2178.222222222222,0.0,293.3333333333333,4720.333333333333,0.0,0.0,0.0,0.0,7807.083333333333
851,0.32452593289600534,0.3354605778756413,0.11021113711243086,0.11010401929883679,0.9872333113257512,0.9872818469703054,37.0,35.0,243.9972972972973,218.80666666666667,66.42110270270273,77.50436571428571,56.06071351351351,60.377520000000004,15.918648648648652,19.463642857142858,9.819444444444445,0.0,422.02777777777777,7056.763888888889,13905.111111111111,23.059027777777764,70.56763888888887,71.80880000000003,17.641909722222216,17.9522,89.76100000000001,58.159161111111125,0.0,1.0,1.0,1.0,-0.2116491898148149,1.4861111111111112,0.0,0.0,3.992270833333331,0.16666666666666666,1.4444444444444444,0.45149964111197705,0.439872536018164,0.0,0.0,5939.611111111111,147.29166666666666,0.0,195.25,0.0,2305.902777777778,0.0,294.5833333333333,4750.861111111111,0.0,0.0,0.0,0.0,7965.5
852,0.32452593289600534,0.3354605778756413,0.10922770626980441,0.10843540103910447,0.9872489406669506,0.9872981999054267,35.0,38.0,232.18857142857144,233.49561403508773,71.66537142857142,73.64850526315792,57.05409142857143,58.22393947368423,17.595285714285712,17.370460526315792,9.808219178082192,0.0,427.05479452054794,6991.301369863014,13972.13698630137,21.70013698630137,69.91301369863014,72.69768767123287,17.478253424657535,18.174421917808218,90.87210958904114,57.66305342465755,0.0,1.0,1.0,1.0,-0.20131361301369885,1.5205479452054795,0.0,0.0,2.4436191780821903,0.273972602739726,1.4246575342465753,0.4261122706967876,0.4615661447842062,0.0,0.0,6205.0,147.12328767123287,0.0,194.1917808219178,0.0,2170.013698630137,0.0,294.24657534246575,4821.287671232877,0.0,0.0,0.0,0.0,7767.13698630137
853,0.32452593289600534,0.3354605778756413,0.10930536395316576,0.10794368147881066,0.9872659382221205,0.9873135466859789,35.0,39.0,234.94666666666666,243.26794871794874,72.24521142857144,67.26793846153848,57.51271428571429,56.125612820512835,17.165071428571427,16.038141025641032,9.41891891891892,0.0,410.35135135135135,6628.459459459459,14359.932432432432,20.13391891891892,66.2845945945946,69.62205405405408,16.57114864864865,17.405513513513515,87.02756756756763,56.78167432432435,0.0,1.0,1.0,1.0,-0.1829515484234235,1.527027027027027,0.0,0.0,3.7307689189189177,0.2702702702702703,1.4594594594594594,0.4265008692889728,0.4674653422496575,0.0,0.0,6279.121621621622,141.28378378378378,0.0,186.75675675675674,0.0,2013.3918918918919,0.0,282.56756756756755,4615.0675675675675,0.0,0.0,0.0,0.0,8080.810810810811
854,0.32452593289600534,0.3354605778756413,0.10911546928442782,0.10613086317181834,0.9872814035913099,0.9873295169205947,35.0,36.0,228.76380952380953,237.45416666666668,74.34258285714289,71.62791111111113,58.789042857142874,57.88372222222222,18.046714285714287,16.80659722222222,9.887323943661972,0.0,430.09859154929575,6967.169014084507,13990.211267605633,21.318309859154933,69.67169014084509,72.96612957746478,17.41792253521127,18.241532394366192,91.20766197183099,58.330007042253555,0.0,1.0,1.0,1.0,-0.21520848004694854,1.5070422535211268,0.0,0.0,2.7817999999999983,0.28169014084507044,1.4225352112676057,0.4410203784940345,0.4480486013066641,0.0,0.0,6387.887323943662,148.30985915492957,0.0,196.69014084507043,0.0,2131.830985915493,0.0,296.61971830985914,4835.338028169014,0.0,0.0,0.0,0.0,7602.3239436619715
855,0.32452593289600534,0.3354605778756413,0.11009824707378689,0.1042041280798966,0.9872968419468571,0.9873455147576897,36.0,36.0,234.37777777777777,230.22222222222223,71.18026666666668,72.94506666666668,57.33804722222223,57.48325277777778,17.255833333333335,17.841597222222227,9.902777777777779,0.0,420.2638888888889,7019.486111111111,13938.0,22.560833333333328,70.1948611111111,72.06266666666667,17.548715277777774,18.015666666666668,90.07833333333332,57.410650000000004,0.0,1.0,1.0,1.0,-0.19605520833333343,1.5,0.0,0.0,2.8966986111111104,0.25,1.4722222222222223,0.444687582543258,0.4443690769136981,0.0,0.0,5943.416666666667,148.54166666666666,0.0,195.88888888888889,0.0,2256.0833333333335,0.0,297.0833333333333,4763.402777777777,0.0,0.0,0.0,0.0,7994.583333333333
856,0.32452593289600534,0.3354605778756413,0.11144131786271058,0.10236915931021721,0.9873142139033178,0.9873624432784978,36.0,37.0,239.9736111111111,233.56801801801802,67.72302222222223,73.34209729729729,55.212163888888895,59.33434324324324,16.504999999999992,17.32533783783784,9.657534246575343,0.0,430.986301369863,6768.315068493151,14203.616438356165,20.999863013698626,67.6831506849315,70.57104657534245,16.920787671232876,17.64276164383561,88.2138082191781,57.30148767123288,0.0,1.0,1.0,1.0,-0.19378099315068512,1.5068493150684932,0.0,0.0,3.651228767123286,0.2876712328767123,1.3835616438356164,0.43580042361619875,0.4436776704628191,0.0,0.0,6359.643835616438,144.86301369863014,0.0,192.4794520547945,0.0,2099.986301369863,0.0,289.7260273972603,4668.328767123287,0.0,0.0,0.0,0.0,7843.972602739726
857,0.32452593289600534,0.3354605778756413,0.10875639342155873,0.1029377241608801,0.9873309289815121,0.9873772041006957,34.0,38.0,224.30735294117645,253.65526315789475,76.62588235294118,62.6874947368421,59.392117647058846,54.42256578947368,18.630367647058826,14.561447368421057,9.527777777777779,0.0,423.2638888888889,6593.152777777777,14387.791666666666,20.151527777777765,65.93152777777777,69.26951111111113,16.482881944444443,17.317377777777782,86.58688888888885,56.76929861111111,0.0,1.0,1.0,1.0,-0.18269372106481493,1.5277777777777777,0.0,0.0,3.982669444444443,0.2916666666666667,1.4305555555555556,0.4166437187049338,0.4627020101775674,0.0,0.0,6242.569444444444,142.91666666666666,0.0,189.30555555555554,0.0,2015.1527777777778,0.0,285.8333333333333,4578.0,0.0,0.0,0.0,0.0,8145.222222222223
858,0.32452593289600534,0.3354605778756413,0.10854980056944658,0.10148375077271163,0.9873463074206906,0.9873930248055052,37.0,34.0,243.12252252252253,234.18088235294118,67.26624864864866,70.53176470588237,55.15947297297298,58.10333235294118,16.027297297297295,17.295514705882354,9.47887323943662,0.0,426.0281690140845,6653.845070422535,14330.43661971831,21.059014084507048,66.53845070422535,68.83001690140848,16.63461267605634,17.20750422535211,86.03752112676058,56.569208450704245,0.0,1.0,1.0,1.0,-0.1785251760563382,1.4788732394366197,0.0,0.0,4.373804225352111,0.23943661971830985,1.4225352112676057,0.4652192401381259,0.4250131519154648,0.0,0.0,6499.267605633803,142.18309859154928,0.0,188.16901408450704,0.0,2105.9014084507044,0.0,284.36619718309856,4547.943661971831,0.0,0.0,0.0,0.0,7831.169014084507
859,0.32452593289600534,0.3354605778756413,0.10900712447152293,0.10180100541780275,0.9873609734862641,0.9874095390633072,35.0,34.0,226.1290476190476,216.12941176470588,74.27785142857144,78.89336470588235,57.60453428571429,59.69765882352941,18.424285714285713,19.855294117647055,10.405797101449275,0.0,424.6811594202899,7651.768115942029,13272.101449275362,25.8163768115942,76.51768115942028,76.55216231884062,19.12942028985507,19.138040579710147,95.6902028985507,58.63592898550724,0.0,1.0,1.0,1.0,-0.22158185386473445,1.4927536231884058,0.0,0.0,1.213186956521738,0.18840579710144928,1.4057971014492754,0.44922015015714395,0.43524030049293533,0.0,0.0,5901.623188405797,156.08695652173913,0.0,206.8695652173913,0.0,2581.6376811594205,0.0,312.17391304347825,5070.130434782609,0.0,0.0,0.0,0.0,7370.478260869565
860,0.32452593289600534,0.3354605778756413,0.11009069033677159,0.10331439393447468,0.9873774170024927,0.9874252792181067,37.0,37.0,238.26306306306304,235.4108108108108,70.62867027027029,71.17318918918923,55.88787837837838,59.019472972972984,16.690202702702702,17.137162162162163,9.621621621621621,0.0,424.97297297297297,6765.472972972973,14210.216216216217,20.682297297297303,67.6547297297297,70.90092972972974,16.913682432432424,17.725232432432428,88.62616216216216,57.453675675675704,0.0,1.0,1.0,1.0,-0.19695157657657672,1.5,0.0,0.0,3.4664283783783767,0.28378378378378377,1.3783783783783783,0.4469884444179993,0.44424664448332624,0.0,0.0,6308.22972972973,144.32432432432432,0.0,190.33783783783784,0.0,2068.2297297297296,0.0,288.64864864864865,4697.243243243243,0.0,0.0,0.0,0.0,7901.986486486487
861,0.32452593289600534,0.3354605778756413,0.11099464794451676,0.1028193081288509,0.9873926028115938,0.9874402404462981,37.0,36.0,236.12882882882883,233.56805555555556,72.18975135135136,72.49351111111112,59.198740540540555,56.411027777777775,17.023986486486486,17.338472222222222,9.794520547945206,0.0,421.67123287671234,6871.630136986301,14091.95890410959,20.771232876712332,68.71630136986302,72.33955068493151,17.179075342465755,18.084887671232877,90.42443835616436,57.8239780821918,0.0,1.0,1.0,1.0,-0.20466621004566224,1.4931506849315068,0.0,0.0,2.6635027397260256,0.2465753424657534,1.4109589041095891,0.4503298365174265,0.4374373118855623,0.0,0.0,6184.602739726028,146.91780821917808,0.0,194.65753424657535,0.0,2077.123287671233,0.0,293.83561643835617,4794.506849315068,0.0,0.0,0.0,0.0,7907.356164383562
862,0.32452593289600534,0.3354605778756413,0.10991402013247374,0.10249517005498975,0.9874091045554009,0.9874540956754104,36.0,37.0,241.64027777777775,233.36891891891892,69.82062222222226,74.00268108108108,56.59795277777779,59.70997297297298,16.22319444444444,17.36222972972973,9.73972602739726,0.0,437.1917808219178,6720.2054794520545,14246.876712328767,19.520958904109595,67.20205479452056,71.94029589041095,16.80051369863014,17.985073972602734,89.9253698630137,58.17527808219178,0.0,1.0,1.0,1.0,-0.21198496004566225,1.5068493150684932,0.0,0.0,3.035495890410958,0.2191780821917808,1.3972602739726028,0.4469346002887663,0.45020545195911155,0.0,0.0,6160.13698630137,146.0958904109589,0.0,193.63013698630138,0.0,1952.0958904109589,0.0,292.1917808219178,4768.109589041096,0.0,0.0,0.0,0.0,8086.739726027397
863,0.32452593289600534,0.3354605778756413,0.10913173412616234,0.10230115728655133,0.9874252878140485,0.9874689973833679,35.0,38.0,211.74619047619046,246.37456140350878,81.12146285714284,66.85254736842103,62.847468571428585,55.10018947368422,20.460428571428572,15.594736842105263,9.917808219178083,0.0,429.1095890410959,7171.041095890411,13786.315068493152,22.81520547945205,71.71041095890412,73.69380821917812,17.92760273972603,18.423452054794517,92.11726027397259,58.81463835616439,0.0,1.0,1.0,1.0,-0.22530496575342487,1.5205479452054795,0.0,0.0,3.0484328767123277,0.273972602739726,1.4657534246575343,0.43469979229324207,0.4524823546132626,0.0,0.0,5900.397260273972,147.73972602739727,0.0,196.36986301369862,0.0,2281.5205479452056,0.0,297.5342465753425,4889.520547945205,0.0,0.0,0.0,0.0,7885.917808219178
864,0.32452593289600534,0.3354605778756413,0.10953059623058245,0.10478590491494323,0.9874397300274294,0.9874870257927758,40.0,35.0,249.89125,244.58714285714285,65.52736000000002,66.34258285714286,55.29355999999999,55.82278571428572,15.091249999999997,15.82342857142857,8.973333333333333,0.0,425.6666666666667,6173.173333333333,14844.96,18.09293333333333,61.731733333333324,65.90779733333333,15.432933333333331,16.476949333333334,82.38474666666666,55.54053200000002,0.0,1.0,1.0,1.0,-0.1570944166666668,1.4666666666666666,0.0,0.0,5.065667999999999,0.37333333333333335,1.3066666666666666,0.47256120378956923,0.41732998880372585,0.0,0.0,6752.173333333333,134.6,0.0,177.06666666666666,0.0,1809.2933333333333,0.0,269.2,4363.88,0.0,0.0,0.0,0.0,8092.786666666667
865,0.32452593289600534,0.3354605778756413,0.11178300613795361,0.10383606022234862,0.9874552287051773,0.9875013921166268,36.0,33.0,239.18333333333334,235.0,69.41706666666668,71.74729696969698,58.83300555555555,58.50168484848485,16.577430555555555,17.111666666666665,9.797101449275363,0.0,423.2463768115942,6733.173913043478,14230.95652173913,20.801449275362316,67.3317391304348,70.53152463768119,16.8329347826087,17.632881159420293,88.16440579710148,58.674547826086965,0.0,1.0,1.0,1.0,-0.22238641304347842,1.4782608695652173,0.0,0.0,4.9759579710144894,0.2753623188405797,1.434782608695652,0.4565687715618839,0.43160544297375397,0.0,0.0,6327.333333333333,146.95652173913044,0.0,194.0,0.0,2080.144927536232,0.0,293.9130434782609,4653.028985507246,0.0,0.0,0.0,0.0,7903.623188405797
866,0.32452593289600534,0.3354605778756413,0.11201055461139953,0.10429420496270181,0.987471080980213,0.9875158887586459,35.0,34.0,238.1642857142857,222.89803921568628,69.5074742857143,76.93948235294117,56.41584,61.050505882352944,16.746214285714288,18.879558823529415,9.884057971014492,0.0,435.7971014492754,7118.971014492754,13838.507246376812,22.674492753623188,71.18971014492755,73.16962318840582,17.797427536231886,18.292405797101452,91.46202898550726,58.699588405797094,0.0,1.0,1.0,1.0,-0.2229080917874398,1.4927536231884058,0.0,0.0,3.327392753623186,0.2753623188405797,1.391304347826087,0.4443775690141512,0.43779314852705226,0.0,0.0,5767.565217391304,148.2608695652174,0.0,196.7391304347826,0.0,2267.449275362319,0.0,296.5217391304348,4851.521739130435,0.0,0.0,0.0,0.0,8070.942028985507
867,0.32452593289600534,0.3354605778756413,0.11084728481359338,0.10381934375358906,0.9874866437021936,0.9875315641863309,34.0,36.0,215.64558823529413,235.04953703703706,79.03529411764708,70.04675555555555,59.81945588235294,56.489447222222225,19.910147058823533,17.215555555555554,10.057142857142857,0.0,442.75714285714287,7409.742857142857,13537.485714285714,24.762571428571427,74.09742857142858,74.41261714285713,18.524357142857145,18.603154285714282,93.01577142857143,58.10688000000002,0.0,1.0,1.0,1.0,-0.21056000000000022,1.5142857142857142,0.0,0.0,2.2186199999999983,0.32857142857142857,1.4285714285714286,0.4385991410979317,0.4514117899183427,0.0,0.0,5827.257142857143,150.68571428571428,0.0,199.37142857142857,0.0,2476.2571428571428,0.0,301.7142857142857,4933.4857142857145,0.0,0.0,0.0,0.0,7710.228571428572
868,0.32452593289600534,0.3354605778756413,0.11265070759677805,0.1029925443613193,0.9875011329169636,0.9875467364108909,38.0,35.0,238.00087719298244,234.0795238095238,70.03840000000001,71.78038857142859,58.13931052631579,57.122319999999995,16.744605263157897,17.30592857142857,9.67123287671233,0.0,427.4931506849315,6805.493150684932,14167.246575342466,21.1472602739726,68.0549315068493,70.8736,17.013732876712325,17.718399999999995,88.592,57.65171232876715,0.0,1.0,1.0,1.0,-0.2010773401826486,1.4794520547945205,0.0,0.0,3.7918452054794507,0.2876712328767123,1.36986301369863,0.45069299117772127,0.4263151285802479,0.0,0.0,6429.328767123287,145.06849315068493,0.0,191.05479452054794,0.0,2114.72602739726,0.0,290.13698630136986,4690.767123287671,0.0,0.0,0.0,0.0,7737.917808219178
869,0.32452593289600534,0.3354605778756413,0.11442128321016186,0.1007903865051464,0.9875163361296945,0.9875624054549168,38.0,35.0,243.95131578947368,244.9442857142857,68.94484210526316,66.17216,56.77847894736844,53.290051428571424,15.866184210526315,15.794142857142859,9.246575342465754,0.0,428.4109589041096,6332.657534246576,14665.643835616438,18.5927397260274,63.32657534246576,67.61547397260271,15.83164383561644,16.903868493150675,84.51934246575344,55.10594520547946,0.0,1.0,1.0,1.0,-0.14804052511415533,1.4794520547945205,0.0,0.0,3.322115068493149,0.3013698630136986,1.3972602739726028,0.464667063132356,0.4246525291687984,0.0,0.0,6869.315068493151,138.6986301369863,0.0,184.6027397260274,0.0,1859.2739726027398,0.0,277.3972602739726,4473.3835616438355,0.0,0.0,0.0,0.0,7796.328767123287
870,0.32452593289600534,0.3354605778756413,0.11275122293570244,0.10196308888971656,0.9875319222245291,0.9875773834854291,37.0,32.0,233.22702702702702,216.06302083333333,72.65193513513515,77.12500000000001,57.6202,59.167428125000015,17.44229729729729,19.8803125,10.08695652173913,0.0,435.0869565217391,7429.188405797101,13516.014492753624,24.737971014492757,74.29188405797102,74.72640000000003,18.572971014492754,18.681600000000003,93.40800000000004,58.33775507246378,0.0,1.0,1.0,1.0,-0.21536989734299528,1.463768115942029,0.0,0.0,2.18432608695652,0.2463768115942029,1.3768115942028984,0.4760836898262042,0.4145442634313477,0.0,0.0,6228.057971014493,151.30434782608697,0.0,199.8840579710145,0.0,2473.7971014492755,0.0,302.60869565217394,4955.391304347826,0.0,0.0,0.0,0.0,7287.95652173913
871,0.32452593289600534,0.3354605778756413,0.1113856987091356,0.10090272689040214,0.987546454706606,0.9875911054065523,37.0,35.0,242.86981981981984,233.67999999999998,65.90616216216218,71.84621714285714,55.28773783783784,57.32108857142858,16.100135135135137,17.345428571428574,9.430555555555555,0.0,441.47222222222223,6682.194444444444,14304.152777777777,21.328611111111105,66.82194444444447,68.79368888888888,16.705486111111117,17.19842222222222,85.99211111111111,56.27617222222223,0.0,1.0,1.0,1.0,-0.17242025462962984,1.4861111111111112,0.0,0.0,4.187969444444442,0.2638888888888889,1.3888888888888888,0.4513305895556635,0.4340686821108627,0.0,0.0,6146.166666666667,141.45833333333334,0.0,188.27777777777777,0.0,2132.8611111111113,0.0,282.9166666666667,4549.333333333333,0.0,0.0,0.0,0.0,8157.986111111111
872,0.32452593289600534,0.3354605778756413,0.11213329909143807,0.10218361970847101,0.987561698925335,0.987607149387916,34.0,36.0,231.10098039215688,234.9013888888889,73.32724705882354,72.16017777777779,58.58643529411767,58.659183333333345,17.657132352941172,17.19729166666667,9.971428571428572,0.0,442.72857142857146,6968.257142857143,13983.328571428572,21.58957142857143,69.68257142857145,72.72704000000003,17.420642857142862,18.181759999999997,90.90879999999999,58.62384857142857,0.0,1.0,1.0,1.0,-0.22133017857142867,1.5142857142857142,0.0,0.0,3.3174514285714274,0.32857142857142857,1.3285714285714285,0.4324586458414561,0.453445278042109,0.0,0.0,6031.9857142857145,149.57142857142858,0.0,198.7,0.0,2158.957142857143,0.0,299.14285714285717,4809.3,0.0,0.0,0.0,0.0,7951.342857142857
873,0.32452593289600534,0.3354605778756413,0.11225952576384017,0.10291370269639907,0.9875776157866604,0.9876230074286693,36.0,36.0,237.3875,235.05046296296297,71.38008888888889,70.94968888888889,57.44475833333335,58.009441666666675,16.796319444444446,17.197222222222223,9.680555555555555,0.0,426.47222222222223,6798.708333333333,14173.138888888889,20.859999999999996,67.98708333333335,71.16488888888891,16.996770833333336,17.791222222222213,88.95611111111116,57.727100000000014,0.0,1.0,1.0,1.0,-0.20264791666666684,1.5,0.0,0.0,3.5589819444444433,0.2916666666666667,1.375,0.4385055633016004,0.44320475439734425,0.0,0.0,6248.458333333333,145.20833333333334,0.0,191.52777777777777,0.0,2086.0,0.0,290.4166666666667,4712.708333333333,0.0,0.0,0.0,0.0,7924.680555555556
874,0.32452593289600534,0.3354605778756413,0.11151497224049994,0.10301046175066912,0.9875932094382452,0.9876379536040407,36.0,35.0,243.68055555555557,215.7695238095238,67.59395555555558,79.14240000000001,55.475097222222225,59.74727714285714,15.995555555555553,19.861928571428574,9.915492957746478,0.0,443.4366197183099,7160.605633802817,13795.295774647888,23.026760563380282,71.60605633802817,73.28685070422537,17.901514084507042,18.32171267605634,91.60856338028167,57.58110140845071,0.0,1.0,1.0,1.0,-0.19960627934272324,1.4929577464788732,0.0,0.0,2.1957647887323923,0.2112676056338028,1.4366197183098592,0.4508195989928634,0.4353705359445406,0.0,0.0,6049.732394366197,148.42253521126761,0.0,197.2112676056338,0.0,2302.676056338028,0.0,297.46478873239437,4857.929577464789,0.0,0.0,0.0,0.0,7745.56338028169
875,0.32452593289600534,0.3354605778756413,0.10956586938439881,0.10329201575483918,0.9876088415634848,0.9876530281937437,33.0,39.0,235.19444444444443,241.26794871794874,70.97910303030304,69.02038974358977,57.28006060606061,57.087756410256425,17.134924242424237,16.27384615384615,9.597222222222221,0.0,439.40277777777777,6667.402777777777,14309.055555555555,20.448055555555552,66.67402777777778,69.91813333333334,16.668506944444445,17.479533333333332,87.39766666666667,57.17589583333333,0.0,1.0,1.0,1.0,-0.1911644965277779,1.5416666666666667,0.0,0.0,3.9262694444444426,0.19444444444444445,1.4722222222222223,0.4103708617289723,0.4785540022585935,0.0,0.0,6047.069444444444,143.95833333333334,0.0,190.66666666666666,0.0,2044.8055555555557,0.0,287.9166666666667,4622.597222222223,0.0,0.0,0.0,0.0,8261.986111111111
876,0.32452593289600534,0.3354605778756413,0.10990210059836354,0.10437908961069757,0.9876239778163254,0.9876664191561865,33.0,38.0,224.4969696969697,245.19210526315788,78.90967272727275,67.5232,60.99004242424244,56.83719210526318,18.580075757575763,15.72032894736842,9.929577464788732,0.0,449.14084507042253,6819.802816901409,14134.394366197183,19.999295774647884,68.1980281690141,72.81550422535209,17.049507042253524,18.20387605633802,91.01938028169015,58.76739014084507,0.0,1.0,1.0,1.0,-0.22432062793427252,1.5352112676056338,0.0,0.0,3.001392957746477,0.22535211267605634,1.4225352112676057,0.420773893945776,0.47109117423058966,0.0,0.0,6246.929577464789,148.94366197183098,0.0,197.9718309859155,0.0,1999.9295774647887,0.0,297.88732394366195,4819.87323943662,0.0,0.0,0.0,0.0,7887.4647887323945
877,0.32452593289600534,0.3354605778756413,0.11069090405021365,0.10488655486114064,0.9876376318590087,0.9876815006326146,36.0,36.0,245.05694444444444,220.07083333333333,66.98275555555554,74.68782222222224,55.53600555555556,58.07122500000001,15.760694444444445,19.320138888888884,9.708333333333334,0.0,439.125,7016.166666666667,13953.833333333334,23.316388888888884,70.16166666666669,70.8352888888889,17.540416666666673,17.70882222222222,88.5441111111111,56.8036152777778,0.0,1.0,1.0,1.0,-0.18340865162037046,1.5,0.0,0.0,3.508743055555554,0.2222222222222222,1.4583333333333333,0.44327898163558904,0.44375139174224953,0.0,0.0,6147.069444444444,144.70833333333334,0.0,193.04166666666666,0.0,2331.6388888888887,0.0,291.25,4684.527777777777,0.0,0.0,0.0,0.0,7806.763888888889
878,0.32452593289600534,0.3354605778756413,0.10916419454187656,0.10540807334817019,0.987653410941024,0.9876950486470293,34.0,38.0,236.98970588235295,225.7421052631579,70.75971764705884,75.67461052631579,57.8870911764706,59.49366052631579,16.911691176470594,18.479013157894737,9.875,0.0,443.0833333333333,7095.555555555556,13863.208333333334,22.288611111111127,70.95555555555555,73.35368888888891,17.738888888888887,18.33842222222222,91.69211111111112,58.735002777777794,0.0,1.0,1.0,1.0,-0.22364589120370393,1.5277777777777777,0.0,0.0,3.1202027777777763,0.2361111111111111,1.4583333333333333,0.429724277515113,0.4667634090550787,0.0,0.0,6172.444444444444,148.125,0.0,195.86111111111111,0.0,2228.8611111111113,0.0,296.25,4866.694444444444,0.0,0.0,0.0,0.0,7690.763888888889
879,0.32452593289600534,0.3354605778756413,0.10934403025474831,0.1064754562675,0.9876670201897794,0.9877091877796782,33.0,40.0,232.90656565656568,257.1483333333333,73.34787878787878,60.16752000000001,58.32929393939395,52.9496425,17.441439393939394,14.059187500000002,9.136986301369863,0.0,443.52054794520546,6235.260273972603,14771.383561643835,18.686712328767126,62.35260273972605,66.12576438356164,15.588150684931513,16.531441095890408,82.65720547945203,55.38153972602739,0.0,1.0,1.0,1.0,-0.15378207762557092,1.547945205479452,0.0,0.0,4.843926027397259,0.2602739726027397,1.4383561643835616,0.4128372717335841,0.47854565129514337,0.0,0.0,6609.958904109589,137.05479452054794,0.0,181.1917808219178,0.0,1868.6712328767123,0.0,274.1095890410959,4366.58904109589,0.0,0.0,0.0,0.0,8161.424657534247
880,0.32452593289600534,0.3354605778756413,0.1085405628080659,0.10797652533947596,0.987682092766826,0.987725339653814,34.0,35.0,229.79264705882355,251.36904761904762,74.03557647058824,64.40630857142855,58.683297058823534,55.34838571428571,17.889485294117648,14.8765,9.420289855072463,0.0,447.04347826086956,6544.463768115942,14444.231884057972,19.663043478260864,65.4446376811594,69.15116521739127,16.36115942028985,17.287791304347817,86.43895652173914,56.991675362318844,0.0,1.0,1.0,1.0,-0.18732657004830927,1.5072463768115942,0.0,0.0,4.201669565217389,0.2898550724637681,1.434782608695652,0.4446339177600547,0.45203110516344575,0.0,0.0,6297.927536231884,141.30434782608697,0.0,186.3913043478261,0.0,1966.304347826087,0.0,282.60869565217394,4578.159420289855,0.0,0.0,0.0,0.0,8146.304347826087
881,0.32452593289600534,0.3354605778756413,0.11117264179794611,0.10718508680733115,0.9876977997866896,0.9877398714005158,35.0,32.0,241.3357142857143,213.80104166666666,66.5365942857143,81.513,56.20893142857142,61.717968750000004,16.344285714285714,20.118125,10.014925373134329,0.0,447.8358208955224,7258.686567164179,13691.089552238805,23.779999999999998,72.5868656716418,73.68950447761195,18.14671641791045,18.42237611940298,92.1118805970149,58.840113432835835,0.0,1.0,1.0,1.0,-0.22583569651741303,1.4776119402985075,0.0,0.0,3.297325373134327,0.3582089552238806,1.3582089552238805,0.45880428454088723,0.42583431962022195,0.0,0.0,5652.238805970149,150.0,0.0,198.77611940298507,0.0,2378.0,0.0,300.44776119402985,4880.686567164179,0.0,0.0,0.0,0.0,8038.850746268657
882,0.32452593289600534,0.3354605778756413,0.11044850244314385,0.10703041513213506,0.9877135373439596,0.9877542389298405,32.0,37.0,221.77135416666667,249.86846846846848,80.15159999999999,65.04942702702705,62.395525,55.33266756756757,18.948281249999994,15.06689189189189,9.898550724637682,0.0,432.92753623188406,6746.782608695652,14210.27536231884,19.837391304347825,67.46782608695653,72.05333333333337,16.866956521739134,18.01333333333334,90.06666666666669,58.60819565217393,0.0,1.0,1.0,1.0,-0.22100407608695666,1.536231884057971,0.0,0.0,3.421818840579709,0.2318840579710145,1.5217391304347827,0.42161466632274164,0.47338036547580664,0.0,0.0,6534.159420289855,148.47826086956522,0.0,196.5072463768116,0.0,1983.7391304347825,0.0,296.95652173913044,4763.04347826087,0.0,0.0,0.0,0.0,7676.115942028986
883,0.32452593289600534,0.3354605778756413,0.11007190196957635,0.10613341323811516,0.9877270839048842,0.9877697803278258,36.0,34.0,235.32268518518518,222.05833333333334,72.0688,76.45082352941176,58.34850277777778,59.71338235294118,17.118263888888894,19.02360294117647,10.0,0.0,455.51428571428573,7217.4857142857145,13732.8,22.95828571428571,72.17485714285715,74.1972114285714,18.043714285714287,18.54930285714285,92.74651428571428,59.011444285714305,0.0,1.0,1.0,1.0,-0.22940508928571443,1.4857142857142858,0.0,0.0,2.857947142857142,0.2,1.3571428571428572,0.4575012279622879,0.42875494160950617,0.0,0.0,6049.042857142857,150.0,0.0,198.71428571428572,0.0,2295.8285714285716,0.0,300.0,4921.657142857143,0.0,0.0,0.0,0.0,7683.757142857143
884,0.32452593289600534,0.3354605778756413,0.11286937406147227,0.10583588050637184,0.9877432530527689,0.9877849381454797,36.0,36.0,244.38194444444443,229.28148148148148,67.88053333333333,75.46720000000002,57.07808611111113,59.304133333333326,15.855486111111109,17.960694444444446,9.652777777777779,0.0,448.55555555555554,6763.236111111111,14209.902777777777,20.083333333333336,67.63236111111114,71.67386666666668,16.908090277777784,17.918466666666664,89.59233333333333,58.19110972222222,0.0,1.0,1.0,1.0,-0.21231478587962982,1.5,0.0,0.0,3.4253333333333322,0.25,1.4027777777777777,0.4501519439025112,0.4450686870970649,0.0,0.0,6362.638888888889,144.79166666666666,0.0,191.48611111111111,0.0,2008.3333333333333,0.0,289.5833333333333,4754.902777777777,0.0,0.0,0.0,0.0,7847.263888888889
885,0.32452593289600534,0.3354605778756413,0.11419404230878104,0.10538818427465896,0.9877586696168847,0.9877990805753946,34.0,38.0,236.7436274509804,246.24692982456142,70.70456470588236,66.03469473684208,56.88428529411766,54.07759210526316,16.91213235294118,15.598355263157893,9.347222222222221,0.0,441.56944444444446,6487.5,14505.555555555555,19.74138888888889,64.87500000000001,68.23991111111111,16.218750000000004,17.059977777777775,85.2998888888889,55.402975000000005,0.0,1.0,1.0,1.0,-0.15422864583333348,1.5277777777777777,0.0,0.0,3.3818138888888862,0.20833333333333334,1.4444444444444444,0.4285112115021246,0.4631359145748814,0.0,0.0,6880.5,140.20833333333334,0.0,185.31944444444446,0.0,1974.138888888889,0.0,280.4166666666667,4513.361111111111,0.0,0.0,0.0,0.0,7625.055555555556
886,0.32452593289600534,0.3354605778756413,0.11415567805374974,0.10579081516587338,0.9877733392283367,0.987813398834872,34.0,35.0,227.8078431372549,242.88571428571427,74.23698823529412,67.10692571428572,59.27059117647059,55.27796000000001,18.167867647058827,16.094071428571432,9.63768115942029,0.0,449.6811594202899,6846.376811594203,14127.36231884058,21.72463768115942,68.46376811594203,70.62028985507249,17.115942028985508,17.655072463768114,88.27536231884056,57.245343478260885,0.0,1.0,1.0,1.0,-0.19261132246376825,1.5072463768115942,0.0,0.0,3.740995652173911,0.2898550724637681,1.3768115942028984,0.44258700716399274,0.44491630424427897,0.0,0.0,6049.811594202899,144.56521739130434,0.0,191.56521739130434,0.0,2172.463768115942,0.0,289.1304347826087,4673.913043478261,0.0,0.0,0.0,0.0,8077.550724637681
887,0.32452593289600534,0.3354605778756413,0.11368991046681366,0.10796132489099022,0.9877869127332772,0.9878285898774721,36.0,33.0,238.28657407407408,219.1560606060606,70.6839111111111,80.03452121212122,57.850019444444456,61.95808484848486,16.738333333333333,19.34477272727273,10.130434782608695,0.0,453.40579710144925,7193.95652173913,13748.231884057972,22.088115942029,71.9395652173913,75.15594202898552,17.984891304347826,18.788985507246373,93.9449275362319,59.814746376811605,0.0,1.0,1.0,1.0,-0.24614054951690842,1.4782608695652173,0.0,0.0,2.6436956521739114,0.21739130434782608,1.3768115942028984,0.46610337719565853,0.42553029030283246,0.0,0.0,6014.797101449275,151.95652173913044,0.0,200.94202898550725,0.0,2208.8115942028985,0.0,303.9130434782609,4985.144927536232,0.0,0.0,0.0,0.0,7733.434782608696
888,0.32452593289600534,0.3354605778756413,0.11304034747467868,0.10788044606801207,0.9878002300927882,0.9878430624920068,35.0,37.0,230.8738095238095,243.97882882882882,74.54445714285715,67.36968648648649,60.05105142857143,55.373289189189194,17.728714285714286,15.898310810810807,9.666666666666666,0.0,451.6111111111111,6715.236111111111,14256.5,20.25333333333334,67.15236111111112,70.85742222222223,16.78809027777778,17.714355555555557,88.5717777777778,57.6472013888889,0.0,1.0,1.0,1.0,-0.20098336226851868,1.5138888888888888,0.0,0.0,3.577869444444443,0.20833333333333334,1.4305555555555556,0.4367358742124108,0.4512809277215837,0.0,0.0,6216.819444444444,145.0,0.0,192.26388888888889,0.0,2025.3333333333333,0.0,290.0,4689.902777777777,0.0,0.0,0.0,0.0,8039.680555555556
889,0.32452593289600534,0.3354605778756413,0.11122255880061903,0.10926960681138963,0.9878140394851297,0.9878579160954095,36.0,35.0,239.51990740740743,236.94714285714286,70.94791111111113,70.20525714285715,58.30250277777779,56.524748571428574,16.510763888888892,16.876928571428568,9.67605633802817,0.0,456.3380281690141,6676.507042253521,14295.098591549297,20.089577464788732,66.7650704225352,70.58181408450702,16.6912676056338,17.64545352112675,88.22726760563383,57.42614507042255,0.0,1.0,1.0,1.0,-0.19637802230046972,1.4929577464788732,0.0,0.0,3.5355985915492947,0.22535211267605634,1.408450704225352,0.4511880085900893,0.4447815561006372,0.0,0.0,6898.633802816901,145.14084507042253,0.0,191.9718309859155,0.0,2008.9577464788733,0.0,290.28169014084506,4667.549295774648,0.0,0.0,0.0,0.0,7396.4647887323945
890,0.32452593289600534,0.3354605778756413,0.11155162679922746,0.10999232248300556,0.9878290788986125,0.9878735532669218,36.0,35.0,238.2,237.2957142857143,69.20124444444443,71.37408,56.24303055555558,58.71671714285715,16.694097222222226,16.85578571428571,9.633802816901408,0.0,456.4507042253521,6709.521126760564,14265.25352112676,20.62450704225352,67.09521126760563,70.27236056338029,16.77380281690141,17.56809014084507,87.8404507042253,57.462453521126754,0.0,1.0,1.0,1.0,-0.1971344483568076,1.4929577464788732,0.0,0.0,3.963895774647883,0.2535211267605634,1.3943661971830985,0.444531163965555,0.43864912436539416,0.0,0.0,6607.957746478874,144.50704225352112,0.0,190.70422535211267,0.0,2062.450704225352,0.0,289.01408450704224,4647.070422535211,0.0,0.0,0.0,0.0,7657.295774647887
891,0.32452593289600534,0.3354605778756413,0.11165260781427103,0.10797561719235212,0.9878428985755764,0.9878886129168264,36.0,34.0,231.55416666666667,228.4029411764706,71.96000000000001,72.62324705882351,56.89622222222223,57.079052941176485,17.66444444444444,18.104117647058814,9.971428571428572,0.0,450.62857142857143,7151.2,13801.414285714285,23.766571428571428,71.51200000000006,72.28214857142859,17.878000000000014,18.07053714285714,90.35268571428568,56.98502571428572,0.0,1.0,1.0,1.0,-0.18718803571428588,1.4857142857142858,0.0,0.0,2.5808771428571413,0.21428571428571427,1.4428571428571428,0.45342312554897135,0.4333525198392087,0.0,0.0,5982.457142857143,149.57142857142858,0.0,197.67142857142858,0.0,2376.657142857143,0.0,299.14285714285717,4774.542857142857,0.0,0.0,0.0,0.0,7818.957142857143
892,0.32452593289600534,0.3354605778756413,0.11209696571578867,0.1089401542717238,0.9878578724331274,0.9879040139766434,36.0,35.0,245.45,225.64952380952383,65.94506666666669,75.59442285714286,55.20976388888889,59.33096000000001,15.70611111111111,18.496000000000002,9.633802816901408,0.0,457.9577464788732,6832.56338028169,14141.352112676057,21.519436619718313,68.32563380281691,70.70179154929578,17.081408450704227,17.67544788732394,88.3772394366197,57.24133943661973,0.0,1.0,1.0,1.0,-0.1925279049295776,1.4929577464788732,0.0,0.0,3.6209563380281673,0.23943661971830985,1.3943661971830985,0.4518046736374834,0.43413690698642154,0.0,0.0,6154.197183098591,144.50704225352112,0.0,191.56338028169014,0.0,2151.943661971831,0.0,289.01408450704224,4680.619718309859,0.0,0.0,0.0,0.0,7987.154929577465
893,0.32452593289600534,0.3354605778756413,0.11155244550516555,0.10930186226276578,0.9878719482786177,0.9879190880661813,34.0,37.0,228.17598039215687,241.62972972972972,74.81317647058823,68.73530810810811,60.248632352941165,56.877129729729724,18.11367647058824,16.236148648648655,9.76056338028169,0.0,460.3943661971831,6854.098591549296,14111.225352112677,21.108169014084506,68.54098591549294,71.64583661971832,17.135246478873235,17.911459154929574,89.55729577464788,58.491652112676064,0.0,1.0,1.0,1.0,-0.2185760856807513,1.5211267605633803,0.0,0.0,3.981061971830985,0.18309859154929578,1.4788732394366197,0.4343350812411746,0.4622211195738908,0.0,0.0,6203.5352112676055,146.40845070422534,0.0,194.45070422535213,0.0,2110.8169014084506,0.0,292.8169014084507,4743.281690140845,0.0,0.0,0.0,0.0,7907.69014084507
894,0.32452593289600534,0.3354605778756413,0.11198577283068989,0.11106682061277612,0.9878865541190821,0.9879330407135292,36.0,36.0,228.59305555555557,236.91759259259257,74.62062222222222,71.51004444444445,59.54382777777778,58.09818055555555,18.060972222222222,16.867986111111108,9.98611111111111,0.0,461.6666666666667,6985.791666666667,13965.319444444445,21.513472222222227,69.85791666666667,73.06533333333331,17.464479166666667,18.26633333333332,91.33166666666664,58.821004166666675,0.0,1.0,1.0,1.0,-0.22543758680555578,1.5,0.0,0.0,3.2201499999999985,0.19444444444444445,1.4444444444444444,0.44728287107391346,0.44530471675731803,0.0,0.0,5922.847222222223,149.79166666666666,0.0,198.51388888888889,0.0,2151.347222222222,0.0,299.5833333333333,4834.444444444444,0.0,0.0,0.0,0.0,8042.472222222223
895,0.32452593289600534,0.3354605778756413,0.11056392948802486,0.10979905357517593,0.9879005443274973,0.987947155007364,38.0,36.0,258.3298245614035,243.4550925925926,60.60648421052635,69.37688888888891,53.495147368421065,57.31983055555557,13.862500000000002,15.912916666666668,9.08108108108108,0.0,446.0945945945946,5944.0,15065.608108108108,16.703783783783784,59.43999999999999,64.87316756756759,14.859999999999998,16.218291891891894,81.09145945945946,55.35580405405406,0.0,1.0,1.0,1.0,-0.15324591779279292,1.4864864864864864,0.0,0.0,5.3426364864864855,0.32432432432432434,1.3513513513513513,0.45594834733824063,0.4386810048848916,0.0,0.0,6772.756756756757,136.21621621621622,0.0,180.74324324324326,0.0,1670.3783783783783,0.0,272.43243243243245,4273.621621621622,0.0,0.0,0.0,0.0,8292.851351351352
896,0.32452593289600534,0.3354605778756413,0.10896042172070856,0.10852833808609778,0.9879149633274114,0.9879629347186157,34.0,36.0,235.49754901960785,242.17222222222225,69.61110588235294,68.66613333333333,56.79593823529413,56.78256666666667,17.090882352941176,16.15277777777777,9.542857142857143,0.0,454.4428571428571,6643.371428571429,14335.814285714287,20.779714285714295,66.4337142857143,69.12511999999998,16.608428571428576,17.281279999999985,86.40639999999998,56.78906142857143,0.0,1.0,1.0,1.0,-0.1831054464285716,1.5142857142857142,0.0,0.0,4.27237,0.2571428571428571,1.4,0.43380665991728057,0.44825016336237317,0.0,0.0,6260.871428571429,143.14285714285714,0.0,190.38571428571427,0.0,2077.9714285714285,0.0,286.2857142857143,4565.4,0.0,0.0,0.0,0.0,8074.942857142857
897,0.32452593289600534,0.3354605778756413,0.10865032556039686,0.11043119002176346,0.98792923580484,0.9879777671238138,34.0,35.0,220.11323529411766,239.19238095238094,78.51952941176471,68.61348571428573,59.65871764705883,56.00109714285714,19.25955882352941,16.598499999999998,9.985507246376812,0.0,467.4492753623188,7163.898550724638,13787.463768115942,22.95855072463769,71.63898550724637,73.49472463768116,17.909746376811594,18.37368115942029,91.86840579710143,57.80340289855076,0.0,1.0,1.0,1.0,-0.2042375603864736,1.5072463768115942,0.0,0.0,2.2184246376811583,0.2608695652173913,1.434782608695652,0.4485153432256919,0.44700567673005465,0.0,0.0,6283.028985507246,149.7826086956522,0.0,198.28985507246378,0.0,2295.855072463768,0.0,299.5652173913044,4868.04347826087,0.0,0.0,0.0,0.0,7504.434782608696
898,0.32452593289600534,0.3354605778756413,0.11169046643824782,0.1093314577686844,0.9879435802343433,0.9879919621722315,37.0,34.0,231.70315315315318,232.47941176470587,74.05267027027027,71.26531764705884,58.66897837837838,57.943829411764725,17.57472972972973,17.57448529411765,9.943661971830986,0.0,451.40845070422534,7029.845070422535,13924.492957746479,22.188309859154934,70.29845070422537,72.71788169014086,17.574612676056343,18.17947042253521,90.89735211267605,58.32172394366198,0.0,1.0,1.0,1.0,-0.21503591549295784,1.4788732394366197,0.0,0.0,3.1784549295774633,0.22535211267605634,1.408450704225352,0.4587874818423244,0.43221290295189785,0.0,0.0,6251.492957746479,149.1549295774648,0.0,197.19718309859155,0.0,2218.830985915493,0.0,298.3098591549296,4811.014084507042,0.0,0.0,0.0,0.0,7673.0
899,0.32452593289600534,0.3354605778756413,0.1092233139138336,0.10926248759941075,0.9879572831703937,0.9880050837285043,39.0,34.0,244.76068376068375,238.37745098039215,68.94769230769231,70.13628235294117,56.850489743589755,55.80837647058825,15.74358974358975,16.698308823529416,9.493150684931507,0.0,456.3150684931507,6475.301369863014,14507.260273972603,18.761643835616436,64.75301369863013,69.5012821917808,16.188253424657532,17.375320547945194,86.87660273972602,56.365121917808224,0.0,1.0,1.0,1.0,-0.1742733732876714,1.4657534246575343,0.0,0.0,3.05209315068493,0.1780821917808219,1.3835616438356164,0.47555226630890995,0.4166749349484702,0.0,0.0,7057.726027397261,142.3972602739726,0.0,189.24657534246575,0.0,1876.164383561644,0.0,284.7945205479452,4599.13698630137,0.0,0.0,0.0,0.0,7449.534246575343
900,0.32452593289600534,0.3354605778756413,0.10740117730505569,0.10762433546718916,0.9879708027259224,0.9880201961776374,38.0,33.0,245.42105263157893,207.46818181818182,65.6692210526316,80.83917575757577,54.8374657894737,62.858987878787886,15.720855263157896,21.1419696969697,9.80281690140845,0.0,467.1267605633803,7296.211267605634,13666.859154929578,24.72704225352113,72.96211267605634,72.72004507042253,18.240528169014084,18.180011267605632,90.90005633802814,58.56577887323943,0.0,1.0,1.0,1.0,-0.2201203931924884,1.4647887323943662,0.0,0.0,4.086261971830983,0.19718309859154928,1.408450704225352,0.4761665848021624,0.41975579016414327,0.0,0.0,5995.295774647887,147.04225352112675,0.0,194.80281690140845,0.0,2472.7042253521126,0.0,294.0845070422535,4823.507042253521,0.0,0.0,0.0,0.0,7671.56338028169
901,0.32452593289600534,0.3354605778756413,0.10596834997293852,0.10822901599319547,0.9879827795899291,0.9880350053936212,35.0,36.0,234.86380952380952,232.1263888888889,71.85261714285714,73.73315555555557,57.13725714285715,58.73366111111112,17.153428571428567,17.573055555555566,9.929577464788732,0.0,457.0422535211268,6946.478873239436,14008.549295774648,21.27338028169014,69.46478873239435,72.80612957746482,17.36619718309859,18.201532394366197,91.00766197183098,57.9467014084507,0.0,1.0,1.0,1.0,-0.20722294600938987,1.5070422535211268,0.0,0.0,2.506769014084506,0.2676056338028169,1.3943661971830985,0.44423161464517463,0.4475034569881399,0.0,0.0,6078.028169014085,148.94366197183098,0.0,197.14084507042253,0.0,2127.3380281690143,0.0,297.88732394366195,4819.140845070423,0.0,0.0,0.0,0.0,7930.521126760564
902,0.32452593289600534,0.3354605778756413,0.10466420261823915,0.10695764193871451,0.9879976566399121,0.9880488651118193,36.0,37.0,239.34351851851852,239.27972972972972,69.38631111111113,68.8582918918919,56.970725,57.094802702702715,16.567499999999995,16.559932432432436,9.493150684931507,0.0,455.63013698630135,6625.465753424657,14358.671232876712,20.562191780821916,66.25465753424656,69.11868493150688,16.56366438356164,17.279671232876716,86.3983561643836,57.033613698630155,0.0,1.0,1.0,1.0,-0.18820028538812797,1.5068493150684932,0.0,0.0,4.4785931506849295,0.273972602739726,1.452054794520548,0.4407544588156287,0.44588987205179403,0.0,0.0,6199.3835616438355,142.3972602739726,0.0,187.67123287671234,0.0,2056.219178082192,0.0,284.7945205479452,4569.246575342466,0.0,0.0,0.0,0.0,8159.287671232877
903,0.32452593289600534,0.3354605778756413,0.10504861975270158,0.10565988864331402,0.9880123663230218,0.9880631525558177,35.0,36.0,223.54380952380953,244.68796296296296,75.07529142857145,65.79626666666665,59.353114285714284,54.293047222222214,18.82385714285714,15.82611111111111,9.577464788732394,0.0,460.943661971831,6921.549295774648,14055.887323943662,22.618873239436624,69.21549295774648,70.3704338028169,17.30387323943662,17.592608450704226,87.96304225352112,56.78744647887324,0.0,1.0,1.0,1.0,-0.18307180164319262,1.5070422535211268,0.0,0.0,3.7208859154929557,0.23943661971830985,1.408450704225352,0.4411235237786474,0.4539601778499904,0.0,0.0,6244.605633802817,143.66197183098592,0.0,190.57746478873239,0.0,2261.887323943662,0.0,287.32394366197184,4659.661971830986,0.0,0.0,0.0,0.0,7811.281690140845
904,0.32452593289600534,0.3354605778756413,0.10651390673798249,0.10531048663163009,0.9880262781562061,0.9880765995897682,36.0,34.0,238.43333333333334,228.75,70.32142222222222,76.23454117647059,57.31461111111111,60.09621764705883,16.671944444444442,17.99433823529412,10.0,0.0,451.51428571428573,6925.7,14023.8,20.82457142857142,69.25699999999999,73.19350857142858,17.314249999999998,18.29837714285714,91.49188571428573,58.66567714285716,0.0,1.0,1.0,1.0,-0.22220160714285733,1.4857142857142858,0.0,0.0,2.78641857142857,0.2,1.457142857142857,0.4571385255066682,0.4327099251118479,0.0,0.0,6198.057142857143,150.0,0.0,199.5,0.0,2082.457142857143,0.0,300.0,4843.242857142857,0.0,0.0,0.0,0.0,7825.742857142857
905,0.32452593289600534,0.3354605778756413,0.10949989902217093,0.10784694670837776,0.9880391896736359,0.9880906971468743,36.0,36.0,234.40277777777777,237.02222222222224,71.27875555555556,69.47893333333336,57.3700388888889,56.47563055555556,17.280972222222218,16.926111111111105,9.472222222222221,0.0,472.6388888888889,6841.416666666667,14142.75,21.71888888888888,68.41416666666667,70.37884444444447,17.10354166666667,17.594711111111113,87.97355555555556,56.922834722222234,0.0,1.0,1.0,1.0,-0.18589239004629643,1.5,0.0,0.0,3.647531944444443,0.18055555555555555,1.4166666666666667,0.4518837550152657,0.4395434015132087,0.0,0.0,6835.166666666667,142.08333333333334,0.0,188.58333333333334,0.0,2171.8888888888887,0.0,284.1666666666667,4669.527777777777,0.0,0.0,0.0,0.0,7307.583333333333
906,0.32452593289600534,0.3354605778756413,0.11000228025234975,0.1113864459772916,0.98805263305869,0.9881042322907604,36.0,35.0,224.28055555555557,238.42142857142855,74.74933333333334,70.79094857142857,59.52250000000002,56.76519142857143,18.710694444444446,16.651285714285716,9.95774647887324,0.0,477.0422535211268,7078.197183098591,13875.084507042253,22.62154929577465,70.78197183098592,72.79801690140843,17.69549295774648,18.1995042253521,90.99752112676057,58.163263380281705,0.0,1.0,1.0,1.0,-0.21173465375586872,1.4929577464788732,0.0,0.0,3.0607394366197176,0.16901408450704225,1.4366197183098592,0.4490118714152817,0.43789389056604555,0.0,0.0,6225.5352112676055,149.3661971830986,0.0,197.61971830985917,0.0,2262.154929577465,0.0,298.7323943661972,4816.042253521126,0.0,0.0,0.0,0.0,7649.549295774648
907,0.32452593289600534,0.3354605778756413,0.10993840884010851,0.11133802355976938,0.9880640775734681,0.9881189255224184,38.0,35.0,251.09078947368423,225.66761904761904,63.51174736842105,75.14514285714289,53.16359210526317,59.86877142857145,14.95875,18.45735714285714,9.41095890410959,0.0,473.986301369863,6654.465753424657,14334.09589041096,20.803150684931506,66.5446575342466,69.08940273972604,16.63616438356165,17.27235068493151,86.36175342465754,56.37840410958905,0.0,1.0,1.0,1.0,-0.17455008561643848,1.4794520547945205,0.0,0.0,3.9251657534246553,0.1780821917808219,1.4383561643835616,0.46431065451021447,0.42572741787787505,0.0,0.0,6352.7945205479455,141.16438356164383,0.0,186.94520547945206,0.0,2080.3150684931506,0.0,282.32876712328766,4574.1506849315065,0.0,0.0,0.0,0.0,7981.301369863014
908,0.32452593289600534,0.3354605778756413,0.10919555135402476,0.11025822685429805,0.9880775181386651,0.9881324650733199,33.0,37.0,206.61868686868686,243.91171171171172,83.25139393939394,64.56717837837839,62.811475757575764,54.7629945945946,21.15045454545455,15.986351351351354,10.028571428571428,0.0,476.8285714285714,7368.342857142857,13579.842857142858,25.133857142857142,73.68342857142855,73.37545142857142,18.420857142857137,18.343862857142856,91.71931428571432,58.557278571428576,0.0,1.0,1.0,1.0,-0.2199433035714287,1.5285714285714285,0.0,0.0,3.6026842857142842,0.21428571428571427,1.4285714285714286,0.42925983274061047,0.4655543795614626,0.0,0.0,5909.142857142857,150.42857142857142,0.0,199.52857142857144,0.0,2513.385714285714,0.0,300.85714285714283,4854.957142857143,0.0,0.0,0.0,0.0,7670.7
909,0.32452593289600534,0.3354605778756413,0.10865101022103715,0.11168312922026623,0.9880915090267003,0.98814575049716,39.0,34.0,244.4957264957265,225.78431372549022,66.32713846153845,76.41844705882353,56.29507692307693,60.8596294117647,15.909871794871796,18.40595588235294,9.616438356164384,0.0,460.5342465753425,6828.972602739726,14146.849315068494,21.214109589041094,68.28972602739724,71.02720000000001,17.07243150684931,17.756800000000002,88.78400000000003,58.421032876712324,0.0,1.0,1.0,1.0,-0.2171048515981737,1.4657534246575343,0.0,0.0,4.466264383561642,0.273972602739726,1.36986301369863,0.4698037220927527,0.41366929783597,0.0,0.0,6000.876712328767,144.24657534246575,0.0,190.43835616438355,0.0,2121.4109589041095,0.0,288.4931506849315,4707.561643835616,0.0,0.0,0.0,0.0,8145.972602739726
910,0.32452593289600534,0.3354605778756413,0.10648195357392196,0.11233472921465314,0.988105578180662,0.9881589647404541,35.0,37.0,238.79190476190476,235.15405405405406,70.53659428571432,69.683372972973,58.20808571428571,56.29487567567567,16.64692857142857,17.17945945945946,9.5,0.0,458.43055555555554,6768.236111111111,14215.347222222223,21.230694444444445,67.6823611111111,70.09813333333335,16.920590277777777,17.52453333333333,87.6226666666667,57.22490833333333,0.0,1.0,1.0,1.0,-0.19218559027777793,1.5138888888888888,0.0,0.0,4.047365277777775,0.3055555555555556,1.4166666666666667,0.43819973578480087,0.4471634415097064,0.0,0.0,6468.486111111111,142.5,0.0,187.91666666666666,0.0,2123.0694444444443,0.0,285.0,4645.166666666667,0.0,0.0,0.0,0.0,7746.861111111111
911,0.32452593289600534,0.3354605778756413,0.10415197846260033,0.11271074847040322,0.9881181668412385,0.9881736018833942,34.0,36.0,220.3470588235294,237.3162037037037,77.71632941176472,70.37013333333333,60.88482941176473,56.224008333333344,19.293088235294118,16.85118055555556,9.857142857142858,0.0,473.1714285714286,7214.9,13744.442857142858,23.009714285714278,72.14899999999999,73.93828571428574,18.037249999999997,18.484571428571428,92.42285714285713,58.487835714285744,0.0,1.0,1.0,1.0,-0.2184965773809525,1.5142857142857142,0.0,0.0,2.586799999999999,0.18571428571428572,1.3857142857142857,0.43420032019909094,0.4563756602907365,0.0,0.0,6085.828571428571,147.85714285714286,0.0,196.0857142857143,0.0,2300.9714285714285,0.0,295.7142857142857,4913.928571428572,0.0,0.0,0.0,0.0,7658.614285714286
912,0.32452593289600534,0.3354605778756413,0.1054863218964402,0.11528416554285892,0.988131730030152,0.9881900763126743,36.0,35.0,228.5384259259259,239.97095238095238,75.04408888888888,66.78692571428572,59.45133611111112,54.008759999999995,18.06361111111111,16.494785714285715,9.746478873239436,0.0,472.2112676056338,6916.098591549296,14050.450704225352,22.24098591549296,69.16098591549297,70.97365633802818,17.290246478873243,17.743414084507037,88.71707042253524,56.768376056338035,0.0,1.0,1.0,1.0,-0.18267450117370906,1.4929577464788732,0.0,0.0,3.084966197183096,0.2676056338028169,1.4507042253521127,0.4523715579632699,0.4401013455398466,0.0,0.0,6356.901408450704,146.19718309859155,0.0,193.85915492957747,0.0,2224.0985915492956,0.0,292.3943661971831,4692.0,0.0,0.0,0.0,0.0,7693.549295774648
913,0.32490021248167705,0.3354605778756413,0.10795941496067933,0.11429329320311064,0.988143355744754,0.9882039617530437,38.0,34.0,252.1017543859649,224.98627450980393,63.10147368421053,75.67435294117648,52.77485789473685,59.78339705882355,14.777894736842104,18.562426470588235,9.48611111111111,0.0,446.6388888888889,6626.013888888889,14357.833333333334,20.62402777777777,66.2601388888889,69.03866666666667,16.565034722222226,17.25966666666666,86.29833333333335,56.08444583333335,0.0,1.0,1.0,1.0,-0.16842595486111117,1.4722222222222223,0.0,0.0,3.6108138888888877,0.2916666666666667,1.4305555555555556,0.4632495112741929,0.42037563288991636,0.0,0.0,6860.111111111111,142.29166666666666,0.0,188.27777777777777,0.0,2062.402777777778,0.0,284.5833333333333,4563.611111111111,0.0,0.0,0.0,0.0,7497.722222222223
914,0.32490021248167705,0.3354605778756413,0.10992008144032298,0.11134655208935908,0.9881572663419356,0.9882162842983633,34.0,36.0,226.8205882352941,235.85787037037036,74.11407058823528,69.63217777777778,58.780508823529416,56.08135555555556,18.328750000000003,17.083472222222223,9.8,0.0,475.15714285714284,7075.328571428571,13888.1,23.227428571428575,70.75328571428572,71.80909714285717,17.68832142857143,17.95227428571429,89.76137142857142,57.39237285714288,0.0,1.0,1.0,1.0,-0.1956744345238097,1.5142857142857142,0.0,0.0,3.2715971428571406,0.22857142857142856,1.4,0.4344178597976182,0.4510459677099421,0.0,0.0,6358.328571428571,147.0,0.0,194.57142857142858,0.0,2322.7428571428572,0.0,294.0,4752.585714285714,0.0,0.0,0.0,0.0,7529.771428571428
915,0.32490021248167705,0.3354605778756413,0.10919562695303517,0.11076616683632684,0.9881712651407003,0.9882287929668123,36.0,35.0,240.28935185185185,217.11380952380952,70.5672888888889,78.75364571428568,57.33652499999999,60.7404542857143,16.391944444444444,19.6965,10.154929577464788,0.0,471.98591549295776,7208.380281690141,13731.887323943662,22.685915492957747,72.08380281690143,74.60281690140847,18.020950704225356,18.650704225352115,93.25352112676057,59.01451830985916,0.0,1.0,1.0,1.0,-0.22946913145539918,1.4929577464788732,0.0,0.0,2.4326521126760547,0.19718309859154928,1.408450704225352,0.4505642704141236,0.4385067826054806,0.0,0.0,6145.450704225352,152.32394366197184,0.0,201.7605633802817,0.0,2268.5915492957747,0.0,304.6478873239437,4939.788732394366,0.0,0.0,0.0,0.0,7586.43661971831
916,0.32490021248167705,0.3354605778756413,0.11054174768066248,0.11039507438667594,0.988184063867292,0.9882427718210436,36.0,38.0,252.02916666666667,243.8425438596491,63.56053333333333,67.82332631578949,53.922286111111106,56.550715789473685,14.743194444444445,15.918355263157896,9.121621621621621,0.0,471.6756756756757,6138.6621621621625,14869.513513513513,18.001216216216207,61.38662162162163,65.74953513513513,15.346655405405407,16.437383783783776,82.18691891891892,55.272020270270275,0.0,1.0,1.0,1.0,-0.15150042229729746,1.5135135135135136,0.0,0.0,4.869140540540538,0.28378378378378377,1.3918918918918919,0.4420965701033898,0.4524318102854359,0.0,0.0,6593.608108108108,136.82432432432432,0.0,180.35135135135135,0.0,1800.1216216216217,0.0,273.64864864864865,4338.540540540541,0.0,0.0,0.0,0.0,8275.905405405405
917,0.32490021248167705,0.3354605778756413,0.11235429323340076,0.10906306123058865,0.9881970050926044,0.9882572868786235,33.0,36.0,209.91363636363636,249.1398148148148,82.6534787878788,65.40640000000002,63.740606060606076,54.173186111111114,20.692348484848484,15.175555555555556,10.043478260869565,0.0,466.27536231884056,7125.608695652174,13822.768115942028,22.50115942028986,71.25608695652174,73.65500289855075,17.814021739130435,18.41375072463768,92.0687536231884,58.7489086956522,0.0,1.0,1.0,1.0,-0.22393559782608713,1.5217391304347827,0.0,0.0,2.907927536231882,0.3333333333333333,1.4202898550724639,0.43580662822195215,0.459430318880458,0.0,0.0,6386.231884057971,150.65217391304347,0.0,198.66666666666666,0.0,2250.1159420289855,0.0,301.30434782608694,4875.492753623188,0.0,0.0,0.0,0.0,7436.536231884058
918,0.32490021248167705,0.3354605778756413,0.11083101895185102,0.11111416257752266,0.9882105400682106,0.9882713711867497,38.0,33.0,247.50964912280702,228.90454545454546,64.47477894736842,75.5052606060606,55.42036315789474,61.04804545454545,15.423684210526313,18.021212121212123,9.47887323943662,0.0,468.23943661971833,6652.394366197183,14331.732394366198,20.441690140845072,66.52394366197181,69.60162253521128,16.630985915492953,17.40040563380282,87.00202816901408,58.03604647887325,0.0,1.0,1.0,1.0,-0.20908430164319264,1.4647887323943662,0.0,0.0,5.065409859154928,0.23943661971830985,1.4366197183098592,0.4682796367883312,0.4112354297619435,0.0,0.0,6159.887323943662,142.18309859154928,0.0,188.32394366197184,0.0,2044.1690140845071,0.0,284.36619718309856,4608.225352112676,0.0,0.0,0.0,0.0,8171.845070422535
919,0.32490021248167705,0.3354605778756413,0.11015366239031271,0.10891434448238696,0.9882220872338923,0.9882842033336365,35.0,34.0,222.4895238095238,229.2107843137255,74.85147428571429,73.2041411764706,57.57741428571428,58.60890882352942,18.96278571428572,17.999779411764703,10.101449275362318,0.0,486.0289855072464,7395.304347826087,13548.08695652174,24.948260869565217,73.95304347826085,74.03974492753623,18.488260869565213,18.509936231884055,92.54968115942032,58.08568695652174,0.0,1.0,1.0,1.0,-0.21011847826086974,1.4927536231884058,0.0,0.0,2.5342028985507232,0.21739130434782608,1.3768115942028984,0.44699971605779076,0.4384015205871549,0.0,0.0,5975.289855072464,151.52173913043478,0.0,201.04347826086956,0.0,2494.8260869565215,0.0,303.04347826086956,4900.478260869565,0.0,0.0,0.0,0.0,7572.797101449275
920,0.32490021248167705,0.3354605778756413,0.10863676033631606,0.1078855357838874,0.988234395249757,0.9882989401064848,37.0,35.0,240.959009009009,229.05190476190475,67.6602810810811,74.62601142857142,56.04709729729731,58.87441714285716,16.352567567567565,18.003,9.666666666666666,0.0,472.80555555555554,6861.944444444444,14110.25,21.572777777777773,68.61944444444444,71.0464,17.15486111111111,17.761599999999998,88.80800000000002,57.42148888888889,0.0,1.0,1.0,1.0,-0.19628101851851876,1.4861111111111112,0.0,0.0,3.5299499999999986,0.2916666666666667,1.3611111111111112,0.4594362146627639,0.4327047723835695,0.0,0.0,5936.208333333333,145.0,0.0,191.80555555555554,0.0,2157.277777777778,0.0,290.0,4704.666666666667,0.0,0.0,0.0,0.0,8174.041666666667
921,0.32490021248167705,0.3354605778756413,0.11075493938110871,0.10804791287542576,0.9882468936123895,0.9883118400492313,35.0,36.0,235.89952380952383,237.99074074074076,69.76969142857145,71.53280000000001,56.538771428571444,58.04527500000001,17.08592857142857,16.763888888888893,9.450704225352112,0.0,464.6478873239437,6769.056338028169,14217.591549295774,20.753943661971828,67.6905633802817,70.66366197183099,16.922640845070426,17.665915492957737,88.32957746478873,57.30263239436621,0.0,1.0,1.0,1.0,-0.19380484154929592,1.5070422535211268,0.0,0.0,3.561611267605633,0.28169014084507044,1.4225352112676057,0.4465840034194236,0.44506804196446986,0.0,0.0,6140.140845070423,141.7605633802817,0.0,187.07042253521126,0.0,2075.394366197183,0.0,283.5211267605634,4693.661971830986,0.0,0.0,0.0,0.0,8077.450704225352
922,0.32490021248167705,0.3354605778756413,0.11215878168940094,0.10659140038981077,0.9882609302361994,0.9883243748667547,34.0,35.0,231.51372549019607,239.9147619047619,74.31454117647058,70.18697142857143,58.80360588235295,57.60866000000001,17.648014705882353,16.460214285714287,9.782608695652174,0.0,478.72463768115944,6818.202898550725,14146.507246376812,20.31927536231884,68.18202898550726,72.2208463768116,17.045507246376815,18.0552115942029,90.27605797101448,58.19747391304349,0.0,1.0,1.0,1.0,-0.21244737318840595,1.5072463768115942,0.0,0.0,3.022134782608694,0.2753623188405797,1.391304347826087,0.4448532249120518,0.44675007219855656,0.0,0.0,6358.101449275362,146.7391304347826,0.0,194.07246376811594,0.0,2031.927536231884,0.0,293.4782608695652,4786.275362318841,0.0,0.0,0.0,0.0,7788.405797101449
923,0.32490021248167705,0.3354605778756413,0.11387892860804119,0.10605937085321751,0.9882752612060939,0.9883380140232718,35.0,34.0,229.4309523809524,217.37254901960785,70.83026285714287,78.93345882352942,56.331054285714295,60.882852941176466,17.994642857142857,19.682058823529406,10.159420289855072,0.0,483.17391304347825,7530.449275362319,13409.347826086956,25.738405797101446,75.30449275362318,74.82314202898552,18.826123188405795,18.705785507246375,93.52892753623188,58.573969565217396,0.0,1.0,1.0,1.0,-0.22029103260869579,1.4927536231884058,0.0,0.0,2.5769507246376797,0.2318840579710145,1.391304347826087,0.44941281962679486,0.43708958347195087,0.0,0.0,5831.63768115942,152.34782608695653,0.0,202.07246376811594,0.0,2573.840579710145,0.0,304.7826086956522,4956.608695652174,0.0,0.0,0.0,0.0,7577.710144927536
924,0.32490021248167705,0.3354605778756413,0.11287815545274725,0.10588635801976438,0.9882888670770664,0.9883504721152143,35.0,37.0,240.06714285714284,255.809009009009,69.8666057142857,61.06361081081081,56.213362857142855,52.644543243243255,16.41914285714286,14.25891891891892,9.041666666666666,0.0,476.47222222222223,6123.611111111111,14889.402777777777,18.098472222222227,61.236111111111114,65.34284444444447,15.309027777777779,16.33571111111111,81.67855555555558,54.37938611111112,0.0,1.0,1.0,1.0,-0.13290387731481493,1.5138888888888888,0.0,0.0,4.345569444444444,0.3055555555555556,1.4027777777777777,0.43320605683407515,0.4514342640753276,0.0,0.0,6591.513888888889,135.625,0.0,179.11111111111111,0.0,1809.8472222222222,0.0,271.25,4313.763888888889,0.0,0.0,0.0,0.0,8297.888888888889
925,0.32490021248167705,0.3354605778756413,0.109885847421689,0.10569490161162891,0.9883007132214994,0.9883622423488067,35.0,32.0,238.89761904761906,205.4734375,67.51232000000002,84.0276,55.89902285714285,63.55605937500002,16.66892857142857,21.300234375000006,10.328358208955224,0.0,488.5970149253731,7552.358208955224,13376.029850746268,25.654477611940294,75.5235820895522,75.40021492537312,18.88089552238805,18.850053731343273,94.25026865671641,59.556114925373144,0.0,1.0,1.0,1.0,-0.24075239427860703,1.4776119402985075,0.0,0.0,3.0367955223880587,0.14925373134328357,1.4477611940298507,0.46863517072588745,0.4292842444500584,0.0,0.0,5794.5970149253735,154.92537313432837,0.0,205.83582089552237,0.0,2565.4477611940297,0.0,309.85074626865674,4986.910447761194,0.0,0.0,0.0,0.0,7581.432835820896
926,0.32490021248167705,0.3354605778756413,0.11251488841929605,0.10290457821922099,0.9883141729929062,0.9883758408867611,33.0,38.0,223.35858585858585,234.7951754385965,75.20290909090912,72.16858947368421,59.89073030303031,57.77781578947368,18.87090909090909,17.16796052631579,9.971830985915492,0.0,490.80281690140845,7183.788732394366,13768.774647887323,23.07971830985916,71.83788732394369,73.57890704225356,17.959471830985922,18.394726760563387,91.97363380281689,58.75987464788733,0.0,1.0,1.0,1.0,-0.22416405516431936,1.5352112676056338,0.0,0.0,3.1404394366197153,0.23943661971830985,1.408450704225352,0.4300257600756314,0.4692975876547567,0.0,0.0,5864.985915492958,149.57746478873239,0.0,197.70422535211267,0.0,2307.9718309859154,0.0,299.15492957746477,4875.816901408451,0.0,0.0,0.0,0.0,7903.788732394366
927,0.32490021248167705,0.3354605778756413,0.1132421502142319,0.10113227271570997,0.9883264937971878,0.9883887655743565,34.0,39.0,220.86911764705883,252.70555555555558,78.07529411764709,62.19044102564105,60.8343705882353,53.80972051282051,19.127426470588233,14.71326923076923,9.534246575342467,0.0,481.8904109589041,6707.671232876713,14272.657534246575,21.052876712328768,67.07671232876714,69.58886575342464,16.769178082191786,17.397216438356153,86.98608219178085,57.08147534246575,0.0,1.0,1.0,1.0,-0.18919740296803664,1.5342465753424657,0.0,0.0,4.2617876712328755,0.2876712328767123,1.4246575342465753,0.423595357901742,0.46737262656157336,0.0,0.0,6201.3835616438355,142.8082191780822,0.0,189.83561643835617,0.0,2105.2876712328766,0.0,286.027397260274,4602.3835616438355,0.0,0.0,0.0,0.0,8071.273972602739
928,0.32490021248167705,0.3354605778756413,0.11270869213482072,0.10008276571429564,0.9883396694087968,0.9884027158529578,38.0,34.0,252.34956140350877,230.10588235294117,62.816842105263184,75.26174117647061,53.89664210526316,59.240652941176485,14.72388157894737,17.823970588235294,9.458333333333334,0.0,475.1666666666667,6475.125,14510.736111111111,19.36041666666667,64.75125000000001,68.6936,16.187812500000003,17.1734,85.86700000000005,56.42020277777779,0.0,1.0,1.0,1.0,-0.17542089120370383,1.4722222222222223,0.0,0.0,3.914415277777776,0.2361111111111111,1.375,0.47201875749771677,0.4246540587108962,0.0,0.0,6603.652777777777,141.875,0.0,187.51388888888889,0.0,1936.0416666666667,0.0,283.75,4539.083333333333,0.0,0.0,0.0,0.0,7907.083333333333
929,0.32490021248167705,0.3354605778756413,0.11386219607915014,0.09950084488349324,0.9883530336603112,0.9884150649226245,34.0,36.0,239.99411764705883,232.7689814814815,70.5065411764706,72.2625777777778,56.6212411764706,57.06326666666668,16.477279411764705,17.44604166666667,9.757142857142858,0.0,478.65714285714284,6790.2,14176.7,20.650714285714287,67.90199999999997,71.40964571428573,16.975499999999993,17.852411428571433,89.26205714285717,56.84856857142858,0.0,1.0,1.0,1.0,-0.18434517857142876,1.5142857142857142,0.0,0.0,2.414422857142855,0.34285714285714286,1.3714285714285714,0.44182117940444215,0.4543257766383884,0.0,0.0,6571.642857142857,146.35714285714286,0.0,193.02857142857144,0.0,2065.0714285714284,0.0,292.7142857142857,4725.128571428571,0.0,0.0,0.0,0.0,7605.057142857143
930,0.32490021248167705,0.3354605778756413,0.11226507556576899,0.1004831385637745,0.9883668579832324,0.9884279093619955,33.0,37.0,226.26161616161616,235.85675675675674,75.46880000000002,72.28921081081084,60.29933333333334,58.7256972972973,18.35848484848485,17.01837837837838,10.17142857142857,0.0,477.2142857142857,7060.057142857143,13880.0,21.85357142857142,70.60057142857146,73.78816,17.650142857142864,18.447039999999998,92.23519999999999,59.46755428571431,0.0,1.0,1.0,1.0,-0.23890738095238112,1.5285714285714285,0.0,0.0,3.3295371428571428,0.2714285714285714,1.4285714285714286,0.4257463944668057,0.4646462236817686,0.0,0.0,6310.314285714286,152.57142857142858,0.0,201.22857142857143,0.0,2185.3571428571427,0.0,305.14285714285717,4874.7,0.0,0.0,0.0,0.0,7569.685714285714
931,0.32490021248167705,0.3354605778756413,0.11436968583792616,0.09856638602305753,0.988380316968247,0.9884418854451156,36.0,38.0,245.27916666666667,247.84649122807016,67.09404444444446,65.48378947368423,55.902147222222226,54.30624210526317,15.718958333333335,15.362960526315794,9.08108108108108,0.0,476.4594594594595,6214.459459459459,14795.851351351352,18.319324324324324,62.144594594594565,66.26715675675675,15.536148648648641,16.566789189189183,82.83394594594597,55.08262837837839,0.0,1.0,1.0,1.0,-0.147554757882883,1.5135135135135136,0.0,0.0,4.351620270270267,0.32432432432432434,1.3243243243243243,0.44054868539328956,0.458264339038357,0.0,0.0,6844.1621621621625,136.21621621621622,0.0,180.04054054054055,0.0,1831.9324324324325,0.0,272.43243243243245,4382.527027027027,0.0,0.0,0.0,0.0,7951.689189189189
932,0.32490021248167705,0.3354605778756413,0.11161904848738034,0.09883502143517266,0.9883890640470047,0.9884538571245287,34.0,35.0,243.13872549019607,220.94,68.51538823529413,74.99574857142859,56.921958823529415,57.94814857142858,16.029779411764704,19.185000000000002,9.782608695652174,0.0,474.5072463768116,7052.101449275362,13912.710144927536,22.985072463768113,70.52101449275362,71.80252753623189,17.630253623188405,17.95063188405797,89.75315942028983,57.44248985507245,0.0,1.0,1.0,1.0,-0.19671853864734315,1.5072463768115942,0.0,0.0,3.270215942028984,0.2753623188405797,1.3623188405797102,0.4436986084356247,0.4429546632869329,0.0,0.0,6197.710144927536,146.52173913043478,0.0,194.18840579710144,0.0,2298.5072463768115,0.0,293.4782608695652,4753.594202898551,0.0,0.0,0.0,0.0,7715.0
933,0.32490021248167705,0.3354605778756413,0.11080453829955025,0.09850113835439187,0.9884018926247441,0.9884662698760345,32.0,37.0,215.9375,245.61891891891892,80.9208,68.59727567567568,62.37473125000002,55.388527027027045,19.791484375000003,15.675270270270268,10.08695652173913,0.0,487.463768115942,7033.695652173913,13911.217391304348,21.106376811594206,70.3369565217391,74.31253333333333,17.584239130434774,18.57813333333333,92.8906666666667,58.62850579710145,0.0,1.0,1.0,1.0,-0.22142720410628033,1.536231884057971,0.0,0.0,1.9002115942028976,0.2318840579710145,1.4492753623188406,0.41832549193846763,0.4712173064968804,0.0,0.0,6621.942028985507,151.30434782608697,0.0,200.17391304347825,0.0,2110.6376811594205,0.0,302.60869565217394,4923.057971014493,0.0,0.0,0.0,0.0,7289.275362318841
934,0.32490021248167705,0.3354605778756413,0.11110982607877812,0.09797282261722766,0.988413052921888,0.9884777676285132,37.0,35.0,244.6157657657658,231.47666666666666,67.29150270270272,72.59757714285716,57.90979729729731,58.60799142857143,15.776689189189197,17.675642857142854,9.652777777777779,0.0,483.1666666666667,6679.916666666667,14293.722222222223,20.658749999999998,66.79916666666668,69.87084444444443,16.69979166666667,17.4677111111111,87.33855555555556,58.24919722222223,0.0,1.0,1.0,1.0,-0.21352494212962977,1.4861111111111112,0.0,0.0,5.078144444444444,0.2916666666666667,1.3333333333333333,0.4520382866036185,0.4347699935850835,0.0,0.0,6283.638888888889,144.79166666666666,0.0,190.98611111111111,0.0,2065.875,0.0,289.5833333333333,4614.041666666667,0.0,0.0,0.0,0.0,8010.083333333333
935,0.32490021248167705,0.3354605778756413,0.11086251003028025,0.10012002929909042,0.9884253741277504,0.9884894055454702,36.0,36.0,244.59444444444443,230.73796296296297,67.97884444444442,72.63715555555555,55.505527777777786,57.47091111111112,15.796180555555557,17.80027777777778,9.541666666666666,0.0,486.40277777777777,6719.291666666667,14259.972222222223,20.613749999999996,67.19291666666669,70.30800000000005,16.798229166666673,17.577000000000005,87.885,56.48821944444445,0.0,1.0,1.0,1.0,-0.17683790509259273,1.5,0.0,0.0,2.97844861111111,0.2916666666666667,1.4305555555555556,0.4497042988342676,0.4469609985682807,0.0,0.0,6134.361111111111,143.125,0.0,190.36111111111111,0.0,2061.375,0.0,286.25,4657.916666666667,0.0,0.0,0.0,0.0,8125.611111111111
936,0.32490021248167705,0.3354605778756413,0.11059510537906858,0.10173187047504349,0.988437603580102,0.988500708903067,34.0,36.0,229.82009803921568,230.22268518518518,71.47105882352942,72.75271111111111,56.03970294117648,57.453999999999986,17.991470588235295,17.88520833333334,9.6,0.0,491.24285714285713,7174.728571428572,13801.628571428571,23.795571428571428,71.74728571428572,72.13019428571434,17.93682142857143,18.032548571428578,90.16274285714283,56.76705571428573,0.0,1.0,1.0,1.0,-0.18264699404761917,1.5142857142857142,0.0,0.0,2.5736828571428556,0.3,1.457142857142857,0.44227787332251317,0.4470659874400339,0.0,0.0,6193.414285714286,144.0,0.0,190.64285714285714,0.0,2379.557142857143,0.0,288.0,4795.171428571429,0.0,0.0,0.0,0.0,7608.214285714285
937,0.32490021248167705,0.3354605778756413,0.11272237225253284,0.10116387656273389,0.9884511786524596,0.988513183851968,33.0,36.0,224.54545454545453,240.63703703703703,76.81105454545454,69.35235555555556,59.03771212121213,56.21983611111111,18.67969696969697,16.34597222222222,9.826086956521738,0.0,489.463768115942,6984.840579710145,13976.463768115942,21.47782608695653,69.84840579710142,72.91955942028986,17.462101449275355,18.22988985507246,91.14944927536234,57.56751594202898,0.0,1.0,1.0,1.0,-0.19932324879227067,1.5217391304347827,0.0,0.0,2.110057971014491,0.2463768115942029,1.4492753623188406,0.42849560537835085,0.4581928352498021,0.0,0.0,6472.391304347826,147.3913043478261,0.0,195.52173913043478,0.0,2147.782608695652,0.0,294.7826086956522,4837.057971014493,0.0,0.0,0.0,0.0,7504.072463768116
938,0.32490021248167705,0.3354605778756413,0.11335776981202837,0.10042959582308353,0.9884635214838385,0.9885254699022323,34.0,36.0,217.24313725490194,236.14351851851853,78.23435294117647,69.29511111111111,60.392764705882364,55.165394444444445,19.656323529411768,17.05881944444445,10.071428571428571,0.0,501.1857142857143,7328.185714285714,13617.8,24.565428571428566,73.28185714285712,73.63702857142857,18.32046428571428,18.409257142857143,92.04628571428572,57.70440285714287,0.0,1.0,1.0,1.0,-0.20217505952380968,1.5142857142857142,0.0,0.0,2.38783857142857,0.2571428571428571,1.4142857142857144,0.429354324902573,0.4556026643932335,0.0,0.0,6033.085714285714,151.07142857142858,0.0,199.8,0.0,2456.542857142857,0.0,302.14285714285717,4871.642857142857,0.0,0.0,0.0,0.0,7584.714285714285
939,0.32490021248167705,0.3354605778756413,0.11193113923716437,0.099224995284105,0.9884767289029902,0.9885387351411342,38.0,35.0,251.10964912280704,232.76666666666668,64.78265263157896,72.49133714285718,54.51790789473685,58.875848571428584,14.91802631578948,17.46478571428571,9.315068493150685,0.0,488.3150684931507,6455.630136986301,14538.90410958904,19.208082191780818,64.55630136986301,68.47859726027397,16.139075342465752,17.11964931506849,85.59824657534249,56.607331506849306,0.0,1.0,1.0,1.0,-0.17931940639269414,1.4794520547945205,0.0,0.0,4.267809589041095,0.2602739726027397,1.452054794520548,0.46362642247038405,0.4227078568577063,0.0,0.0,6462.8493150684935,139.72602739726028,0.0,185.2876712328767,0.0,1920.8082191780823,0.0,279.45205479452056,4534.821917808219,0.0,0.0,0.0,0.0,8076.054794520548
940,0.32490021248167705,0.3354605778756413,0.11143139184419226,0.09857613927394163,0.988487585433808,0.9885506703532916,34.0,36.0,235.3205882352941,242.33101851851853,70.87397647058825,67.63466666666669,57.9884205882353,55.90293333333333,17.089338235294125,16.16638888888889,9.528571428571428,0.0,488.62857142857143,6645.871428571429,14335.557142857142,20.72742857142857,66.45871428571428,69.20804571428572,16.61467857142857,17.30201142857143,86.51005714285711,56.915884285714284,0.0,1.0,1.0,1.0,-0.18574758928571442,1.5142857142857142,0.0,0.0,4.322517142857141,0.21428571428571427,1.4142857142857144,0.4392486479772383,0.45772146204535774,0.0,0.0,6038.171428571429,142.92857142857142,0.0,188.78571428571428,0.0,2072.7428571428572,0.0,285.85714285714283,4573.128571428571,0.0,0.0,0.0,0.0,8297.385714285714
941,0.32490021248167705,0.3354605778756413,0.11070951102266412,0.09961966884527396,0.988498786914571,0.9885623462213375,35.0,34.0,239.8309523809524,228.321568627451,70.51739428571432,74.34691764705883,57.92472000000001,59.31299705882355,16.450142857142854,18.12705882352941,9.855072463768115,0.0,497.7826086956522,6910.579710144928,14049.579710144928,21.163043478260867,69.1057971014493,72.40440579710143,17.276449275362324,18.10110144927535,90.50550724637682,58.608798550724664,0.0,1.0,1.0,1.0,-0.22101663647343006,1.4927536231884058,0.0,0.0,3.4808420289855064,0.2318840579710145,1.4057971014492754,0.4526485131591294,0.43895752461676085,0.0,0.0,6027.086956521739,147.82608695652175,0.0,195.36231884057972,0.0,2116.304347826087,0.0,295.6521739130435,4794.275362318841,0.0,0.0,0.0,0.0,8022.492753623188
942,0.32490021248167705,0.3354605778756413,0.11198453374414784,0.09809354686093488,0.9885094251075098,0.9885740332245444,35.0,35.0,229.14809523809524,208.80095238095237,73.22367999999999,80.70729142857142,58.68228285714285,61.25238000000001,18.079714285714285,20.888928571428576,10.285714285714286,0.0,499.35714285714283,7793.728571428572,13138.471428571429,26.808000000000007,77.93728571428571,76.9654857142857,19.484321428571427,19.241371428571426,96.20685714285713,59.967331428571434,0.0,1.0,1.0,1.0,-0.24931940476190495,1.5,0.0,0.0,2.4861671428571412,0.22857142857142856,1.3571428571428572,0.44336517246315976,0.4468636855218368,0.0,0.0,6021.271428571428,154.07142857142858,0.0,204.15714285714284,0.0,2680.8,0.0,308.57142857142856,5112.928571428572,0.0,0.0,0.0,0.0,7117.2
943,0.32490021248167705,0.3354605778756413,0.10929287238685542,0.09866038060968245,0.9885213978145404,0.9885866243805157,34.0,40.0,232.5794117647059,252.09291666666667,72.66447058823529,64.00784000000002,58.224038235294124,55.57516250000001,17.52992647058824,14.766937499999997,9.202702702702704,0.0,489.8243243243243,6414.5675675675675,14587.635135135135,19.0845945945946,64.14567567567568,67.98521081081083,16.03641891891892,16.9963027027027,84.98151351351348,56.792213513513516,0.0,1.0,1.0,1.0,-0.18317111486486504,1.5405405405405406,0.0,0.0,4.843421621621619,0.2702702702702703,1.337837837837838,0.4147980892037178,0.47361179253043284,0.0,0.0,6597.7972972972975,138.04054054054055,0.0,182.67567567567568,0.0,1908.4594594594594,0.0,276.0810810810811,4506.108108108108,0.0,0.0,0.0,0.0,7989.8378378378375
944,0.32490021248167705,0.3354605778756413,0.1102689369295602,0.09934043281525891,0.9885310070599914,0.9885986836519602,34.0,36.0,213.0029411764706,244.95416666666668,80.17581176470591,66.53013333333335,62.056100000000015,56.324127777777775,20.255147058823525,15.79527777777778,10.0,0.0,480.62857142857143,7184.6,13766.1,23.441285714285712,71.84599999999999,73.15803428571428,17.961499999999997,18.28950857142857,91.44754285714286,59.10822857142858,0.0,1.0,1.0,1.0,-0.23142142857142872,1.5142857142857142,0.0,0.0,3.911694285714284,0.2714285714285714,1.4285714285714286,0.43458704135760257,0.454770050490156,0.0,0.0,5905.142857142857,150.0,0.0,198.3,0.0,2344.1285714285714,0.0,300.0,4840.471428571429,0.0,0.0,0.0,0.0,7860.957142857143
945,0.32490021248167705,0.3354605778756413,0.11110403982833696,0.098745922266344,0.9885401902347836,0.9886106655078912,39.0,33.0,248.90470085470085,218.01818181818183,66.11068717948717,76.61246060606061,55.112256410256414,60.15603333333333,15.163717948717949,19.58871212121212,9.819444444444445,0.0,499.90277777777777,6876.736111111111,14084.902777777777,21.950000000000014,68.76736111111109,70.92400000000004,17.19184027777777,17.731,88.65499999999997,57.4239875,0.0,1.0,1.0,1.0,-0.1963330729166668,1.4583333333333333,0.0,0.0,3.6918277777777755,0.2222222222222222,1.3888888888888888,0.47973383078350257,0.4133560377132339,0.0,0.0,6383.805555555556,147.0,0.0,195.77777777777777,0.0,2195.0,0.0,294.5833333333333,4681.736111111111,0.0,0.0,0.0,0.0,7701.097222222223
946,0.32490021248167705,0.3354605778756413,0.11236408981238917,0.10056614280687691,0.9885516797500613,0.9886216429628787,37.0,36.0,245.1608108108108,227.97777777777776,66.45085405405405,75.42684444444446,55.04449999999999,59.66979166666667,15.75587837837838,18.11680555555556,9.712328767123287,0.0,495.3150684931507,6768.068493150685,14201.219178082192,20.806027397260277,67.68068493150685,70.87736986301374,16.92017123287671,17.71934246575343,88.59671232876713,57.325465753424645,0.0,1.0,1.0,1.0,-0.19428053652968053,1.4931506849315068,0.0,0.0,3.36826712328767,0.2191780821917808,1.452054794520548,0.4514230404966151,0.4407772053449176,0.0,0.0,6259.726027397261,145.68493150684932,0.0,192.65753424657535,0.0,2080.6027397260273,0.0,291.36986301369865,4687.465753424657,0.0,0.0,0.0,0.0,7941.493150684932
947,0.32490021248167705,0.3354605778756413,0.11176696368833831,0.0994345670608512,0.9885633509577538,0.9886339840007359,34.0,38.0,218.58823529411765,245.2385964912281,78.85289411764707,68.44075789473685,60.83742941176471,55.67626578947366,19.48536764705883,15.711776315789473,9.902777777777779,0.0,502.2916666666667,6997.5,13959.222222222223,21.329305555555557,69.97500000000002,73.35759999999998,17.493750000000006,18.339399999999994,91.697,58.11348194444445,0.0,1.0,1.0,1.0,-0.21069754050925943,1.5277777777777777,0.0,0.0,2.2496319444444426,0.16666666666666666,1.4722222222222223,0.4244723354616171,0.46375790808794914,0.0,0.0,6380.680555555556,148.54166666666666,0.0,196.65277777777777,0.0,2132.9305555555557,0.0,297.0833333333333,4864.569444444444,0.0,0.0,0.0,0.0,7578.541666666667
948,0.32490021248167705,0.3354605778756413,0.11112124950045336,0.09966719489875174,0.9885743916100878,0.988644924959234,37.0,36.0,246.1081081081081,238.10648148148147,68.24458378378381,68.77244444444442,56.16287837837839,55.78050555555556,15.561554054054055,16.77965277777778,9.315068493150685,0.0,492.75342465753425,6464.904109589041,14529.72602739726,19.28027397260274,64.64904109589038,68.504898630137,16.162260273972596,17.126224657534244,85.63112328767126,55.97431095890411,0.0,1.0,1.0,1.0,-0.1661314783105024,1.4931506849315068,0.0,0.0,3.6316726027397235,0.2465753424657534,1.3972602739726028,0.44831271181870147,0.43608027893272616,0.0,0.0,6684.6164383561645,139.72602739726028,0.0,185.1917808219178,0.0,1928.027397260274,0.0,279.45205479452056,4536.876712328767,0.0,0.0,0.0,0.0,7845.109589041096
949,0.32490021248167705,0.3354605778756413,0.11221945789431681,0.10124041823637624,0.9885851529932266,0.9886572975494333,36.0,34.0,236.88703703703703,228.6828431372549,69.74897777777778,74.28178823529413,56.10287500000001,59.39415000000001,16.906736111111105,18.062426470588235,9.82857142857143,0.0,492.37142857142857,6987.228571428572,13974.128571428571,22.260857142857144,69.8722857142857,71.95062857142858,17.468071428571424,17.98765714285714,89.93828571428571,57.7014942857143,0.0,1.0,1.0,1.0,-0.20211446428571447,1.4857142857142858,0.0,0.0,3.218937142857141,0.22857142857142856,1.4428571428571428,0.45524356422043594,0.438021226014909,0.0,0.0,6075.414285714286,147.42857142857142,0.0,195.35714285714286,0.0,2226.0857142857144,0.0,294.85714285714283,4761.142857142857,0.0,0.0,0.0,0.0,7898.714285714285
950,0.32490021248167705,0.3354605778756413,0.11241238583167151,0.10125730459170511,0.9885976797809838,0.9886686416351336,36.0,35.0,241.62314814814815,231.08904761904762,66.57973333333335,73.93737142857144,56.62311666666666,59.312071428571436,16.26381944444444,17.668642857142856,9.71830985915493,0.0,492.3098591549296,6782.5352112676055,14185.81690140845,21.47985915492958,67.82535211267604,70.20673802816903,16.95633802816901,17.55168450704225,87.75842253521127,57.94865774647887,0.0,1.0,1.0,1.0,-0.20726370305164332,1.4929577464788732,0.0,0.0,4.6982577464788715,0.23943661971830985,1.408450704225352,0.4490689054222386,0.43199858787376005,0.0,0.0,6015.225352112676,145.77464788732394,0.0,193.32394366197184,0.0,2147.9859154929577,0.0,291.5492957746479,4634.549295774648,0.0,0.0,0.0,0.0,8170.591549295775
951,0.32490021248167705,0.3354605778756413,0.1127999156476231,0.10033326590093093,0.9886091714179386,0.9886814834990834,34.0,37.0,230.078431372549,238.459009009009,71.48912941176472,70.15489729729731,55.77207647058824,57.60157297297298,17.894044117647052,16.655810810810813,9.76056338028169,0.0,499.9577464788732,6899.507042253521,14066.74647887324,22.22788732394367,68.99507042253522,70.79382535211269,17.248767605633805,17.698456338028166,88.49228169014084,56.72547605633804,0.0,1.0,1.0,1.0,-0.18178075117370907,1.5211267605633803,0.0,0.0,3.1804183098591534,0.2535211267605634,1.4225352112676057,0.4246386740075796,0.45964268484281534,0.0,0.0,6084.845070422535,146.40845070422534,0.0,193.5211267605634,0.0,2222.788732394366,0.0,292.8169014084507,4676.718309859155,0.0,0.0,0.0,0.0,7981.901408450704
952,0.32490021248167705,0.3354605778756413,0.1111235890126464,0.10286955238183935,0.9886231511902461,0.9886909173592191,34.0,37.0,232.103431372549,246.4927927927928,72.4941176470588,67.28233513513517,57.37254705882353,55.354859459459476,17.59661764705882,15.553445945945947,9.422535211267606,0.0,503.3943661971831,6612.7464788732395,14376.12676056338,19.858028169014087,66.1274647887324,69.77811830985917,16.5318661971831,17.444529577464788,87.22264788732393,56.32107605633803,0.0,1.0,1.0,1.0,-0.17335575117370902,1.5211267605633803,0.0,0.0,3.0748239436619693,0.2676056338028169,1.408450704225352,0.42667989603079237,0.45315985498295697,0.0,0.0,6526.788732394366,141.33802816901408,0.0,186.11267605633802,0.0,1985.8028169014085,0.0,282.67605633802816,4626.943661971831,0.0,0.0,0.0,0.0,7849.338028169014
953,0.32490021248167705,0.3354605778756413,0.11173493784308144,0.10328968985781417,0.9886354439465667,0.9887039942258563,34.0,35.0,220.36274509803923,248.4909523809524,77.48310588235297,65.9538285714286,60.20332058823531,55.135580000000004,19.21345588235294,15.263285714285715,9.826086956521738,0.0,501.69565217391306,6883.898550724638,14077.840579710144,21.47202898550724,68.83898550724638,71.63492173913045,17.209746376811594,17.908730434782605,89.54365217391303,57.63272753623188,0.0,1.0,1.0,1.0,-0.20068182367149773,1.5072463768115942,0.0,0.0,3.207552173913043,0.30434782608695654,1.3043478260869565,0.44129604622006047,0.44915863729829614,0.0,0.0,6216.449275362319,147.3913043478261,0.0,195.08695652173913,0.0,2147.2028985507245,0.0,294.7826086956522,4736.695652173913,0.0,0.0,0.0,0.0,7861.391304347826
954,0.32490021248167705,0.3354605778756413,0.10973411647803533,0.10795036491446744,0.9886467801519525,0.9887137395613133,37.0,32.0,240.18333333333334,228.18489583333334,70.17288648648649,75.3238,57.66122972972975,58.93074687500001,16.434054054054055,18.0896875,9.884057971014492,0.0,502.4782608695652,6880.753623188406,14077.130434782608,20.7672463768116,68.80753623188406,72.56171594202897,17.201884057971014,18.14042898550724,90.70214492753625,58.24999130434784,0.0,1.0,1.0,1.0,-0.21354148550724655,1.463768115942029,0.0,0.0,2.8901594202898537,0.2608695652173913,1.3478260869565217,0.4725377509833154,0.41837140783986626,0.0,0.0,6485.927536231884,148.2608695652174,0.0,196.33333333333334,0.0,2076.7246376811595,0.0,296.5217391304348,4804.028985507246,0.0,0.0,0.0,0.0,7591.202898550725
955,0.32490021248167705,0.3354605778756413,0.11255181235240226,0.10636839068456515,0.9886594830025299,0.9887239847757968,36.0,34.0,235.47222222222223,228.69901960784313,72.72800000000001,73.12960000000001,57.35972222222223,57.405864705882365,17.098680555555553,18.093970588235294,9.8,0.0,501.9428571428571,7032.842857142857,13930.942857142858,21.93228571428572,70.3284285714286,72.92306285714287,17.58210714285715,18.230765714285713,91.15382857142856,57.38213428571429,0.0,1.0,1.0,1.0,-0.19546113095238113,1.4857142857142858,0.0,0.0,2.0411785714285706,0.24285714285714285,1.4,0.45430317519459096,0.43490855456534944,0.0,0.0,6100.471428571429,147.0,0.0,194.21428571428572,0.0,2193.2285714285713,0.0,294.0,4839.614285714286,0.0,0.0,0.0,0.0,7830.471428571429
956,0.32490021248167705,0.3354605778756413,0.11223748664835789,0.10901039826712591,0.988669456545965,0.9887360356310688,36.0,34.0,249.4615740740741,233.64313725490194,64.8304,70.53816470588235,55.05331111111111,56.10781764705883,15.150624999999998,17.309117647058827,9.442857142857143,0.0,493.15714285714284,6479.614285714286,14506.7,20.244,64.7961428571429,67.60274285714289,16.199035714285724,16.900685714285718,84.50342857142857,55.56549999999999,0.0,1.0,1.0,1.0,-0.1576145833333334,1.4857142857142858,0.0,0.0,4.1617928571428555,0.37142857142857144,1.3285714285714285,0.45629534224244583,0.43206712399477376,0.0,0.0,6710.142857142857,141.64285714285714,0.0,187.75714285714287,0.0,2024.4,0.0,283.2857142857143,4455.214285714285,0.0,0.0,0.0,0.0,7796.557142857143
957,0.32490021248167705,0.3354605778756413,0.11171117928978976,0.10986690019882632,0.9886830464136547,0.9887479362801441,33.0,35.0,207.47878787878787,229.07714285714286,80.92547878787882,75.4236342857143,60.53703636363637,58.993771428571435,21.088484848484853,17.98171428571428,10.602941176470589,0.0,487.19117647058823,7795.764705882353,13115.735294117647,26.224558823529406,77.95764705882357,78.09364705882352,19.489411764705892,19.523411764705873,97.61705882352942,59.742708823529426,0.0,1.0,1.0,1.0,-0.24463976715686286,1.5147058823529411,0.0,0.0,1.138473529411763,0.2647058823529412,1.411764705882353,0.42398073914945195,0.4529168459408401,0.0,0.0,5752.955882352941,159.0441176470588,0.0,210.36764705882354,0.0,2622.455882352941,0.0,318.0882352941176,5173.308823529412,0.0,0.0,0.0,0.0,7362.779411764706
958,0.32490021248167705,0.3354605778756413,0.1105887206328207,0.11063385645133986,0.9886941881073231,0.9887604217757441,37.0,37.0,235.59684684684683,261.440990990991,72.19234594594595,59.788627027027026,58.162691891891896,52.08256216216216,17.035000000000004,13.47939189189189,9.013513513513514,0.0,508.31081081081084,6102.878378378378,14911.135135135135,17.36054054054054,61.02878378378379,65.99048648648649,15.257195945945947,16.49762162162161,82.4881081081081,55.12262702702702,0.0,1.0,1.0,1.0,-0.14838806306306315,1.5,0.0,0.0,4.389336486486485,0.2702702702702703,1.4324324324324325,0.44146411050177176,0.44632522910417705,0.0,0.0,6983.9324324324325,135.2027027027027,0.0,179.3783783783784,0.0,1736.054054054054,0.0,270.4054054054054,4366.824324324324,0.0,0.0,0.0,0.0,7927.2027027027025
959,0.32490021248167705,0.3354605778756413,0.10937214182331927,0.11017814934351171,0.9887074248946837,0.9887726663246876,38.0,31.0,248.42763157894737,207.13333333333333,66.37574736842106,83.42461935483874,55.709936842105265,62.693606451612915,15.268092105263156,21.119112903225805,10.08695652173913,0.0,506.6666666666667,7158.724637681159,13792.507246376812,22.573188405797104,71.5872463768116,74.03538550724639,17.8968115942029,18.50884637681159,92.54423188405796,58.847527536231894,0.0,1.0,1.0,1.0,-0.22599015700483102,1.4492753623188406,0.0,0.0,2.708953623188405,0.2318840579710145,1.391304347826087,0.47773306660104947,0.4095316844691939,0.0,0.0,6207.014492753623,145.14492753623188,0.0,200.0144927536232,0.0,2257.31884057971,0.0,302.60869565217394,4901.405797101449,0.0,0.0,0.0,0.0,7585.492753623188
960,0.32490021248167705,0.3354605778756413,0.1079339656651998,0.11081316006438545,0.9887194102889092,0.9887821559690927,35.0,36.0,242.76666666666668,241.90509259259258,67.00562285714288,69.36924444444445,57.20705428571429,55.95133055555554,16.10142857142857,16.14604166666667,9.394366197183098,0.0,514.4084507042254,6449.619718309859,14539.788732394367,19.43183098591549,64.49619718309857,68.20407887323944,16.124049295774643,17.051019718309856,85.25509859154933,56.57034929577466,0.0,1.0,1.0,1.0,-0.1785489436619719,1.5070422535211268,0.0,0.0,4.490319718309856,0.16901408450704225,1.4647887323943662,0.4384609552877586,0.44969974364985216,0.0,0.0,6258.394366197183,140.91549295774647,0.0,186.8450704225352,0.0,1943.1830985915492,0.0,281.83098591549293,4506.43661971831,0.0,0.0,0.0,0.0,8281.394366197183
961,0.32490021248167705,0.3354605778756413,0.10717968477188541,0.10971786288867819,0.9887319712963053,0.9887933945093826,33.0,36.0,246.77828282828284,224.45277777777775,65.68048484848485,76.13564444444444,55.97472121212122,60.10453333333334,15.489545454545452,18.64763888888889,9.797101449275363,0.0,513.5942028985507,6854.898550724638,14107.811594202898,21.546956521739133,68.5489855072464,71.13535072463769,17.1372463768116,17.78383768115942,88.91918840579713,58.12940579710145,0.0,1.0,1.0,1.0,-0.21102928743961363,1.5217391304347827,0.0,0.0,4.13130144927536,0.21739130434782608,1.434782608695652,0.4285572914643288,0.46440703966651914,0.0,0.0,5991.173913043478,146.95652173913044,0.0,195.42028985507247,0.0,2154.695652173913,0.0,293.9130434782609,4700.202898550725,0.0,0.0,0.0,0.0,8116.63768115942
962,0.32490021248167705,0.3354605778756413,0.10813105028286492,0.10725549969153296,0.9887438266909919,0.9888056882323271,31.0,38.0,206.98494623655915,254.43640350877192,81.14931612903226,62.712757894736846,62.39368387096774,52.44542368421053,21.154435483870976,14.410460526315791,9.797101449275363,0.0,505.463768115942,6976.144927536232,13987.057971014492,22.86840579710146,69.76144927536232,70.99584927536236,17.44036231884058,17.748962318840583,88.74481159420289,56.914931884057964,0.0,1.0,1.0,1.0,-0.18572774758454116,1.5507246376811594,0.0,0.0,3.359444927536231,0.2028985507246377,1.536231884057971,0.41144239645632963,0.483751465383671,0.0,0.0,6734.347826086957,146.7391304347826,0.0,195.14492753623188,0.0,2286.840579710145,0.0,293.9130434782609,4689.304347826087,0.0,0.0,0.0,0.0,7252.710144927536
963,0.32490021248167705,0.3354605778756413,0.11015081324147341,0.10647054802581785,0.9887534384638345,0.9888165334069402,35.0,34.0,232.29190476190476,222.72009803921569,72.2620342857143,76.55736470588232,57.57618571428571,58.502705882352956,17.56707142857143,18.865735294117645,10.202898550724637,0.0,527.8260869565217,7282.797101449275,13654.521739130434,23.64724637681159,72.82797101449277,74.3785739130435,18.206992753623194,18.594643478260867,92.97321739130433,58.032731884057974,0.0,1.0,1.0,1.0,-0.2090152475845412,1.4927536231884058,0.0,0.0,1.86115072463768,0.17391304347826086,1.434782608695652,0.4567287369400355,0.43705059676149177,0.0,0.0,6095.594202898551,152.82608695652175,0.0,202.768115942029,0.0,2364.7246376811595,0.0,306.0869565217391,4918.072463768116,0.0,0.0,0.0,0.0,7558.927536231884
964,0.32490021248167705,0.3354605778756413,0.11000969121071784,0.10636280926426639,0.9887652928497087,0.9888261089118403,35.0,37.0,227.4952380952381,243.690990990991,74.97307428571428,67.47814054054055,58.76619428571431,55.972472972972966,18.206857142857146,15.962905405405404,9.708333333333334,0.0,506.56944444444446,6821.486111111111,14149.083333333334,21.145972222222227,68.21486111111112,71.12151111111113,17.05371527777778,17.780377777777776,88.90188888888889,57.33053194444445,0.0,1.0,1.0,1.0,-0.19438608217592604,1.5138888888888888,0.0,0.0,3.262736111111109,0.20833333333333334,1.4444444444444444,0.4338215866475338,0.45933043342506785,0.0,0.0,6126.430555555556,145.625,0.0,191.55555555555554,0.0,2114.597222222222,0.0,291.25,4706.888888888889,0.0,0.0,0.0,0.0,8022.652777777777
965,0.32490021248167705,0.3354605778756413,0.11179526278911651,0.10527275606340536,0.9887752678721533,0.9888367359424197,37.0,35.0,250.79639639639637,220.2838095238095,64.65868108108108,77.29664000000001,54.35337297297298,59.60463714285716,14.965472972972975,19.248499999999996,9.583333333333334,0.0,515.3333333333334,6819.0,14157.833333333334,21.26124999999999,68.19,70.80213333333336,17.0475,17.700533333333333,88.50266666666664,56.90607083333334,0.0,1.0,1.0,1.0,-0.18554314236111125,1.4861111111111112,0.0,0.0,3.151437499999998,0.2777777777777778,1.3611111111111112,0.4604707226710157,0.43542716737381226,0.0,0.0,6199.083333333333,143.75,0.0,190.91666666666666,0.0,2126.125,0.0,287.5,4692.875,0.0,0.0,0.0,0.0,7958.75
966,0.32490021248167705,0.3354605778756413,0.1121707266388371,0.10537617823679579,0.9887876620790794,0.9888466098962596,33.0,38.0,215.22525252525253,250.13552631578946,80.9683393939394,64.82745263157895,61.94475151515153,55.17017368421052,19.918560606060602,15.039473684210524,9.887323943661972,0.0,501.3098591549296,6922.887323943662,14034.577464788732,21.37281690140845,69.22887323943665,72.32955492957748,17.307218309859163,18.082388732394364,90.41194366197182,58.31892112676055,0.0,1.0,1.0,1.0,-0.21497752347417856,1.5352112676056338,0.0,0.0,3.296584507042252,0.2535211267605634,1.4647887323943662,0.4227918474065034,0.4694078383792986,0.0,0.0,6468.69014084507,148.30985915492957,0.0,196.6056338028169,0.0,2137.281690140845,0.0,296.61971830985914,4785.605633802817,0.0,0.0,0.0,0.0,7565.887323943662
967,0.32490021248167705,0.3354605778756413,0.111831033066963,0.10751895837978401,0.9887979234524122,0.9888575404699451,38.0,35.0,240.61622807017545,233.09238095238095,67.78189473684212,72.11611428571427,55.36562368421054,58.35125142857143,16.432894736842105,17.404000000000003,9.534246575342467,0.0,508.28767123287673,6759.397260273972,14220.534246575342,21.35835616438357,67.59397260273974,69.85994520547948,16.898493150684935,17.464986301369866,87.3249315068493,56.79708904109589,0.0,1.0,1.0,1.0,-0.18327268835616445,1.4794520547945205,0.0,0.0,3.8356369863013677,0.3150684931506849,1.3150684931506849,0.4555535006826275,0.42712934971035765,0.0,0.0,6559.767123287671,143.013698630137,0.0,190.02739726027397,0.0,2135.8356164383563,0.0,286.027397260274,4623.561643835616,0.0,0.0,0.0,0.0,7660.767123287671
968,0.32490021248167705,0.3354605778756413,0.11236131947231512,0.10865149327338929,0.9888073500557852,0.9888674500149649,36.0,36.0,241.52731481481482,243.06666666666666,67.97813333333335,68.35235555555556,55.09626944444445,56.71954166666666,16.26027777777778,16.00611111111111,9.375,0.0,493.8611111111111,6453.277777777777,14537.819444444445,19.48180555555556,64.53277777777777,68.16524444444444,16.13319444444444,17.041311111111106,85.20655555555555,55.90790555555557,0.0,1.0,1.0,1.0,-0.16474803240740749,1.5,0.0,0.0,3.875855555555555,0.3333333333333333,1.4166666666666667,0.45210051532022505,0.449345903762561,0.0,0.0,6402.791666666667,140.625,0.0,186.02777777777777,0.0,1948.1805555555557,0.0,281.25,4505.097222222223,0.0,0.0,0.0,0.0,8135.027777777777
969,0.32490021248167705,0.3354605778756413,0.11206701105992599,0.10704729266508456,0.9888189385011391,0.9888783074737113,34.0,35.0,230.28382352941176,228.83238095238096,72.62155294117647,74.09261714285715,57.05997941176472,58.50333714285714,17.866617647058824,18.029857142857146,9.971014492753623,0.0,524.0579710144928,7179.768115942029,13772.855072463768,23.20376811594203,71.79768115942026,73.36774492753621,17.949420289855066,18.341936231884052,91.7096811594203,57.792117391304366,0.0,1.0,1.0,1.0,-0.20400244565217407,1.5072463768115942,0.0,0.0,2.373792753623187,0.2028985507246377,1.4492753623188406,0.4393357666362584,0.45078315490323234,0.0,0.0,5901.376811594203,149.56521739130434,0.0,197.68115942028984,0.0,2320.376811594203,0.0,299.1304347826087,4859.391304347826,0.0,0.0,0.0,0.0,7871.478260869565
970,0.32490021248167705,0.3354605778756413,0.11182626380326557,0.10757792215237723,0.988829439641345,0.988888924133661,34.0,36.0,228.41960784313727,227.5490740740741,73.73044705882351,74.3768888888889,57.62778235294119,59.00121111111113,18.088235294117652,18.23395833333333,10.1,0.0,522.5428571428571,7265.271428571428,13678.314285714287,23.628571428571433,72.65271428571431,74.06290285714284,18.163178571428578,18.515725714285708,92.57862857142854,58.33411714285713,0.0,1.0,1.0,1.0,-0.2152941071428573,1.5142857142857142,0.0,0.0,2.4343928571428557,0.3142857142857143,1.4285714285714286,0.4398784316924706,0.457057414204782,0.0,0.0,5648.071428571428,151.5,0.0,200.9142857142857,0.0,2362.8571428571427,0.0,303.0,4902.414285714286,0.0,0.0,0.0,0.0,8030.242857142857
971,0.32490021248167705,0.3354605778756413,0.1131025051323571,0.10915345351389495,0.9888381243023073,0.9889006787105307,36.0,37.0,238.34953703703704,250.13288288288288,71.35342222222225,63.36155675675676,57.98112777777778,53.31970000000001,16.673888888888882,15.052229729729733,9.232876712328768,0.0,486.3013698630137,6340.780821917808,14659.315068493152,18.90630136986302,63.40780821917809,67.30275068493151,15.851952054794522,16.825687671232878,84.1284383561644,55.61848630136987,0.0,1.0,1.0,1.0,-0.15871846461187225,1.5068493150684932,0.0,0.0,4.1676876712328745,0.3013698630136986,1.4383561643835616,0.4380194585265756,0.44577406539731396,0.0,0.0,6612.835616438356,138.4931506849315,0.0,183.42465753424656,0.0,1890.6301369863013,0.0,276.986301369863,4450.1506849315065,0.0,0.0,0.0,0.0,8046.479452054795
972,0.32490021248167705,0.3354605778756413,0.11418665986602504,0.10832096196509672,0.9888493393323401,0.9889104028795195,36.0,34.0,233.16759259259257,236.84313725490196,73.4759111111111,68.80771764705884,59.24753611111109,56.18642352941177,17.410138888888884,16.91036764705882,9.785714285714286,0.0,501.75714285714287,6866.957142857143,14097.171428571428,21.60042857142857,68.66957142857143,71.20850285714289,17.167392857142858,17.80212571428572,89.01062857142857,57.76071,0.0,1.0,1.0,1.0,-0.2033481250000002,1.4857142857142858,0.0,0.0,3.7195999999999985,0.22857142857142856,1.4428571428571428,0.4500169036630729,0.4347859545863505,0.0,0.0,5806.342857142857,146.78571428571428,0.0,194.5142857142857,0.0,2160.042857142857,0.0,293.57142857142856,4706.914285714286,0.0,0.0,0.0,0.0,8290.828571428572
973,0.32490021248167705,0.3354605778756413,0.11265922835325365,0.10876558930367039,0.9888585231573704,0.9889217394660739,37.0,34.0,246.66756756756754,209.17401960784312,66.20903783783784,82.00432941176473,56.25484324324326,63.099076470588244,15.484797297297296,20.83867647058824,10.126760563380282,0.0,526.3943661971831,7219.450704225352,13722.774647887323,23.420281690140843,72.19450704225349,73.77298028169011,18.048626760563373,18.443245070422527,92.2162253521127,59.53236338028168,0.0,1.0,1.0,1.0,-0.24025757042253534,1.4788732394366197,0.0,0.0,3.808009859154928,0.16901408450704225,1.3943661971830985,0.4606004259081494,0.4367791641424817,0.0,0.0,5895.380281690141,151.69014084507043,0.0,201.28169014084506,0.0,2342.0281690140846,0.0,303.80281690140845,4877.422535211268,0.0,0.0,0.0,0.0,7827.394366197183
974,0.32490021248167705,0.3354605778756413,0.11429160850054679,0.10812977702992776,0.9888673911495808,0.9889295824972946,36.0,38.0,216.73379629629628,259.8364035087719,79.96888888888891,60.01364210526318,62.25561666666667,51.81182105263158,19.75958333333334,13.65388157894737,9.513513513513514,0.0,523.9864864864865,6649.689189189189,14332.054054054053,20.351216216216216,66.49689189189185,69.72160000000005,16.624222972972962,17.43040000000001,87.152,56.89258648648649,0.0,1.0,1.0,1.0,-0.1852622184684686,1.5135135135135136,0.0,0.0,3.7952094594594574,0.24324324324324326,1.4324324324324325,0.4389762570374536,0.4569616909782402,0.0,0.0,6310.824324324324,142.7027027027027,0.0,189.14864864864865,0.0,2035.1216216216217,0.0,285.4054054054054,4614.5675675675675,0.0,0.0,0.0,0.0,8021.22972972973
975,0.32490021248167705,0.3354605778756413,0.11387401399249035,0.10891611252796514,0.9888766993206082,0.9889382339945618,39.0,33.0,249.35555555555555,220.65353535353537,62.56607179487181,77.70705454545457,55.01459230769231,60.44503636363636,15.21397435897436,19.153636363636366,9.541666666666666,0.0,505.875,6807.861111111111,14172.027777777777,22.126249999999995,68.07861111111112,69.50568888888888,17.01965277777778,17.376422222222214,86.88211111111113,57.503545833333355,0.0,1.0,1.0,1.0,-0.19799053819444457,1.4583333333333333,0.0,0.0,5.01750972222222,0.3333333333333333,1.3611111111111112,0.47718121544785735,0.409828766715427,0.0,0.0,6510.069444444444,143.125,0.0,189.73611111111111,0.0,2212.625,0.0,286.25,4595.236111111111,0.0,0.0,0.0,0.0,7661.958333333333
976,0.32490021248167705,0.3354605778756413,0.11057468899718419,0.1118395677820687,0.9888854869599684,0.9889482453437423,34.0,36.0,231.81617647058823,232.76435185185184,72.82277647058824,72.08231111111111,57.59325588235296,57.73828333333334,17.60683823529412,17.501041666666666,9.857142857142858,0.0,519.9142857142857,7020.971428571429,13938.228571428572,22.23942857142858,70.20971428571427,72.44196571428574,17.552428571428567,18.11049142857143,90.55245714285715,57.667841428571435,0.0,1.0,1.0,1.0,-0.20141336309523822,1.5142857142857142,0.0,0.0,2.778304285714285,0.3142857142857143,1.4428571428571428,0.43017405314767904,0.4533893572052399,0.0,0.0,6307.428571428572,147.85714285714286,0.0,196.22857142857143,0.0,2223.942857142857,0.0,295.7142857142857,4797.028571428571,0.0,0.0,0.0,0.0,7630.8
977,0.32490021248167705,0.3354605778756413,0.10658767537134754,0.11279291866385435,0.9888937839316957,0.9889599667651587,35.0,36.0,237.21809523809526,237.81064814814815,70.20854857142855,70.65617777777778,56.84223142857145,56.202744444444455,16.825357142857147,16.755277777777778,9.746478873239436,0.0,523.8169014084507,6715.929577464789,14251.112676056338,20.65971830985916,67.15929577464789,70.43551549295775,16.789823943661972,17.60887887323943,88.04439436619721,56.51798450704225,0.0,1.0,1.0,1.0,-0.17745801056338037,1.5070422535211268,0.0,0.0,2.8722929577464753,0.23943661971830985,1.4507042253521127,0.44326316006587846,0.4538827949110468,0.0,0.0,6613.633802816901,146.19718309859155,0.0,193.3661971830986,0.0,2065.9718309859154,0.0,292.3943661971831,4649.957746478874,0.0,0.0,0.0,0.0,7637.478873239436
978,0.32490021248167705,0.3354605778756413,0.10377199311131521,0.11229776029665992,0.9889020444828541,0.988967903571753,35.0,36.0,235.6704761904762,232.92777777777778,70.4197485714286,72.1224888888889,55.43865142857143,58.78545555555557,17.10342857142857,17.437847222222228,9.76056338028169,0.0,522.3098591549295,6909.197183098591,14056.788732394367,21.942535211267614,69.09197183098593,71.28310985915495,17.27299295774648,17.82077746478873,89.10388732394365,57.13562253521127,0.0,1.0,1.0,1.0,-0.19032546948356824,1.5070422535211268,0.0,0.0,3.1255056338028155,0.2676056338028169,1.3661971830985915,0.4414597921918296,0.45583639132938386,0.0,0.0,5978.5352112676055,146.40845070422534,0.0,193.7887323943662,0.0,2194.2535211267605,0.0,292.8169014084507,4714.943661971831,0.0,0.0,0.0,0.0,8078.2535211267605
979,0.32490021248167705,0.3354605778756413,0.10356801020923066,0.11250479051049388,0.9889109564103495,0.9889787882079033,34.0,37.0,243.03333333333333,239.5653153153153,67.51811764705884,68.36324324324326,55.523849999999996,55.97895405405406,16.01816176470588,16.569189189189185,9.309859154929578,0.0,518.5070422535211,6522.12676056338,14473.56338028169,20.274788732394367,65.2212676056338,67.95853521126762,16.30531690140845,16.9896338028169,84.94816901408453,55.76101690140847,0.0,1.0,1.0,1.0,-0.16168785211267617,1.5211267605633803,0.0,0.0,4.107798591549294,0.2676056338028169,1.4225352112676057,0.4232837051454867,0.4631464519171288,0.0,0.0,6675.859154929577,139.64788732394365,0.0,184.3661971830986,0.0,2027.4788732394366,0.0,279.2957746478873,4494.647887323944,0.0,0.0,0.0,0.0,7797.704225352113
980,0.32490021248167705,0.3354605778756413,0.10548986031159771,0.11124637654815821,0.9889210100669952,0.9889881460014487,33.0,35.0,229.38737373737374,234.11904761904762,73.40431515151518,73.02564571428572,57.42104242424243,58.33161142857144,17.98393939393939,17.261000000000006,9.941176470588236,0.0,516.5,7044.735294117647,13909.367647058823,21.951029411764697,70.44735294117646,73.20941176470588,17.611838235294115,18.302352941176462,91.51176470588234,57.889717647058816,0.0,1.0,1.0,1.0,-0.2060357843137256,1.5147058823529411,0.0,0.0,2.292144117647058,0.20588235294117646,1.4705882352941178,0.4254460990888721,0.461831924660512,0.0,0.0,6163.941176470588,149.11764705882354,0.0,197.5441176470588,0.0,2195.1029411764707,0.0,298.2352941176471,4849.632352941177,0.0,0.0,0.0,0.0,7745.426470588235
981,0.32490021248167705,0.3354605778756413,0.1047522084440827,0.11501934388452892,0.9889296720623391,0.9889998908344445,34.0,36.0,198.77745098039216,241.87314814814815,81.94070588235296,67.6056888888889,61.98934705882354,56.309519444444454,22.472279411764703,16.228611111111114,10.085714285714285,0.0,517.4,7704.5,13256.457142857143,27.61342857142857,77.045,74.56841142857141,19.26125,18.642102857142852,93.21051428571431,59.068292857142865,0.0,1.0,1.0,1.0,-0.23058943452380976,1.5142857142857142,0.0,0.0,3.761131428571426,0.22857142857142856,1.4142857142857144,0.42570821227242717,0.4595830540689371,0.0,0.0,5579.342857142857,134.9142857142857,0.0,200.55714285714285,0.0,2761.342857142857,0.0,302.57142857142856,4943.157142857143,0.0,0.0,0.0,0.0,7677.114285714286
982,0.32490021248167705,0.3354605778756413,0.10460990055127013,0.11359802745168461,0.9889399479367432,0.9890106335056978,39.0,34.0,245.72478632478632,245.36274509803923,67.87035897435898,66.61703529411767,56.199220512820524,53.91671470588236,15.625769230769233,15.697573529411768,9.287671232876713,0.0,515.1643835616438,6263.684931506849,14733.369863013699,18.195890410958906,62.63684931506847,67.28661917808218,15.659212328767117,16.82165479452054,84.10827397260273,55.136135616438374,0.0,1.0,1.0,1.0,-0.14866949200913254,1.4657534246575343,0.0,0.0,3.5087287671232854,0.2602739726027397,1.356164383561644,0.4714738788547596,0.42626554179544507,0.0,0.0,6657.643835616438,139.31506849315068,0.0,184.0,0.0,1819.5890410958905,0.0,278.63013698630135,4444.095890410959,0.0,0.0,0.0,0.0,8075.726027397261
983,0.32490021248167705,0.3354605778756413,0.1055977286319613,0.1117107883098877,0.9889490466571813,0.9890222219093654,38.0,32.0,247.9934210526316,224.0015625,64.67991578947367,77.60600000000001,54.12153947368422,60.69096250000001,15.364013157894739,18.653281249999996,9.728571428571428,0.0,522.8714285714286,6747.071428571428,14221.542857142857,20.835571428571427,67.47071428571427,70.58898285714287,16.867678571428566,17.647245714285713,88.23622857142858,57.12470428571429,0.0,1.0,1.0,1.0,-0.19009800595238108,1.457142857142857,0.0,0.0,3.4033999999999973,0.3,1.3857142857142857,0.47951764891064363,0.41647839910322215,0.0,0.0,6220.785714285715,145.92857142857142,0.0,192.6,0.0,2083.557142857143,0.0,291.85714285714283,4663.5142857142855,0.0,0.0,0.0,0.0,8000.757142857143
984,0.32490021248167705,0.3354605778756413,0.106655909041803,0.11063035158873635,0.9889604161420823,0.9890296051084704,35.0,35.0,232.9452380952381,234.94,73.09805714285716,69.05069714285715,58.84776857142857,55.135005714285704,17.43014285714286,17.205357142857146,9.8,0.0,519.0571428571428,6927.1,14036.557142857142,22.31914285714285,69.27100000000002,71.07437714285714,17.317750000000004,17.76859428571428,88.84297142857146,56.99138714285714,0.0,1.0,1.0,1.0,-0.18732056547619053,1.5,0.0,0.0,3.2347599999999987,0.2714285714285714,1.4428571428571428,0.4464892993567963,0.4408237330393854,0.0,0.0,6180.457142857143,147.0,0.0,194.34285714285716,0.0,2231.9142857142856,0.0,294.0,4695.185714285714,0.0,0.0,0.0,0.0,7856.1
985,0.32490021248167705,0.3354605778756413,0.10761560697886516,0.10835982179907983,0.9889688964911392,0.9890398416014241,36.0,34.0,252.18935185185185,220.6078431372549,63.4910222222222,80.3489882352941,56.116763888888904,62.395729411764705,14.74333333333333,19.112499999999997,9.9,0.0,517.7714285714286,6746.2,14210.985714285714,20.12514285714286,67.46200000000002,71.67917714285713,16.865500000000004,17.919794285714282,89.59897142857145,59.16654714285714,0.0,1.0,1.0,1.0,-0.23263639880952397,1.4857142857142858,0.0,0.0,4.3528699999999985,0.2714285714285714,1.4285714285714286,0.4552923191470408,0.4397427413367837,0.0,0.0,6113.771428571428,148.5,0.0,196.31428571428572,0.0,2012.5142857142857,0.0,297.0,4733.685714285714,0.0,0.0,0.0,0.0,8097.214285714285
986,0.32490021248167705,0.3354605778756413,0.1065516393693457,0.10806717347857983,0.9889791667413317,0.9890510262111484,33.0,39.0,218.30050505050505,254.05982905982907,76.23214545454545,62.31417435897436,58.89100909090909,52.73188974358975,19.560454545454547,14.471153846153848,9.51388888888889,0.0,515.25,6721.5,14260.208333333334,21.873055555555553,67.21499999999997,68.69324444444446,16.803749999999994,17.17331111111111,85.86655555555558,55.554819444444455,0.0,1.0,1.0,1.0,-0.15739207175925934,1.5416666666666667,0.0,0.0,3.665324999999999,0.3194444444444444,1.3611111111111112,0.4078873073783841,0.4749401977453519,0.0,0.0,6412.083333333333,142.70833333333334,0.0,189.16666666666666,0.0,2187.3055555555557,0.0,285.4166666666667,4534.194444444444,0.0,0.0,0.0,0.0,7848.125
987,0.32490021248167705,0.3354605778756413,0.10644402072891099,0.10788695886503703,0.988989811396235,0.9890618019470309,35.0,35.0,240.24333333333334,237.0047619047619,68.62518857142857,70.36123428571432,57.679908571428584,56.81352,16.43692857142857,16.845928571428576,9.657142857142857,0.0,524.9428571428572,6656.571428571428,14317.442857142858,20.724142857142855,66.56571428571425,69.49321142857143,16.641428571428563,17.37330285714285,86.86651428571432,57.246714285714305,0.0,1.0,1.0,1.0,-0.1926398809523811,1.5,0.0,0.0,4.394931428571426,0.2857142857142857,1.3857142857142857,0.44878347533891005,0.4417890278115772,0.0,0.0,6312.871428571429,144.85714285714286,0.0,190.4142857142857,0.0,2072.4142857142856,0.0,289.7142857142857,4584.157142857143,0.0,0.0,0.0,0.0,8004.571428571428
988,0.32490021248167705,0.3354605778756413,0.10617249866832427,0.10670430870305768,0.9889987484913435,0.9890731590427307,34.0,36.0,220.31911764705882,244.2712962962963,75.83830588235293,66.39253333333335,58.728520588235284,55.160719444444446,19.249558823529416,15.908472222222223,9.7,0.0,529.4428571428572,7012.5142857142855,13958.242857142857,23.159142857142854,70.12514285714288,70.98048000000003,17.53128571428572,17.745119999999993,88.72559999999999,56.89365142857144,0.0,1.0,1.0,1.0,-0.18528440476190494,1.5142857142857142,0.0,0.0,3.4444571428571407,0.24285714285714285,1.4714285714285715,0.43694373158369465,0.4559861297121532,0.0,0.0,5886.342857142857,145.5,0.0,191.74285714285713,0.0,2315.9142857142856,0.0,291.0,4696.6,0.0,0.0,0.0,0.0,8071.9
989,0.32490021248167705,0.3354605778756413,0.10634210653596965,0.10832018181060599,0.9890116546830596,0.9890838750605206,37.0,33.0,248.94639639639638,217.9030303030303,64.4076972972973,80.36286060606061,53.02199189189189,62.30291515151515,15.201486486486484,19.558257575757576,9.857142857142858,0.0,533.2857142857143,6902.157142857143,14058.7,21.451714285714285,69.02157142857143,71.92941714285715,17.25539285714286,17.982354285714283,89.91177142857144,57.39728428571429,0.0,1.0,1.0,1.0,-0.19577675595238114,1.4714285714285715,0.0,0.0,2.7232599999999985,0.2857142857142857,1.3142857142857143,0.4710734235766448,0.42633457627924065,0.0,0.0,6498.142857142857,147.85714285714286,0.0,194.57142857142858,0.0,2145.1714285714284,0.0,295.7142857142857,4756.9857142857145,0.0,0.0,0.0,0.0,7560.557142857143
990,0.32490021248167705,0.3354605778756413,0.10625221928629594,0.10934072899352822,0.9890196456917346,0.9890930927995667,34.0,37.0,225.8436274509804,227.18378378378378,75.54108235294119,72.82646486486487,59.003720588235296,57.88778108108109,18.459411764705884,18.332702702702708,10.0,0.0,525.0422535211268,7357.352112676056,13592.521126760563,24.412253521126765,73.57352112676055,74.12642253521125,18.39338028169014,18.531605633802805,92.6580281690141,58.42217464788734,0.0,1.0,1.0,1.0,-0.21712863849765277,1.5211267605633803,0.0,0.0,2.6891323943661956,0.23943661971830985,1.4507042253521127,0.4248214583441262,0.461161217161952,0.0,0.0,6035.014084507042,150.0,0.0,199.1267605633803,0.0,2441.225352112676,0.0,300.0,4916.12676056338,0.0,0.0,0.0,0.0,7557.507042253521
991,0.32490021248167705,0.3354605778756413,0.10764476028959269,0.11143112084712775,0.9890305828659016,0.9891025896855945,36.0,37.0,235.39953703703705,247.5855855855856,72.10862222222222,65.5757837837838,56.77801944444447,56.48094324324325,17.10493055555556,15.386418918918919,9.41095890410959,0.0,525.4794520547945,6493.561643835616,14494.561643835616,19.422191780821926,64.93561643835613,68.79745753424659,16.233904109589034,17.199364383561644,85.99682191780822,56.62744657534247,0.0,1.0,1.0,1.0,-0.1797384703196348,1.5068493150684932,0.0,0.0,4.063893150684929,0.2602739726027397,1.4383561643835616,0.4414582554413715,0.44544261428797866,0.0,0.0,6472.397260273972,141.16438356164383,0.0,187.3835616438356,0.0,1942.2191780821918,0.0,282.32876712328766,4551.342465753424,0.0,0.0,0.0,0.0,8022.164383561644
992,0.32490021248167705,0.3354605778756413,0.1103573902548832,0.11055929946692229,0.9890388306834182,0.9891119094177134,36.0,35.0,235.98055555555555,208.03857142857143,72.4106666666667,80.74368000000003,56.98641666666666,61.47578000000001,17.02055555555556,21.026214285714282,10.295774647887324,0.0,524.5915492957746,7598.070422535211,13332.38028169014,25.209436619718307,75.98070422535211,76.51849014084506,18.99517605633803,19.129622535211265,95.64811267605636,59.199483098591564,0.0,1.0,1.0,1.0,-0.23332256455399067,1.4929577464788732,0.0,0.0,1.6761690140845058,0.2535211267605634,1.4647887323943662,0.45075284793462045,0.43805235926826025,0.0,0.0,5896.619718309859,154.3943661971831,0.0,205.28169014084506,0.0,2520.943661971831,0.0,308.8732394366197,5077.12676056338,0.0,0.0,0.0,0.0,7435.760563380281
993,0.32490021248167705,0.3354605778756413,0.10998345884738399,0.10951547615285642,0.9890465599600984,0.9891213575815434,36.0,39.0,245.11064814814816,243.06495726495726,65.23324444444447,68.60471794871795,55.04413055555556,56.76036153846155,15.779375,16.039679487179487,9.106666666666667,0.0,515.32,6365.893333333333,14642.813333333334,19.294133333333328,63.65893333333331,66.98641066666667,15.914733333333327,16.746602666666668,83.73301333333336,55.93657066666669,0.0,1.0,1.0,1.0,-0.1653452222222224,1.52,0.0,0.0,4.864893333333334,0.30666666666666664,1.4666666666666666,0.4283221227225615,0.4554963262803825,0.0,0.0,6425.453333333333,136.6,0.0,180.49333333333334,0.0,1929.4133333333334,0.0,273.2,4436.48,0.0,0.0,0.0,0.0,8217.36
994,0.32490021248167705,0.3354605778756413,0.10692569402099825,0.10963001426657526,0.9890562536602141,0.989130241937846,33.0,37.0,224.86363636363637,249.1536036036036,74.80320000000003,65.71537297297299,59.435021212121235,54.38400540540541,18.624318181818182,15.160945945945947,9.557142857142857,0.0,532.6285714285714,6717.471428571429,14262.157142857142,20.85,67.17471428571427,69.99963428571428,16.79367857142857,17.499908571428566,87.49954285714288,56.76519857142857,0.0,1.0,1.0,1.0,-0.18260830357142868,1.5285714285714285,0.0,0.0,3.5592428571428556,0.2571428571428571,1.4285714285714286,0.4265624634125741,0.46948648419794625,0.0,0.0,6669.2,143.35714285714286,0.0,189.3,0.0,2085.0,0.0,286.7142857142857,4632.471428571429,0.0,0.0,0.0,0.0,7592.957142857143
995,0.32490021248167705,0.3354605778756413,0.10715349652224042,0.1100735655827344,0.9890647198446164,0.9891382272809124,34.0,34.0,227.69754901960783,228.48823529411766,75.20621176470587,74.76517647058823,60.496341176470594,59.95666470588236,18.198970588235298,18.045514705882358,10.25,0.0,527.0294117647059,7248.89705882353,13685.573529411764,22.87514705882352,72.48897058823526,74.98569411764709,18.122242647058815,18.746423529411764,93.73211764705884,60.22650294117647,0.0,1.0,1.0,1.0,-0.25471881127450996,1.5,0.0,0.0,3.363051470588234,0.25,1.3529411764705883,0.44415379837883157,0.4452482740794556,0.0,0.0,6025.235294117647,153.75,0.0,203.27941176470588,0.0,2287.514705882353,0.0,307.5,4961.382352941177,0.0,0.0,0.0,0.0,7660.338235294118
996,0.32490021248167705,0.3354605778756413,0.10590243083045735,0.10750493646243413,0.9890748055301709,0.9891470412936586,36.0,36.0,242.03425925925924,245.62546296296296,68.36888888888888,66.37422222222222,56.32608333333334,55.84875833333334,16.176458333333336,15.681180555555553,9.222222222222221,0.0,532.7361111111111,6371.527777777777,14629.791666666666,19.150694444444447,63.715277777777764,67.37155555555553,15.928819444444441,16.84288888888888,84.21444444444444,56.08742083333334,0.0,1.0,1.0,1.0,-0.16848793402777787,1.5,0.0,0.0,4.6446847222222205,0.2777777777777778,1.3888888888888888,0.4398051212614226,0.4449196727405945,0.0,0.0,6544.680555555556,138.33333333333334,0.0,182.68055555555554,0.0,1915.0694444444443,0.0,276.6666666666667,4456.458333333333,0.0,0.0,0.0,0.0,8085.111111111111
997,0.32490021248167705,0.3354605778756413,0.10564353012986266,0.1086699992234555,0.9890813281883881,0.9891563418014883,35.0,34.0,229.58238095238096,231.31176470588235,72.28982857142859,71.58418823529412,57.35598000000001,57.125923529411764,17.96135714285714,17.662720588235295,9.971014492753623,0.0,520.2753623188406,7125.68115942029,13826.072463768116,23.776666666666667,71.25681159420287,71.94212173913047,17.814202898550718,17.985530434782614,89.92765217391306,57.24261884057971,0.0,1.0,1.0,1.0,-0.19255455917874412,1.4927536231884058,0.0,0.0,3.1146999999999987,0.2898550724637681,1.3768115942028984,0.4462809777408199,0.43518459767511997,0.0,0.0,6387.188405797101,149.56521739130434,0.0,198.55072463768116,0.0,2377.6666666666665,0.0,299.1304347826087,4748.014492753623,0.0,0.0,0.0,0.0,7438.884057971014
998,0.32490021248167705,0.3354605778756413,0.10544375160491258,0.10773502234454206,0.9890908238688269,0.9891661744307985,36.0,35.0,243.6023148148148,226.50857142857143,68.26897777777776,74.43584000000001,55.64393611111112,59.052442857142864,15.95638888888889,18.35107142857143,9.774647887323944,0.0,514.7183098591549,6854.7464788732395,14110.549295774648,21.39014084507043,68.5474647887324,71.30898028169014,17.1368661971831,17.827245070422528,89.13622535211267,57.32418591549297,0.0,1.0,1.0,1.0,-0.19425387323943674,1.4929577464788732,0.0,0.0,3.152071830985915,0.2676056338028169,1.3661971830985915,0.44653798142109913,0.44140171116770943,0.0,0.0,6229.098591549296,146.61971830985917,0.0,193.8450704225352,0.0,2139.0140845070423,0.0,293.23943661971833,4715.732394366197,0.0,0.0,0.0,0.0,7881.450704225352
999,0.32490021248167705,0.3354605778756413,0.10455968853728734,0.10966829495785164,0.9890985858269821,0.9891763036667566,34.0,37.0,227.07549019607845,234.18558558558559,73.52282352941177,70.79558918918919,57.96245588235294,57.95205135135136,18.275808823529417,17.313716216216214,9.901408450704226,0.0,517.5352112676056,7109.774647887324,13846.845070422536,23.43211267605633,71.09774647887325,72.10158873239438,17.774436619718312,18.02539718309859,90.12698591549294,57.95703380281691,0.0,1.0,1.0,1.0,-0.2074382042253523,1.5211267605633803,0.0,0.0,3.629881690140843,0.28169014084507044,1.3943661971830985,0.42224558850401755,0.45701867059116585,0.0,0.0,6496.154929577465,148.5211267605634,0.0,196.81690140845072,0.0,2343.211267605634,0.0,297.0422535211268,4766.56338028169,0.0,0.0,0.0,0.0,7350.69014084507
