,P1_EXPERIENCE_U,P2_EXPERIENCE_U,P1_WOM_U,P2_WOM_U,P1_MARKETING_U,P2_MARKETING_U,P1_OUT,P2_OUT,P1_IDLE_TIME,P2_IDLE_TIME,P1_REVENUE,P2_REVENUE,P1_ACTUAL_INC,P2_ACTUAL_INC,P1_COST,P2_COST,nRIDES,nREJECTED,nDAYS_WORKED,DRIVING_TIME,IDLE_TIME,PICKUP_DIST,DRIVING_DIST,REVENUE,COST,COMMISSION,TRIP_FARE,ACTUAL_INC,OUT,mu,P1_INFORMED,P2_INFORMED,inc_dif,platform_id,P1_hate,P2_hate,MIN_WAGE_SUB,TOM_OUT,TOM_platform_id,P1_U,P2_U,STARTS_DAY,OPENS_APP,RECEIVES_REQUEST,ACCEPTS_REQUEST,REJECTS_REQUEST,IS_ACCEPTED_BY_TRAVELLER,IS_REJECTED_BY_TRAVELLER,ARRIVES_AT_PICKUP,MEETS_TRAVELLER_AT_PICKUP,DEPARTS_FROM_PICKUP,ARRIVES_AT_DROPOFF,CONTINUES_SHIFT,STARTS_REPOSITIONING,REPOSITIONED,DECIDES_NOT_TO_DRIVE,ENDS_SHIFT
0,0.010000000000000007,0.010000000000000007,0.010000000000000007,0.010000000000000007,0.01164647635198195,0.011646476351981945,0.0,0.0,,,,,,,,,,,,,,,,,,,,,,,,,,,,,,,,,,,,,,,,,,,,,,,,,
1,0.010072678516704701,0.010048452344469804,0.008200000000000006,0.008200000000000006,0.013777025043676519,0.013656006958748364,3.0,2.0,275.8277777777778,163.35,28.146133333333335,56.775999999999996,57.6,57.6,11.944166666666666,28.0175,6.8,0.0,1.0,7349.4,13850.2,36.428000000000004,73.494,39.598079999999996,18.3735,9.899519999999999,49.4976,57.6,0.0,1.0,0.8,0.6,-0.2000000000000001,1.4,0.0,0.0,36.375420000000005,1.0,1.0,0.012907140668187829,0.012584125038389182,0.0,0.0,6460.6,59.4,0.0,136.0,0.0,3642.8,0.0,204.0,3706.6,0.0,0.0,0.0,0.0,7389.6
2,0.010121130861174497,0.010121130861174497,0.007049901096957955,0.00729999443007959,0.01625486848021412,0.016262748235184837,2.0,3.0,165.75,173.02222222222224,58.2256,53.181333333333335,57.6,57.6,27.885,26.545833333333334,9.4,0.0,1.0,10832.6,10206.8,56.54600000000001,108.326,55.199040000000004,27.0815,13.799759999999997,68.9988,57.6,0.0,1.0,0.4,0.8,-0.2000000000000001,1.6,0.0,0.0,29.482460000000003,1.0,1.0,0.011876187557583772,0.01190714066818783,0.0,0.0,3225.2,89.6,0.0,188.0,0.0,5654.6,0.0,282.0,5178.0,0.0,0.0,0.0,0.0,6981.6
3,0.010218035550114088,0.010242261722348987,0.006249889204303665,0.006149895527037538,0.019023581680183095,0.019345682096363212,4.0,5.0,176.54166666666666,170.93333333333334,64.13040000000001,57.22080000000001,57.6,57.6,25.975,26.829500000000003,10.444444444444445,0.0,1.0,10579.888888888889,10405.555555555555,49.90555555555556,105.79888888888891,60.291733333333326,26.449722222222228,15.072933333333332,75.36466666666666,57.60000000000001,0.0,1.0,0.5555555555555556,0.6666666666666666,-0.19999999999999998,1.5555555555555556,0.0,0.0,23.757988888888885,1.0,1.0,0.012300950046067018,0.012563489631319808,0.0,0.0,3429.8888888888887,91.33333333333333,0.0,208.88888888888889,0.0,4990.555555555556,0.0,313.3333333333333,5589.333333333333,0.0,0.0,0.0,0.0,6975.666666666667
4,0.010339166411288578,0.010314940239053678,0.0056497776707052794,0.005549884387196707,0.023099854549449607,0.02194454361782898,5.0,3.0,155.38,140.12777777777777,67.96928,62.36533333333333,57.6,57.6,29.237000000000002,31.51,10.5,0.0,1.0,12035.75,8979.625,60.056250000000006,120.35749999999999,65.8678,30.089374999999997,16.466949999999997,82.33474999999999,57.60000000000001,0.0,1.0,0.75,0.75,-0.2,1.375,0.0,0.0,21.821575000000006,0.875,1.125,0.012562830277706133,0.010604101091844878,0.0,0.0,2361.625,58.625,0.0,210.0,0.0,6005.625,0.0,315.0,6030.125,0.0,0.0,0.0,0.0,6618.0
5,0.01047177473958423,0.010518955846061457,0.0049999587670281325,0.004899488775028498,0.025351421326072345,0.025261633893892972,5.0,7.0,137.25333333333336,187.21190476190478,78.15423999999999,51.162285714285716,57.6,57.60000000000001,31.764,24.536785714285713,10.0,0.0,1.3333333333333333,11019.25,9983.75,51.81833333333333,110.19250000000001,62.408933333333344,27.548125000000002,15.60223333333333,78.01116666666665,57.600000000000016,0.0,1.0,0.8333333333333334,0.75,-0.20000000000000007,1.5833333333333333,0.0,0.0,22.739191666666667,0.6666666666666666,1.3333333333333333,0.011908560784152485,0.014252754790984666,0.0,0.0,3238.1666666666665,96.5,0.0,199.5,0.0,5181.833333333333,0.0,300.0,5837.416666666667,0.0,0.0,0.0,0.0,6745.583333333333
6,0.01067706158458458,0.010722971453069234,0.004550052100149767,0.0044495773308096094,0.029418559187015345,0.029587822687986525,8.0,7.0,182.94791666666666,193.18333333333334,61.24400000000001,51.10285714285715,57.60000000000001,57.60000000000001,25.0134375,23.547857142857143,9.733333333333333,0.0,1.4666666666666666,9731.8,11263.466666666667,45.88133333333334,97.31800000000001,56.51146666666667,24.329500000000003,14.127866666666664,70.63933333333334,57.600000000000016,0.0,1.0,0.9333333333333333,0.9333333333333333,-0.20000000000000004,1.4666666666666666,0.0,0.0,25.41803333333333,1.0,1.0,0.012736473008663826,0.012723955641895308,0.0,0.0,4308.533333333334,117.46666666666667,0.0,194.26666666666668,0.0,4588.133333333333,0.0,292.0,5143.666666666667,0.0,0.0,0.0,0.0,6954.933333333333
7,0.01079819244575907,0.01084410231424373,0.004300432815868878,0.004148695491953846,0.03290550114158254,0.03284060822766813,5.0,5.0,123.43,125.93,83.67808000000001,66.4768,57.6,57.6,33.672000000000004,33.503499999999995,12.6,0.0,1.2,13435.1,7480.8,65.274,134.351,75.07744,33.58775,18.769359999999995,93.84680000000002,57.60000000000001,0.0,1.0,0.8,0.8,-0.2,1.5,0.0,0.0,16.110309999999995,1.0,1.0,0.010907140668187827,0.011406157482700423,0.0,0.0,977.5,53.1,0.0,252.0,0.0,6527.4,0.0,378.0,6907.7,0.0,0.0,0.0,0.0,6503.3
8,0.010906978206681892,0.011049389159244074,0.0041008886533652695,0.0038993623300422487,0.03775671611399305,0.03628659634363099,4.0,8.0,113.5625,143.325,86.99040000000001,63.411,58.50535,57.60000000000001,35.294375,30.849062500000002,12.0,0.0,1.0833333333333333,12932.333333333334,8004.25,62.084166666666675,129.32333333333335,71.27080000000001,32.33083333333334,17.8177,89.0885,57.90178333333335,0.0,1.0,0.75,0.8333333333333334,-0.2062871527777778,1.6666666666666667,0.0,0.0,18.961816666666664,1.0,1.0,0.010157045688244366,0.012871812663595817,0.0,0.0,1608.0,64.08333333333333,0.0,238.33333333333334,0.0,6208.416666666667,0.0,360.0,6723.916666666667,0.0,0.0,0.0,0.0,6396.25
9,0.011136491223917142,0.011181997487539732,0.003950661599449479,0.0038486731165939757,0.043035589887968344,0.040741982788021346,9.0,5.0,175.75,113.93333333333334,67.86204444444445,78.17600000000002,57.60000000000001,57.6,26.04361111111111,35.1765,11.214285714285714,0.0,1.3571428571428572,11722.142857142857,9220.357142857143,51.01142857142857,117.22142857142856,71.54560000000001,29.30535714285714,17.8864,89.43199999999999,57.600000000000016,0.0,1.0,1.0,0.9285714285714286,-0.20000000000000004,1.3571428571428572,0.0,0.0,15.359757142857143,0.8571428571428571,1.0714285714285714,0.012319832540102993,0.011129694097254474,0.0,0.0,2752.1428571428573,97.28571428571429,0.0,222.78571428571428,0.0,5101.142857142857,0.0,336.42857142857144,6621.0,0.0,0.0,0.0,0.0,6468.214285714285
10,0.011401707880508457,0.011419229492965137,0.00395083746613212,0.003749154285124372,0.04803117384308504,0.044591978997373,10.0,7.0,175.315,150.72619047619048,64.10015999999999,61.63542857142857,57.60000000000001,57.60000000000001,26.223750000000003,29.823928571428574,10.294117647058824,0.0,1.588235294117647,11082.470588235294,9911.411764705883,52.917647058823526,110.82470588235294,63.08527058823529,27.706176470588236,15.771317647058819,78.85658823529411,57.600000000000016,0.0,1.0,0.9411764705882353,0.8235294117647058,-0.20000000000000007,1.411764705882353,0.0,0.0,22.22090588235294,1.0,1.0,0.012872131827249835,0.013633383141808666,0.0,0.0,3152.8823529411766,90.41176470588235,0.0,205.88235294117646,0.0,5291.764705882353,0.0,308.8235294117647,5790.705882352941,0.0,0.0,0.0,0.0,6758.529411764706
11,0.011689879471342096,0.011672968682435288,0.00385121211805769,0.0035997318195882576,0.05352814471160655,0.04954057278979954,10.0,10.0,160.36,184.235,68.08768,52.458400000000005,57.60000000000001,57.60000000000001,28.424,24.893,9.85,0.0,1.6,10663.4,10337.85,50.97350000000001,106.63399999999999,60.273040000000016,26.658499999999997,15.068259999999995,75.3413,57.6,0.0,1.0,0.95,0.95,-0.20000000000000004,1.5,0.0,0.0,23.985459999999993,0.95,1.0,0.013090140335633766,0.011071680276777325,0.0,0.0,3769.0,106.6,0.0,195.65,0.0,5097.35,0.0,295.5,5566.05,0.0,0.0,0.0,0.0,6568.85
12,0.01189902581043752,0.011878255527435638,0.0036508042060893896,0.003549025332218828,0.05805571564735001,0.055650813648330494,7.0,8.0,134.57380952380953,150.78958333333333,78.01828571428572,61.58400000000002,57.60000000000001,57.60000000000001,32.11035714285714,29.8884375,11.133333333333333,0.0,1.6,12370.133333333333,8593.333333333334,58.96866666666666,123.70133333333334,69.25333333333333,30.925333333333334,17.313333333333333,86.56666666666666,57.600000000000016,0.0,1.0,1.0,1.0,-0.2000000000000001,1.5333333333333334,0.0,0.0,19.272000000000002,0.8,1.1333333333333333,0.012195970091118632,0.012961685829266368,0.0,0.0,2215.6,78.86666666666666,0.0,222.66666666666666,0.0,5896.866666666667,0.0,334.0,6473.266666666666,0.0,0.0,0.0,0.0,6377.733333333334
13,0.012275212879192102,0.012038949522061271,0.003650977113686564,0.0034990185693303875,0.06515535592037434,0.060679471687080835,12.0,5.0,215.88194444444443,130.19,57.13039999999999,75.49440000000001,57.600000000000016,57.6,20.197083333333335,32.732000000000006,10.058823529411764,0.0,2.0588235294117645,9553.529411764706,11440.70588235294,38.413529411764706,95.53529411764706,62.53157647058823,23.883823529411764,15.632894117647053,78.16447058823529,57.600000000000016,0.0,1.0,1.0,1.0,-0.20000000000000007,1.2941176470588236,0.0,0.0,18.952247058823527,0.8823529411764706,1.1176470588235294,0.01566543248030341,0.012275757220262784,0.0,0.0,4653.0,102.82352941176471,0.0,200.1764705882353,0.0,3841.3529411764707,0.0,301.7647058823529,5712.176470588235,0.0,0.0,0.0,0.0,6787.705882352941
14,0.012592741374348284,0.01236409599024354,0.0035515366932533155,0.0034982144247959123,0.07140362962712768,0.06810939194165395,11.0,12.0,208.4878787878788,229.9138888888889,51.74865454545455,42.75000000000001,57.600000000000016,57.600000000000016,21.471136363636365,18.33229166666667,7.6521739130434785,0.0,1.7391304347826086,7933.391304347826,13180.0,35.48304347826087,79.33391304347826,47.05370434782609,19.833478260869565,11.763426086956517,58.817130434782605,57.59999999999999,0.0,1.0,1.0,1.0,-0.2000000000000001,1.5217391304347827,0.0,0.0,30.379773913043476,0.9130434782608695,1.0434782608695652,0.012684527820226115,0.012304352107349387,0.0,0.0,5404.913043478261,103.6086956521739,0.0,152.43478260869566,0.0,3548.304347826087,0.0,229.56521739130434,4385.086956521739,0.0,0.0,0.0,0.0,7775.086956521739
15,0.012865597260407305,0.012696961446615963,0.0035515961177804913,0.0034989557913274703,0.07702949833554809,0.07468035424211943,10.0,10.0,162.97,200.10666666666665,70.85568,51.16160000000001,57.84458000000001,57.60000000000001,27.996000000000002,22.544,9.8,0.0,1.85,10108.0,10892.3,44.69500000000001,101.08,61.008640000000014,25.27,15.25216,76.2608,57.72229,0.0,1.0,0.95,0.95,-0.20254770833333335,1.5,0.0,0.0,21.983649999999997,0.95,1.05,0.011752260820195355,0.01499233943898735,0.0,0.0,3817.5,109.15,0.0,195.55,0.0,4469.5,0.0,294.0,5638.5,0.0,0.0,0.0,0.0,7074.8
16,0.013211211421893465,0.012917039739976353,0.0035518522165269625,0.0034982469088028108,0.08342463418647605,0.08177845089465682,11.0,6.0,234.31363636363636,132.25833333333333,51.377745454545455,70.31866666666667,57.600000000000016,57.6,17.583409090909093,32.53208333333333,9.117647058823529,0.0,2.0,9143.764705882353,11897.64705882353,37.36941176470588,91.43764705882353,58.06277647058823,22.859411764705882,14.515694117647051,72.5784705882353,57.600000000000016,0.0,1.0,0.9411764705882353,1.0,-0.20000000000000007,1.3529411764705883,0.0,0.0,22.39663529411765,0.9411764705882353,1.0,0.014603615677741781,0.012973155508057273,0.0,0.0,4908.941176470588,102.0,0.0,182.05882352941177,0.0,3736.9411764705883,0.0,273.52941176470586,5406.823529411765,0.0,0.0,0.0,0.0,6988.705882352941
17,0.013563661618286505,0.013098100412741807,0.0035029169192554227,0.0034982184701434675,0.0931769956528558,0.0900337634627512,10.0,7.0,196.145,131.35238095238094,63.01504,71.59657142857144,57.60000000000001,57.60000000000001,23.072499999999998,32.59321428571428,10.764705882352942,0.0,1.8823529411764706,10797.117647058823,10167.941176470587,46.205882352941174,107.97117647058823,66.54861176470588,26.99279411764706,16.63715294117647,83.18576470588233,57.600000000000016,0.0,1.0,1.0,0.9411764705882353,-0.20000000000000007,1.411764705882353,0.0,0.0,18.044182352941178,0.8235294117647058,1.0588235294117647,0.015029608635121957,0.011902926806108485,0.0,0.0,3049.235294117647,96.11764705882354,0.0,214.88235294117646,0.0,4620.588235294118,0.0,322.94117647058823,6176.529411764706,0.0,0.0,0.0,0.0,7118.705882352941
18,0.013956456886249888,0.013290638552628424,0.0035036920855525994,0.003498103892420882,0.10101545177194435,0.09896168215659115,12.0,7.0,233.60694444444442,131.04761904761907,48.21413333333334,68.45828571428572,57.600000000000016,57.60000000000001,17.766250000000003,32.63,9.210526315789474,0.0,2.0526315789473686,9296.947368421053,11749.315789473685,41.536842105263155,92.96947368421053,55.67250526315789,23.242368421052632,13.91812631578947,69.59063157894738,57.6,0.0,1.0,1.0,0.9473684210526315,-0.2000000000000001,1.368421052631579,0.0,0.0,25.169863157894735,0.7894736842105263,1.105263157894737,0.014787041807089507,0.012757732453775475,0.0,0.0,5090.631578947368,92.57894736842105,0.0,183.8421052631579,0.0,4153.684210526316,0.0,276.3157894736842,5143.263157894737,0.0,0.0,0.0,0.0,6658.684210526316
19,0.014328885476073461,0.013642599449148106,0.0035052760041181115,0.0034981847715668153,0.10910688743256985,0.10671948585182388,10.0,11.0,222.52,192.71060606060607,51.80736,52.444363636363626,57.60000000000001,57.600000000000016,19.362,23.648863636363636,8.714285714285714,0.0,2.380952380952381,8643.0,12414.333333333334,37.69333333333333,86.42999999999999,52.14102857142858,21.607499999999998,13.03525714285714,65.17628571428573,57.599999999999994,0.0,1.0,1.0,1.0,-0.2000000000000001,1.5238095238095237,0.0,0.0,27.06647142857143,0.9523809523809523,1.0476190476190477,0.015217893325377395,0.013929080728336889,0.0,0.0,4822.476190476191,106.76190476190476,0.0,173.47619047619048,0.0,3769.3333333333335,0.0,261.42857142857144,4873.666666666667,0.0,0.0,0.0,0.0,7591.857142857143
20,0.014620916561002178,0.013882318695511948,0.0035077292980472243,0.003498930661569215,0.12028418686997852,0.11517062378338981,9.0,8.0,166.63148148148147,154.26666666666668,65.9633777777778,64.43100000000001,57.60000000000001,57.60000000000001,27.402777777777782,29.302812500000005,10.764705882352942,0.0,2.2941176470588234,11318.764705882353,9648.764705882353,52.690588235294115,113.18764705882352,65.24225882352941,28.29691176470588,16.31056470588235,81.55282352941177,57.600000000000016,0.0,1.0,1.0,1.0,-0.20000000000000004,1.4705882352941178,0.0,0.0,20.654652941176465,0.8235294117647058,1.1176470588235294,0.015274988323839542,0.012323462846204242,0.0,0.0,2647.4117647058824,93.23529411764706,0.0,215.2941176470588,0.0,5269.058823529412,0.0,322.94117647058823,6049.705882352941,0.0,0.0,0.0,0.0,7001.35294117647
21,0.01493844505615836,0.01431853659102155,0.003509388549106647,0.003499793370566359,0.12973864309198319,0.124092471085616,11.0,11.0,206.35,225.5439393939394,55.51738181818182,45.00727272727273,57.600000000000016,57.600000000000016,21.733636363636368,18.890454545454546,8.227272727272727,0.0,2.6818181818181817,8124.818181818182,12956.818181818182,34.72454545454545,81.24818181818183,50.26232727272729,20.31204545454546,12.565581818181814,62.827909090909095,57.599999999999994,0.0,1.0,1.0,1.0,-0.2000000000000001,1.5,0.0,0.0,27.649718181818177,0.9090909090909091,1.0909090909090908,0.014304872987517613,0.01648590178249712,0.0,0.0,5237.909090909091,106.81818181818181,0.0,163.72727272727272,0.0,3472.4545454545455,0.0,246.8181818181818,4652.363636363636,0.0,0.0,0.0,0.0,7718.909090909091
22,0.015231747379079648,0.01471464584022381,0.0034623808102098603,0.003500627464976697,0.1379750359128469,0.13309352971376393,10.0,10.0,238.4116666666667,149.70333333333335,47.708800000000004,64.3912,57.60000000000001,57.60000000000001,17.0045,29.92525,9.4,0.0,2.5,9385.95,11643.45,41.040000000000006,93.8595,56.05000000000001,23.464875,14.012499999999998,70.06250000000001,57.6,0.0,1.0,1.0,1.0,-0.20000000000000004,1.5,0.0,0.0,25.014874999999996,0.9,1.05,0.013944644841211084,0.01605569784799644,0.0,0.0,4581.95,99.6,0.0,188.0,0.0,4104.0,0.0,282.0,5281.95,0.0,0.0,0.0,0.0,7061.5
23,0.015580386211085588,0.015171956139009608,0.0034650983630832425,0.003455421109228519,0.14708279421391574,0.1439629215679643,9.0,13.0,175.85185185185185,209.17564102564103,68.6848,52.006769230769244,57.60000000000001,57.600000000000016,26.065555555555555,21.129807692307693,9.818181818181818,0.0,2.772727272727273,9259.59090909091,11732.59090909091,37.63999999999999,92.5959090909091,58.829600000000006,23.148977272727276,14.7074,73.537,57.599999999999994,0.0,1.0,1.0,1.0,-0.20000000000000007,1.5909090909090908,0.0,0.0,21.91937727272727,0.8636363636363636,1.0909090909090908,0.015720491267917944,0.015675292613834158,0.0,0.0,4897.909090909091,115.9090909090909,0.0,196.36363636363637,0.0,3764.0,0.0,294.54545454545456,5495.590909090909,0.0,0.0,0.0,0.0,6834.681818181818
24,0.015812487484423345,0.015657174857946692,0.003465812836593422,0.003457532319517413,0.1559315810479041,0.15300493403471654,7.0,13.0,129.4047619047619,244.8230769230769,79.66034285714285,41.48307692307693,57.60000000000001,57.600000000000016,32.94571428571429,16.112115384615386,8.9,0.0,2.95,8801.55,12265.6,36.736000000000004,88.0155,54.84512000000001,22.003875,13.711279999999997,68.5564,57.6,0.0,1.0,1.0,1.0,-0.20000000000000004,1.65,0.0,0.0,24.758754999999997,0.95,1.05,0.01622510053276424,0.016983662029830197,0.0,0.0,5221.6,87.0,0.0,177.85,0.0,3673.6,0.0,267.0,5127.95,0.0,0.0,0.0,0.0,7044.0
25,0.01614480742793957,0.01584844175984074,0.0034668502414639314,0.0034079599077026994,0.16465330146183324,0.16246488268495932,9.0,6.0,144.64814814814815,136.375,75.40622222222223,66.86800000000001,57.60000000000001,57.6,30.694444444444443,31.872500000000002,11.333333333333334,0.0,2.2666666666666666,12466.266666666666,8480.333333333334,58.44199999999999,124.66266666666668,71.99093333333333,31.16566666666667,17.99773333333333,89.98866666666665,57.600000000000016,0.0,1.0,1.0,1.0,-0.20000000000000007,1.4,0.0,0.0,16.774733333333327,1.0,1.0666666666666667,0.015342007827328493,0.013187869950996795,0.0,0.0,1992.4,85.73333333333333,0.0,226.66666666666666,0.0,5844.2,0.0,340.0,6622.066666666667,0.0,0.0,0.0,0.0,6487.933333333333
26,0.016513376523668067,0.016211880123481584,0.003467853477018704,0.0034082781371970144,0.17564897962127804,0.17317924998412568,11.0,11.0,180.68939393939394,174.80151515151516,64.38341818181817,53.68945454545455,57.600000000000016,57.600000000000016,25.34568181818182,26.361136363636362,9.590909090909092,0.0,2.909090909090909,10341.363636363636,10664.727272727272,48.595909090909096,103.41363636363634,59.036436363636376,25.853409090909086,14.759109090909089,73.79554545454548,57.599999999999994,0.0,1.0,1.0,1.0,-0.2000000000000001,1.5,0.0,0.0,24.41697272727272,0.8636363636363636,1.0,0.016197302894559465,0.01626659385197428,0.0,0.0,3611.2272727272725,114.13636363636364,0.0,191.04545454545453,0.0,4859.590909090909,0.0,287.72727272727275,5481.772727272727,0.0,0.0,0.0,0.0,7053.5
27,0.017008978717912425,0.01667177867836988,0.0034699050196896754,0.0034091966738394736,0.18659757689942666,0.18357519851154755,12.0,11.0,220.14027777777775,153.7909090909091,53.712266666666665,63.307636363636355,57.600000000000016,57.600000000000016,19.69666666666667,29.331590909090906,9.347826086956522,0.0,3.3043478260869565,9721.869565217392,11304.478260869566,42.30347826086957,97.21869565217392,58.30135652173914,24.30467391304348,14.575339130434777,72.87669565217391,57.59999999999999,0.0,1.0,1.0,1.0,-0.2000000000000001,1.4782608695652173,0.0,0.0,23.603317391304348,0.8695652173913043,1.1304347826086956,0.017225839793725918,0.01826187440610457,0.0,0.0,4608.608695652174,105.26086956521739,0.0,186.95652173913044,0.0,4230.347826086957,0.0,280.4347826086956,5491.521739130435,0.0,0.0,0.0,0.0,6695.869565217391
28,0.017328549956314918,0.01711059964206714,0.0034717529676082386,0.0034134425848612237,0.19770170569792747,0.19274877446488592,8.0,9.0,150.925,142.1425925925926,69.70280000000001,62.678222222222225,57.60000000000001,57.60000000000001,29.857187500000006,30.995277777777783,10.941176470588236,0.0,3.0,12183.882352941177,8776.529411764706,60.34352941176471,121.83882352941175,65.98390588235294,30.45970588235294,16.495976470588232,82.47988235294119,57.600000000000016,0.0,1.0,1.0,1.0,-0.20000000000000007,1.5294117647058822,0.0,0.0,22.0758,0.8823529411764706,1.1176470588235294,0.016761195623170633,0.018851056974525018,0.0,0.0,1859.5882352941176,91.76470588235294,0.0,218.58823529411765,0.0,6034.35294117647,0.0,328.2352941176471,6149.529411764706,0.0,0.0,0.0,0.0,6916.941176470588
29,0.017866971013443745,0.017477897499803066,0.003476035984894828,0.003414624683394779,0.20515234816111494,0.2023614239348611,12.0,10.0,226.19027777777777,213.425,50.95226666666667,47.370400000000004,57.600000000000016,57.60000000000001,18.835208333333334,20.68,7.863636363636363,0.0,3.590909090909091,7869.5,13223.272727272728,32.86318181818182,78.69499999999998,49.32414545454546,19.673749999999995,12.33103636363636,61.65518181818181,57.599999999999994,0.0,1.0,1.0,1.0,-0.2000000000000001,1.4545454545454546,0.0,0.0,27.949604545454545,0.8636363636363636,1.0909090909090908,0.019787713873033838,0.017620122966246602,0.0,0.0,6179.909090909091,113.77272727272727,0.0,156.54545454545453,0.0,3286.318181818182,0.0,235.9090909090909,4583.181818181818,0.0,0.0,0.0,0.0,7043.363636363636
30,0.018409010559162508,0.01776479785264413,0.00347583512598709,0.003415548255543426,0.21466658134837516,0.2120127345273889,10.0,9.0,194.03,188.2703703703704,60.22688000000001,52.2008888888889,57.60000000000001,57.60000000000001,23.49975,24.24,9.421052631578947,0.0,3.789473684210526,9540.157894736842,11478.105263157895,43.53368421052632,95.40157894736842,56.42509473684212,23.850394736842105,14.106273684210521,70.53136842105262,57.6,0.0,1.0,1.0,1.0,-0.2000000000000001,1.4736842105263157,0.0,0.0,25.0253,0.9473684210526315,1.0526315789473684,0.024707455062913587,0.015643023963153688,0.0,0.0,4197.421052631579,109.6842105263158,0.0,188.42105263157896,0.0,4353.368421052632,0.0,282.63157894736844,5186.789473684211,0.0,0.0,0.0,0.0,7280.684210526316
31,0.018844682941815908,0.018188267043040003,0.0034783587167877194,0.0034182155566316423,0.2257067974785429,0.2224320570090715,10.0,10.0,184.62666666666667,155.175,60.263040000000004,59.556000000000004,57.60000000000001,57.60000000000001,24.812000000000005,29.109249999999996,9.9,0.0,3.75,10784.25,10194.05,52.008,107.8425,59.909519999999986,26.960625,14.97738,74.88690000000001,57.6,0.0,1.0,1.0,1.0,-0.2000000000000001,1.5,0.0,0.0,24.651104999999998,0.85,1.05,0.019194955019964297,0.01838534640590146,0.0,0.0,3605.1,126.65,0.0,197.05,0.0,5200.8,0.0,297.0,5583.45,0.0,0.0,0.0,0.0,6588.95
32,0.01941783009944064,0.018733693834910792,0.0034814691732208427,0.00342212314425997,0.23723293528128156,0.2327484338453803,10.0,12.0,181.70499999999998,239.91527777777776,66.0672,40.78933333333333,57.60000000000001,57.600000000000016,25.133,16.768125,8.954545454545455,0.0,4.454545454545454,8228.136363636364,12807.363636363636,34.611363636363635,82.28136363636364,52.279272727272726,20.57034090909091,13.06981818181818,65.34909090909092,57.599999999999994,0.0,1.0,1.0,1.0,-0.2000000000000001,1.5454545454545454,0.0,0.0,25.891068181818184,0.8636363636363636,1.0909090909090908,0.024180731907918897,0.01947972959114053,0.0,0.0,5263.909090909091,116.5909090909091,0.0,178.27272727272728,0.0,3461.1363636363635,0.0,268.6363636363636,4767.0,0.0,0.0,0.0,0.0,7543.454545454545
33,0.01998676030451144,0.019221132543272866,0.003486908602119529,0.0034254791241509143,0.24863370660279202,0.24363568473690198,12.0,10.0,198.12222222222223,219.65333333333334,59.653600000000004,46.406400000000005,57.600000000000016,57.60000000000001,22.904583333333335,19.63575,8.727272727272727,0.0,3.772727272727273,8567.5,12474.545454545454,36.51818181818183,85.67499999999997,53.63214545454545,21.418749999999992,13.408036363636363,67.04018181818181,57.599999999999994,0.0,1.0,1.0,1.0,-0.2000000000000001,1.4545454545454546,0.0,0.0,25.386604545454546,0.7727272727272727,1.0909090909090908,0.020288431779755815,0.018443023880199298,0.0,0.0,5393.272727272727,120.5909090909091,0.0,174.54545454545453,0.0,3651.818181818182,0.0,261.8181818181818,4915.681818181818,0.0,0.0,0.0,0.0,7081.272727272727
34,0.02070248038835078,0.019713701983722586,0.003490161692505872,0.00342864947610254,0.2591776682590449,0.2539847277111679,12.0,10.0,220.40972222222223,172.12333333333333,51.12853333333334,54.71360000000001,57.600000000000016,57.60000000000001,19.6725,26.715750000000003,8.727272727272727,0.0,4.045454545454546,9149.59090909091,11907.681818181818,42.579545454545446,91.49590909090911,52.758109090909095,22.873977272727277,13.18952727272727,65.94763636363636,57.599999999999994,0.0,1.0,1.0,1.0,-0.2000000000000001,1.4545454545454546,0.0,0.0,27.71586818181818,0.8636363636363636,1.0454545454545454,0.023351652247574597,0.020141431202437683,0.0,0.0,4804.909090909091,105.36363636363636,0.0,174.54545454545453,0.0,4257.954545454545,0.0,261.8181818181818,4891.636363636364,0.0,0.0,0.0,0.0,7102.772727272727
35,0.02137686397695322,0.020134037405159753,0.003491631387633644,0.0034315706060665287,0.2704583682922069,0.2659057956048215,10.0,11.0,159.0366666666667,188.63939393939393,73.99616,54.4349090909091,57.60000000000001,57.600000000000016,28.49375,24.304318181818186,10.19047619047619,0.0,4.238095238095238,10519.714285714286,10472.57142857143,45.86190476190476,105.1971428571429,63.74979047619046,26.299285714285723,15.937447619047616,79.6872380952381,57.599999999999994,0.0,1.0,1.0,1.0,-0.2000000000000001,1.5238095238095237,0.0,0.0,20.14949523809524,0.8571428571428571,1.0476190476190477,0.025861122867274922,0.019560684709783085,0.0,0.0,3063.904761904762,97.19047619047619,0.0,203.8095238095238,0.0,4586.190476190476,0.0,305.7142857142857,5933.523809523809,0.0,0.0,0.0,0.0,7408.666666666667
36,0.022075185751416426,0.020638810037867016,0.0034980182980852885,0.0034354679288635674,0.2823956973412469,0.2776635318184662,10.0,10.0,176.55833333333334,181.52333333333334,66.08512,53.569600000000015,57.60000000000001,57.60000000000001,25.987000000000002,25.293750000000003,9.7,0.0,4.65,10256.15,10742.45,47.07450000000001,102.56150000000002,59.82736,25.640375000000006,14.956839999999996,74.7842,57.6,0.0,1.0,1.0,1.0,-0.2000000000000001,1.5,0.0,0.0,23.41301500000001,0.95,1.0,0.027398506477331375,0.021994596830064123,0.0,0.0,4019.8,116.35,0.0,193.05,0.0,4707.45,0.0,291.0,5548.7,0.0,0.0,0.0,0.0,6722.65
37,0.023091734631788787,0.021015823846922032,0.003503028097628747,0.0034402972644200763,0.2934716401924323,0.28791618878374153,12.0,9.0,219.09722222222223,165.77962962962962,52.86213333333334,53.955555555555556,57.600000000000016,57.60000000000001,19.797499999999996,27.593611111111112,9.142857142857142,0.0,4.761904761904762,9255.47619047619,11774.809523809523,43.87333333333334,92.5547619047619,53.33074285714286,23.138690476190476,13.332685714285715,66.66342857142857,57.599999999999994,0.0,1.0,1.0,1.0,-0.2000000000000001,1.4285714285714286,0.0,0.0,27.407947619047622,0.9523809523809523,1.0476190476190477,0.03318686149301858,0.01860253633868234,0.0,0.0,4826.285714285715,111.57142857142857,0.0,182.85714285714286,0.0,4387.333333333333,0.0,274.2857142857143,4868.142857142857,0.0,0.0,0.0,0.0,6948.523809523809
38,0.023383220203861303,0.021480307621041778,0.0035057897706389745,0.0034454300583803142,0.3053384042352456,0.29867393736333997,8.0,10.0,144.67708333333334,180.57833333333335,75.2824,57.15680000000001,57.60000000000001,57.60000000000001,30.660312500000003,25.3825,10.722222222222221,0.0,3.888888888888889,11091.277777777777,9877.333333333334,50.1861111111111,110.91277777777778,65.21262222222224,27.728194444444444,16.303155555555556,81.51577777777777,57.60000000000001,0.0,1.0,1.0,1.0,-0.20000000000000007,1.5555555555555556,0.0,0.0,20.115572222222216,0.8333333333333334,1.0555555555555556,0.017933108772893266,0.021510834229431553,0.0,0.0,3049.1666666666665,94.5,0.0,214.22222222222223,0.0,5018.611111111111,0.0,321.6666666666667,6072.666666666667,0.0,0.0,0.0,0.0,6828.166666666667
39,0.02404457197256701,0.022491436694239964,0.0035074622832519686,0.003445628071620379,0.3181431472123377,0.30993526895181556,11.0,12.0,188.9530303030303,226.8361111111111,62.89570909090908,42.45199999999999,57.600000000000016,57.600000000000016,24.235454545454548,18.759791666666665,8.478260869565217,0.0,5.304347826086956,8551.434782608696,12523.08695652174,37.3291304347826,85.51434782608695,52.229426086956515,21.378586956521737,13.057356521739129,65.28678260869565,57.59999999999999,0.0,1.0,1.0,1.0,-0.20000000000000007,1.5217391304347827,0.0,0.0,26.749160869565205,0.9565217391304348,1.0,0.025982712451162005,0.030991341519175576,0.0,0.0,5154.260869565217,102.52173913043478,0.0,167.6086956521739,0.0,3732.913043478261,0.0,254.34782608695653,4818.521739130435,0.0,0.0,0.0,0.0,7368.826086956522
40,0.02485166787073066,0.0232108824150587,0.0035106352781415443,0.0034499666334949332,0.3300934369499663,0.3220008862252659,11.0,11.0,180.2121212121212,240.26060606060608,64.20189090909092,36.43781818181819,57.600000000000016,57.600000000000016,25.522500000000004,16.827727272727273,8.181818181818182,0.0,5.090909090909091,8470.045454545454,12614.181818181818,38.85045454545454,84.70045454545453,50.31985454545454,21.175113636363633,12.579963636363631,62.899818181818176,57.599999999999994,0.0,1.0,1.0,1.0,-0.2000000000000001,1.5,0.0,0.0,28.4552590909091,0.9090909090909091,1.0909090909090908,0.027608928648174717,0.02893284040944183,0.0,0.0,5090.863636363636,105.68181818181819,0.0,163.63636363636363,0.0,3885.0454545454545,0.0,245.45454545454547,4585.0,0.0,0.0,0.0,0.0,7523.318181818182
41,0.02551672372741052,0.023934501699368362,0.0035183775751758645,0.0034536155830696548,0.34119156922323496,0.3343680517564475,12.0,9.0,213.7611111111111,150.50925925925924,57.05413333333334,63.439111111111124,57.600000000000016,57.60000000000001,20.53854166666667,29.825555555555557,9.476190476190476,0.0,4.476190476190476,9807.47619047619,11199.190476190477,42.250952380952384,98.07476190476189,59.7905523809524,24.51869047619047,14.947638095238094,74.73819047619047,57.599999999999994,0.0,1.0,1.0,1.0,-0.2000000000000001,1.4285714285714286,0.0,0.0,22.328138095238092,0.9047619047619048,1.0476190476190477,0.021797989666232025,0.02608124304676871,0.0,0.0,4151.952380952381,118.52380952380952,0.0,189.52380952380952,0.0,4225.0952380952385,0.0,284.2857142857143,5582.380952380952,0.0,0.0,0.0,0.0,7047.238095238095
42,0.026818520563679903,0.02460943080082702,0.0035262039282278356,0.0034593489032755786,0.35232521079932605,0.3445201067416655,11.0,11.0,158.4348484848485,187.72272727272727,70.91403636363637,53.10690909090909,57.600000000000016,57.600000000000016,28.62568181818182,24.389772727272728,9.818181818181818,0.0,5.7272727272727275,10603.09090909091,10384.727272727272,48.430454545454545,106.03090909090908,62.010472727272735,26.50772727272727,15.502618181818178,77.51309090909093,57.599999999999994,0.0,1.0,1.0,1.0,-0.2000000000000001,1.5,0.0,0.0,22.097254545454547,0.8636363636363636,1.0909090909090908,0.04021307697108198,0.02503092942282046,0.0,0.0,3700.3636363636365,120.27272727272727,0.0,196.36363636363637,0.0,4843.045454545455,0.0,294.54545454545456,5760.045454545455,0.0,0.0,0.0,0.0,6684.363636363636
43,0.027720679260949455,0.02542106556305761,0.0035376036162782813,0.003465443984412599,0.36472699904884814,0.35548275430097215,12.0,11.0,250.07222222222222,215.93181818181816,43.85359999999999,47.729454545454544,57.600000000000016,57.600000000000016,15.349166666666664,20.187727272727276,7.913043478260869,0.0,5.739130434782608,7065.304347826087,14024.652173913044,28.51173913043479,70.65304347826088,45.707269565217395,17.66326086956522,11.426817391304343,57.13408695652174,57.59999999999999,0.0,1.0,1.0,1.0,-0.2000000000000001,1.4782608695652173,0.0,0.0,29.555991304347824,1.0,1.0,0.03557620452088403,0.03338453679838973,0.0,0.0,6844.739130434783,113.47826086956522,0.0,158.17391304347825,0.0,2851.1739130434785,0.0,237.3913043478261,4214.130434782609,0.0,0.0,0.0,0.0,7179.913043478261
44,0.028247619683833186,0.026152714476133876,0.003545434672311193,0.003471506740259117,0.37623718517395516,0.3666336741715181,7.0,11.0,131.76904761904763,205.4469696969697,78.6784,48.911272727272724,57.60000000000001,57.600000000000016,32.41964285714286,21.800909090909098,10.166666666666666,0.0,5.111111111111111,10372.166666666666,10607.666666666666,47.57944444444445,103.72166666666665,60.48737777777779,25.930416666666662,15.121844444444442,75.60922222222223,57.60000000000001,0.0,1.0,1.0,1.0,-0.20000000000000007,1.6111111111111112,0.0,0.0,23.043038888888887,0.9444444444444444,1.0555555555555556,0.029424539215402914,0.026078961642470297,0.0,0.0,3671.5555555555557,110.83333333333333,0.0,203.33333333333334,0.0,4757.944444444444,0.0,305.0,5614.222222222223,0.0,0.0,0.0,0.0,6936.111111111111
45,0.029586636134279712,0.02706393598244797,0.0035548212129843408,0.003481541114348971,0.388573934507942,0.37812704597874747,11.0,10.0,183.46060606060607,207.86499999999998,65.08858181818184,49.83840000000001,57.600000000000016,57.60000000000001,25.027954545454545,21.36025,9.428571428571429,0.0,6.476190476190476,9312.57142857143,11704.904761904761,39.96761904761905,93.12571428571427,57.82659047619048,23.281428571428567,14.456647619047615,72.28323809523809,57.599999999999994,0.0,1.0,1.0,1.0,-0.2000000000000001,1.4761904761904763,0.0,0.0,23.054838095238093,0.8571428571428571,1.0952380952380953,0.04477528993918169,0.036010069177284054,0.0,0.0,4685.333333333333,110.85714285714286,0.0,187.8095238095238,0.0,3996.7619047619046,0.0,282.85714285714283,5315.809523809524,0.0,0.0,0.0,0.0,7019.571428571428
46,0.030532139111423103,0.027910909083458568,0.0035610074285118295,0.003485629398882784,0.39724678092242355,0.39010473204248464,7.0,10.0,119.23333333333333,180.95499999999998,85.63337142857142,53.37120000000001,58.26442857142858,57.60000000000001,34.347500000000004,25.382250000000003,11.0,0.0,6.411764705882353,11629.529411764706,9332.411764705883,54.44529411764705,116.29529411764706,66.65562352941177,29.073823529411765,16.66390588235294,83.31952941176472,57.87358823529413,0.0,1.0,1.0,1.0,-0.20569975490196088,1.588235294117647,0.0,0.0,20.291788235294113,0.8823529411764706,1.0588235294117647,0.048705347307195584,0.03253791727254552,0.0,0.0,2546.764705882353,87.94117647058823,0.0,219.11764705882354,0.0,5444.529411764706,0.0,330.0,6185.0,0.0,0.0,0.0,0.0,6785.64705882353
47,0.031183390788914453,0.02888022228965963,0.003566158989517493,0.0034940742609799787,0.4074424010691968,0.401605465279314,11.0,10.0,198.89242424242423,162.76166666666668,60.86603636363636,57.80320000000002,57.600000000000016,57.60000000000001,22.758181818181814,28.102750000000004,9.333333333333334,0.0,5.9523809523809526,10121.285714285714,10901.238095238095,45.573333333333345,101.21285714285713,59.40754285714287,25.303214285714283,14.85188571428571,74.25942857142857,57.599999999999994,0.0,1.0,1.0,1.0,-0.2000000000000001,1.4761904761904763,0.0,0.0,23.49567142857142,0.9047619047619048,1.0952380952380953,0.029148553961588646,0.03667348323131171,0.0,0.0,3998.1428571428573,109.80952380952381,0.0,186.66666666666666,0.0,4557.333333333333,0.0,280.0,5563.952380952381,0.0,0.0,0.0,0.0,6903.0952380952385
48,0.03174542874609553,0.029370307455272388,0.0035702424398395155,0.0035023342117857063,0.41805180245602275,0.41473169417049505,11.0,8.0,181.85,145.25208333333333,62.63185454545454,64.50100000000002,57.600000000000016,57.60000000000001,25.29022727272727,30.567812500000002,10.263157894736842,0.0,4.315789473684211,11004.947368421053,9986.421052631578,51.43368421052632,110.04947368421053,63.418863157894734,27.51236842105263,15.854715789473682,79.27357894736845,57.6,0.0,1.0,1.0,1.0,-0.2000000000000001,1.4210526315789473,0.0,0.0,21.693505263157892,0.9473684210526315,1.0,0.02024404922070401,0.02519075192481672,0.0,0.0,3125.8947368421054,94.52631578947368,0.0,205.21052631578948,0.0,5143.368421052632,0.0,307.89473684210526,5861.578947368421,0.0,0.0,0.0,0.0,6860.526315789473
49,0.032716034551144364,0.03023055274604512,0.003577833452127363,0.003511404109396715,0.42725414583725757,0.4262327835833559,11.0,12.0,213.11818181818182,221.17083333333332,54.18618181818183,45.082,57.600000000000016,57.600000000000016,20.662272727272725,19.519791666666666,8.391304347826088,0.0,6.043478260869565,8026.478260869565,13039.173913043478,34.65260869565218,80.26478260869565,49.436173913043476,20.066195652173914,12.359043478260869,61.79521739130435,57.59999999999999,0.0,1.0,1.0,1.0,-0.2000000000000001,1.5217391304347827,0.0,0.0,28.230021739130432,0.9130434782608695,1.0869565217391304,0.037859682268128865,0.029170627034710996,0.0,0.0,5544.652173913043,114.3913043478261,0.0,167.2173913043478,0.0,3465.2608695652175,0.0,251.7391304347826,4561.217391304348,0.0,0.0,0.0,0.0,7494.521739130435
50,0.033559541250449854,0.031206633643853565,0.0035879246521190993,0.0035194104410452088,0.43831844007895265,0.4365176430925323,8.0,11.0,113.96041666666666,178.0469696969697,87.17680000000001,62.62981818181818,57.60000000000001,57.600000000000016,35.174375000000005,25.849545454545456,10.947368421052632,0.0,6.894736842105263,11910.315789473685,9063.78947368421,55.86947368421054,119.10315789473684,72.96538947368423,29.77578947368421,18.241347368421046,91.20673684210527,57.6,0.0,1.0,1.0,1.0,-0.2000000000000001,1.5789473684210527,0.0,0.0,14.4104,0.8947368421052632,1.0,0.05069808012653858,0.04162455136049976,0.0,0.0,2081.157894736842,77.52631578947368,0.0,218.94736842105263,0.0,5586.9473684210525,0.0,328.42105263157896,6323.368421052632,0.0,0.0,0.0,0.0,6982.631578947368
51,0.035099584315594894,0.03172476108673327,0.003600431703116899,0.0035283979344176834,0.4490843336421493,0.4461328965642382,14.0,8.0,251.70357142857145,136.05833333333334,44.324799999999996,77.61600000000001,57.600000000000016,57.60000000000001,15.106249999999998,31.960000000000004,8.681818181818182,0.0,6.0,8493.954545454546,12579.045454545454,36.28636363636363,84.93954545454545,56.430690909090906,21.234886363636363,14.107672727272723,70.53836363636364,57.599999999999994,0.0,1.0,1.0,1.0,-0.2000000000000001,1.3636363636363635,0.0,0.0,22.404195454545455,1.0,1.0,0.05829604570343254,0.02774418855299371,0.0,0.0,5310.409090909091,92.36363636363636,0.0,173.1818181818182,0.0,3628.6363636363635,0.0,260.45454545454544,4865.318181818182,0.0,0.0,0.0,0.0,7268.636363636364
52,0.035968642586371655,0.03273826666067445,0.0036186682852526173,0.003536958991815836,0.45767245794791067,0.4558035790533349,11.0,12.0,185.9409090909091,200.475,60.49221818181818,57.83573333333334,57.600000000000016,57.600000000000016,24.702954545454546,22.465208333333337,9.304347826086957,0.0,6.130434782608695,9414.173913043478,11611.434782608696,43.427826086956514,94.14173913043479,59.10622608695652,23.535434782608696,14.776556521739124,73.88278260869565,57.59999999999999,0.0,1.0,1.0,1.0,-0.2000000000000001,1.5217391304347827,0.0,0.0,22.029208695652176,0.8695652173913043,1.0434782608695652,0.03495922337851005,0.03585371189451971,0.0,0.0,4829.0,108.17391304347827,0.0,186.08695652173913,0.0,4342.782608695652,0.0,279.1304347826087,5071.391304347826,0.0,0.0,0.0,0.0,6782.434782608696
53,0.03676242063965351,0.03387779386942246,0.0036321751865520673,0.0035551850713815814,0.46804664571345767,0.46866015194665167,12.0,11.0,221.1138888888889,198.8939393939394,52.235733333333336,63.143854545454545,57.600000000000016,57.600000000000016,19.520833333333332,22.62772727272727,8.869565217391305,0.0,6.043478260869565,8402.695652173914,12629.217391304348,34.52826086956522,84.02695652173915,57.452660869565214,21.006739130434788,14.3631652173913,71.81582608695652,57.59999999999999,0.0,1.0,1.0,1.0,-0.2000000000000001,1.4782608695652173,0.0,0.0,21.154078260869568,0.9565217391304348,1.0,0.029505616348575493,0.038451433619465895,0.0,0.0,5997.130434782609,124.43478260869566,0.0,176.56521739130434,0.0,3452.8260869565215,0.0,266.0869565217391,4949.869565217391,0.0,0.0,0.0,0.0,6632.086956521739
54,0.03802747526083343,0.034817472274845516,0.003640645002102291,0.003557551331628292,0.4793804877419426,0.47825984721740467,11.0,10.0,200.17121212121214,200.17333333333332,60.005236363636364,58.60736000000001,57.600000000000016,57.60000000000001,22.49568181818182,22.495750000000005,9.238095238095237,0.0,6.761904761904762,8998.285714285714,12010.333333333334,38.948571428571434,89.98285714285714,59.339580952380956,22.495714285714286,14.834895238095234,74.17447619047618,57.599999999999994,0.0,1.0,1.0,1.0,-0.20000000000000004,1.4761904761904763,0.0,0.0,20.756133333333334,0.8095238095238095,1.1428571428571428,0.0608396548776814,0.03623903941022581,0.0,0.0,4657.714285714285,128.47619047619048,0.0,184.76190476190476,0.0,3894.8571428571427,0.0,277.14285714285717,5103.428571428572,0.0,0.0,0.0,0.0,7352.619047619048
55,0.0396789188410544,0.03596581246359756,0.003661428550653412,0.0035648455992194354,0.48908376109208623,0.4883972298083175,11.0,10.0,211.88030303030303,143.29666666666665,57.41556363636366,75.06431999999998,57.600000000000016,57.60000000000001,20.83022727272727,30.917499999999997,9.619047619047619,0.0,7.476190476190476,10253.47619047619,10753.285714285714,45.194761904761904,102.53476190476191,65.81973333333335,25.633690476190477,16.454933333333333,82.27466666666665,57.599999999999994,0.0,1.0,1.0,1.0,-0.2000000000000001,1.4761904761904763,0.0,0.0,17.41395714285714,0.7619047619047619,1.1428571428571428,0.07666440814380769,0.040404456637624785,0.0,0.0,3498.095238095238,111.28571428571429,0.0,192.38095238095238,0.0,4519.476190476191,0.0,288.57142857142856,5734.0,0.0,0.0,0.0,0.0,7255.190476190476
56,0.04061379130779432,0.03719676852997897,0.0036786919825843745,0.003578653484481312,0.49956556331510343,0.49937561744272313,10.0,12.0,216.72666666666666,197.93472222222223,54.1056,58.04666666666666,57.60000000000001,57.600000000000016,20.13725,22.932083333333328,8.818181818181818,0.0,7.318181818181818,8664.681818181818,12388.59090909091,38.335454545454546,86.64681818181819,56.25527272727272,21.661704545454548,14.063818181818176,70.31909090909092,57.599999999999994,0.0,1.0,1.0,1.0,-0.2000000000000001,1.5454545454545454,0.0,0.0,23.00643181818182,0.8181818181818182,1.0909090909090908,0.06395050826626035,0.04610232261433023,0.0,0.0,5266.318181818182,106.5,0.0,174.6818181818182,0.0,3833.5454545454545,0.0,264.54545454545456,4831.136363636364,0.0,0.0,0.0,0.0,7122.272727272727
57,0.0417031435319041,0.038433806532725295,0.00369836415790464,0.0035906255455777276,0.5090679760752994,0.5084011051300198,10.0,12.0,194.85333333333335,200.5125,59.313599999999994,55.79893333333334,57.60000000000001,57.600000000000016,23.29475,22.55666666666666,9.045454545454545,0.0,6.590909090909091,9156.863636363636,11876.40909090909,42.33363636363637,91.56863636363636,57.396509090909085,22.89215909090909,14.349127272727264,71.74563636363636,57.599999999999994,0.0,1.0,1.0,1.0,-0.2000000000000001,1.5454545454545454,0.0,0.0,23.095650000000003,0.8636363636363636,1.0909090909090908,0.041860449806377105,0.04081776145837591,0.0,0.0,5046.545454545455,114.45454545454545,0.0,179.9090909090909,0.0,4233.363636363636,0.0,271.3636363636364,4923.5,0.0,0.0,0.0,0.0,6829.863636363636
58,0.04330867822515268,0.039426330298910114,0.0037083256012461836,0.003601671786456754,0.5179576710390043,0.518640435001053,10.0,9.0,158.525,150.62037037037038,71.64544,70.42275555555555,57.60000000000001,57.60000000000001,28.59375,29.823055555555552,10.578947368421053,0.0,6.947368421052632,11670.421052631578,9286.842105263158,55.01894736842106,116.70421052631582,71.06627368421054,29.176052631578955,17.766568421052632,88.83284210526317,57.6,0.0,1.0,1.0,1.0,-0.2000000000000001,1.4736842105263157,0.0,0.0,15.709778947368424,0.8947368421052632,1.0,0.06131263457913117,0.03863539665754833,0.0,0.0,2507.842105263158,112.78947368421052,0.0,211.57894736842104,0.0,5501.894736842105,0.0,317.36842105263156,6168.526315789473,0.0,0.0,0.0,0.0,6779.0
59,0.044983700481234734,0.040116445198428004,0.0037160446683299543,0.0036062101912560022,0.5284739641916127,0.5281497242452066,12.0,8.0,147.6263888888889,159.64166666666668,69.82560000000001,70.08200000000001,57.600000000000016,57.60000000000001,30.247708333333335,28.492812500000003,10.7,0.0,7.2,11818.3,9145.95,57.8245,118.18300000000002,69.92815999999999,29.545750000000005,17.48204,87.4102,57.6,0.0,1.0,1.0,1.0,-0.2000000000000001,1.4,0.0,0.0,17.217589999999998,0.85,1.0,0.08946333403297543,0.0320139357568347,0.0,0.0,2231.8,99.75,0.0,214.0,0.0,5782.45,0.0,321.0,6035.85,0.0,0.0,0.0,0.0,6914.15
60,0.04671226103494331,0.04163068452074647,0.0037320590031768948,0.0036130496634108927,0.5379196116204937,0.5374139505355788,13.0,10.0,241.7448717948718,179.22,46.369969230769236,65.04512,57.600000000000016,57.60000000000001,16.560769230769232,25.608500000000003,8.347826086956522,0.0,8.652173913043478,8197.826086956522,12873.608695652174,34.95739130434782,81.97826086956522,54.48959999999999,20.494565217391305,13.622399999999995,68.112,57.59999999999999,0.0,1.0,1.0,1.0,-0.20000000000000007,1.434782608695652,0.0,0.0,23.604965217391307,0.8695652173913043,1.0869565217391304,0.08785438215360446,0.051013119191965044,0.0,0.0,5516.869565217391,110.17391304347827,0.0,166.95652173913044,0.0,3495.7391304347825,0.0,250.43478260869566,4702.086956521739,0.0,0.0,0.0,0.0,7356.739130434783
61,0.04781455664228934,0.04272421253773343,0.003746290258896566,0.003625516852984196,0.5483921219384384,0.5469130337413605,10.0,10.0,178.09,188.45499999999998,65.50176,61.4096,57.60000000000001,57.60000000000001,25.681500000000007,24.214499999999997,10.0,0.0,7.3,9979.2,10996.35,45.358999999999995,99.792,63.45568000000001,24.948,15.863919999999998,79.3196,57.6,0.0,1.0,1.0,1.0,-0.2000000000000001,1.5,0.0,0.0,19.092319999999997,0.85,1.1,0.08157087512074794,0.04081049450868398,0.0,0.0,3900.4,123.45,0.0,200.0,0.0,4535.9,0.0,300.0,5443.3,0.0,0.0,0.0,0.0,7095.95
62,0.0488546111590774,0.0441148229226456,0.003786677267634273,0.003649238144973846,0.5579857644720218,0.5568564802578992,10.0,11.0,170.15833333333333,218.57272727272726,67.78752,55.71112727272728,57.60000000000001,57.600000000000016,26.9255,19.792272727272728,9.476190476190476,0.0,7.0,9275.619047619048,11731.095238095239,39.78904761904762,92.75619047619045,61.46179047619047,23.189047619047614,15.365447619047616,76.8272380952381,57.599999999999994,0.0,1.0,1.0,1.0,-0.2000000000000001,1.5238095238095237,0.0,0.0,19.327257142857142,0.8095238095238095,1.0952380952380953,0.08236745229307704,0.04913318967734292,0.0,0.0,4228.047619047619,118.47619047619048,0.0,189.52380952380952,0.0,3978.904761904762,0.0,284.2857142857143,5296.714285714285,0.0,0.0,0.0,0.0,7503.047619047619
63,0.05093128674829578,0.04540611390208242,0.003835387809010832,0.00366403931857464,0.5691216941816973,0.5647757123549432,11.0,11.0,219.2939393939394,224.36666666666667,54.6464,53.27621818181819,57.600000000000016,57.600000000000016,19.670454545454543,18.96409090909091,8.681818181818182,0.0,8.909090909090908,7726.909090909091,13309.818181818182,31.188181818181818,77.2690909090909,53.96130909090909,19.317272727272726,13.490327272727269,67.45163636363635,57.599999999999994,0.0,1.0,1.0,1.0,-0.2000000000000001,1.5,0.0,0.0,22.955963636363638,0.7272727272727273,1.0909090909090908,0.11250955717556917,0.0544917340882463,0.0,0.0,5715.909090909091,128.1818181818182,0.0,173.63636363636363,0.0,3118.818181818182,0.0,260.45454545454544,4608.090909090909,0.0,0.0,0.0,0.0,7593.909090909091
64,0.05317822204964332,0.04701374714828756,0.003848908561237542,0.0036833320554405867,0.5781490580329769,0.5731409300447446,11.0,9.0,217.34242424242424,144.23333333333332,54.33861818181817,72.3160888888889,57.600000000000016,57.60000000000001,20.127954545454546,30.68,9.7,0.0,9.55,9950.55,11066.6,45.7925,99.50550000000001,62.42848,24.876375000000003,15.607119999999998,78.0356,57.6,0.0,1.0,1.0,1.0,-0.2000000000000001,1.45,0.0,0.0,20.047895,1.0,1.0,0.11452910795075702,0.061450906082703996,0.0,0.0,4291.95,96.95,0.0,193.9,0.0,4579.25,0.0,291.0,5371.3,0.0,0.0,0.0,0.0,6774.65
65,0.054098914966029206,0.04829407629362009,0.0038616634761125686,0.003709849011667291,0.586944028684365,0.5809185725276067,8.0,11.0,139.11041666666668,173.5409090909091,74.12000000000002,68.45294545454546,57.60000000000001,57.600000000000016,31.5553125,26.308409090909095,10.526315789473685,0.0,7.7894736842105265,11407.052631578947,9542.631578947368,52.56052631578948,114.07052631578948,70.8390736842105,28.51763157894737,17.709768421052626,88.54884210526315,57.6,0.0,1.0,1.0,1.0,-0.2000000000000001,1.5789473684210527,0.0,0.0,15.278557894736842,0.8421052631578947,1.105263157894737,0.05598005537379352,0.06324799024414807,0.0,0.0,3168.315789473684,123.0,0.0,210.52631578947367,0.0,5256.0526315789475,0.0,315.7894736842105,6151.0,0.0,0.0,0.0,0.0,6374.315789473684
66,0.05569704759968367,0.050691093158467586,0.003922494761046062,0.0037370518010570665,0.5943864982052214,0.5903907131696599,10.0,13.0,174.77,212.54743589743592,64.16576,56.2427076923077,57.60000000000001,57.600000000000016,26.12575,20.74230769230769,9.478260869565217,0.0,9.695652173913043,9233.173913043478,11767.347826086956,41.21521739130435,92.33173913043477,59.68751304347825,23.082934782608692,14.921878260869562,74.60939130434781,57.59999999999999,0.0,1.0,1.0,1.0,-0.20000000000000007,1.565217391304348,0.0,0.0,20.995421739130432,0.782608695652174,1.0434782608695652,0.10276076659895765,0.08258771986924159,0.0,0.0,4311.347826086957,124.56521739130434,0.0,189.56521739130434,0.0,4121.521739130435,0.0,284.3478260869565,5111.652173913043,0.0,0.0,0.0,0.0,7456.0
67,0.057707949967533055,0.052453498177624916,0.003939067830735683,0.003748318837885327,0.6024757191997685,0.5986717398475091,12.0,11.0,194.4375,202.51969696969698,60.070666666666675,59.89061818181819,57.600000000000016,57.600000000000016,23.46104166666667,22.114772727272726,9.391304347826088,0.0,9.434782608695652,9126.869565217392,11898.173913043478,39.74130434782609,91.2686956521739,59.98455652173913,22.817173913043476,14.99613913043478,74.98069565217389,57.59999999999999,0.0,1.0,1.0,1.0,-0.2000000000000001,1.4782608695652173,0.0,0.0,20.432617391304344,0.7391304347826086,1.173913043478261,0.11405454046199695,0.08152974010530731,0.0,0.0,4500.913043478261,104.3913043478261,0.0,187.82608695652175,0.0,3974.1304347826085,0.0,281.7391304347826,5152.739130434783,0.0,0.0,0.0,0.0,7397.260869565217
68,0.05888319725751535,0.054472111138599504,0.003949722508769327,0.0037692700661018613,0.610413285368025,0.6057509374915167,11.0,12.0,185.22878787878787,236.83194444444445,63.64596363636365,47.200799999999994,57.600000000000016,57.600000000000016,24.668636363636367,17.253958333333333,8.652173913043478,0.0,9.26086956521739,8320.04347826087,12729.130434782608,35.934347826086956,83.2004347826087,55.06587826086957,20.800108695652174,13.76646956521739,68.83234782608697,57.59999999999999,0.0,1.0,1.0,1.0,-0.2000000000000001,1.5217391304347827,0.0,0.0,23.334230434782604,0.8695652173913043,1.0,0.10711743956791361,0.06750625335440237,0.0,0.0,5698.130434782609,118.0,0.0,172.2608695652174,0.0,3593.4347826086955,0.0,259.5652173913044,4726.608695652174,0.0,0.0,0.0,0.0,7031.0
69,0.06185328875473875,0.05545787828877416,0.003988255016670173,0.003801496333051181,0.6195343497185859,0.6133393424735497,12.0,10.0,210.95972222222224,169.46166666666667,54.850666666666676,65.87168,57.600000000000016,57.60000000000001,20.870208333333334,26.98525,9.863636363636363,0.0,10.409090909090908,9459.90909090909,11525.818181818182,43.75227272727273,94.59909090909088,59.86021818181817,23.64977272727272,14.965054545454546,74.82527272727272,57.599999999999994,0.0,1.0,1.0,1.0,-0.20000000000000007,1.4545454545454546,0.0,0.0,21.389554545454544,0.6363636363636364,1.1363636363636365,0.16211289298317313,0.06643979219725989,0.0,0.0,4513.318181818182,120.0909090909091,0.0,197.27272727272728,0.0,4375.227272727273,0.0,295.90909090909093,5084.681818181818,0.0,0.0,0.0,0.0,7012.5
70,0.06436951883668679,0.05803848790473617,0.004021396055305553,0.003824014333787379,0.6274539470285206,0.6219706458893765,12.0,12.0,227.4111111111111,207.26388888888889,50.32533333333333,56.96960000000001,57.600000000000016,57.600000000000016,18.678541666666664,21.529791666666668,8.166666666666666,0.0,11.583333333333334,8041.666666666667,13040.25,34.06166666666666,80.41666666666667,53.64746666666665,20.104166666666668,13.411866666666661,67.05933333333333,57.59999999999999,0.0,1.0,1.0,1.0,-0.2000000000000001,1.5,0.0,0.0,24.056700000000003,0.6666666666666666,1.125,0.14288320789742007,0.10560417122296077,0.0,0.0,5910.583333333333,108.75,0.0,163.33333333333334,0.0,3406.1666666666665,0.0,245.0,4635.5,0.0,0.0,0.0,0.0,7129.666666666667
71,0.06662388812177472,0.059607673340828074,0.004055817388927096,0.0038555344574285762,0.6359397199893145,0.6299571312596263,10.0,10.0,155.59833333333333,189.62833333333336,71.20608000000001,61.6512,57.60000000000001,57.60000000000001,29.04775,24.10425,10.2,0.0,11.25,10630.4,10356.8,49.0075,106.304,66.42863999999999,26.576,16.607159999999993,83.03580000000002,57.6,0.0,1.0,1.0,1.0,-0.2000000000000001,1.5,0.0,0.0,17.747359999999997,0.65,1.15,0.16676213110453747,0.1014393739569491,0.0,0.0,3551.6,101.8,0.0,204.0,0.0,4900.75,0.0,306.0,5729.65,0.0,0.0,0.0,0.0,6805.2
72,0.06898802043391423,0.061528101756738056,0.004103693800093819,0.0038700423108131233,0.6443989273970168,0.6361264090549369,13.0,11.0,198.7846153846154,185.1348484848485,56.305969230769236,63.18109090909092,57.600000000000016,57.600000000000016,22.7475,24.69659090909091,9.416666666666666,0.0,11.0,9456.333333333334,11551.708333333334,43.615,94.56333333333333,59.45706666666666,23.640833333333333,14.864266666666666,74.32133333333334,57.59999999999999,0.0,1.0,1.0,1.0,-0.2000000000000001,1.4583333333333333,0.0,0.0,21.783766666666665,0.75,1.1666666666666667,0.14584312333436913,0.10763230119222815,0.0,0.0,4182.0,120.125,0.0,188.33333333333334,0.0,4361.5,0.0,282.5,5094.833333333333,0.0,0.0,0.0,0.0,7369.708333333333
73,0.0726798883575104,0.06334089650019571,0.004150401620147204,0.0039042023695944126,0.6523856455687519,0.6442864441442502,13.0,12.0,220.075641025641,183.92361111111111,54.08024615384616,61.4312,57.600000000000016,57.600000000000016,19.681346153846153,24.9025,8.8,0.0,11.2,8875.0,12163.36,39.007600000000004,88.75,57.60870400000001,22.1875,14.402175999999999,72.01088000000001,57.59999999999998,0.0,1.0,1.0,1.0,-0.2000000000000001,1.48,0.0,0.0,22.178796000000006,0.72,1.12,0.15860012269397963,0.10171530414800184,0.0,0.0,5099.96,120.64,0.0,176.0,0.0,3900.76,0.0,264.0,4974.24,0.0,0.0,0.0,0.0,7063.4
74,0.07563518162637023,0.0656384382797377,0.004166374931206699,0.003929724937100616,0.6595947940000275,0.6520562042983441,12.0,12.0,191.04444444444442,201.45972222222224,59.43120000000001,58.486133333333335,57.600000000000016,57.600000000000016,23.93083333333334,22.305416666666662,9.166666666666666,0.0,11.958333333333334,9247.25,11775.125,41.751666666666665,92.47250000000003,58.95866666666665,23.118125000000006,14.739666666666663,73.69833333333334,57.59999999999999,0.0,1.0,1.0,1.0,-0.2000000000000001,1.5,0.0,0.0,21.75945833333334,0.75,1.125,0.1594604336355154,0.1187573233870448,0.0,0.0,4815.666666666667,118.29166666666667,0.0,183.33333333333334,0.0,4175.166666666667,0.0,275.0,5072.083333333333,0.0,0.0,0.0,0.0,6959.458333333333
75,0.07788240699235062,0.06749310746571284,0.0042495825544754074,0.0040086245903542626,0.6661159536851737,0.6605383404990022,12.0,12.0,189.65555555555557,219.47222222222223,64.6032,51.4872,57.600000000000016,57.600000000000016,24.045,19.81729166666667,9.0,0.0,11.041666666666666,8772.458333333334,12273.833333333334,37.76083333333333,87.72458333333333,58.04519999999999,21.931145833333332,14.511299999999997,72.55649999999997,57.59999999999999,0.0,1.0,1.0,1.0,-0.2000000000000001,1.5,0.0,0.0,21.485945833333332,0.7083333333333334,1.1666666666666667,0.16029719851920293,0.08625206446293264,0.0,0.0,4634.291666666667,104.08333333333333,0.0,178.625,0.0,3776.0833333333335,0.0,270.0,4996.375,0.0,0.0,0.0,0.0,7639.541666666667
76,0.0800570869359839,0.06888169762169677,0.004318815183541169,0.004039206418619913,0.6711668362561108,0.6663858142241071,14.0,9.0,210.45119047619048,176.72037037037038,55.18880000000001,66.5024,57.600000000000016,57.60000000000001,21.064285714285713,25.885555555555555,9.304347826086957,0.0,12.304347826086957,9180.347826086956,11835.130434782608,40.55869565217391,91.80347826086954,59.615860869565225,22.950869565217385,14.903965217391304,74.51982608695651,57.59999999999999,0.0,1.0,1.0,1.0,-0.2000000000000001,1.391304347826087,0.0,0.0,20.935008695652176,0.6956521739130435,1.1304347826086956,0.19882273347960716,0.08022823811277031,0.0,0.0,4199.478260869565,119.08695652173913,0.0,185.30434782608697,0.0,4055.8695652173915,0.0,279.1304347826087,5124.478260869565,0.0,0.0,0.0,0.0,7635.652173913043
77,0.08141484495179176,0.07005872429741723,0.004330950043408196,0.004059257032807029,0.6783236969681699,0.6728897167214037,12.0,12.0,210.13333333333333,201.45833333333334,56.3008,58.976,57.600000000000016,57.600000000000016,21.1025,22.33083333333333,8.875,0.0,12.041666666666666,8686.666666666666,12347.75,37.180833333333325,86.86666666666667,57.63839999999999,21.71666666666667,14.409599999999998,72.04799999999999,57.59999999999999,0.0,1.0,1.0,1.0,-0.2000000000000001,1.5,0.0,0.0,21.67826666666667,0.75,1.0833333333333333,0.16327937391457312,0.10801113598695221,0.0,0.0,4836.708333333333,122.375,0.0,175.95833333333334,0.0,3718.0833333333335,0.0,266.25,4968.583333333333,0.0,0.0,0.0,0.0,7511.041666666667
78,0.08490061310935759,0.07229629331678454,0.0043505851864671895,0.004091988234537907,0.6843642461915378,0.6787619348980575,11.0,12.0,175.59848484848484,202.50694444444443,65.38269090909091,57.108533333333334,57.600000000000016,57.600000000000016,26.161590909090908,22.2625,9.217391304347826,0.0,14.347826086956522,9650.91304347826,11378.260869565218,43.65260869565217,96.50913043478263,61.06573913043479,24.12728260869566,15.266434782608693,76.33217391304349,57.59999999999999,0.0,1.0,1.0,1.0,-0.2000000000000001,1.5217391304347827,0.0,0.0,20.661543478260864,0.6086956521739131,1.173913043478261,0.25105431879831774,0.13670174311366193,0.0,0.0,4258.0,108.95652173913044,0.0,184.34782608695653,0.0,4365.260869565217,0.0,276.5217391304348,5285.652173913043,0.0,0.0,0.0,0.0,7120.260869565217
79,0.08834592156028082,0.07483620990503657,0.004408124872142003,0.004102682283676041,0.6895269681106317,0.6859481274019822,12.0,11.0,186.4736111111111,173.0939393939394,66.21706666666667,65.96363636363637,57.600000000000016,57.600000000000016,24.426875,26.532500000000002,9.956521739130435,0.0,13.869565217391305,10173.565217391304,10804.478260869566,44.50173913043478,101.73565217391302,66.09586086956523,25.433913043478256,16.5239652173913,82.61982608695652,57.59999999999999,0.0,1.0,1.0,1.0,-0.2000000000000001,1.4782608695652173,0.0,0.0,16.93805217391304,0.5217391304347826,1.3043478260869565,0.19722453012638,0.15429950075242854,0.0,0.0,3960.391304347826,123.1304347826087,0.0,199.1304347826087,0.0,4450.173913043478,0.0,298.69565217391306,5723.391304347826,0.0,0.0,0.0,0.0,6844.086956521739
80,0.09154628063980143,0.07806993300646728,0.004486722672854129,0.004149025433898831,0.6937684432594253,0.6931897640533019,13.0,12.0,230.9974358974359,179.75694444444443,50.68701538461539,64.85466666666667,57.600000000000016,57.600000000000016,18.075576923076927,25.44583333333333,8.88,0.0,15.6,8645.32,12384.12,36.9304,86.45320000000001,57.487487999999985,21.613300000000002,14.37187199999999,71.85936000000001,57.59999999999998,0.0,1.0,1.0,1.0,-0.2000000000000001,1.48,0.0,0.0,21.725812,0.52,1.28,0.247145947122624,0.16232959857426102,0.0,0.0,5031.72,126.32,0.0,176.84,0.0,3693.04,0.0,266.4,4952.28,0.0,0.0,0.0,0.0,7352.4
81,0.09388532131363833,0.08055799796127625,0.004554796248125772,0.004176976590366627,0.6991782955877787,0.6984933181551873,11.0,13.0,198.88939393939393,199.7423076923077,58.45672727272727,60.45316923076921,57.600000000000016,57.600000000000016,22.6425,22.584230769230768,9.333333333333334,0.0,15.75,9044.375,11961.083333333334,39.31374999999999,90.44374999999998,59.53813333333333,22.610937499999995,14.884533333333332,74.42266666666667,57.59999999999999,0.0,1.0,1.0,1.0,-0.2000000000000001,1.5416666666666667,0.0,0.0,20.672804166666662,0.6666666666666666,1.125,0.23598727605499784,0.14720661604517501,0.0,0.0,4566.041666666667,128.08333333333334,0.0,185.45833333333334,0.0,3931.375,0.0,280.0,5113.0,0.0,0.0,0.0,0.0,7395.041666666667
82,0.09593541038477521,0.08301327203308151,0.004575307128195594,0.004221655426841444,0.7051008307547868,0.7033836886465679,11.0,13.0,167.6030303030303,248.09871794871793,67.45541818181819,44.396307692307694,57.600000000000016,57.600000000000016,27.279090909090908,15.623653846153845,8.791666666666666,0.0,15.041666666666666,8386.291666666666,12672.291666666666,36.86458333333334,83.86291666666666,54.965066666666665,20.965729166666666,13.741266666666661,68.70633333333332,57.59999999999999,0.0,1.0,1.0,1.0,-0.20000000000000007,1.5416666666666667,0.0,0.0,23.600662500000002,0.625,1.0416666666666667,0.25803899938602765,0.12959459798830278,0.0,0.0,5152.916666666667,102.25,0.0,174.41666666666666,0.0,3686.4583333333335,0.0,263.75,4699.833333333333,0.0,0.0,0.0,0.0,7519.375
83,0.09871059968668183,0.08553552809058429,0.0046019427513527104,0.004247805741603977,0.710472358840809,0.7095727472020928,13.0,10.0,230.47820512820513,160.015,53.37969230769231,68.58496000000001,57.600000000000016,57.60000000000001,18.081730769230766,28.35425,9.565217391304348,0.0,17.26086956521739,9019.217391304348,11990.521739130434,38.86130434782609,90.19217391304348,59.99067826086957,22.54804347826087,14.997669565217388,74.98834782608695,57.59999999999999,0.0,1.0,1.0,1.0,-0.2000000000000001,1.434782608695652,0.0,0.0,20.15736521739131,0.5217391304347826,1.1304347826086956,0.319703369207202,0.15976796372412067,0.0,0.0,4810.260869565217,111.69565217391305,0.0,190.6086956521739,0.0,3886.1304347826085,0.0,286.95652173913044,5133.086956521739,0.0,0.0,0.0,0.0,7180.260869565217
84,0.10162355956300964,0.08811927311532192,0.004644138220654137,0.0042869781500420225,0.7164927756088164,0.7159131910623369,12.0,12.0,169.21944444444443,193.13194444444443,67.78426666666667,60.86933333333334,57.600000000000016,57.600000000000016,27.066874999999996,23.617291666666663,9.5,0.0,17.041666666666668,10136.833333333334,10870.541666666666,45.444583333333334,101.36833333333333,64.3268,25.34208333333333,16.081699999999998,80.40849999999999,57.59999999999999,0.0,1.0,1.0,1.0,-0.2000000000000001,1.5,0.0,0.0,18.615283333333338,0.5833333333333334,1.125,0.2993929141432581,0.17124215707402127,0.0,0.0,3815.2916666666665,117.41666666666667,0.0,189.20833333333334,0.0,4544.458333333333,0.0,285.0,5592.375,0.0,0.0,0.0,0.0,7055.25
85,0.10467257667998542,0.09078908804724561,0.0047087546303039565,0.004333955124346128,0.7208725378545482,0.7224322387673807,13.0,12.0,222.325641025641,219.54166666666666,51.20196923076924,55.305066666666676,57.600000000000016,57.600000000000016,19.34269230769231,19.61729166666667,8.48,0.0,16.08,7789.8,13259.36,32.4044,77.89800000000001,53.171456000000006,19.474500000000003,13.292864,66.46432,57.59999999999998,0.0,1.0,1.0,1.0,-0.2000000000000001,1.48,0.0,0.0,23.903044,0.72,1.04,0.2654662388565904,0.14269986469687168,0.0,0.0,5795.28,126.6,0.0,168.84,0.0,3240.44,0.0,254.4,4549.36,0.0,0.0,0.0,0.0,7464.08
86,0.10785136388187418,0.09484459218783256,0.004794244057154395,0.0044003628468874375,0.7267604837660887,0.7294390109750737,12.0,12.0,142.1263888888889,174.6013888888889,71.91520000000001,64.71653333333335,58.06221666666668,57.600000000000016,31.00916666666667,26.329583333333332,10.666666666666666,0.0,16.625,11467.75,9501.833333333334,55.959583333333335,114.67750000000001,68.31586666666666,28.669375000000002,17.078966666666663,85.39483333333335,57.831108333333326,0.0,1.0,1.0,1.0,-0.20481475694444454,1.5,0.0,0.0,18.184616666666674,0.4583333333333333,1.2083333333333333,0.3038833500217134,0.16033704518969172,0.0,0.0,2641.0,96.08333333333333,0.0,213.33333333333334,0.0,5595.958333333333,0.0,320.0,5871.791666666667,0.0,0.0,0.0,0.0,6860.833333333333
87,0.11132417279014252,0.09809636407410723,0.004814073058103501,0.004462707832413208,0.7334586084433239,0.7341828187603566,15.0,14.0,253.6611111111111,207.61190476190478,44.865706666666675,58.16114285714285,57.600000000000016,57.600000000000016,14.807500000000003,21.442857142857147,7.862068965517241,0.0,14.689655172413794,7204.310344827586,13885.827586206897,27.794482758620692,72.04310344827586,51.28419310344828,18.010775862068964,12.821048275862067,64.10524137931034,57.59999999999997,0.0,1.0,1.0,1.0,-0.20000000000000012,1.4827586206896552,0.0,0.0,24.32658275862069,0.5172413793103449,1.3103448275862069,0.23287593996348763,0.15878956893304294,0.0,0.0,5784.379310344828,116.37931034482759,0.0,156.6206896551724,0.0,2779.448275862069,0.0,235.86206896551724,4424.862068965517,0.0,0.0,0.0,0.0,8101.448275862069
88,0.1134735644469977,0.10261316901772158,0.004935106157176771,0.004509648280607753,0.7382368114097995,0.7384737790976504,12.0,13.0,199.52222222222224,197.45,62.3656,57.80110769230768,57.600000000000016,57.600000000000016,22.59208333333333,22.857884615384616,9.32,0.0,20.8,9092.12,11906.68,39.30280000000001,90.92119999999998,59.99206399999999,22.730299999999996,14.998015999999998,74.99007999999999,57.59999999999998,0.0,1.0,1.0,1.0,-0.2000000000000001,1.52,0.0,0.0,20.338236000000002,0.48,1.16,0.3560020164764288,0.26895285009821857,0.0,0.0,4694.48,134.2,0.0,186.4,0.0,3930.28,0.0,279.6,5161.84,0.0,0.0,0.0,0.0,7212.2
89,0.1157090298636824,0.10583404437456233,0.00494503393683201,0.004552634055901195,0.7417776630370061,0.7450080288221135,12.0,13.0,202.88333333333333,198.10641025641024,59.745599999999996,61.11310769230769,57.600000000000016,57.600000000000016,21.983749999999997,22.769423076923076,9.56,0.0,19.56,8956.92,12023.96,37.7468,89.5692,60.456704,22.3923,15.114176,75.57088,57.59999999999998,0.0,1.0,1.0,1.0,-0.2000000000000001,1.52,0.0,0.0,19.535596,0.52,1.16,0.3316758035225249,0.20320524397210807,0.0,0.0,4998.28,140.8,0.0,190.52,0.0,3774.68,0.0,286.8,5182.24,0.0,0.0,0.0,0.0,7025.68
90,0.11838793571057715,0.1077385449351746,0.005111612126521639,0.00468135032025437,0.7466717325056951,0.7498542581096914,13.0,10.0,190.66794871794872,147.00333333333336,58.648861538461546,69.26816,57.600000000000016,57.60000000000001,23.930384615384618,30.399250000000002,9.956521739130435,0.0,20.217391304347824,10697.173913043478,10301.0,52.685652173913056,106.97173913043478,63.265947826086965,26.742934782608696,15.816486956521734,79.08243478260869,57.59999999999999,0.0,1.0,1.0,1.0,-0.2000000000000001,1.434782608695652,0.0,0.0,21.07698695652174,0.43478260869565216,1.2173913043478262,0.37717717478647056,0.2060962121385328,0.0,0.0,3480.304347826087,103.0,0.0,199.1304347826087,0.0,5268.565217391304,0.0,298.69565217391306,5428.608695652174,0.0,0.0,0.0,0.0,6820.695652173913
91,0.12064431277844236,0.11146440064751437,0.005202533930520393,0.004766208324193055,0.752683132855003,0.7549531851768306,13.0,12.0,180.98589743589744,202.43194444444444,65.74498461538461,58.082399999999986,57.600000000000016,57.600000000000016,25.280192307692307,22.174791666666668,9.76,0.0,20.92,9515.84,11476.8,41.89200000000001,95.1584,62.06694400000001,23.7896,15.516735999999998,77.58368,57.59999999999998,0.0,1.0,1.0,1.0,-0.2000000000000001,1.48,0.0,0.0,19.322656000000002,0.52,1.16,0.36255059943961654,0.252763901771017,0.0,0.0,4025.4,118.84,0.0,194.72,0.0,4189.2,0.0,292.8,5326.64,0.0,0.0,0.0,0.0,7451.4
92,0.12329302113801047,0.1159565411818465,0.005209210967613375,0.004846975302823653,0.7569580983012182,0.7584089957172345,14.0,12.0,252.92857142857144,197.27083333333334,44.05417142857142,58.91439999999999,57.600000000000016,57.600000000000016,14.937678571428576,22.87875,8.115384615384615,0.0,18.53846153846154,7441.115384615385,13634.423076923076,30.845000000000002,74.41115384615385,50.91273846153847,18.602788461538463,12.728184615384617,63.640923076923066,57.59999999999998,0.0,1.0,1.0,1.0,-0.20000000000000007,1.4615384615384615,0.0,0.0,25.290050000000004,0.5384615384615384,1.1923076923076923,0.3364364141490391,0.19767829215725868,0.0,0.0,6250.384615384615,117.6923076923077,0.0,162.30769230769232,0.0,3084.5,0.0,243.46153846153845,4356.615384615385,0.0,0.0,0.0,0.0,7384.038461538462
93,0.12384673029412462,0.11969163151085939,0.005482807290635848,0.004930423409694245,0.761098043080718,0.7624587265335907,11.0,12.0,182.4121212121212,165.90972222222223,63.982545454545466,67.93066666666667,57.600000000000016,57.600000000000016,25.060000000000002,27.510416666666668,10.478260869565217,0.0,22.217391304347824,10535.391304347826,10428.130434782608,48.78434782608696,105.35391304347826,66.0424347826087,26.338478260869564,16.510608695652166,82.55304347826088,57.59999999999999,0.0,1.0,1.0,1.0,-0.2000000000000001,1.5217391304347827,0.0,0.0,17.896043478260868,0.4782608695652174,1.173913043478261,0.3870883089882591,0.24277928228528617,0.0,0.0,3547.5652173913045,112.82608695652173,0.0,208.30434782608697,0.0,4878.434782608696,0.0,314.3478260869565,5656.95652173913,0.0,0.0,0.0,0.0,6880.565217391304
94,0.12499053189702222,0.12418618475757855,0.0057626736866537845,0.004961997904311909,0.7659307498658521,0.7663469419846765,12.0,14.0,199.54166666666666,201.5095238095238,59.019466666666666,57.17737142857142,57.600000000000016,57.600000000000016,22.567291666666666,22.32375,9.23076923076923,0.0,22.03846153846154,8974.461538461539,12036.076923076924,40.068461538461534,89.7446153846154,58.02756923076923,22.43615384615385,14.506892307692308,72.53446153846154,57.59999999999998,0.0,1.0,1.0,1.0,-0.20000000000000012,1.5384615384615385,0.0,0.0,22.00858461538462,0.38461538461538464,1.2307692307692308,0.3702073246083302,0.3026610674536253,0.0,0.0,4723.692307692308,126.92307692307692,0.0,184.6153846153846,0.0,4006.846153846154,0.0,276.9230769230769,4967.615384615385,0.0,0.0,0.0,0.0,7312.384615384615
95,0.12540609541432787,0.12843709438130754,0.005806186255726712,0.005120450749116287,0.769481365522157,0.7700076770142174,12.0,14.0,217.28333333333333,209.20952380952383,55.23760000000001,55.855999999999995,57.600000000000016,57.600000000000016,20.027916666666666,21.15285714285714,8.923076923076923,0.0,23.307692307692307,8253.461538461539,12776.153846153846,35.058846153846154,82.5346153846154,55.57058461538462,20.63365384615385,13.89264615384615,69.46323076923076,57.59999999999998,0.0,1.0,1.0,1.0,-0.20000000000000012,1.5384615384615385,0.0,0.0,22.663069230769224,0.38461538461538464,1.2692307692307692,0.3816974252929541,0.28606720960259846,0.0,0.0,5493.038461538462,123.23076923076923,0.0,178.46153846153845,0.0,3505.8846153846152,0.0,267.6923076923077,4747.576923076923,0.0,0.0,0.0,0.0,7283.115384615385
96,0.1263215947417939,0.13227693304037222,0.005965369361415795,0.0052233081193784805,0.7745745380478235,0.7737767245906452,12.0,14.0,150.95694444444445,179.0142857142857,71.6976,64.91748571428572,57.600000000000016,57.600000000000016,29.775833333333335,25.658749999999994,10.23076923076923,0.0,24.26923076923077,11023.576923076924,9963.884615384615,51.2896153846154,110.23576923076924,68.04676923076924,27.55894230769231,17.011692307692307,85.05846153846154,57.59999999999998,0.0,1.0,1.0,1.0,-0.20000000000000012,1.5384615384615385,0.0,0.0,17.112173076923074,0.23076923076923078,1.3461538461538463,0.3621529977554756,0.34306480367256875,0.0,0.0,3002.1923076923076,100.38461538461539,0.0,204.23076923076923,0.0,5128.961538461538,0.0,306.9230769230769,5894.615384615385,0.0,0.0,0.0,0.0,6961.692307692308
97,0.12862203362284655,0.13573805545880024,0.0060410809660144905,0.005373109554030027,0.779262114476858,0.7779304580614285,16.0,14.0,222.57395833333334,238.90595238095239,52.47200000000001,50.051885714285724,57.600000000000016,57.600000000000016,19.2384375,16.888035714285714,8.233333333333333,0.0,23.833333333333332,7256.633333333333,13811.733333333334,28.690000000000005,72.56633333333336,51.34261333333334,18.14158333333334,12.83565333333333,64.17826666666666,57.59999999999997,0.0,1.0,1.0,1.0,-0.20000000000000012,1.4666666666666666,0.0,0.0,24.398970000000006,0.3,1.4333333333333333,0.3637350759275836,0.3103880302742585,0.0,0.0,6741.166666666667,120.1,0.0,163.53333333333333,0.0,2869.0,0.0,247.0,4387.633333333333,0.0,0.0,0.0,0.0,7070.566666666667
98,0.12991158501236513,0.1374167706389145,0.00604778496581485,0.00551986247071004,0.7824306917616142,0.7827218797359003,15.0,12.0,222.94444444444443,180.67083333333332,52.53845333333334,64.20960000000001,57.600000000000016,57.600000000000016,19.220000000000006,25.35729166666667,9.074074074074074,0.0,26.74074074074074,8779.074074074075,12249.37037037037,38.2462962962963,87.79074074074073,57.725629629629644,21.947685185185183,14.431407407407404,72.15703703703701,57.59999999999997,0.0,1.0,1.0,1.0,-0.20000000000000012,1.4444444444444444,0.0,0.0,21.822055555555547,0.18518518518518517,1.4444444444444444,0.4191408950971059,0.3465951850001292,0.0,0.0,5000.333333333333,116.85185185185185,0.0,181.4814814814815,0.0,3824.6296296296296,0.0,272.22222222222223,4954.444444444444,0.0,0.0,0.0,0.0,7249.037037037037
99,0.1318380237167307,0.13901261825975736,0.006153794072534333,0.005655948507319141,0.78611724922958,0.7869145035683219,14.0,13.0,165.71666666666667,226.82692307692307,67.62034285714284,53.30929230769231,57.600000000000016,57.600000000000016,27.555714285714288,18.57673076923077,9.37037037037037,0.0,26.25925925925926,9293.0,11708.407407407407,40.601851851851855,92.92999999999999,60.729837037037036,23.232499999999998,15.182459259259257,75.9122962962963,57.59999999999997,0.0,1.0,1.0,1.0,-0.20000000000000012,1.4814814814814814,0.0,0.0,20.10266296296297,0.4444444444444444,1.2592592592592593,0.3647682674624387,0.37807563618207235,0.0,0.0,4862.851851851852,129.7037037037037,0.0,186.77777777777777,0.0,4060.185185185185,0.0,281.1111111111111,5232.814814814815,0.0,0.0,0.0,0.0,6845.555555555556
100,0.13376996315862855,0.14108999603817435,0.0062868513123890005,0.005878311700736872,0.7892590674352488,0.7897949622405802,15.0,12.0,215.20333333333335,223.01805555555558,56.85013333333334,52.97466666666668,57.600000000000016,57.600000000000016,20.243666666666666,19.177083333333336,8.814814814814815,0.0,23.59259259259259,7907.851851851852,13120.592592592593,31.937777777777782,79.07851851851852,55.1277037037037,19.76962962962963,13.781925925925925,68.90962962962963,57.59999999999997,0.0,1.0,1.0,1.0,-0.20000000000000012,1.4444444444444444,0.0,0.0,22.241925925925923,0.48148148148148145,1.2222222222222223,0.34927001780620004,0.27059970561508556,0.0,0.0,5638.148148148148,130.11111111111111,0.0,176.0,0.0,3193.777777777778,0.0,264.44444444444446,4714.074074074074,0.0,0.0,0.0,0.0,7482.444444444444
101,0.13564542761739473,0.14209503621528657,0.006300384893270914,0.005892498413772842,0.7923689714723001,0.7938109641454163,15.0,11.0,232.4188888888889,154.66060606060606,51.35530666666667,73.25178181818181,57.600000000000016,57.600000000000016,17.935833333333335,29.05795454545455,9.346153846153847,0.0,25.576923076923077,9056.538461538461,11971.26923076923,38.32423076923077,90.5653846153846,60.619199999999985,22.64134615384615,15.154799999999993,75.77399999999999,57.59999999999998,0.0,1.0,1.0,1.0,-0.20000000000000007,1.4230769230769231,0.0,0.0,19.622146153846156,0.46153846153846156,1.2692307692307692,0.41538722149445384,0.3449142134923656,0.0,0.0,4950.0,104.57692307692308,0.0,186.23076923076923,0.0,3832.423076923077,0.0,280.38461538461536,5224.115384615385,0.0,0.0,0.0,0.0,7021.2692307692305
102,0.13693128615906486,0.14617752081302066,0.006505854201642891,0.006042337780565482,0.7951074826098712,0.7969900507699211,12.0,15.0,194.89583333333334,245.57555555555555,59.25466666666665,46.27605333333333,57.600000000000016,57.600000000000016,23.28125,15.871999999999998,8.592592592592593,0.0,23.814814814814813,7666.0,13383.074074074075,32.471851851851845,76.66000000000001,52.04432592592593,19.165000000000003,13.01108148148148,65.0554074074074,57.59999999999997,0.0,1.0,1.0,1.0,-0.20000000000000007,1.5555555555555556,0.0,0.0,24.72067407407408,0.37037037037037035,1.3333333333333333,0.32693105386650845,0.34256368440764967,0.0,0.0,6141.111111111111,120.29629629629629,0.0,171.85185185185185,0.0,3247.185185185185,0.0,257.77777777777777,4418.814814814815,0.0,0.0,0.0,0.0,7241.962962962963
103,0.13730950279108955,0.14746278565213228,0.006633770680524492,0.006408843607168195,0.7986457845854578,0.800835792066092,13.0,13.0,207.37307692307692,201.93076923076924,57.72676923076923,59.52418461538461,57.600000000000016,57.600000000000016,21.381923076923076,22.17134615384615,9.538461538461538,0.0,30.192307692307693,8710.653846153846,12279.115384615385,37.166538461538465,87.10653846153846,58.62547692307693,21.776634615384616,14.656369230769227,73.28184615384615,57.59999999999998,0.0,1.0,1.0,1.0,-0.20000000000000007,1.5,0.0,0.0,20.751157692307693,0.23076923076923078,1.4230769230769231,0.4044520665513888,0.39044241912119604,0.0,0.0,5110.615384615385,132.57692307692307,0.0,190.5,0.0,3716.653846153846,0.0,286.15384615384613,4994.0,0.0,0.0,0.0,0.0,7168.5
104,0.1376224948073204,0.1490033208885214,0.006950790997112433,0.006697026882816346,0.8018059637381022,0.8038466284383852,13.0,14.0,199.82692307692307,195.60714285714283,58.299569230769244,60.52845714285714,57.600000000000016,57.600000000000016,22.55038461538462,23.11642857142857,9.444444444444445,0.0,29.62962962962963,9137.555555555555,11858.333333333334,40.46148148148148,91.37555555555555,59.45528888888889,22.843888888888888,14.86382222222222,74.3191111111111,57.59999999999997,0.0,1.0,1.0,1.0,-0.20000000000000012,1.5185185185185186,0.0,0.0,20.9886,0.2222222222222222,1.3703703703703705,0.3952372115660166,0.39487410712348875,0.0,0.0,4462.888888888889,131.11111111111111,0.0,188.66666666666666,0.0,4046.1481481481483,0.0,283.3333333333333,5091.407407407408,0.0,0.0,0.0,0.0,7395.444444444444
105,0.1376224948073204,0.15021857793557497,0.006926529868708687,0.00685918952212688,0.8056948269593469,0.8068867797353114,13.0,14.0,202.0948717948718,227.03571428571428,59.30978461538461,53.70034285714286,57.600000000000016,57.600000000000016,22.21442307692308,18.479642857142856,9.074074074074074,0.0,31.59259259259259,8111.148148148148,12901.62962962963,32.946666666666665,81.11148148148146,56.40118518518519,20.277870370370366,14.100296296296294,70.50148148148148,57.59999999999997,0.0,1.0,1.0,1.0,-0.20000000000000012,1.5185185185185186,0.0,0.0,21.47668518518518,0.14814814814814814,1.4444444444444444,0.39705305175832906,0.4056782814124121,0.0,0.0,5201.62962962963,132.88888888888889,0.0,181.11111111111111,0.0,3294.6666666666665,0.0,272.22222222222223,4816.481481481482,0.0,0.0,0.0,0.0,7700.0
106,0.13784935895272019,0.1508987588440997,0.006934675693672594,0.006882416651352471,0.8094666657222223,0.8094982579006542,13.0,14.0,203.68076923076924,202.31071428571428,58.50387692307693,58.889828571428566,57.600000000000016,57.600000000000016,21.930961538461535,22.148750000000003,9.444444444444445,0.0,32.48148148148148,8817.555555555555,12178.222222222223,38.044074074074075,88.17555555555555,58.704,22.043888888888887,14.675999999999997,73.38,57.59999999999997,0.0,1.0,1.0,1.0,-0.20000000000000007,1.5185185185185186,0.0,0.0,20.93988888888889,0.3333333333333333,1.2962962962962963,0.3959367071954332,0.4184979768322703,0.0,0.0,4892.7037037037035,131.66666666666666,0.0,188.22222222222223,0.0,3804.4074074074074,0.0,283.3333333333333,5013.148148148148,0.0,0.0,0.0,0.0,7285.518518518518
107,0.13816365247119805,0.15324568654896037,0.007032592882057204,0.007093296088421072,0.8120258284197357,0.8134984135472151,13.0,14.0,206.63076923076923,190.26666666666668,56.06916923076923,60.11908571428571,57.600000000000016,57.600000000000016,21.46826923076923,23.98035714285714,9.481481481481481,0.0,30.814814814814813,9108.333333333334,11888.74074074074,41.55222222222222,91.08333333333336,58.16912592592593,22.77083333333334,14.542281481481483,72.71140740740738,57.59999999999997,0.0,1.0,1.0,1.0,-0.20000000000000012,1.5185185185185186,0.0,0.0,22.20170740740741,0.4074074074074074,1.2592592592592593,0.40533560264378987,0.3177476300247967,0.0,0.0,4297.814814814815,127.85185185185185,0.0,189.62962962962962,0.0,4155.222222222223,0.0,284.44444444444446,4953.111111111111,0.0,0.0,0.0,0.0,7590.925925925926
108,0.13916550171444106,0.15599676785596248,0.007459427025493232,0.007243479216990352,0.8145331139680309,0.8161659847971482,13.0,15.0,215.85897435897434,211.47222222222223,56.44553846153846,55.329280000000004,57.600000000000016,57.600000000000016,20.241153846153846,20.90966666666667,8.607142857142858,0.0,29.75,8239.714285714286,12810.535714285714,34.26428571428572,82.39714285714285,55.847542857142855,20.599285714285713,13.96188571428571,69.80942857142855,57.59999999999997,0.0,1.0,1.0,1.0,-0.20000000000000012,1.5357142857142858,0.0,0.0,22.35174285714286,0.39285714285714285,1.3571428571428572,0.3784113499495802,0.3652605831196095,0.0,0.0,4953.142857142857,119.64285714285714,0.0,170.89285714285714,0.0,3426.4285714285716,0.0,258.2142857142857,4813.285714285715,0.0,0.0,0.0,0.0,7857.392857142857
109,0.13916550171444106,0.15729753794413712,0.007593005990484152,0.007393564973963356,0.8175147186878263,0.8197328835884826,12.0,14.0,160.23333333333332,209.20238095238093,69.56026666666666,61.26217142857143,57.600000000000016,57.76375714285716,28.23,21.017500000000002,10.5,0.0,34.11538461538461,9738.538461538461,11196.076923076924,41.83115384615384,97.38538461538461,65.09206153846154,24.346346153846152,16.27301538461538,81.36507692307693,57.6881769230769,0.0,1.0,1.0,1.0,-0.20183701923076935,1.5384615384615385,0.0,0.0,16.942461538461536,0.23076923076923078,1.4230769230769231,0.3814995297665087,0.4196905812887396,0.0,0.0,4433.538461538462,140.03846153846155,0.0,209.34615384615384,0.0,4183.115384615385,0.0,315.0,5555.423076923077,0.0,0.0,0.0,0.0,6762.538461538462
110,0.13994176076700782,0.15902777148183728,0.007678775171318919,0.007819861234322786,0.8191825138127864,0.8222844046845748,14.0,15.0,199.33690476190478,194.77,57.98194285714286,63.79583999999999,57.600000000000016,57.600000000000016,22.66357142857143,23.2545,9.517241379310345,0.0,30.689655172413794,9187.689655172413,11818.48275862069,39.44999999999999,91.87689655172416,60.98913103448277,22.96922413793104,15.247282758620686,76.23641379310345,57.59999999999997,0.0,1.0,1.0,1.0,-0.2000000000000001,1.5172413793103448,0.0,0.0,19.580093103448274,0.27586206896551724,1.4137931034482758,0.3867979789054309,0.39900493488510164,0.0,0.0,4270.586206896552,117.96551724137932,0.0,189.3448275862069,0.0,3945.0,0.0,285.51724137931035,5242.689655172414,0.0,0.0,0.0,0.0,7547.896551724138
111,0.14051151636128764,0.16017588561492832,0.007788183874557553,0.007992905504255689,0.8216454327735319,0.8246771542354058,14.0,16.0,198.79166666666666,224.40625,62.153600000000004,54.47200000000001,57.600000000000016,57.600000000000016,22.568214285714294,18.92703125,9.266666666666667,0.0,33.0,8250.5,12747.166666666666,32.84033333333334,82.50500000000002,58.05674666666667,20.626250000000006,14.514186666666667,72.57093333333336,57.59999999999997,0.0,1.0,1.0,1.0,-0.20000000000000012,1.5333333333333334,0.0,0.0,20.16950333333334,0.3,1.4,0.36758890461405047,0.42374037183785923,0.0,0.0,5607.1,139.0,0.0,184.33333333333334,0.0,3284.0333333333333,0.0,278.0,4966.466666666666,0.0,0.0,0.0,0.0,7140.066666666667
112,0.14173782894691597,0.16110247633617727,0.008033067727376768,0.00841618949894977,0.8248158965796438,0.8272031461865851,15.0,15.0,194.92111111111112,214.9322222222222,60.32106666666667,57.96032,57.600000000000016,57.600000000000016,23.292333333333335,20.266666666666666,9.433333333333334,0.0,33.2,8711.8,12295.6,36.518666666666654,87.11799999999998,59.140693333333346,21.779499999999995,14.785173333333336,73.92586666666668,57.59999999999997,0.0,1.0,1.0,1.0,-0.20000000000000012,1.5,0.0,0.0,20.238806666666665,0.2,1.4,0.38776864353889773,0.401303940592463,0.0,0.0,5110.333333333333,120.73333333333333,0.0,187.86666666666667,0.0,3651.866666666667,0.0,283.0,5059.933333333333,0.0,0.0,0.0,0.0,7185.266666666666
113,0.1420839328573158,0.16194681745406045,0.008055626800244783,0.008715966774032196,0.8271512579757069,0.8300919092185111,15.0,15.0,243.41222222222223,209.12,47.991040000000005,57.68511999999999,57.600000000000016,57.600000000000016,16.21816666666667,21.103833333333334,8.6,0.0,33.9,7464.4,13575.966666666667,29.637666666666664,74.644,52.83808,18.661,13.20952,66.0476,57.59999999999997,0.0,1.0,1.0,1.0,-0.20000000000000012,1.5,0.0,0.0,23.422919999999998,0.26666666666666666,1.4,0.4090709878462475,0.40378922305809173,0.0,0.0,6097.733333333334,129.0,0.0,171.63333333333333,0.0,2963.766666666667,0.0,258.0,4500.633333333333,0.0,0.0,0.0,0.0,7478.233333333334
114,0.14232020999903047,0.16223832154141754,0.008209784208293651,0.008811588149453039,0.830242154504461,0.8321099386485566,13.0,15.0,192.3923076923077,228.35444444444445,63.625846153846155,52.62442666666667,57.600000000000016,57.600000000000016,23.47923076923077,18.373833333333334,9.571428571428571,0.0,35.714285714285715,8297.67857142857,12699.464285714286,34.005714285714284,82.97678571428571,57.732228571428564,20.744196428571428,14.43305714285714,72.16528571428572,57.59999999999997,0.0,1.0,1.0,1.0,-0.20000000000000012,1.5357142857142858,0.0,0.0,20.611967857142854,0.17857142857142858,1.5,0.3839560021427094,0.43713495497308263,0.0,0.0,5719.892857142857,123.89285714285714,0.0,190.82142857142858,0.0,3400.5714285714284,0.0,287.14285714285717,4897.107142857143,0.0,0.0,0.0,0.0,6979.571428571428
115,0.1427267419474251,0.16229015268456254,0.008347108371344912,0.009152023116334486,0.8328541337512121,0.8338815864305767,15.0,14.0,199.59666666666666,207.51071428571427,59.92554666666667,56.62080000000001,57.600000000000016,57.600000000000016,22.50783333333333,21.41428571428571,9.551724137931034,0.0,38.172413793103445,8791.965517241379,12205.034482758621,38.30275862068966,87.9196551724138,58.330151724137934,21.97991379310345,14.58253793103448,72.91268965517239,57.59999999999997,0.0,1.0,1.0,1.0,-0.20000000000000012,1.4827586206896552,0.0,0.0,21.249762068965513,0.2413793103448276,1.3793103448275863,0.42210058553181307,0.4019551324775621,0.0,0.0,4788.689655172414,124.62068965517241,0.0,190.82758620689654,0.0,3830.2758620689656,0.0,286.55172413793105,4961.689655172414,0.0,0.0,0.0,0.0,7416.3448275862065
116,0.1439370797812891,0.16247614814270628,0.008449552424425246,0.009262416993275251,0.8353625327213965,0.8365010241440944,16.0,14.0,218.70520833333333,181.70119047619048,54.1032,63.12365714285715,57.600000000000016,57.600000000000016,19.79578125,25.061249999999998,9.466666666666667,0.0,33.233333333333334,8901.2,12086.2,39.314,89.01200000000001,58.312746666666655,22.253000000000004,14.578186666666662,72.89093333333334,57.59999999999997,0.0,1.0,1.0,1.0,-0.20000000000000012,1.4666666666666666,0.0,0.0,21.54025333333333,0.3,1.3333333333333333,0.3799686939670733,0.3997248628506109,0.0,0.0,4742.7,138.96666666666667,0.0,188.63333333333333,0.0,3931.4,0.0,284.0,4969.8,0.0,0.0,0.0,0.0,7343.5
117,0.14423951961848339,0.16339979847700792,0.008761423855439087,0.00932632779035652,0.8375643762492169,0.8391937996685128,15.0,16.0,178.4711111111111,198.61979166666666,66.14656,59.55980000000001,57.600000000000016,57.600000000000016,25.5835,22.69203125,9.935483870967742,0.0,37.45161290322581,9636.451612903225,11332.225806451614,42.59451612903225,96.36451612903227,62.746941935483854,24.091129032258067,15.68673548387096,78.43367741935482,57.599999999999966,0.0,1.0,1.0,1.0,-0.20000000000000012,1.5161290322580645,0.0,0.0,18.94418709677419,0.1935483870967742,1.4516129032258065,0.3966996951027741,0.4139881954028622,0.0,0.0,4103.677419354839,133.5483870967742,0.0,198.70967741935485,0.0,4259.451612903225,0.0,298.06451612903226,5377.0,0.0,0.0,0.0,0.0,7228.548387096775
118,0.14535660538684123,0.1635458504681678,0.008781824211399161,0.009416594858026471,0.8389265021681809,0.8410703597819995,17.0,16.0,220.80196078431374,255.290625,56.09750588235294,43.8034,57.600000000000016,57.600000000000016,19.45529411764706,14.535937500000001,8.0,0.0,37.84848484848485,6828.060606060606,14251.424242424242,25.38818181818182,68.28060606060606,50.13672727272726,17.070151515151515,12.534181818181812,62.670909090909085,57.599999999999966,0.0,1.0,1.0,1.0,-0.2000000000000001,1.4848484848484849,0.0,0.0,24.533424242424243,0.30303030303030304,1.4242424242424243,0.39245123633551743,0.4034172007118298,0.0,0.0,6214.454545454545,120.0,0.0,159.5151515151515,0.0,2538.818181818182,0.0,240.0,4289.242424242424,0.0,0.0,0.0,0.0,8036.969696969697
119,0.14558435887898596,0.1635458504681678,0.008866168792625554,0.00949354540591997,0.841865314733975,0.8438087548762412,16.0,12.0,240.34791666666666,136.15833333333333,48.679399999999994,78.03866666666669,57.600000000000016,57.600000000000016,16.6796875,31.82375,9.785714285714286,0.0,42.214285714285715,9268.0,11741.714285714286,40.28214285714285,92.68000000000002,61.26194285714286,23.170000000000005,15.315485714285712,76.57742857142856,57.59999999999997,0.0,1.0,1.0,1.0,-0.20000000000000012,1.4285714285714286,0.0,0.0,19.508057142857144,0.2857142857142857,1.3928571428571428,0.4654191778772406,0.35880251970503124,0.0,0.0,3831.5714285714284,100.35714285714286,0.0,195.35714285714286,0.0,4028.214285714286,0.0,293.57142857142856,5239.785714285715,0.0,0.0,0.0,0.0,7910.142857142857
120,0.14592583784738677,0.163644713264863,0.009104299021313265,0.009617054470031909,0.8444966601960813,0.8463980398897857,14.0,17.0,173.46904761904761,248.29607843137256,68.0153142857143,46.14061176470588,57.600000000000016,57.600000000000016,26.342321428571427,15.558235294117647,8.870967741935484,0.0,35.29032258064516,8171.387096774193,12870.193548387097,33.70967741935483,81.71387096774193,56.01950967741936,20.42846774193548,14.004877419354838,70.02438709677419,57.599999999999966,0.0,1.0,1.0,1.0,-0.20000000000000012,1.5483870967741935,0.0,0.0,22.00895806451613,0.2903225806451613,1.4193548387096775,0.27787834863812805,0.4505359649139043,0.0,0.0,5768.709677419355,113.87096774193549,0.0,177.41935483870967,0.0,3370.967741935484,0.0,266.1290322580645,4800.419354838709,0.0,0.0,0.0,0.0,7101.4838709677415
121,0.14606930291160272,0.1636800827729217,0.00911735353724809,0.009696859554564433,0.8464694097832931,0.848399345138277,16.0,14.0,204.89166666666668,195.32738095238093,58.62180000000001,61.009142857142855,57.600000000000016,57.600000000000016,21.690468749999997,23.096607142857145,9.933333333333334,0.0,42.06666666666667,8938.666666666666,12025.7,38.75066666666667,89.38666666666668,59.73589333333335,22.34666666666667,14.933973333333334,74.66986666666665,57.59999999999997,0.0,1.0,1.0,1.0,-0.20000000000000012,1.4666666666666666,0.0,0.0,20.210773333333332,0.23333333333333334,1.2666666666666666,0.4356310060318535,0.38864694997457655,0.0,0.0,4795.9,137.96666666666667,0.0,198.66666666666666,0.0,3875.0666666666666,0.0,298.0,5063.6,0.0,0.0,0.0,0.0,7229.8
122,0.14616813171342033,0.1651667651439195,0.00935570201849241,0.0097215823084723,0.8479812346309648,0.8504017181452478,17.0,15.0,218.25588235294117,207.74333333333334,55.942588235294124,58.14634666666666,57.600000000000016,57.600000000000016,19.767941176470593,21.317833333333333,9.3125,0.0,38.65625,8197.78125,12799.6875,33.49281249999999,81.97781250000001,56.97560000000001,20.494453125000003,14.243899999999998,71.21950000000001,57.599999999999966,0.0,1.0,1.0,1.0,-0.2000000000000001,1.46875,0.0,0.0,21.118853124999998,0.28125,1.3125,0.4328627964935132,0.34712953382761214,0.0,0.0,5460.25,135.90625,0.0,186.25,0.0,3349.28125,0.0,279.375,4848.5,0.0,0.0,0.0,0.0,7339.4375
123,0.1470748515851954,0.1652983765268519,0.00956774021224969,0.010136354943558735,0.8508282768439609,0.8524178853372412,17.0,15.0,236.7970588235294,176.13111111111112,49.85882352941176,67.45045333333333,57.600000000000016,57.600000000000016,17.20838235294118,25.90133333333333,9.1875,0.0,40.0625,8513.28125,12501.59375,35.32562500000001,85.1328125,58.10489999999999,21.283203125,14.526224999999997,72.63112500000001,57.599999999999966,0.0,1.0,1.0,1.0,-0.20000000000000012,1.46875,0.0,0.0,20.778303124999994,0.25,1.375,0.40662196303784576,0.4025732454149064,0.0,0.0,4986.96875,125.125,0.0,183.375,0.0,3532.5625,0.0,275.625,4980.71875,0.0,0.0,0.0,0.0,7514.625
124,0.1470748515851954,0.16635067850303656,0.009753518218416739,0.010347286674949677,0.8528551222467144,0.8542047589858143,14.0,17.0,188.95952380952383,230.30490196078432,64.37965714285714,48.89675294117647,57.600000000000016,57.600000000000016,24.023571428571426,18.16514705882353,9.096774193548388,0.0,40.74193548387097,8324.354838709678,12697.967741935483,35.638709677419364,83.24354838709678,55.889032258064525,20.810887096774195,13.972258064516124,69.86129032258064,57.599999999999966,0.0,1.0,1.0,1.0,-0.20000000000000012,1.5483870967741935,0.0,0.0,22.521854838709686,0.25806451612903225,1.3870967741935485,0.39239487076570695,0.43108635248540683,0.0,0.0,5174.5161290322585,122.6774193548387,0.0,181.09677419354838,0.0,3563.8709677419356,0.0,272.9032258064516,4760.4838709677415,0.0,0.0,0.0,0.0,7523.451612903225
125,0.1470748515851954,0.16635067850303656,0.009874719649120367,0.01044188750070208,0.854857538334684,0.8558890101399258,16.0,14.0,200.21875,189.46904761904761,58.85140000000001,63.07588571428572,57.600000000000016,57.600000000000016,22.479062499999998,23.952857142857145,9.666666666666666,0.0,45.266666666666666,9266.733333333334,11712.133333333333,40.587999999999994,92.66733333333333,60.822826666666664,23.166833333333333,15.205706666666662,76.02853333333334,57.59999999999997,0.0,1.0,1.0,1.0,-0.20000000000000012,1.4666666666666666,0.0,0.0,19.944006666666674,0.2,1.3666666666666667,0.43724119531392847,0.3887711098575884,0.0,0.0,4905.933333333333,137.66666666666666,0.0,192.46666666666667,0.0,4058.8,0.0,290.0,5207.933333333333,0.0,0.0,0.0,0.0,6806.2
126,0.14833785018807708,0.16635067850303656,0.010094774002708804,0.010686054541423013,0.8563404288838714,0.8572179829324579,16.0,15.0,221.625,223.70222222222222,51.59160000000001,56.02176000000001,57.600000000000016,57.600000000000016,19.385937499999997,18.999000000000002,8.709677419354838,0.0,42.32258064516129,7679.4838709677415,13357.806451612903,30.981935483870974,76.79483870967742,53.735225806451616,19.198709677419355,13.433806451612902,67.16903225806452,57.599999999999966,0.0,1.0,1.0,1.0,-0.20000000000000012,1.4838709677419355,0.0,0.0,23.063483870967744,0.25806451612903225,1.3870967741935485,0.3807726573081866,0.4128385924032994,0.0,0.0,5795.419354838709,127.06451612903226,0.0,173.3548387096774,0.0,3098.1935483870966,0.0,261.2903225806452,4581.290322580645,0.0,0.0,0.0,0.0,7562.387096774193
127,0.14833785018807708,0.16635067850303656,0.010425733285467385,0.010842523720537234,0.857767286039049,0.8596266358039153,14.0,15.0,182.95119047619048,198.4788888888889,64.36297142857143,63.65717333333334,57.600000000000016,57.62789333333335,24.900892857142853,22.563833333333335,10.655172413793103,0.0,46.55172413793103,9476.827586206897,11458.965517241379,40.534827586206895,94.76827586206896,63.99790344827586,23.69206896551724,15.999475862068964,79.99737931034483,57.61442758620687,0.0,1.0,1.0,1.0,-0.2003005747126438,1.5172413793103448,0.0,0.0,17.308593103448278,0.10344827586206896,1.4482758620689655,0.39810001042917326,0.4280841710017533,0.0,0.0,4008.9310344827586,131.06896551724137,0.0,212.48275862068965,0.0,4053.4827586206898,0.0,319.6551724137931,5423.3448275862065,0.0,0.0,0.0,0.0,7450.0344827586205
128,0.14837321969613576,0.16640250964618158,0.010608477649006291,0.010996533482156406,0.8595470811352878,0.8614419051387497,17.0,17.0,210.07549019607845,211.4735294117647,56.142117647058825,57.498164705882346,57.600000000000016,57.600000000000016,21.053676470588233,20.804411764705886,9.0,0.0,46.61764705882353,8371.617647058823,12646.470588235294,35.02852941176471,83.71617647058822,56.82014117647059,20.929044117647056,14.205035294117645,71.02517647058824,57.599999999999966,0.0,1.0,1.0,1.0,-0.20000000000000012,1.5,0.0,0.0,21.708902941176476,0.20588235294117646,1.411764705882353,0.4120576037772161,0.41338763562002545,0.0,0.0,5220.411764705882,130.91176470588235,0.0,180.0,0.0,3502.8529411764707,0.0,270.0,4868.764705882353,0.0,0.0,0.0,0.0,7426.058823529412
129,0.14932129745542197,0.16643787915424024,0.010599636328644533,0.011204714094315766,0.8613243676180745,0.8627420257531259,16.0,16.0,192.79375,211.596875,61.293600000000005,56.28980000000001,57.600000000000016,57.600000000000016,23.46546875,20.798124999999995,9.53125,0.0,43.53125,8852.71875,12131.71875,38.40562499999999,88.52718750000003,58.791700000000006,22.131796875000006,14.697924999999996,73.489625,57.599999999999966,0.0,1.0,1.0,1.0,-0.20000000000000012,1.5,0.0,0.0,20.940096875000002,0.15625,1.40625,0.3957387005513991,0.41749869879821155,0.0,0.0,4964.84375,138.375,0.0,190.25,0.0,3840.5625,0.0,285.9375,5012.15625,0.0,0.0,0.0,0.0,7166.875
130,0.14967599826067157,0.16688761987801495,0.011166194322529473,0.011371877848968804,0.862732678560942,0.8642573799402029,17.0,16.0,200.71274509803922,203.6375,59.453364705882365,60.4044,57.600000000000016,57.600000000000016,22.389558823529416,21.935781249999998,9.545454545454545,0.0,46.0,8867.818181818182,12127.848484848484,37.40363636363637,88.67818181818184,59.914472727272724,22.16954545454546,14.978618181818181,74.89309090909092,57.599999999999966,0.0,1.0,1.0,1.0,-0.20000000000000012,1.4848484848484849,0.0,0.0,19.85507272727273,0.15151515151515152,1.4242424242424243,0.41884531241391865,0.39653053613550515,0.0,0.0,4889.909090909091,126.54545454545455,0.0,190.42424242424244,0.0,3740.3636363636365,0.0,286.3636363636364,5127.454545454545,0.0,0.0,0.0,0.0,7237.939393939394
131,0.15043357423672143,0.16724232068326458,0.011301952915054692,0.011797521233670281,0.8646007056231467,0.8661854531149743,17.0,16.0,235.75980392156862,205.828125,48.60969411764706,59.14620000000001,57.600000000000016,57.600000000000016,17.306617647058825,21.55828125,8.93939393939394,0.0,47.60606060606061,7747.212121212121,13274.848484848484,31.944848484848485,77.47212121212122,53.71830303030303,19.368030303030306,13.429575757575758,67.1478787878788,57.599999999999966,0.0,1.0,1.0,1.0,-0.20000000000000012,1.4848484848484849,0.0,0.0,23.24972727272727,0.30303030303030304,1.3636363636363635,0.41322203348052927,0.3989508257257562,0.0,0.0,5521.848484848485,130.84848484848484,0.0,177.9090909090909,0.0,3194.4848484848485,0.0,268.1818181818182,4552.727272727273,0.0,0.0,0.0,0.0,7753.0
132,0.15184858836079004,0.1676685455802642,0.011349951624119232,0.012000864494403598,0.8659629782237314,0.8678406274190862,15.0,17.0,190.41666666666666,212.73725490196077,64.03946666666667,57.46785882352942,57.600000000000016,57.71804117647061,23.720666666666666,20.598529411764705,9.875,0.0,43.03125,8824.8125,12136.46875,36.697812500000005,88.248125,60.54829999999999,22.06203125,15.137074999999998,75.68537500000001,57.66270937499996,0.0,1.0,1.0,1.0,-0.2013064453125001,1.53125,0.0,0.0,19.176440625,0.28125,1.40625,0.3502303358699748,0.43579588076709946,0.0,0.0,4690.59375,144.46875,0.0,197.0,0.0,3669.78125,0.0,296.25,5155.03125,0.0,0.0,0.0,0.0,7445.875
133,0.15200102887789227,0.16872839529293263,0.01129019834168856,0.012027163537906687,0.8684997171857352,0.8695186445224781,17.0,17.0,214.34019607843138,224.94803921568626,56.4086588235294,55.495529411764714,57.600000000000016,57.629064705882364,20.330441176470586,18.80661764705882,9.205882352941176,0.0,46.73529411764706,7827.411764705882,13178.64705882353,30.73088235294118,78.27411764705882,55.95209411764706,19.568529411764704,13.988023529411764,69.94011764705884,57.61453235294114,0.0,1.0,1.0,1.0,-0.20030275735294126,1.5,0.0,0.0,21.230967647058822,0.20588235294117646,1.3529411764705883,0.4159127245341241,0.4014231211051481,0.0,0.0,5165.5,133.05882352941177,0.0,183.7058823529412,0.0,3073.0882352941176,0.0,276.1764705882353,4754.323529411765,0.0,0.0,0.0,0.0,8013.14705882353
134,0.15200102887789227,0.16936202010860144,0.011314872634317876,0.012097721975563474,0.8698783216209773,0.8716092487873423,17.0,16.0,233.35490196078433,192.48229166666667,51.464470588235294,62.3738,57.600000000000016,57.600000000000016,17.562352941176467,23.5303125,9.333333333333334,0.0,49.36363636363637,8182.363636363636,12812.272727272728,33.5939393939394,81.82363636363637,56.75384242424242,20.455909090909092,14.188460606060604,70.94230303030304,57.599999999999966,0.0,1.0,1.0,1.0,-0.20000000000000012,1.4848484848484849,0.0,0.0,21.30206666666667,0.24242424242424243,1.393939393939394,0.4311420296078904,0.39551123653021236,0.0,0.0,5644.727272727273,138.0909090909091,0.0,186.27272727272728,0.0,3359.3939393939395,0.0,280.0,4822.969696969697,0.0,0.0,0.0,0.0,7167.545454545455
135,0.15246382523929916,0.16936202010860144,0.011581167250920088,0.0124746938954532,0.8713070786697159,0.8727895239142665,16.0,17.0,190.459375,203.6970588235294,61.089,57.85637647058823,57.600000000000016,57.600000000000016,23.83375,21.86573529411764,9.909090909090908,0.0,50.21212121212121,9127.969696969696,11836.727272727272,40.94060606060606,91.279696969697,59.423709090909085,22.81992424242425,14.855927272727268,74.27963636363637,57.599999999999966,0.0,1.0,1.0,1.0,-0.20000000000000012,1.5151515151515151,0.0,0.0,20.996215151515155,0.3333333333333333,1.3636363636363635,0.39593287092546764,0.42942983345507546,0.0,0.0,4646.151515151515,139.24242424242425,0.0,197.78787878787878,0.0,4094.060606060606,0.0,297.27272727272725,5033.909090909091,0.0,0.0,0.0,0.0,7190.575757575758
136,0.1542049894184469,0.17102787131270666,0.011716110724527466,0.012625112251910122,0.8732388471767867,0.8753196274532489,17.0,18.0,235.00882352941179,186.57870370370372,49.42889411764706,64.84746666666666,57.600000000000016,57.60000000000001,17.40794117647059,24.32680555555555,9.4,0.0,43.2,8386.485714285714,12606.114285714286,35.08314285714287,83.86485714285715,57.35844571428572,20.966214285714287,14.33961142857143,71.69805714285714,57.59999999999996,0.0,1.0,1.0,1.0,-0.20000000000000012,1.5142857142857142,0.0,0.0,21.207768571428574,0.2571428571428571,1.457142857142857,0.3658968832627488,0.3836526529383002,0.0,0.0,5659.542857142857,136.8,0.0,187.6,0.0,3508.3142857142857,0.0,282.0,4878.171428571429,0.0,0.0,0.0,0.0,6946.571428571428
137,0.1542049894184469,0.17244399478262668,0.012339286544748411,0.012982443711962522,0.8743065961047826,0.8772030002463453,15.0,20.0,205.9322222222222,235.30333333333334,57.71626666666668,50.28144,57.600000000000016,57.6,21.596666666666668,17.38575,8.685714285714285,0.0,48.48571428571429,7676.171428571429,13362.942857142858,31.199428571428566,76.76171428571426,53.46779428571429,19.190428571428566,13.366948571428571,66.83474285714288,57.59999999999996,0.0,1.0,1.0,1.0,-0.20000000000000012,1.5714285714285714,0.0,0.0,23.322634285714287,0.2571428571428571,1.457142857142857,0.35988885838564666,0.4451715186003069,0.0,0.0,5299.828571428571,125.94285714285714,0.0,173.37142857142857,0.0,3119.942857142857,0.0,260.57142857142856,4556.228571428572,0.0,0.0,0.0,0.0,8063.114285714286
138,0.1542049894184469,0.17244399478262668,0.012755219323205549,0.013353874462034147,0.8755021391717227,0.8787352452759651,15.0,17.0,162.78444444444446,220.80098039215687,71.32736,56.42823529411764,57.74262666666668,57.600000000000016,27.7755,19.36,10.5,0.0,53.4375,9321.90625,11616.34375,39.4146875,93.21906250000002,63.41220000000001,23.304765625000005,15.853049999999996,79.26524999999998,57.66685624999997,0.0,1.0,1.0,1.0,-0.20139283854166679,1.53125,0.0,0.0,17.559421875,0.25,1.5,0.38773605968994923,0.4388310890913076,0.0,0.0,4463.75,136.65625,0.0,209.09375,0.0,3941.46875,0.0,315.0,5380.4375,0.0,0.0,0.0,0.0,7152.59375
139,0.1564010784554876,0.17244399478262668,0.0133502786312396,0.013511989677607724,0.8772804492274052,0.8797922781015696,19.0,17.0,239.66228070175438,226.50196078431372,50.867200000000004,52.62042352941177,57.6,57.600000000000016,16.71328947368421,18.55970588235294,8.61111111111111,0.0,41.0,7034.083333333333,14006.861111111111,26.53805555555555,70.34083333333334,51.6951111111111,17.585208333333334,12.923777777777774,64.61888888888888,57.59999999999996,0.0,1.0,1.0,1.0,-0.20000000000000012,1.4722222222222223,0.0,0.0,23.490097222222225,0.3333333333333333,1.4444444444444444,0.2818598892502842,0.3971928325433787,0.0,0.0,5897.861111111111,127.5,0.0,172.22222222222223,0.0,2653.8055555555557,0.0,258.3333333333333,4380.277777777777,0.0,0.0,0.0,0.0,8109.0
140,0.15703702805193578,0.17244399478262668,0.013405600341939298,0.013542068280510942,0.8785909669917195,0.880883412473671,17.0,16.0,202.09411764705882,188.79166666666666,60.30776470588235,67.10100000000001,57.600000000000016,57.600000000000016,22.088529411764707,23.8834375,10.454545454545455,0.0,55.18181818181818,9183.515151515152,11738.666666666666,37.780606060606054,91.83515151515148,63.60145454545456,22.95878787878787,15.900363636363636,79.50181818181818,57.599999999999966,0.0,1.0,1.0,1.0,-0.20000000000000012,1.4848484848484849,0.0,0.0,16.957333333333334,0.09090909090909091,1.4545454545454546,0.4174047438131386,0.40453595168990264,0.0,0.0,4854.515151515152,154.0909090909091,0.0,209.0909090909091,0.0,3778.060606060606,0.0,313.6363636363636,5405.454545454545,0.0,0.0,0.0,0.0,6884.151515151515
141,0.15703702805193578,0.17274887581683113,0.013867291835691964,0.013470998452773995,0.8797041145072144,0.8821049274435603,18.0,19.0,197.50277777777777,231.9719298245614,61.24871111111112,51.42063157894736,57.60000000000001,57.6,22.74652777777778,17.816184210526313,9.297297297297296,0.0,55.027027027027025,8085.891891891892,12912.18918918919,33.16216216216216,80.85891891891892,56.20185945945946,20.21472972972973,14.050464864864866,70.25232432432432,57.59999999999996,0.0,1.0,1.0,1.0,-0.20000000000000012,1.5135135135135136,0.0,0.0,21.612870270270275,0.2702702702702703,1.4054054054054055,0.402408260667713,0.4227577034069954,0.0,0.0,4720.27027027027,136.3783783783784,0.0,185.6216216216216,0.0,3316.2162162162163,0.0,278.9189189189189,4769.675675675676,0.0,0.0,0.0,0.0,8191.918918918919
142,0.15930650601046392,0.1729650669291457,0.014432706632423953,0.013769789090487705,0.8813805142163759,0.8837366747601482,19.0,17.0,213.38070175438597,194.51764705882354,56.657852631578955,61.16442352941175,57.6,57.600000000000016,20.469210526315788,23.23352941176471,9.63888888888889,0.0,47.638888888888886,8709.833333333334,12268.388888888889,37.10833333333334,87.09833333333333,58.785955555555546,21.774583333333332,14.696488888888886,73.48244444444445,57.59999999999996,0.0,1.0,1.0,1.0,-0.20000000000000012,1.4722222222222223,0.0,0.0,20.588627777777774,0.3055555555555556,1.3333333333333333,0.37643943723382794,0.3929853996157641,0.0,0.0,4762.027777777777,139.19444444444446,0.0,192.41666666666666,0.0,3710.8333333333335,0.0,289.1666666666667,4999.0,0.0,0.0,0.0,0.0,7506.361111111111
143,0.15933002183723904,0.1739985979945957,0.014653090124401937,0.013728226186823582,0.8828526596317317,0.8852973056303083,19.0,18.0,196.05350877192984,230.6361111111111,62.5466947368421,53.09706666666666,57.6,57.60000000000001,22.99328947368421,17.993750000000002,9.378378378378379,0.0,55.0,8224.432432432432,12772.648648648648,32.82162162162163,82.24432432432432,57.9495783783784,20.56108108108108,14.487394594594594,72.43697297297295,57.59999999999996,0.0,1.0,1.0,1.0,-0.20000000000000012,1.4864864864864864,0.0,0.0,20.211502702702706,0.24324324324324326,1.2702702702702702,0.4212535608614082,0.386251983914521,0.0,0.0,5416.72972972973,133.35135135135135,0.0,187.21621621621622,0.0,3282.162162162162,0.0,281.35135135135135,4942.27027027027,0.0,0.0,0.0,0.0,7355.918918918919
144,0.1599364544289078,0.1753917391241358,0.014798792490086145,0.013957927921285978,0.8843829683869928,0.8864856734176197,20.0,17.0,215.625,234.8372549019608,58.312,50.26936470588236,57.6,57.600000000000016,20.053625000000004,17.44573529411765,9.08108108108108,0.0,52.2972972972973,7542.1621621621625,13467.135135135135,29.123783783783782,75.42162162162163,54.61673513513512,18.855405405405406,13.65418378378378,68.27091891891891,57.59999999999996,0.0,1.0,1.0,1.0,-0.20000000000000012,1.4594594594594594,0.0,0.0,21.838670270270264,0.32432432432432434,1.3243243243243243,0.4461572669390375,0.34250485206543646,0.0,0.0,5172.972972972973,136.21621621621622,0.0,181.05405405405406,0.0,2912.3783783783783,0.0,272.43243243243245,4629.783783783784,0.0,0.0,0.0,0.0,8294.162162162162
145,0.1610226963054307,0.1753917391241358,0.01493186686558354,0.014450676050592385,0.8856250699262707,0.8876762475011752,21.0,15.0,223.69047619047618,151.89888888888888,55.14971428571429,74.19008000000001,57.599999999999994,57.89238000000001,18.981428571428562,29.425333333333334,10.25,0.0,52.22222222222222,9333.222222222223,11626.638888888889,39.57888888888889,93.33222222222223,63.083200000000005,23.333055555555557,15.7708,78.854,57.72182499999997,0.0,1.0,1.0,1.0,-0.20253802083333347,1.4166666666666667,0.0,0.0,17.971680555555555,0.3055555555555556,1.3888888888888888,0.3910275700120426,0.3506811030202675,0.0,0.0,4530.333333333333,127.30555555555556,0.0,204.33333333333334,0.0,3957.8888888888887,0.0,307.5,5375.333333333333,0.0,0.0,0.0,0.0,7096.305555555556
146,0.16375863658839368,0.17546705209917832,0.014944039023007671,0.014664267184903412,0.8864583785822084,0.8895077654667776,20.0,19.0,207.87583333333333,232.8877192982456,62.38256,50.7525052631579,57.6,57.6,21.199250000000003,17.695921052631583,9.205128205128204,0.0,49.205128205128204,7797.0,13203.666666666666,29.62948717948717,77.96999999999998,56.716635897435914,19.492499999999996,14.179158974358971,70.89579487179488,57.59999999999996,0.0,1.0,1.0,1.0,-0.20000000000000012,1.4871794871794872,0.0,0.0,20.375864102564105,0.23076923076923078,1.5128205128205128,0.3367579001337341,0.4030144437942371,0.0,0.0,5966.25641025641,138.07692307692307,0.0,184.10256410256412,0.0,2962.948717948718,0.0,276.15384615384613,4834.051282051282,0.0,0.0,0.0,0.0,7237.410256410257
147,0.16509444139046223,0.17546705209917832,0.01494340060740592,0.014754195116435258,0.8878464405100636,0.8906252982014591,21.0,17.0,230.64603174603175,185.3205882352941,52.93638095238095,66.81901176470589,57.599999999999994,57.600000000000016,17.97202380952381,24.511470588235298,9.736842105263158,0.0,56.6578947368421,8359.026315789473,12622.131578947368,33.33842105263158,83.59026315789474,59.147031578947356,20.897565789473685,14.786757894736835,73.93378947368421,57.59999999999996,0.0,1.0,1.0,1.0,-0.20000000000000012,1.4473684210526316,0.0,0.0,19.350534210526323,0.18421052631578946,1.4210526315789473,0.4341795528311596,0.37582714706851905,0.0,0.0,5227.1578947368425,131.6578947368421,0.0,194.07894736842104,0.0,3333.842105263158,0.0,292.10526315789474,5025.184210526316,0.0,0.0,0.0,0.0,7394.973684210527
148,0.16691418398123573,0.17555425275038203,0.015709657618238306,0.015114210235995454,0.8888653988417226,0.8918006970245116,20.0,20.0,224.88583333333332,230.0925,54.80064000000001,53.0904,57.6,57.6,18.875875,18.086375,8.625,0.0,52.675,7392.45,13649.35,27.793749999999996,73.92449999999998,53.94551999999999,18.481124999999995,13.486379999999993,67.4319,57.59999999999995,0.0,1.0,1.0,1.0,-0.20000000000000012,1.5,0.0,0.0,22.135604999999998,0.25,1.475,0.39128826940253986,0.4139644606221669,0.0,0.0,6373.125,126.4,0.0,172.05,0.0,2779.375,0.0,258.75,4613.075,0.0,0.0,0.0,0.0,7276.225
149,0.1675906427162644,0.17555425275038203,0.015735175420059123,0.015550742050676187,0.8900310481978573,0.8929048521491737,18.0,18.0,177.36574074074076,210.10648148148147,67.40977777777778,58.41102222222222,57.60000000000001,57.60000000000001,25.655138888888885,20.907638888888894,10.25,0.0,57.861111111111114,9312.555555555555,11624.166666666666,39.55222222222223,93.12555555555555,62.91040000000001,23.281388888888888,15.727599999999999,78.638,57.59999999999996,0.0,1.0,1.0,1.0,-0.20000000000000012,1.5,0.0,0.0,17.970988888888886,0.1388888888888889,1.4166666666666667,0.407112747366508,0.41610581760269305,0.0,0.0,4226.444444444444,150.97222222222223,0.0,203.80555555555554,0.0,3955.222222222222,0.0,307.5,5357.333333333333,0.0,0.0,0.0,0.0,7397.722222222223
150,0.16858275635125902,0.17613291816448387,0.015969616601028733,0.01609922289715201,0.8914739629838515,0.8938509312442118,20.0,18.0,190.89416666666665,208.1046296296296,66.23104,60.55111111111111,57.71257000000001,57.60000000000001,23.738625,21.170416666666668,10.052631578947368,0.0,56.39473684210526,9008.842105263158,11942.78947368421,35.62842105263158,90.08842105263159,63.540547368421045,22.522105263157897,15.88513684210526,79.4256842105263,57.65924736842101,0.0,1.0,1.0,1.0,-0.20123432017543874,1.4736842105263157,0.0,0.0,16.640805263157898,0.18421052631578946,1.394736842105263,0.4270998620505235,0.38864922509040767,0.0,0.0,5022.763157894737,145.8684210526316,0.0,199.92105263157896,0.0,3562.842105263158,0.0,301.57894736842104,5446.0,0.0,0.0,0.0,0.0,6920.026315789473
151,0.16927330620481068,0.17665459986072457,0.016414897111490905,0.016026936379746805,0.8925886772364447,0.8949058200716006,21.0,19.0,245.80555555555557,194.6184210526316,48.88822857142856,59.10214736842104,57.599999999999994,57.6,15.76059523809524,23.310131578947367,9.0,0.0,54.925,7738.65,13289.5,31.907500000000006,77.38650000000001,53.73984,19.346625000000003,13.434959999999995,67.1748,57.59999999999995,0.0,1.0,1.0,1.0,-0.2000000000000001,1.475,0.0,0.0,23.206784999999996,0.25,1.375,0.4309040402001343,0.3927064734596324,0.0,0.0,5664.325,121.6,0.0,179.25,0.0,3190.75,0.0,270.0,4547.9,0.0,0.0,0.0,0.0,7625.175
152,0.17019080888016283,0.17675342866254218,0.016869690144621204,0.016083699978800117,0.893538205837552,0.896018004400975,19.0,19.0,195.39736842105265,201.25964912280702,62.60901052631579,60.955957894736855,57.6,57.6,23.08171052631579,22.230394736842108,9.894736842105264,0.0,57.31578947368421,9062.421052631578,11899.71052631579,37.81131578947369,90.62421052631579,61.78248421052631,22.656052631578948,15.445621052631575,77.22810526315787,57.59999999999996,0.0,1.0,1.0,1.0,-0.20000000000000012,1.5,0.0,0.0,18.47356842105263,0.21052631578947367,1.4210526315789473,0.40830098448164553,0.4175290288467715,0.0,0.0,4786.4473684210525,142.28947368421052,0.0,197.73684210526315,0.0,3781.1315789473683,0.0,296.8421052631579,5281.289473684211,0.0,0.0,0.0,0.0,7113.263157894737
153,0.17154527034668754,0.17751100463859207,0.016677090115173335,0.016021433830027864,0.8945393942952952,0.8969123094532793,20.0,20.0,241.15,239.405,51.138079999999995,51.89392,57.6,57.6,16.451874999999998,16.710500000000003,8.475,0.0,55.05,6632.475,14416.65,22.549749999999996,66.32475000000001,51.515999999999984,16.581187500000002,12.878999999999994,64.39500000000001,57.59999999999995,0.0,1.0,1.0,1.0,-0.20000000000000012,1.5,0.0,0.0,22.6651875,0.275,1.475,0.36862956528234186,0.40822082332180765,0.0,0.0,6767.25,126.375,0.0,169.25,0.0,2254.975,0.0,254.25,4377.5,0.0,0.0,0.0,0.0,7649.4
154,0.1715687861734626,0.17751100463859207,0.017218426129068296,0.01638442540570309,0.8956884587474662,0.8978636184928774,18.0,18.0,152.73425925925923,183.85833333333332,72.84871111111111,65.07982222222225,57.60000000000001,57.60000000000001,29.21597222222222,24.74930555555555,11.416666666666666,0.0,63.5,10793.055555555555,10097.777777777777,49.41222222222222,107.93055555555557,68.96426666666666,26.982638888888893,17.241066666666658,86.20533333333334,57.59999999999996,0.0,1.0,1.0,1.0,-0.2000000000000001,1.5,0.0,0.0,15.618372222222222,0.2777777777777778,1.3611111111111112,0.4130594488807505,0.41536243404055656,0.0,0.0,3135.1944444444443,137.33333333333334,0.0,228.33333333333334,0.0,4941.222222222223,0.0,342.5,5851.833333333333,0.0,0.0,0.0,0.0,6962.583333333333
155,0.17367268271343203,0.17924788651783927,0.017334416213162798,0.01653866028342232,0.8968542519810834,0.8987347329514566,23.0,20.0,248.47463768115944,226.23333333333332,49.29126956521739,54.64000000000001,57.59999999999999,57.6,15.391521739130432,18.584000000000003,8.651162790697674,0.0,49.0,6750.558139534884,14287.790697674418,23.662093023255817,67.50558139534884,51.779051162790715,16.87639534883721,12.944762790697673,64.72381395348839,57.59999999999995,0.0,1.0,1.0,1.0,-0.20000000000000004,1.4651162790697674,0.0,0.0,22.697344186046504,0.3488372093023256,1.372093023255814,0.3691988726622882,0.3641774815100474,0.0,0.0,6143.046511627907,128.72093023255815,0.0,172.3953488372093,0.0,2366.2093023255816,0.0,259.5348837209302,4384.3488372093025,0.0,0.0,0.0,0.0,8144.7441860465115
156,0.17374799568847457,0.1797094809228976,0.017822294592868628,0.016762286659524044,0.8977784929647521,0.8997074126413359,20.0,19.0,216.41416666666666,237.03333333333333,57.331999999999994,52.39629473684212,57.6,57.6,19.971875,17.03407894736842,9.179487179487179,0.0,61.87179487179487,7416.25641025641,13587.564102564103,27.65589743589744,74.1625641025641,54.92742564102564,18.540641025641026,13.731856410256409,68.65928205128203,57.59999999999996,0.0,1.0,1.0,1.0,-0.20000000000000012,1.4871794871794872,0.0,0.0,21.21321538461539,0.28205128205128205,1.3076923076923077,0.42948897878485087,0.40061160309387717,0.0,0.0,6388.820512820513,137.28205128205127,0.0,182.51282051282053,0.0,2765.5897435897436,0.0,275.38461538461536,4650.666666666667,0.0,0.0,0.0,0.0,7198.74358974359
157,0.17398763685678048,0.18064284714224907,0.018462296540086364,0.016905420970112432,0.8987933958824469,0.9008333895956524,20.0,18.0,227.71666666666667,183.56574074074075,53.22448000000001,67.77671111111111,57.6,57.60000000000001,18.414250000000003,24.651250000000005,9.973684210526315,0.0,57.36842105263158,8547.447368421053,12408.184210526315,34.4878947368421,85.47447368421054,60.11764210526317,21.368618421052634,15.029410526315788,75.14705263157893,57.59999999999996,0.0,1.0,1.0,1.0,-0.20000000000000012,1.4736842105263157,0.0,0.0,18.85097631578947,0.21052631578947367,1.368421052631579,0.440622989790437,0.3870306423295219,0.0,0.0,5375.789473684211,145.18421052631578,0.0,198.97368421052633,0.0,3448.7894736842104,0.0,299.2105263157895,5098.6578947368425,0.0,0.0,0.0,0.0,7032.394736842105
158,0.17404652219161423,0.18190259091070474,0.018872956820537638,0.017331376124948148,0.9000844203086524,0.9020079826027542,19.0,21.0,215.3438596491228,208.75714285714284,58.42206315789473,57.802971428571425,57.6,57.599999999999994,20.140657894736844,21.107142857142858,9.675,0.0,59.95,8259.225,12713.15,33.361999999999995,82.59224999999999,58.09703999999999,20.648062499999998,14.524259999999998,72.62130000000002,57.59999999999995,0.0,1.0,1.0,1.0,-0.2000000000000001,1.525,0.0,0.0,20.151022500000003,0.2,1.45,0.4078600653560245,0.4184676481540266,0.0,0.0,5173.475,142.875,0.0,193.5,0.0,3336.2,0.0,290.25,4923.025,0.0,0.0,0.0,0.0,7539.675
159,0.17407003801838936,0.18211231561015329,0.019068759640676444,0.017866415948889235,0.9009576949989218,0.9028320602041374,19.0,21.0,179.3517543859649,232.40317460317462,67.54004210526318,52.85013333333334,57.72806315789474,57.599999999999994,25.375657894736843,17.71666666666667,10.0,0.0,62.425,8541.875,12432.225,34.76475000000001,85.41875,59.82784,21.3546875,14.956959999999999,74.78479999999999,57.660829999999955,0.0,1.0,1.0,1.0,-0.20126729166666676,1.525,0.0,0.0,19.1876775,0.3,1.45,0.4023570987396683,0.43366304009972917,0.0,0.0,4842.575,126.25,0.0,198.65,0.0,3476.475,0.0,300.0,5065.4,0.0,0.0,0.0,0.0,7589.65
160,0.17530721751885092,0.18222041116631055,0.01950858088472872,0.018551373720470367,0.9017783435662692,0.9039642878904607,23.0,19.0,239.16884057971012,218.31315789473683,52.18086956521739,58.00134736842105,57.59999999999999,57.6,16.760760869565217,19.67105263157895,9.0,0.0,54.357142857142854,7230.928571428572,13784.047619047618,25.711428571428563,72.30928571428569,54.813942857142855,18.077321428571423,13.70348571428571,68.51742857142861,57.59999999999995,0.0,1.0,1.0,1.0,-0.2000000000000001,1.4523809523809523,0.0,0.0,20.86337857142857,0.38095238095238093,1.2857142857142858,0.3535995796732015,0.3824339256973702,0.0,0.0,5527.166666666667,135.0,0.0,179.02380952380952,0.0,2571.1428571428573,0.0,270.0,4659.785714285715,0.0,0.0,0.0,0.0,8256.880952380952
161,0.17679962589106196,0.184250913881681,0.0196450068626036,0.018820945355902657,0.9027925043962328,0.9051140535244868,20.0,20.0,222.78,223.48416666666665,57.76048000000001,55.75488,57.6836,57.6,19.0545,18.965500000000002,9.35,0.0,49.7,7604.0,13387.925,27.825750000000006,76.04,56.75768000000001,19.01,14.189419999999998,70.9471,57.641799999999954,0.0,1.0,1.0,1.0,-0.20087083333333347,1.5,0.0,0.0,19.894119999999994,0.35,1.3,0.38451998492579903,0.3561290166245675,0.0,0.0,5743.175,139.875,0.0,186.7,0.0,2782.575,0.0,280.5,4821.425,0.0,0.0,0.0,0.0,7644.75
162,0.17750603134883738,0.18441084058098325,0.019462931244653463,0.01931300543816612,0.9036006235829889,0.9059004399810567,20.0,20.0,226.05833333333334,232.39166666666668,56.0176,52.52079999999999,57.702070000000006,57.6,18.565500000000004,17.690250000000002,9.175,0.0,62.7,7251.15,13753.5,26.685250000000003,72.51149999999998,54.2692,18.127874999999996,13.5673,67.8365,57.65103499999996,0.0,1.0,1.0,1.0,-0.2010632291666668,1.5,0.0,0.0,21.509710000000005,0.225,1.425,0.41352375314409945,0.41701477661791164,0.0,0.0,5904.8,136.875,0.0,182.225,0.0,2668.525,0.0,275.25,4582.625,0.0,0.0,0.0,0.0,7848.7
163,0.17868574892157238,0.18441084058098325,0.02067719850581139,0.01950241855073086,0.9046529725308659,0.9066859889969792,20.0,19.0,211.2475,207.85263157894735,61.34255999999999,61.4053052631579,57.61761,57.69186842105264,20.631375000000002,21.18736842105263,10.205128205128204,0.0,62.05128205128205,8360.897435897436,12575.615384615385,31.58461538461538,83.60897435897435,61.3731282051282,20.902243589743588,15.343282051282046,76.71641025641023,57.65378717948714,0.0,1.0,1.0,1.0,-0.20112056623931635,1.4871794871794872,0.0,0.0,17.18290256410257,0.2564102564102564,1.358974358974359,0.36662156723005435,0.4040450025047576,0.0,0.0,5133.820512820513,152.5897435897436,0.0,203.74358974358975,0.0,3158.4615384615386,0.0,306.15384615384613,5202.4358974358975,0.0,0.0,0.0,0.0,7441.794871794872
164,0.17881289303975995,0.18537456090484553,0.020696790896654094,0.019574599174741546,0.9056495210819479,0.907429059031218,22.0,20.0,227.3371212121212,210.9775,54.282763636363626,59.20192000000001,57.599999999999994,57.6,18.436590909090913,20.806375000000003,9.333333333333334,0.0,64.76190476190476,7826.023809523809,13172.809523809523,30.16452380952381,78.26023809523808,56.625219047619055,19.56505952380952,14.156304761904762,70.7815238095238,57.59999999999995,0.0,1.0,1.0,1.0,-0.2000000000000001,1.4761904761904763,0.0,0.0,20.53984047619047,0.19047619047619047,1.4285714285714286,0.4400252007943458,0.3869315721493652,0.0,0.0,5942.023809523809,134.35714285714286,0.0,185.8095238095238,0.0,3016.4523809523807,0.0,280.0,4809.571428571428,0.0,0.0,0.0,0.0,7230.785714285715
165,0.17932631858796327,0.18544990787476567,0.021083745739040195,0.01964224322008433,0.9063345739806689,0.9082527177065901,21.0,20.0,226.6873015873016,201.75083333333333,55.83481904761904,63.71376,57.599999999999994,57.6,18.455714285714286,22.069499999999994,9.902439024390244,0.0,63.90243902439025,8087.414634146341,12871.390243902439,30.262195121951216,80.87414634146342,59.67820487804878,20.218536585365854,14.919551219512195,74.59775609756099,57.59999999999995,0.0,1.0,1.0,1.0,-0.20000000000000012,1.4878048780487805,0.0,0.0,18.14033170731707,0.24390243902439024,1.3414634146341464,0.42548289149314794,0.4092917212671163,0.0,0.0,5130.536585365854,145.609756097561,0.0,197.5121951219512,0.0,3026.2195121951218,0.0,297.0731707317073,5061.195121951219,0.0,0.0,0.0,0.0,7740.8536585365855
166,0.17938520392279703,0.1873629620226528,0.02135092187860324,0.01983854911577789,0.9071685324322716,0.9090761134878617,21.0,22.0,232.29682539682537,209.5439393939394,53.76822857142857,60.70443636363638,57.599999999999994,57.599999999999994,17.691428571428574,20.912954545454543,9.604651162790697,0.0,58.906976744186046,7735.860465116279,13239.348837209302,28.858837209302326,77.35860465116276,57.31698604651164,19.33965116279069,14.329246511627904,71.64623255813953,57.59999999999995,0.0,1.0,1.0,1.0,-0.20000000000000007,1.5116279069767442,0.0,0.0,19.622665116279066,0.32558139534883723,1.3488372093023255,0.41835752295330414,0.36933951479160343,0.0,0.0,5643.697674418605,144.06976744186048,0.0,191.58139534883722,0.0,2885.8837209302324,0.0,288.13953488372096,4849.976744186047,0.0,0.0,0.0,0.0,7595.6511627906975
167,0.18052280001256132,0.18795090335412606,0.021441193861262357,0.019934242856242578,0.907881662339492,0.9097822900826597,20.0,23.0,199.565,232.24565217391304,61.034559999999985,53.60946086956523,57.6,57.59999999999999,22.408250000000002,17.705217391304352,9.581395348837209,0.0,58.16279069767442,7957.069767441861,13022.720930232557,31.30837209302325,79.57069767441858,57.062995348837205,19.892674418604646,14.2657488372093,71.3287441860465,57.59999999999995,0.0,1.0,1.0,1.0,-0.20000000000000007,1.5348837209302326,0.0,0.0,20.42967906976744,0.23255813953488372,1.4186046511627908,0.3757294176265227,0.44057628222788453,0.0,0.0,5722.7441860465115,140.13953488372093,0.0,191.62790697674419,0.0,3130.8372093023254,0.0,287.4418604651163,4826.232558139535,0.0,0.0,0.0,0.0,7299.976744186047
168,0.18052280001256132,0.18921562065252778,0.021603608433849245,0.02039906776659406,0.9086322264577444,0.9106446697782608,22.0,22.0,249.9409090909091,214.84848484848484,47.2749090909091,60.54283636363637,57.599999999999994,58.08359545454545,15.185568181818184,20.198863636363644,8.909090909090908,0.0,62.90909090909091,7076.886363636364,13943.681818181818,25.007727272727276,70.76886363636362,53.908872727272744,17.692215909090905,13.477218181818182,67.38609090909091,57.841797727272684,0.0,1.0,1.0,1.0,-0.2050374526515152,1.5,0.0,0.0,21.625140909090906,0.22727272727272727,1.3636363636363635,0.4253771053774889,0.4063563244377976,0.0,0.0,6469.568181818182,133.63636363636363,0.0,177.52272727272728,0.0,2500.7727272727275,0.0,267.27272727272725,4576.113636363636,0.0,0.0,0.0,0.0,7474.113636363636
169,0.18052280001256132,0.1905272021516153,0.022018616622076354,0.020652213625325586,0.9092322224166061,0.9115264447793264,19.0,22.0,210.79122807017544,189.9060606060606,60.03688421052632,67.20305454545455,57.6,57.599999999999994,20.784342105263157,23.747500000000002,10.536585365853659,0.0,67.07317073170732,8949.731707317073,11975.073170731708,35.24609756097562,89.49731707317072,63.8821463414634,22.37432926829268,15.97053658536585,79.85268292682927,57.59999999999995,0.0,1.0,1.0,1.0,-0.20000000000000012,1.5365853658536586,0.0,0.0,16.09218292682927,0.17073170731707318,1.4390243902439024,0.39169275461999065,0.4295234257604521,0.0,0.0,4640.195121951219,147.90243902439025,0.0,210.1951219512195,0.0,3524.609756097561,0.0,316.0975609756098,5425.121951219512,0.0,0.0,0.0,0.0,7334.878048780488
170,0.1808017240229805,0.19228378594136036,0.022581958048887137,0.020842065335118575,0.909940367231354,0.9123374022958219,20.0,25.0,183.49666666666664,254.89666666666665,64.60448000000001,46.80883199999998,57.6,57.59999999999998,24.763375000000003,14.500000000000005,9.155555555555555,0.0,62.28888888888889,7624.6,13389.8,29.92955555555556,76.246,54.718008888888896,19.0615,13.679502222222219,68.39751111111111,57.59999999999995,0.0,1.0,1.0,1.0,-0.20000000000000004,1.5555555555555556,0.0,0.0,21.94349111111111,0.26666666666666666,1.4,0.38152992254434925,0.4207369676700198,0.0,0.0,5790.311111111111,128.24444444444444,0.0,181.6888888888889,0.0,2992.9555555555557,0.0,274.6666666666667,4631.644444444444,0.0,0.0,0.0,0.0,7599.488888888889
171,0.1808017240229805,0.19233561708450536,0.022743030766271627,0.02098969633753272,0.9106805036198335,0.9129489531279829,23.0,20.0,231.73333333333332,189.2825,53.91874782608695,65.50304000000001,57.59999999999999,57.6,17.828369565217393,23.823999999999998,9.837209302325581,0.0,69.18604651162791,8246.813953488372,12719.32558139535,32.166976744186044,82.46813953488372,59.30679069767443,20.61703488372093,14.826697674418602,74.13348837209301,57.59999999999995,0.0,1.0,1.0,1.0,-0.20000000000000007,1.4651162790697674,0.0,0.0,18.910244186046512,0.2558139534883721,1.3488372093023255,0.45326353909305933,0.3909483945893318,0.0,0.0,4906.860465116279,141.8372093023256,0.0,195.90697674418604,0.0,3216.6976744186045,0.0,295.1162790697674,5030.116279069767,0.0,0.0,0.0,0.0,7812.46511627907
172,0.1819172397442055,0.19384883766021782,0.022864350980725326,0.021915002752533223,0.9115444048797624,0.9136084166474717,21.0,23.0,225.23968253968255,234.7731884057971,57.329066666666655,52.200765217391314,57.599999999999994,57.59999999999999,18.64404761904762,17.371304347826086,9.159090909090908,0.0,61.27272727272727,7191.5,13813.386363636364,25.675227272727273,71.91500000000002,54.648363636363655,17.978750000000005,13.66209090909091,68.31045454545455,57.59999999999995,0.0,1.0,1.0,1.0,-0.2,1.5227272727272727,0.0,0.0,20.930386363636362,0.25,1.4545454545454546,0.3913528615036847,0.3986711478560226,0.0,0.0,5712.090909090909,137.38636363636363,0.0,181.95454545454547,0.0,2567.5227272727275,0.0,274.77272727272725,4623.977272727273,0.0,0.0,0.0,0.0,8101.295454545455
173,0.1819172397442055,0.19398044904315018,0.024375021761041383,0.02182765665987709,0.9123656319588546,0.9143731785968241,21.0,21.0,177.3761904761905,223.2484126984127,69.55017142857143,55.84015238095239,57.599999999999994,57.599999999999994,25.583214285714284,19.012619047619044,10.261904761904763,0.0,68.28571428571429,8919.166666666666,12018.738095238095,35.85642857142857,89.19166666666668,62.695161904761896,22.29791666666667,15.673790476190472,78.36895238095238,57.59999999999995,0.0,1.0,1.0,1.0,-0.2000000000000001,1.5,0.0,0.0,17.202754761904767,0.23809523809523808,1.4285714285714286,0.4269718412645317,0.41797062838177573,0.0,0.0,4673.261904761905,149.0,0.0,204.23809523809524,0.0,3585.6428571428573,0.0,307.85714285714283,5333.523809523809,0.0,0.0,0.0,0.0,7345.476190476191
174,0.18335795650460956,0.19398044904315018,0.02544707854331525,0.021804309144467193,0.9130212801887663,0.915136570117271,25.0,20.0,232.07000000000002,179.7866666666667,53.05907200000001,69.94800000000001,57.59999999999998,57.906220000000005,17.777500000000003,25.190000000000005,10.022222222222222,0.0,60.644444444444446,8428.777777777777,12529.977777777778,32.891555555555556,84.28777777777778,60.56526222222221,21.071944444444444,15.14131555555555,75.70657777777781,57.73609777777773,0.0,1.0,1.0,1.0,-0.20283537037037042,1.4444444444444444,0.0,0.0,18.242779999999996,0.26666666666666666,1.4,0.3740189002990546,0.38052656929293527,0.0,0.0,5242.022222222222,139.53333333333333,0.0,200.04444444444445,0.0,3289.1555555555556,0.0,300.6666666666667,5139.622222222222,0.0,0.0,0.0,0.0,7287.955555555555
175,0.18428269444601028,0.1951900486501523,0.025460781868138205,0.02259064670242428,0.9138816105306704,0.9158503941522516,23.0,24.0,210.15797101449277,255.73333333333332,61.56646956521738,47.89453333333333,57.59999999999999,57.59999999999999,20.858152173913044,14.324583333333335,9.042553191489361,0.0,64.7872340425532,7008.744680851064,14005.829787234043,23.777659574468085,70.08744680851063,54.58505531914892,17.52186170212766,13.646263829787227,68.23131914893618,57.599999999999945,0.0,1.0,1.0,1.0,-0.2,1.5106382978723405,0.0,0.0,20.536806382978728,0.2765957446808511,1.4042553191489362,0.4069299908470169,0.4139259496762819,0.0,0.0,6273.255319148936,133.0,0.0,180.14893617021278,0.0,2377.7659574468084,0.0,271.27659574468083,4630.978723404255,0.0,0.0,0.0,0.0,7732.574468085107
176,0.18499332442132044,0.1951900486501523,0.025390418641170642,0.023152684944297813,0.9147131032779715,0.916392261757843,24.0,20.0,217.48541666666668,211.24583333333334,58.614666666666686,61.60271999999998,57.59999999999999,57.6,19.76572916666667,20.706125,9.909090909090908,0.0,68.63636363636364,8077.272727272727,12878.954545454546,29.861590909090907,80.77272727272727,59.97287272727272,20.193181818181817,14.993218181818179,74.96609090909091,57.59999999999995,0.0,1.0,1.0,1.0,-0.20000000000000007,1.4545454545454546,0.0,0.0,17.820309090909088,0.29545454545454547,1.3636363636363635,0.43836625416880715,0.3868123798766821,0.0,0.0,5295.363636363636,148.25,0.0,197.25,0.0,2986.159090909091,0.0,297.27272727272725,5091.113636363636,0.0,0.0,0.0,0.0,7583.590909090909
177,0.18634929741398487,0.1951900486501523,0.026213694429751144,0.023127470210500795,0.91529205538095,0.9170702169826356,25.0,21.0,257.76733333333334,189.82301587301586,45.11193599999999,65.70788571428572,57.59999999999998,57.75263809523809,14.065499999999997,23.766428571428573,9.195652173913043,0.0,61.97826086956522,7397.673913043478,13604.95652173913,27.91913043478261,73.97673913043478,54.51443478260867,18.494184782608695,13.628608695652167,68.14304347826086,57.66968260869561,0.0,1.0,1.0,1.0,-0.20145172101449282,1.4565217391304348,0.0,0.0,21.649432608695655,0.32608695652173914,1.3695652173913044,0.3535303516204041,0.38524699756422814,0.0,0.0,6167.54347826087,136.95652173913044,0.0,183.54347826086956,0.0,2791.913043478261,0.0,275.8695652173913,4605.760869565217,0.0,0.0,0.0,0.0,7437.413043478261
178,0.18634929741398487,0.1956040450098481,0.02772106956657715,0.02352348656261154,0.9159537159304346,0.9176173999579159,20.0,24.0,189.57666666666668,240.83194444444445,67.88672,49.90106666666668,57.6,57.59999999999999,23.75275,16.466562500000006,9.795454545454545,0.0,70.5909090909091,7911.386363636364,13052.045454545454,30.04568181818182,79.11386363636365,58.07636363636364,19.77846590909091,14.519090909090908,72.59545454545456,57.59999999999995,0.0,1.0,1.0,1.0,-0.20000000000000007,1.5454545454545454,0.0,0.0,19.30210227272727,0.29545454545454547,1.3636363636363635,0.39332064118312265,0.4502416610663127,0.0,0.0,5601.318181818182,146.27272727272728,0.0,195.4318181818182,0.0,3004.568181818182,0.0,293.8636363636364,4906.818181818182,0.0,0.0,0.0,0.0,7450.727272727273
179,0.18750318288577353,0.1975364661816804,0.027734061443119254,0.023805971529467652,0.9166678980589599,0.9181603013879384,23.0,22.0,217.2586956521739,224.41060606060606,58.48973913043478,53.60625454545455,57.59999999999999,57.599999999999994,19.81782608695652,18.84386363636364,9.511111111111111,0.0,63.53333333333333,7736.666666666667,13245.31111111111,30.02311111111112,77.36666666666666,56.10225777777776,19.341666666666665,14.025564444444436,70.12782222222224,57.59999999999995,0.0,1.0,1.0,1.0,-0.2,1.488888888888889,0.0,0.0,20.839408888888894,0.3111111111111111,1.3777777777777778,0.40997082203513513,0.3818262803399693,0.0,0.0,5504.511111111111,142.66666666666666,0.0,189.0222222222222,0.0,3002.311111111111,0.0,285.3333333333333,4734.355555555556,0.0,0.0,0.0,0.0,7740.8
180,0.18755501402891855,0.19755998200845545,0.029128260806728378,0.023750130011012654,0.9173001937000876,0.9188379156978733,24.0,21.0,230.55069444444445,207.66349206349204,54.78,60.38582857142857,57.59999999999999,57.599999999999994,17.894479166666667,21.20011904761905,9.733333333333333,0.0,73.93333333333334,7774.844444444445,13192.2,29.316444444444446,77.74844444444444,57.39605333333336,19.43711111111111,14.349013333333328,71.74506666666666,57.59999999999995,0.0,1.0,1.0,1.0,-0.20000000000000004,1.4666666666666666,0.0,0.0,19.641057777777775,0.15555555555555556,1.4222222222222223,0.4483629240095931,0.39499118586951343,0.0,0.0,5670.422222222222,145.93333333333334,0.0,194.0222222222222,0.0,2931.6444444444446,0.0,292.0,4843.2,0.0,0.0,0.0,0.0,7521.777777777777
181,0.1890099767725926,0.19755998200845545,0.029267807968262623,0.02376933682947684,0.9178441045601963,0.9194126171904793,24.0,22.0,227.21319444444444,188.93181818181816,53.9956,67.80072727272729,57.59999999999999,57.599999999999994,18.496770833333336,23.847613636363633,10.0,0.0,69.1304347826087,8422.347826086956,12534.282608695652,32.76717391304348,84.22347826086958,60.59805217391304,21.055869565217396,15.14951304347826,75.74756521739131,57.59999999999995,0.0,1.0,1.0,1.0,-0.2,1.4782608695652173,0.0,0.0,18.057817391304347,0.2608695652173913,1.3478260869565217,0.4138324629504145,0.4032253235676189,0.0,0.0,4998.826086956522,143.02173913043478,0.0,199.34782608695653,0.0,3276.717391304348,0.0,300.0,5145.630434782609,0.0,0.0,0.0,0.0,7535.45652173913
182,0.18910880557441023,0.1995471958500157,0.029290038799489385,0.02439043200400872,0.9184244888818686,0.9200788085380119,22.0,26.0,211.02045454545453,227.3884615384615,58.33730909090911,57.100061538461546,57.599999999999994,57.59999999999998,20.765795454545458,18.333750000000002,9.645833333333334,0.0,68.08333333333333,7779.375,13193.1875,28.97729166666667,77.79375,57.667133333333304,19.4484375,14.416783333333326,72.08391666666665,57.599999999999945,0.0,1.0,1.0,1.0,-0.19999999999999998,1.5416666666666667,0.0,0.0,19.381304166666666,0.25,1.375,0.399816335914831,0.4009455517618046,0.0,0.0,5120.541666666667,144.375,0.0,192.6875,0.0,2897.7291666666665,0.0,289.375,4881.645833333333,0.0,0.0,0.0,0.0,8072.645833333333
183,0.18910880557441023,0.2008255483354841,0.02937765110632444,0.024363576495799608,0.9190697579467644,0.9206497354115029,22.0,26.0,237.41666666666666,214.2673076923077,52.30705454545455,57.5259076923077,57.599999999999994,57.59999999999998,16.931250000000002,20.331634615384612,9.208333333333334,0.0,71.0,7509.25,13492.645833333334,28.40437499999999,75.09249999999999,55.13393333333334,18.773124999999997,13.783483333333331,68.9174166666667,57.599999999999945,0.0,1.0,1.0,1.0,-0.19999999999999998,1.5416666666666667,0.0,0.0,21.239191666666667,0.22916666666666666,1.4166666666666667,0.39897448020262455,0.4216567156531181,0.0,0.0,5619.479166666667,136.97916666666666,0.0,183.875,0.0,2840.4375,0.0,276.25,4668.8125,0.0,0.0,0.0,0.0,7873.166666666667
184,0.18910880557441023,0.20209356453631203,0.029565807193406738,0.02456813675634382,0.9198245304002219,0.921189082002901,21.0,26.0,222.73809523809524,229.78910256410256,58.579047619047614,57.63544615384616,57.599999999999994,57.639669230769215,18.977976190476188,17.99423076923077,9.659574468085106,0.0,67.82978723404256,7373.510638297872,13598.31914893617,24.52851063829787,73.73510638297874,58.05705531914894,18.433776595744686,14.514263829787229,72.57131914893615,57.621944680851016,0.0,1.0,1.0,1.0,-0.20045718085106382,1.553191489361702,0.0,0.0,17.99866595744681,0.2978723404255319,1.3191489361702127,0.3909552858478442,0.4423026671743562,0.0,0.0,6058.63829787234,144.89361702127658,0.0,192.48936170212767,0.0,2452.851063829787,0.0,289.78723404255317,4920.659574468085,0.0,0.0,0.0,0.0,7539.68085106383
185,0.18910880557441023,0.20449356799687077,0.029485592350665165,0.025581366009719865,0.9206095516395706,0.9218581627582555,22.0,26.0,201.25075757575758,247.22307692307692,65.60989090909091,47.8224,57.599999999999994,57.59999999999998,22.027840909090912,15.58278846153846,9.5625,0.0,66.0625,7414.708333333333,13569.145833333334,26.99604166666667,74.14708333333336,55.975,18.53677083333334,13.993749999999999,69.96874999999999,57.599999999999945,0.0,1.0,1.0,1.0,-0.19999999999999996,1.5416666666666667,0.0,0.0,20.16177083333333,0.25,1.3958333333333333,0.387711223775515,0.3681739000744024,0.0,0.0,5644.6875,137.02083333333334,0.0,191.25,0.0,2699.6041666666665,0.0,286.875,4715.104166666667,0.0,0.0,0.0,0.0,7924.458333333333
186,0.18955362734075049,0.20449356799687077,0.030034215484066675,0.02612809986332022,0.9212643824246878,0.9224525054027548,26.0,22.0,222.91666666666666,220.6628787878788,57.09489230769232,56.911563636363645,57.638834615384596,57.599999999999994,19.043461538461536,19.332159090909094,9.479166666666666,0.0,77.64583333333333,7670.3125,13313.020833333334,28.37583333333333,76.70312500000001,57.010866666666665,19.175781250000004,14.25271666666666,71.26358333333332,57.621035416666615,0.0,1.0,1.0,1.0,-0.20043823784722223,1.4583333333333333,0.0,0.0,19.785950000000007,0.25,1.4583333333333333,0.45354526901119313,0.3878111560641239,0.0,0.0,5730.083333333333,142.1875,0.0,189.10416666666666,0.0,2837.5833333333335,0.0,284.375,4832.729166666667,0.0,0.0,0.0,0.0,7582.9375
187,0.19171363644373177,0.20460166355302803,0.030259360001887323,0.027106594847069322,0.921775685844511,0.9229856918270807,25.0,22.0,237.41333333333333,202.0128787878788,53.863424000000016,63.676072727272725,57.59999999999998,57.599999999999994,16.950400000000005,21.952386363636364,9.72340425531915,0.0,61.42553191489362,7716.702127659574,13250.574468085106,27.618723404255324,77.16702127659572,58.45657872340427,19.29175531914893,14.614144680851059,73.07072340425532,57.599999999999945,0.0,1.0,1.0,1.0,-0.2,1.4680851063829787,0.0,0.0,18.435176595744686,0.2553191489361702,1.425531914893617,0.36575485706606325,0.39710220111088235,0.0,0.0,5595.765957446809,145.85106382978722,0.0,194.17021276595744,0.0,2761.872340425532,0.0,291.70212765957444,4954.829787234043,0.0,0.0,0.0,0.0,7654.808510638298
188,0.1917371522705069,0.20465349469617306,0.030757608383622948,0.027353241395001157,0.9223264660558488,0.9235003063819124,23.0,25.0,197.9268115942029,238.37133333333335,62.38372173913043,51.00864000000001,57.59999999999999,57.59999999999998,22.591195652173912,16.8573,9.5625,0.0,78.125,7841.916666666667,13139.5,30.76374999999999,78.4191666666667,56.4592,19.604791666666674,14.1148,70.57400000000001,57.599999999999945,0.0,1.0,1.0,1.0,-0.19999999999999998,1.5208333333333333,0.0,0.0,20.74559166666667,0.16666666666666666,1.4375,0.41045051144354683,0.43531994501421156,0.0,0.0,5430.958333333333,139.45833333333334,0.0,191.25,0.0,3076.375,0.0,286.875,4765.541666666667,0.0,0.0,0.0,0.0,7708.541666666667
189,0.19261878447579725,0.2047288076712156,0.03133087544348979,0.028077011320924914,0.9228613719615244,0.9240943661349483,26.0,22.0,233.21410256410257,228.77348484848483,52.450953846153844,56.81905454545454,57.59999999999998,57.599999999999994,17.537115384615383,18.13772727272727,9.3125,0.0,76.89583333333333,7124.958333333333,13870.729166666666,25.392291666666665,71.24958333333336,54.45300000000001,17.81239583333334,13.613250000000003,68.06624999999998,57.599999999999945,0.0,1.0,1.0,1.0,-0.19999999999999998,1.4583333333333333,0.0,0.0,20.95939583333333,0.22916666666666666,1.375,0.44065582058593905,0.390447887871727,0.0,0.0,6493.041666666667,138.54166666666666,0.0,185.39583333333334,0.0,2539.2291666666665,0.0,279.375,4585.729166666667,0.0,0.0,0.0,0.0,7377.6875
190,0.19360803440414756,0.2047806388143606,0.03170906747794668,0.028622278024412376,0.9233889249141645,0.9246510936254695,25.0,22.0,219.74200000000002,202.7378787878788,58.85824,62.63636363636363,57.59999999999998,57.599999999999994,19.431800000000006,21.901818181818182,10.127659574468085,0.0,76.91489361702128,8235.191489361701,12706.95744680851,31.01468085106381,82.35191489361704,60.62672340425532,20.58797872340426,15.156680851063825,75.78340425531914,57.599999999999945,0.0,1.0,1.0,1.0,-0.2,1.4680851063829787,0.0,0.0,17.561255319148934,0.1702127659574468,1.425531914893617,0.40838842061128294,0.4004625971149125,0.0,0.0,4868.127659574468,150.82978723404256,0.0,202.19148936170214,0.0,3101.468085106383,0.0,303.82978723404256,5133.723404255319,0.0,0.0,0.0,0.0,7838.829787234043
191,0.194143077259902,0.20487489365725303,0.032263048279629336,0.03014198461218095,0.9238982499432647,0.9251757171690974,26.0,24.0,229.575641025641,199.97291666666666,55.42215384615385,61.76013333333333,57.59999999999998,57.59999999999999,18.094423076923082,22.310625,9.78,0.0,77.18,8047.28,12921.98,30.982400000000005,80.47279999999996,58.46438399999999,20.11819999999999,14.616095999999997,73.08048,57.599999999999945,0.0,1.0,1.0,1.0,-0.19999999999999996,1.48,0.0,0.0,19.253816,0.2,1.38,0.4358314115391937,0.4072561003622824,0.0,0.0,5087.64,141.52,0.0,194.82,0.0,3098.24,0.0,293.4,4949.04,0.0,0.0,0.0,0.0,7834.34
192,0.19456930215690169,0.20588305870772164,0.03187670042385961,0.02996305768681161,0.9245129411861537,0.9255732472445645,24.0,26.0,227.33958333333334,232.92564102564103,56.45053333333333,55.34806153846153,57.59999999999999,57.59999999999998,18.343229166666667,17.59855769230769,9.28,0.0,72.9,7182.4,13814.66,24.445200000000003,71.824,55.877248,17.956,13.969312,69.84656000000001,57.599999999999945,0.0,1.0,1.0,1.0,-0.2,1.52,0.0,0.0,19.678752,0.26,1.42,0.4091418199903044,0.4245624711509923,0.0,0.0,6054.34,139.2,0.0,184.34,0.0,2444.52,0.0,278.4,4737.88,0.0,0.0,0.0,0.0,7760.32
193,0.19497761638015926,0.20588305870772164,0.03147176667574068,0.03146197832399257,0.9250000516780004,0.9261738356586722,24.0,24.0,222.64027777777775,220.57986111111111,57.85533333333334,55.98359999999999,57.61339583333332,57.59999999999999,19.021458333333335,19.3675,9.666666666666666,0.0,80.25,7677.791666666667,13296.604166666666,28.764583333333324,76.77791666666667,56.919466666666665,19.194479166666667,14.229866666666661,71.14933333333333,57.60669791666661,0.0,1.0,1.0,1.0,-0.20013953993055553,1.5,0.0,0.0,19.881710416666667,0.20833333333333334,1.4166666666666667,0.42165617197884026,0.42342752103654835,0.0,0.0,5820.645833333333,141.54166666666666,0.0,193.0625,0.0,2876.4583333333335,0.0,290.0,4801.333333333333,0.0,0.0,0.0,0.0,7475.958333333333
194,0.1966313893479458,0.20588305870772164,0.031937253880664304,0.032081711343233725,0.9254996871286615,0.9266959784588547,25.0,24.0,241.48933333333335,203.73611111111111,51.958400000000005,63.06719999999999,57.59999999999998,57.59999999999999,16.301199999999998,21.740416666666665,9.83673469387755,0.0,76.18367346938776,7586.122448979592,13379.877551020409,27.546326530612244,75.86122448979593,57.39944489795917,18.965306122448983,14.349861224489791,71.74930612244897,57.599999999999945,0.0,1.0,1.0,1.0,-0.19999999999999998,1.489795918367347,0.0,0.0,19.165861224489795,0.32653061224489793,1.3877551020408163,0.38978671888320665,0.416909973141285,0.0,0.0,5641.938775510204,142.14285714285714,0.0,195.75510204081633,0.0,2754.6326530612246,0.0,295.1020408163265,4831.489795918367,0.0,0.0,0.0,0.0,7737.938775510204
195,0.1986603943075081,0.20712020080854832,0.0321751673039206,0.03230933230942787,0.9259713031959903,0.9271674554837704,24.0,26.0,212.56527777777777,244.10320512820513,60.69693333333331,50.02006153846153,57.84405833333332,57.59999999999998,20.459895833333334,15.960673076923076,9.46,0.0,69.2,7248.12,13737.9,26.075200000000006,72.48120000000002,55.14496000000002,18.120300000000004,13.786239999999996,68.9312,57.71714799999995,0.0,1.0,1.0,1.0,-0.2024405833333333,1.52,0.0,0.0,20.692488000000004,0.3,1.42,0.3573635435240763,0.42096093185516587,0.0,0.0,6251.1,141.6,0.0,187.58,0.0,2607.52,0.0,283.8,4640.6,0.0,0.0,0.0,0.0,7486.8
196,0.1997815475161755,0.20825448744050795,0.03252923946867252,0.03352215981885094,0.9265080122584911,0.9277161598460748,26.0,24.0,241.13653846153846,207.46180555555557,51.9915076923077,63.76546666666666,57.62630769230767,57.74267083333333,16.411442307692308,21.133333333333336,9.72,0.0,75.36,7471.18,13498.36,26.006999999999998,74.7118,57.64300799999998,18.67795,14.410751999999995,72.05376,57.682161999999956,0.0,1.0,1.0,1.0,-0.20171170833333327,1.48,0.0,0.0,18.717104000000003,0.2,1.48,0.42087475690753734,0.392992780434837,0.0,0.0,5746.3,144.6,0.0,193.26,0.0,2600.7,0.0,291.6,4870.48,0.0,0.0,0.0,0.0,7752.06
197,0.20034174505411542,0.20876162876285978,0.03285023940557089,0.033809950548941654,0.9269580677360513,0.9283435645411425,24.0,27.0,218.37083333333334,231.69074074074075,60.03360000000001,54.10346666666666,57.59999999999999,57.59999999999997,19.598645833333336,17.74703703703704,9.647058823529411,0.0,77.15686274509804,7447.35294117647,13525.35294117647,26.46372549019608,74.47352941176472,56.89411764705881,18.61838235294118,14.223529411764698,71.11764705882352,57.599999999999945,0.0,1.0,1.0,1.0,-0.19999999999999996,1.5294117647058822,0.0,0.0,19.324264705882364,0.29411764705882354,1.3529411764705883,0.369401716385684,0.438045172076138,0.0,0.0,6018.0,144.7058823529412,0.0,192.1764705882353,0.0,2646.372549019608,0.0,289.4117647058824,4800.980392156863,0.0,0.0,0.0,0.0,7507.35294117647
198,0.20087821300441056,0.21025889291843952,0.03402185596481185,0.0337579618190807,0.9274058381691559,0.9287597281446964,25.0,26.0,231.81,219.81730769230768,54.782847999999994,59.07298461538463,57.59999999999998,57.59999999999998,17.698900000000002,19.47528846153846,9.470588235294118,0.0,70.52941176470588,7441.803921568628,13541.764705882353,26.12333333333333,74.41803921568629,56.96997647058822,18.604509803921573,14.242494117647055,71.2124705882353,57.599999999999945,0.0,1.0,1.0,1.0,-0.19999999999999996,1.5098039215686274,0.0,0.0,19.234533333333335,0.1568627450980392,1.4313725490196079,0.4196079545148441,0.4051133444941212,0.0,0.0,5387.078431372549,142.05882352941177,0.0,189.2549019607843,0.0,2612.3333333333335,0.0,284.11764705882354,4829.470588235294,0.0,0.0,0.0,0.0,8154.686274509804
199,0.20069976455584942,0.21123848683062632,0.03420117630779241,0.034621778124174094,0.9278909576147853,0.9292197531422639,24.0,26.0,211.41597222222222,246.90064102564102,54.656,51.536615384615374,55.19999999999999,57.59999999999998,18.512604166666666,15.565865384615385,8.98,0.0,75.58,6792.12,13792.08,23.154199999999996,67.92120000000001,53.033919999999995,16.980300000000003,13.258479999999999,66.29239999999997,56.44799999999995,0.0,1.0,1.0,1.0,-0.17600000000000007,1.52,0.0,0.0,20.39438,0.22,1.42,0.4078521432114956,0.4283950032750666,0.0,0.0,6337.2,134.7,0.0,178.72,0.0,2315.42,0.0,269.4,4476.7,0.0,0.0,0.0,0.0,7886.86
200,0.20077507753089197,0.211273856338685,0.03470583946035772,0.03585063154980003,0.9283739128771902,0.929791495493091,24.0,23.0,211.85069444444443,191.08623188405798,70.7056,65.15325217391305,59.322083333333325,57.59999999999999,20.5115625,23.63130434782608,10.595744680851064,0.0,82.53191489361703,8815.297872340425,12101.36170212766,34.168936170212774,88.15297872340429,67.98849361702128,22.038244680851072,16.99712340425532,84.98561702127658,58.47936170212761,0.0,1.0,1.0,1.0,-0.21832003546099285,1.4893617021276595,0.0,0.0,12.529112765957448,0.0851063829787234,1.4680851063829787,0.44069563293118763,0.41310803742214897,0.0,0.0,4607.702127659574,152.91489361702128,0.0,211.5531914893617,0.0,3416.8936170212764,0.0,317.8723404255319,5398.404255319149,0.0,0.0,0.0,0.0,7493.659574468085
201,0.20094096496997657,0.21129737216546013,0.034615091359088225,0.03588962899857269,0.9288773648104095,0.9301844241061559,26.0,26.0,217.89551282051283,230.66153846153847,68.51384615384617,55.90018461538462,58.21559999999998,57.59999999999998,19.722692307692306,17.909615384615382,9.5,0.0,83.0,7526.461538461538,13456.711538461539,25.829423076923078,75.26461538461538,62.20701538461538,18.816153846153846,15.551753846153842,77.75876923076922,57.907799999999945,0.0,1.0,1.0,1.0,-0.20641249999999992,1.5,0.0,0.0,14.516938461538466,0.19230769230769232,1.3653846153846154,0.427526873090432,0.42172557275031675,0.0,0.0,5477.096153846154,142.5,0.0,188.32692307692307,0.0,2582.9423076923076,0.0,285.0,4943.5192307692305,0.0,0.0,0.0,0.0,7979.615384615385
202,0.20132892063057828,0.2116281273190243,0.03461885873764559,0.03649196509018995,0.9292303940929767,0.9306139034079447,26.0,25.0,223.93076923076924,198.33666666666667,64.7739076923077,62.816255999999996,58.20363076923076,57.59999999999998,18.84038461538462,22.570700000000006,10.03921568627451,0.0,82.92156862745098,8267.588235294117,12683.078431372549,32.00882352941177,82.67588235294119,63.81427450980393,20.668970588235297,15.953568627450982,79.76784313725489,57.90773333333328,0.0,1.0,1.0,1.0,-0.2064111111111111,1.4901960784313726,0.0,0.0,14.762429411764709,0.23529411764705882,1.3529411764705883,0.43469390298037125,0.4087634322006569,0.0,0.0,4989.254901960784,146.7058823529412,0.0,200.45098039215685,0.0,3200.8823529411766,0.0,301.1764705882353,5066.705882352941,0.0,0.0,0.0,0.0,7693.823529411765
203,0.20306545178801158,0.2132296380540812,0.034912511295089724,0.0366873859650972,0.9296702715533414,0.9311032727434791,26.0,27.0,225.02884615384616,236.7537037037037,64.5244923076923,54.28373333333334,58.0682846153846,57.59999999999997,18.69576923076923,17.00546296296296,9.320754716981131,0.0,73.77358490566037,7133.867924528302,13860.11320754717,24.36471698113208,71.338679245283,59.30750188679245,17.83466981132075,14.826875471698107,74.13437735849054,57.82972452830183,0.0,1.0,1.0,1.0,-0.20478592767295584,1.509433962264151,0.0,0.0,16.35689245283019,0.32075471698113206,1.3584905660377358,0.3866004932306549,0.39612474016163524,0.0,0.0,5831.245283018868,139.81132075471697,0.0,185.58490566037736,0.0,2436.4716981132074,0.0,279.62264150943395,4697.396226415094,0.0,0.0,0.0,0.0,8028.867924528302
204,0.2031367467622347,0.21374180259072406,0.03607015610893677,0.036694727229665026,0.9300185608111602,0.9315553004025406,26.0,26.0,225.51410256410256,235.10705128205126,64.7652923076923,53.16615384615386,58.84313846153844,57.59999999999998,18.64576923076923,17.24653846153846,9.26923076923077,0.0,83.15384615384616,7178.461538461538,13818.634615384615,25.212884615384617,71.7846153846154,58.96572307692307,17.94615384615385,14.74143076923077,73.70715384615384,58.22156923076919,0.0,1.0,1.0,1.0,-0.2129493589743589,1.5,0.0,0.0,17.202,0.28846153846153844,1.4615384615384615,0.4268393531405438,0.4186999381757503,0.0,0.0,5503.384615384615,139.03846153846155,0.0,184.78846153846155,0.0,2521.2884615384614,0.0,278.0769230769231,4657.173076923077,0.0,0.0,0.0,0.0,8315.25
205,0.20477129199565114,0.21374180259072406,0.03560434542047433,0.03765277383494089,0.9303827218752215,0.9319536195634008,25.0,25.0,200.99066666666667,221.5593333333333,73.578176,59.46368,58.96995599999998,57.59999999999998,22.084500000000002,19.1356,10.46,0.0,82.4,8244.02,12676.5,29.9188,82.4402,66.52092799999998,20.61005,16.630231999999996,83.15115999999998,58.28497799999995,0.0,1.0,1.0,1.0,-0.21427037499999993,1.5,0.0,0.0,12.3741,0.18,1.42,0.4040036543184579,0.437372402055494,0.0,0.0,5265.48,155.6,0.0,209.08,0.0,2991.88,0.0,313.8,5252.14,0.0,0.0,0.0,0.0,7411.02
206,0.2053570607733485,0.21374180259072406,0.03543518134113125,0.039488067953563015,0.9307802868695041,0.9324204591420633,28.0,26.0,214.67083333333332,238.56089743589743,69.15560000000002,52.85760000000002,58.4680214285714,57.59999999999998,20.205357142857142,16.676634615384618,9.648148148148149,0.0,83.74074074074075,7402.537037037037,13570.407407407407,25.905925925925914,74.02537037037038,61.30841481481483,18.506342592592596,15.327103703703697,76.63551851851852,58.05008518518513,0.0,1.0,1.0,1.0,-0.2093767746913579,1.4814814814814814,0.0,0.0,15.248012962962957,0.24074074074074073,1.3703703703703705,0.43783457568301676,0.40938785811034184,0.0,0.0,5588.555555555556,144.72222222222223,0.0,191.88888888888889,0.0,2590.5925925925926,0.0,289.44444444444446,4811.944444444444,0.0,0.0,0.0,0.0,7981.851851851852
207,0.20714037525948664,0.21395152729017267,0.036120437120758436,0.03967473333963738,0.9311987610268017,0.9328561223622781,28.0,26.0,234.6107142857143,232.04230769230767,62.97039999999999,55.83938461538462,58.14565357142856,57.59999999999998,17.311339285714286,17.671826923076924,9.296296296296296,0.0,80.5925925925926,6993.962962962963,14002.444444444445,22.830185185185186,69.93962962962962,59.536948148148156,17.484907407407405,14.884237037037034,74.4211851851852,57.88293148148143,0.0,1.0,1.0,1.0,-0.20589440586419747,1.4814814814814814,0.0,0.0,15.830890740740735,0.3333333333333333,1.3148148148148149,0.4158778338040748,0.4100409994904233,0.0,0.0,6368.62962962963,139.44444444444446,0.0,184.25925925925927,0.0,2283.0185185185187,0.0,278.8888888888889,4710.944444444444,0.0,0.0,0.0,0.0,7633.814814814815
208,0.20831374506697378,0.21608898721378414,0.036326026604253374,0.04054544942163776,0.9316240870735666,0.9333077062042673,27.0,25.0,214.07407407407408,227.20933333333332,69.53250370370371,55.72735999999999,58.77015185185183,57.59999999999998,20.234722222222224,18.3669,9.903846153846153,0.0,70.26923076923077,7734.692307692308,13223.346153846154,27.873269230769242,77.34692307692309,62.89541538461539,19.336730769230773,15.723853846153842,78.61926923076923,58.207578846153794,0.0,1.0,1.0,1.0,-0.21265789262820498,1.4807692307692308,0.0,0.0,14.64889423076923,0.3269230769230769,1.3461538461538463,0.4081906315122231,0.3731599462145558,0.0,0.0,5727.961538461538,146.73076923076923,0.0,197.1153846153846,0.0,2787.326923076923,0.0,297.11538461538464,4947.365384615385,0.0,0.0,0.0,0.0,7495.384615384615
209,0.2093890713132561,0.21608898721378414,0.03810082679193662,0.03987142370264753,0.9319995810474563,0.9337664002829156,29.0,25.0,230.92988505747127,237.20466666666667,63.59012413793104,54.089984,57.90969999999997,57.59999999999998,17.82465517241379,16.923700000000004,9.333333333333334,0.0,86.22222222222223,6963.018518518518,14030.092592592593,23.097037037037044,69.63018518518518,59.19191111111112,17.407546296296296,14.797977777777772,73.9898888888889,57.76632037037032,0.0,1.0,1.0,1.0,-0.20346500771604928,1.462962962962963,0.0,0.0,15.981955555555553,0.16666666666666666,1.4074074074074074,0.45083506907721616,0.39617299601977296,0.0,0.0,6317.2962962962965,140.0,0.0,185.88888888888889,0.0,2309.703703703704,0.0,280.0,4653.314814814815,0.0,0.0,0.0,0.0,7712.7962962962965
210,0.2107979443118021,0.21608898721378414,0.03846593108612924,0.041163931979189494,0.9325815880264561,0.9341854449570441,28.0,24.0,227.90059523809524,214.81597222222223,64.25719999999998,58.88133333333334,58.27742499999999,57.59999999999999,18.305982142857143,20.141250000000003,9.653846153846153,0.0,84.34615384615384,7661.211538461538,13311.692307692309,27.84038461538461,76.61211538461538,61.776030769230765,19.153028846153845,15.444007692307682,77.22003846153846,57.96476730769226,0.0,1.0,1.0,1.0,-0.20759931891025632,1.4615384615384615,0.0,0.0,15.341765384615384,0.21153846153846154,1.3846153846153846,0.42776623820403825,0.3940938455326632,0.0,0.0,5981.7307692307695,143.94230769230768,0.0,192.53846153846155,0.0,2784.0384615384614,0.0,289.61538461538464,4877.173076923077,0.0,0.0,0.0,0.0,7329.961538461538
211,0.2109364282318304,0.21608898721378414,0.03830659609516338,0.04191925014587688,0.9329998963351938,0.9345664533097553,27.0,25.0,232.12037037037038,216.51666666666668,61.74850370370371,59.212799999999994,57.85402962962961,57.59999999999998,17.652500000000003,19.943899999999996,9.557692307692308,0.0,90.48076923076923,7501.653846153846,13477.115384615385,27.07269230769231,75.01653846153846,60.52941538461539,18.754134615384615,15.132353846153844,75.66176923076922,57.73189999999995,0.0,1.0,1.0,1.0,-0.20274791666666658,1.4807692307692308,0.0,0.0,15.956619230769233,0.2692307692307692,1.3653846153846154,0.4426499158552397,0.4110404136271667,0.0,0.0,5992.2307692307695,143.07692307692307,0.0,190.42307692307693,0.0,2707.269230769231,0.0,286.7307692307692,4794.384615384615,0.0,0.0,0.0,0.0,7484.884615384615
212,0.21252415187902307,0.2161970827699414,0.039963116614790226,0.041805308204813166,0.93334867768466,0.9349810021186129,26.0,25.0,209.93846153846152,198.66133333333335,66.40609230769229,64.25152000000001,58.94736923076921,57.59999999999998,20.93038461538462,22.428399999999996,10.333333333333334,0.0,80.72549019607843,8665.882352941177,12264.627450980392,34.85254901960785,86.65882352941173,65.3499294117647,21.664705882352933,16.33748235294117,81.68741176470587,58.286894117647016,0.0,1.0,1.0,1.0,-0.21431029411764693,1.4901960784313726,0.0,0.0,14.6016705882353,0.23529411764705882,1.411764705882353,0.39971124245945605,0.4130425724523708,0.0,0.0,5173.862745098039,152.8235294117647,0.0,205.66666666666666,0.0,3485.2549019607845,0.0,310.0,5180.6274509803925,0.0,0.0,0.0,0.0,7090.764705882353
213,0.21252415187902307,0.21638049130114123,0.04103515511012455,0.04241591863312467,0.9337026629791302,0.9353087333350749,26.0,28.0,223.64166666666668,244.38809523809522,65.95766153846154,52.16171428571429,58.319700000000005,57.64624285714284,18.828076923076924,15.905178571428573,9.407407407407407,0.0,90.0,6925.0,14063.944444444445,22.894259259259254,69.24999999999999,58.80420740740743,17.312499999999996,14.701051851851853,73.50525925925925,57.97049999999996,0.0,1.0,1.0,1.0,-0.2077187499999999,1.5185185185185186,0.0,0.0,16.478792592592598,0.2037037037037037,1.3703703703703705,0.4160577230614582,0.43661155383953315,0.0,0.0,6196.314814814815,141.11111111111111,0.0,186.72222222222223,0.0,2289.425925925926,0.0,282.22222222222223,4635.574074074074,0.0,0.0,0.0,0.0,7867.62962962963
214,0.2125893136017912,0.21698720154410556,0.041225456872742205,0.04185911120996168,0.9341270058464219,0.9356735667002528,27.0,26.0,209.5320987654321,215.29871794871795,72.32171851851852,59.13513846153846,58.53490370370369,57.59999999999998,20.85361111111111,20.057692307692307,10.377358490566039,0.0,86.28301886792453,8185.264150943396,12741.66037735849,29.949245283018872,81.85264150943395,65.85283018867926,20.463160377358488,16.46320754716981,82.31603773584905,58.07627169811315,0.0,1.0,1.0,1.0,-0.20992232704402508,1.490566037735849,0.0,0.0,12.68660188679245,0.16981132075471697,1.4150943396226414,0.43998767110236386,0.404812282080263,0.0,0.0,5158.037735849057,153.77358490566039,0.0,206.9811320754717,0.0,2994.9245283018868,0.0,311.3207547169811,5190.33962264151,0.0,0.0,0.0,0.0,7583.622641509434
215,0.21357348395163672,0.21707440219530924,0.040800680844008654,0.041436908177040335,0.9346339700014853,0.936079921748872,30.0,28.0,245.7938888888889,214.50714285714284,58.38448,60.71222857142856,57.867426666666645,57.59999999999997,15.723499999999998,20.228035714285713,9.224137931034482,0.0,82.70689655172414,7159.241379310345,13841.396551724138,24.11293103448276,71.59241379310345,59.508220689655204,17.89810344827586,14.877055172413797,74.38527586206895,57.73832413793098,0.0,1.0,1.0,1.0,-0.20288175287356308,1.4827586206896552,0.0,0.0,16.12820689655173,0.20689655172413793,1.396551724137931,0.42792676679286873,0.41007101141452285,0.0,0.0,6072.448275862069,138.36206896551724,0.0,183.27586206896552,0.0,2411.293103448276,0.0,276.7241379310345,4747.948275862069,0.0,0.0,0.0,0.0,7768.948275862069
216,0.21360389603378876,0.21713328753014302,0.04152665323673444,0.042145743179575944,0.9351299919726442,0.9365269728914919,27.0,28.0,240.06543209876543,214.79047619047617,59.81297777777777,58.51828571428571,58.0517148148148,57.59999999999997,16.519166666666667,20.16848214285714,9.49090909090909,0.0,86.87272727272727,7350.8,13631.89090909091,26.592181818181814,73.50800000000002,59.153861818181824,18.377000000000006,14.78846545454545,73.94232727272725,57.82175090909086,0.0,1.0,1.0,1.0,-0.20461981060606052,1.509090909090909,0.0,0.0,17.044889090909095,0.16363636363636364,1.4363636363636363,0.4272549003912656,0.4305531040453192,0.0,0.0,5913.545454545455,141.8909090909091,0.0,189.6909090909091,0.0,2659.2181818181816,0.0,284.72727272727275,4691.581818181819,0.0,0.0,0.0,0.0,7718.345454545454
217,0.2136169086273495,0.21756566688860154,0.041734650088879756,0.04085313278451291,0.9354842958520047,0.9368797304959164,25.0,29.0,230.43466666666666,229.93563218390804,62.65100799999999,55.94140689655173,58.00871999999998,57.59999999999997,17.888399999999997,17.99112068965517,9.425925925925926,0.0,81.81481481481481,7177.425925925926,13810.0,24.844814814814818,71.77425925925925,59.0477037037037,17.943564814814813,14.76192592592592,73.80962962962963,57.78922222222217,0.0,1.0,1.0,1.0,-0.20394212962962954,1.537037037037037,0.0,0.0,16.685083333333335,0.16666666666666666,1.4444444444444444,0.4080166368955607,0.4280537552734574,0.0,0.0,6053.722222222223,141.38888888888889,0.0,187.40740740740742,0.0,2484.4814814814813,0.0,282.77777777777777,4692.944444444444,0.0,0.0,0.0,0.0,7756.277777777777
218,0.2136169086273495,0.21756566688860154,0.04191915412598891,0.0415825850560002,0.9359805235326646,0.937284098544672,25.0,28.0,223.11933333333334,219.6238095238095,66.30623999999999,57.73828571428571,58.129159999999985,57.59999999999997,18.9409,19.475357142857142,9.754716981132075,0.0,89.15094339622641,7689.301886792453,13276.358490566037,27.803396226415096,76.89301886792452,61.77977358490565,19.22325471698113,15.444943396226412,77.22471698113208,57.84960377358485,0.0,1.0,1.0,1.0,-0.20520007861635217,1.528301886792453,0.0,0.0,15.293084905660379,0.2830188679245283,1.471698113207547,0.4124261473919994,0.44394441123036266,0.0,0.0,5492.245283018868,146.32075471698113,0.0,194.37735849056602,0.0,2780.3396226415093,0.0,292.64150943396226,4908.962264150943,0.0,0.0,0.0,0.0,7784.11320754717
219,0.2153113023226754,0.21756566688860154,0.0429727996101464,0.04274425917784372,0.9363558889693036,0.9375620904525457,26.0,28.0,220.99551282051283,234.0886904761905,63.935199999999995,55.50685714285715,57.85141153846152,57.59999999999997,19.29711538461538,17.372232142857143,9.444444444444445,0.0,87.03703703703704,7319.611111111111,13667.074074074075,25.980185185185192,73.19611111111112,59.56494814814817,18.29902777777778,14.891237037037037,74.4561851851852,57.72104999999994,0.0,1.0,1.0,1.0,-0.20252187499999993,1.5185185185185186,0.0,0.0,16.455129629629628,0.2777777777777778,1.462962962962963,0.3752952220924914,0.4423687343884104,0.0,0.0,6051.611111111111,140.83333333333334,0.0,188.14814814814815,0.0,2598.0185185185187,0.0,283.3333333333333,4721.592592592592,0.0,0.0,0.0,0.0,7615.462962962963
220,0.2162285812995365,0.21756566688860154,0.04336890860256227,0.04197288980383866,0.936789000399738,0.937905120250138,26.0,27.0,239.325,205.8493827160494,61.867938461538465,64.70506666666665,58.36069615384614,57.59999999999997,16.597788461538464,21.351944444444445,10.09433962264151,0.0,87.9622641509434,7607.88679245283,13336.283018867925,25.662830188679248,76.0788679245283,63.313267924528304,19.019716981132074,15.828316981132069,79.1415849056604,57.97317169811316,0.0,1.0,1.0,1.0,-0.20777441037735836,1.509433962264151,0.0,0.0,13.679620754716982,0.24528301886792453,1.4339622641509433,0.41628589598219895,0.4284747495152613,0.0,0.0,5948.622641509434,151.41509433962264,0.0,200.58490566037736,0.0,2566.2830188679245,0.0,302.8301886792453,5041.603773584906,0.0,0.0,0.0,0.0,7387.66037735849
221,0.21644243725306025,0.21804431885423223,0.04373847125769625,0.04129002244700465,0.9373298725158132,0.9383086099555129,25.0,30.0,167.60133333333334,247.59444444444443,80.75155199999999,51.861546666666655,59.156103999999985,57.59999999999997,27.012400000000003,15.482499999999998,10.0,0.0,91.05454545454545,8289.345454545455,12674.036363636364,31.423818181818174,82.89345454545457,64.99336727272726,20.723363636363644,16.24834181818181,81.24170909090911,58.307319999999955,0.0,1.0,1.0,1.0,-0.21473583333333324,1.5454545454545454,0.0,0.0,14.037316363636366,0.2545454545454545,1.4727272727272727,0.3975667465406078,0.4523550894805284,0.0,0.0,4871.290909090909,136.14545454545456,0.0,199.47272727272727,0.0,3142.3818181818183,0.0,300.0,5146.963636363636,0.0,0.0,0.0,0.0,7802.745454545455
222,0.21828643151909322,0.21804431885423223,0.04333999445359796,0.04198399282486104,0.937807371990145,0.9386723433973292,31.0,26.0,241.71236559139786,215.49935897435898,54.978270967741935,59.72073846153847,56.090054838709655,57.59999999999998,14.674112903225806,20.00086538461538,9.140350877192983,0.0,80.47368421052632,6841.543859649123,13785.333333333334,23.266491228070176,68.41543859649123,57.14150175438596,17.103859649122807,14.28537543859649,71.42687719298246,56.77880175438591,0.0,1.0,1.0,1.0,-0.18289170321637424,1.456140350877193,0.0,0.0,16.74115964912281,0.2982456140350877,1.4035087719298245,0.3942777114076058,0.3880613736295635,0.0,0.0,5983.350877192983,137.10526315789474,0.0,181.87719298245614,0.0,2326.6491228070176,0.0,274.2105263157895,4514.894736842105,0.0,0.0,0.0,0.0,8180.912280701755
223,0.21850604624843617,0.21804431885423223,0.0450724775714088,0.04149142163580242,0.9382001865226615,0.9391356646689464,26.0,28.0,205.83076923076925,240.04702380952384,69.02689230769231,52.639199999999995,57.99434999999998,57.59999999999997,21.44942307692308,16.514107142857146,9.74074074074074,0.0,94.64814814814815,7556.148148148148,13414.351851851852,27.983333333333334,75.56148148148151,60.52957037037037,18.890370370370377,15.132392592592591,75.66196296296296,57.78987222222218,0.0,1.0,1.0,1.0,-0.20395567129629621,1.5185185185185186,0.0,0.0,16.150672222222227,0.2222222222222222,1.4444444444444444,0.41881135338790443,0.43864054114100975,0.0,0.0,5621.722222222223,142.74074074074073,0.0,193.53703703703704,0.0,2798.3333333333335,0.0,292.22222222222223,4757.814814814815,0.0,0.0,0.0,0.0,7792.62962962963
224,0.21929676123348193,0.21804431885423223,0.044432351274678164,0.04277956906373725,0.9385463053112033,0.9394712577767349,28.0,26.0,230.9857142857143,191.94294871794872,60.326000000000015,63.56701538461539,58.89617499999998,57.59999999999998,17.867232142857144,23.512307692307697,9.814814814814815,0.0,89.75925925925925,8234.092592592593,12731.24074074074,33.19111111111112,82.34092592592594,61.886488888888884,20.585231481481486,15.47162222222222,77.35811111111113,58.2720907407407,0.0,1.0,1.0,1.0,-0.21400189043209863,1.4814814814814814,0.0,0.0,16.97083333333333,0.24074074074074073,1.3518518518518519,0.438580123417301,0.4102421082249506,0.0,0.0,4891.777777777777,144.05555555555554,0.0,195.16666666666666,0.0,3319.1111111111113,0.0,294.44444444444446,4914.981481481482,0.0,0.0,0.0,0.0,7839.462962962963
225,0.21974805452825025,0.21875127124334082,0.045870325804391196,0.04263183996503874,0.9388618249549251,0.9398975656073744,27.0,28.0,223.64012345679012,235.51309523809522,65.49842962962964,53.37965714285713,57.608659259259234,57.66179285714283,18.8375925925926,17.20303571428571,9.49090909090909,0.0,88.12727272727273,7202.181818181818,13781.072727272727,25.263272727272728,72.02181818181818,59.328872727272696,18.005454545454544,14.832218181818174,74.16109090909092,57.63570909090904,0.0,1.0,1.0,1.0,-0.20074393939393928,1.509090909090909,0.0,0.0,16.31229090909091,0.2545454545454545,1.4181818181818182,0.4183964703600445,0.4166867322860218,0.0,0.0,5793.690909090909,142.36363636363637,0.0,188.65454545454546,0.0,2526.327272727273,0.0,284.72727272727275,4675.854545454546,0.0,0.0,0.0,0.0,7987.381818181818
226,0.21997688693289535,0.21875127124334082,0.04639408760816974,0.042551683647209904,0.939283633364741,0.9401877510597366,28.0,26.0,226.60535714285714,196.14294871794874,57.6712,68.44283076923077,56.161353571428556,57.68291923076921,16.670446428571427,22.72663461538462,10.0,0.0,90.57407407407408,7834.555555555556,12716.296296296296,28.235555555555557,78.34555555555553,62.857540740740745,19.586388888888884,15.714385185185186,78.57192592592592,56.893959259259205,0.0,1.0,1.0,1.0,-0.18529081790123453,1.4814814814814814,0.0,0.0,13.622807407407409,0.2777777777777778,1.4259259259259258,0.4040848871891502,0.41053333592982566,0.0,0.0,5312.851851851852,149.44444444444446,0.0,198.72222222222223,0.0,2823.5555555555557,0.0,300.0,5011.0,0.0,0.0,0.0,0.0,7803.425925925926
227,0.21997688693289535,0.21960430908410186,0.04580548980650698,0.042539550059644736,0.9396897358836841,0.9405680484268689,25.0,31.0,196.11866666666668,252.16075268817204,71.47795200000002,48.37729032258065,58.23984799999998,57.599999999999966,22.9077,14.831129032258062,9.285714285714286,0.0,94.94642857142857,7374.696428571428,13628.517857142857,27.41053571428572,73.74696428571431,58.690085714285715,18.436741071428578,14.672521428571425,73.36260714285717,57.88564642857138,0.0,1.0,1.0,1.0,-0.20595096726190468,1.5535714285714286,0.0,0.0,17.632301785714287,0.23214285714285715,1.4285714285714286,0.38964788766582237,0.4536532482532474,0.0,0.0,5957.821428571428,132.80357142857142,0.0,184.41071428571428,0.0,2741.0535714285716,0.0,278.57142857142856,4633.642857142857,0.0,0.0,0.0,0.0,7670.696428571428
228,0.22000149443247619,0.21960430908410186,0.04664995263935664,0.042519080023417956,0.9400150890777348,0.9409188825070884,27.0,27.0,178.5358024691358,245.66728395061727,78.05985185185185,49.965629629629625,59.27144074074073,57.59999999999997,25.41805555555556,15.766759259259258,9.88888888888889,0.0,98.77777777777777,8236.962962962964,12726.092592592593,32.0964814814815,82.36962962962964,64.01274074074074,20.59240740740741,16.003185185185185,80.0159259259259,58.435720370370326,0.0,1.0,1.0,1.0,-0.21741084104938263,1.5,0.0,0.0,15.015387037037033,0.16666666666666666,1.4259259259259258,0.43571432345378525,0.4240712792984161,0.0,0.0,5072.833333333333,142.75925925925927,0.0,196.5185185185185,0.0,3209.6481481481483,0.0,296.6666666666667,5027.314814814815,0.0,0.0,0.0,0.0,7653.259259259259
229,0.21846091914426843,0.21960430908410186,0.04612889279166645,0.04521117512463541,0.9404124487114873,0.9412389133160677,31.0,24.0,241.59301075268817,175.7375,53.36221935483871,73.23373333333335,55.74193548387094,57.79582083333332,14.768225806451612,25.61041666666667,9.89090909090909,0.0,98.50909090909092,7799.745454545455,12771.363636363636,28.67018181818182,77.99745454545454,62.03342545454545,19.499363636363636,15.508356363636363,77.54178181818183,56.63817636363631,0.0,1.0,1.0,1.0,-0.17996200757575756,1.4363636363636363,0.0,0.0,14.104114545454545,0.23636363636363636,1.3636363636363635,0.46778283813244387,0.3771765070308792,0.0,0.0,5221.345454545454,141.65454545454546,0.0,196.8,0.0,2867.018181818182,0.0,296.72727272727275,4932.727272727273,0.0,0.0,0.0,0.0,7942.727272727273
230,0.21846091914426843,0.22066600968463926,0.047307766304767115,0.045455328553234906,0.9407779583214159,0.9415292391175849,25.0,32.0,224.14333333333335,252.171875,65.51103999999998,49.742799999999995,58.655763999999984,57.599999999999966,18.798800000000007,14.793750000000001,9.035087719298245,0.0,94.7719298245614,6620.140350877193,14392.719298245614,21.28807017543859,66.20140350877195,56.65869473684209,16.550350877192987,14.164673684210522,70.82336842105262,58.06305438596486,0.0,1.0,1.0,1.0,-0.20964696637426886,1.5614035087719298,0.0,0.0,17.954710526315786,0.2807017543859649,1.4035087719298245,0.3866420559454276,0.453073801471778,0.0,0.0,6299.912280701755,135.52631578947367,0.0,179.56140350877192,0.0,2128.8070175438597,0.0,271.05263157894734,4491.333333333333,0.0,0.0,0.0,0.0,8092.80701754386
231,0.21852718657093703,0.22135530050886465,0.04817632425765371,0.046199610274586925,0.9412063536493058,0.9418321189760138,25.0,28.0,201.582,227.69285714285715,72.958592,55.784571428571425,58.954323999999986,57.59999999999997,22.013599999999997,18.298125,10.11320754716981,0.0,96.52830188679245,8020.2830188679245,12922.584905660377,29.729433962264153,80.20283018867929,63.88552452830188,20.05070754716982,15.971381132075468,79.85690566037735,58.238832075471656,0.0,1.0,1.0,1.0,-0.21330900157232696,1.528301886792453,0.0,0.0,14.404015094339623,0.22641509433962265,1.3962264150943395,0.4162318151994126,0.43808903604482774,0.0,0.0,5407.792452830188,151.69811320754718,0.0,201.03773584905662,0.0,2972.943396226415,0.0,303.39622641509436,5047.33962264151,0.0,0.0,0.0,0.0,7514.792452830188
232,0.21861649665737407,0.22150774102596688,0.048786253729043084,0.04750192352648825,0.9415477426032133,0.942121236706293,28.0,28.0,211.25297619047618,224.7797619047619,71.7144,58.884685714285716,58.26104999999999,57.59999999999997,20.610357142857143,18.662321428571428,10.214285714285714,0.0,96.69642857142857,7854.535714285715,13080.982142857143,26.90553571428571,78.54535714285714,65.29954285714284,19.636339285714286,16.324885714285706,81.62442857142857,57.93052499999995,0.0,1.0,1.0,1.0,-0.20688593749999998,1.5,0.0,0.0,12.26732142857143,0.19642857142857142,1.375,0.4285777787793309,0.42294269391297085,0.0,0.0,5876.303571428572,153.21428571428572,0.0,203.83928571428572,0.0,2690.5535714285716,0.0,306.42857142857144,5163.982142857143,0.0,0.0,0.0,0.0,7204.678571428572
233,0.2186742144692395,0.22268178988574192,0.04849562338553999,0.04815944343381596,0.9418345522452195,0.9424036564512076,30.0,29.0,227.06611111111113,231.00862068965517,62.95818666666667,54.82262068965517,58.00276666666664,57.59999999999997,18.38275,17.870517241379314,9.35593220338983,0.0,97.20338983050847,7252.389830508475,13740.237288135593,25.973389830508477,72.52389830508476,58.95934915254238,18.13097457627119,14.739837288135591,73.69918644067796,57.80479661016944,0.0,1.0,1.0,1.0,-0.20426659604519762,1.4915254237288136,0.0,0.0,16.97642203389831,0.2711864406779661,1.3728813559322033,0.4287883559236872,0.40559215932655296,0.0,0.0,6305.542372881356,140.23728813559322,0.0,185.45762711864407,0.0,2597.3389830508477,0.0,280.6779661016949,4655.050847457627,0.0,0.0,0.0,0.0,7434.6949152542375
234,0.2197064343419586,0.22275710286078446,0.047942048985255246,0.04839251387072469,0.9423527436494596,0.9427801451550628,30.0,27.0,236.62611111111113,203.24567901234568,61.30954666666665,62.75851851851852,57.88303666666664,57.674933333333314,17.01516666666667,21.76962962962963,9.964912280701755,0.0,90.87719298245614,7706.912280701755,13248.859649122807,28.113508771929826,77.06912280701755,61.99590175438598,19.267280701754387,15.49897543859649,77.49487719298243,57.784461403508715,0.0,1.0,1.0,1.0,-0.20384294590643262,1.4736842105263157,0.0,0.0,15.055840350877192,0.3157894736842105,1.368421052631579,0.4052883764812791,0.40528452789477154,0.0,0.0,5369.2807017543855,145.7017543859649,0.0,198.57894736842104,0.0,2811.3508771929824,0.0,298.94736842105266,4895.561403508772,0.0,0.0,0.0,0.0,7879.578947368421
235,0.22090516861323523,0.22459662231510266,0.047977282310909516,0.047694479307677666,0.9426348195626388,0.9431225525346351,28.0,30.0,229.04761904761907,240.31555555555553,62.871199999999995,53.349866666666664,58.04475357142856,57.59999999999997,18.147410714285712,16.446333333333335,9.241379310344827,0.0,87.96551724137932,6907.017241379311,14092.551724137931,23.26620689655173,69.07017241379312,57.9463724137931,17.26754310344828,14.486593103448275,72.43296551724133,57.8147086206896,0.0,1.0,1.0,1.0,-0.2044730962643677,1.5172413793103448,0.0,0.0,17.13587931034483,0.29310344827586204,1.3620689655172413,0.3932642929688021,0.37385061603669284,0.0,0.0,6503.051724137931,138.24137931034483,0.0,183.94827586206895,0.0,2326.6206896551726,0.0,277.2413793103448,4580.396551724138,0.0,0.0,0.0,0.0,7589.5
236,0.22090516861323523,0.22463199182316132,0.0500048296003404,0.04897471560351084,0.9429199753774605,0.943413618267599,27.0,29.0,221.29753086419754,233.63678160919542,68.86589629629628,55.365296551724136,58.79063703703702,57.69576206896549,19.10638888888889,17.483017241379315,9.75,0.0,101.60714285714286,7306.285714285715,13661.25,24.08392857142856,73.06285714285714,61.874514285714284,18.265714285714285,15.468628571428567,77.34314285714288,58.22364821428567,0.0,1.0,1.0,1.0,-0.2129926711309523,1.5178571428571428,0.0,0.0,14.614848214285711,0.25,1.4464285714285714,0.4235998524659904,0.43970046341034263,0.0,0.0,5070.535714285715,145.66071428571428,0.0,193.30357142857142,0.0,2408.3928571428573,0.0,292.5,4897.892857142857,0.0,0.0,0.0,0.0,8590.714285714286
237,0.22235642380813883,0.22465550764993644,0.049408471982985896,0.04996070254324898,0.9433209907249446,0.9436851913305605,29.0,27.0,233.78448275862067,208.5358024691358,62.55006896551724,60.19211851851852,57.89740344827584,57.617522222222206,17.361724137931034,21.065740740740743,9.928571428571429,0.0,92.35714285714286,7659.035714285715,13296.660714285714,28.185535714285713,76.59035714285714,61.41319999999998,19.147589285714286,15.353299999999994,76.76650000000002,57.762460714285666,0.0,1.0,1.0,1.0,-0.2033845982142856,1.4821428571428572,0.0,0.0,15.496850000000004,0.30357142857142855,1.3571428571428572,0.4099800512533978,0.41436641242476474,0.0,0.0,5498.928571428572,147.58928571428572,0.0,197.85714285714286,0.0,2818.5535714285716,0.0,297.85714285714283,4840.482142857143,0.0,0.0,0.0,0.0,7797.732142857143
238,0.22317069998462805,0.22541308362598628,0.04986397628977106,0.05122111388541813,0.9436208704894695,0.9440233016636007,29.0,28.0,225.59597701149426,220.36964285714285,66.6577655172414,60.159885714285714,58.79460344827584,57.59999999999997,18.53939655172414,19.336607142857144,9.964912280701755,0.0,100.29824561403508,7572.403508771929,13381.719298245614,25.438245614035093,75.72403508771932,63.46582456140354,18.93100877192983,15.86645614035088,79.3322807017544,58.20778070175433,0.0,1.0,1.0,1.0,-0.21266209795321628,1.4912280701754386,0.0,0.0,13.672964912280703,0.2807017543859649,1.3859649122807018,0.40665675910416366,0.4128343540354052,0.0,0.0,5420.526315789473,149.21052631578948,0.0,196.71929824561403,0.0,2543.8245614035086,0.0,298.94736842105266,5028.578947368421,0.0,0.0,0.0,0.0,7961.19298245614
239,0.22530717402835004,0.22674600878469606,0.04970511882990408,0.052202269357823364,0.9439317857266013,0.9442878518162646,30.0,29.0,229.24777777777777,219.97183908045977,64.37946666666666,58.575448275862065,58.99516999999998,57.59999999999997,18.028666666666666,19.434310344827587,9.694915254237289,0.0,94.2542372881356,7487.830508474576,13481.305084745763,26.14525423728813,74.87830508474575,61.5266440677966,18.719576271186437,15.381661016949145,76.90830508474578,58.309408474576216,0.0,1.0,1.0,1.0,-0.21477934322033884,1.4915254237288136,0.0,0.0,15.502340677966101,0.2711864406779661,1.4067796610169492,0.40985076909419743,0.37329404123976007,0.0,0.0,5545.050847457627,145.42372881355934,0.0,193.59322033898306,0.0,2614.5254237288136,0.0,290.8474576271187,4873.3050847457625,0.0,0.0,0.0,0.0,7936.254237288135
240,0.2257999008347192,0.22674600878469606,0.05128738913125036,0.05186590652808224,0.9441979715000326,0.9445743858309414,30.0,29.0,251.46277777777777,221.37758620689655,55.847306666666675,58.13583448275863,57.59999999999997,57.59999999999997,14.921249999999999,19.15793103448276,9.203389830508474,0.0,101.42372881355932,6801.474576271186,14200.50847457627,22.92271186440677,68.01474576271187,56.97217627118643,17.003686440677967,14.243044067796607,71.21522033898303,57.59999999999994,0.0,1.0,1.0,1.0,-0.19999999999999987,1.4915254237288136,0.0,0.0,17.63151016949153,0.3050847457627119,1.305084745762712,0.4355987925938081,0.4237407921465146,0.0,0.0,6197.474576271186,138.05084745762713,0.0,182.864406779661,0.0,2292.271186440678,0.0,276.10169491525426,4509.203389830508,0.0,0.0,0.0,0.0,8003.033898305085
241,0.2257999008347192,0.2279995456553107,0.050696365006316045,0.052663904705042446,0.9445612064513322,0.9448908612428123,26.0,26.0,217.90897435897435,200.40448717948718,69.37236923076925,64.40480000000001,59.238553846153835,57.59999999999998,19.65701923076923,22.16557692307692,10.596153846153847,0.0,94.86538461538461,8364.51923076923,12549.403846153846,30.644038461538454,83.64519230769234,66.88858461538463,20.911298076923085,16.722146153846147,83.61073076923077,58.41927692307687,0.0,1.0,1.0,1.0,-0.2170682692307691,1.5,0.0,0.0,12.441990384615385,0.3076923076923077,1.3269230769230769,0.4395252896607302,0.3396080211179853,0.0,0.0,5164.365384615385,156.17307692307693,0.0,211.01923076923077,0.0,3064.403846153846,0.0,317.88461538461536,5300.115384615385,0.0,0.0,0.0,0.0,7385.038461538462
242,0.22755825828717918,0.22815198617241295,0.05004903461047599,0.05277007497725981,0.9448889166726312,0.9452060834447259,28.0,30.0,213.33809523809524,244.52222222222224,69.4992,51.81941333333332,58.8047107142857,57.59999999999997,20.31035714285714,15.884250000000002,9.586206896551724,0.0,95.1896551724138,7208.396551724138,13768.068965517241,24.555172413793105,72.08396551724137,60.35448275862068,18.020991379310342,15.088620689655162,75.44310344827588,58.18158448275857,0.0,1.0,1.0,1.0,-0.2121163433908044,1.5172413793103448,0.0,0.0,15.848093103448276,0.2413793103448276,1.4137931034482758,0.3877650436624411,0.4378474327605576,0.0,0.0,5772.241379310345,143.79310344827587,0.0,191.1551724137931,0.0,2455.5172413793102,0.0,287.58620689655174,4752.879310344828,0.0,0.0,0.0,0.0,7995.827586206897
243,0.22925768363010238,0.22846980642801873,0.051399140480791236,0.053191004798504686,0.9451441176846461,0.9455021652004251,30.0,28.0,238.185,201.01607142857145,60.09957333333333,64.84182857142858,58.03256666666663,57.59999999999997,16.791666666666668,22.07107142857143,10.0,0.0,96.36206896551724,7736.137931034483,13214.48275862069,27.87810344827586,77.36137931034482,62.38893793103448,19.340344827586204,15.59723448275862,77.98617241379311,57.82374137931029,0.0,1.0,1.0,1.0,-0.204661278735632,1.4827586206896552,0.0,0.0,14.775148275862067,0.25862068965517243,1.396551724137931,0.42644528080507316,0.4163187813327721,0.0,0.0,5914.551724137931,150.0,0.0,198.3793103448276,0.0,2787.810344827586,0.0,300.0,4948.327586206897,0.0,0.0,0.0,0.0,7299.931034482759
244,0.22925768363010238,0.2295727988266518,0.05290178297003411,0.05281945452689803,0.945397025462457,0.9457979731852021,28.0,32.0,205.30714285714285,229.475,70.42840000000001,57.88329999999999,58.44224999999999,58.05401562499997,21.51705357142858,18.090390625,9.816666666666666,0.0,99.75,7875.8,13091.8,27.885999999999992,78.75800000000001,63.73767999999999,19.689500000000002,15.934419999999992,79.67209999999997,58.23519166666662,0.0,1.0,1.0,1.0,-0.21323315972222204,1.5333333333333334,0.0,0.0,14.187011666666665,0.23333333333333334,1.4,0.40995903638435593,0.42567276861700776,0.0,0.0,5332.35,141.86666666666667,0.0,195.03333333333333,0.0,2788.6,0.0,294.5,5087.2,0.0,0.0,0.0,0.0,7759.45
245,0.23058084758114228,0.23033128896184776,0.05401539468183054,0.05457414700996344,0.9456533624911434,0.9460297443983725,31.0,30.0,238.04516129032257,229.64555555555555,62.99385806451613,55.262933333333336,58.244841935483855,57.59999999999997,16.753306451612904,18.021333333333338,9.459016393442623,0.0,101.91803278688525,6950.770491803279,14034.852459016394,22.845737704918037,69.50770491803277,59.19176393442623,17.376926229508193,14.797940983606555,73.98970491803277,57.927706557377,0.0,1.0,1.0,1.0,-0.20682721994535505,1.4918032786885247,0.0,0.0,16.11286885245902,0.22950819672131148,1.4262295081967213,0.42715103652895225,0.4172693066737368,0.0,0.0,5933.704918032787,141.88524590163934,0.0,187.72131147540983,0.0,2284.5737704918033,0.0,283.7704918032787,4666.196721311476,0.0,0.0,0.0,0.0,8101.147540983607
246,0.23058084758114228,0.23033128896184776,0.05388450411481923,0.055578298770806826,0.9460592568433525,0.9463530833244167,30.0,29.0,231.10333333333335,221.54482758620688,65.29600000000002,58.12590344827586,58.594773333333315,57.59999999999997,17.778000000000006,19.164568965517248,9.711864406779661,0.0,107.13559322033899,7383.813559322034,13584.305084745763,24.95305084745763,73.83813559322033,61.77171525423729,18.459533898305082,15.44292881355932,77.21464406779661,58.10581694915249,0.0,1.0,1.0,1.0,-0.21053785310734452,1.4915254237288136,0.0,0.0,14.793635593220339,0.1864406779661017,1.3898305084745763,0.4413853903638241,0.42171207474746253,0.0,0.0,6072.35593220339,145.67796610169492,0.0,193.84745762711864,0.0,2495.3050847457625,0.0,291.35593220338984,4888.5084745762715,0.0,0.0,0.0,0.0,7511.949152542373
247,0.23098149026531936,0.2316517322313066,0.05442687150524785,0.05476539560199896,0.9464667058501316,0.9466073545245163,30.0,30.0,233.07333333333332,224.11944444444444,60.82458666666665,59.46730666666667,57.732346666666636,57.59999999999997,17.57875,18.72941666666667,9.583333333333334,0.0,98.08333333333333,7261.633333333333,13715.783333333333,24.920499999999993,72.61633333333334,60.14594666666665,18.154083333333336,15.036486666666663,75.18243333333334,57.666173333333276,0.0,1.0,1.0,1.0,-0.201378611111111,1.5,0.0,0.0,15.674310000000002,0.18333333333333332,1.45,0.4314214061560194,0.4110326964680076,0.0,0.0,6120.716666666666,143.75,0.0,190.33333333333334,0.0,2492.05,0.0,287.5,4769.583333333333,0.0,0.0,0.0,0.0,7595.066666666667
248,0.23098149026531936,0.2316517322313066,0.05469855427845419,0.05633029084932137,0.9467531338535612,0.9468497478972568,28.0,32.0,221.43333333333334,235.83645833333333,66.59320000000001,55.1903,58.0406964285714,57.599999999999966,19.112589285714286,17.1415625,9.666666666666666,0.0,109.95,7224.55,13746.9,24.314833333333336,72.24549999999998,60.511653333333335,18.061374999999995,15.12791333333333,75.63956666666668,57.80565833333328,0.0,1.0,1.0,1.0,-0.20428454861111103,1.5333333333333334,0.0,0.0,15.355379999999998,0.13333333333333333,1.4333333333333333,0.4108816374389726,0.4526612338661335,0.0,0.0,5602.716666666666,145.0,0.0,192.55,0.0,2431.483333333333,0.0,290.0,4793.066666666667,0.0,0.0,0.0,0.0,8144.183333333333
249,0.23098149026531936,0.23183954225646752,0.05534651946044793,0.056490280265840936,0.9470197152398212,0.9470789008829896,30.0,30.0,234.4077777777778,232.8822222222222,60.73685333333333,56.62432,58.30411666666665,57.59999999999997,17.332583333333336,17.543416666666676,9.333333333333334,0.0,109.5,6975.2,14018.7,23.262166666666662,69.75200000000001,58.68058666666669,17.438000000000002,14.670146666666666,73.3507333333333,57.95205833333328,0.0,1.0,1.0,1.0,-0.20733454861111097,1.5,0.0,0.0,16.70947166666667,0.21666666666666667,1.35,0.43527788083703245,0.4249647024454472,0.0,0.0,6053.25,140.0,0.0,185.1,0.0,2326.2166666666667,0.0,280.0,4648.983333333334,0.0,0.0,0.0,0.0,7965.45
250,0.23098149026531936,0.2329097532099141,0.055925447391690336,0.0557750211691996,0.9472534792010571,0.9473077313052656,29.0,29.0,215.10459770114943,243.79137931034484,72.11873103448276,59.00816551724137,59.54605517241377,57.60888965517239,19.9951724137931,15.939741379310346,9.948275862068966,0.0,107.10344827586206,7186.982758620689,13766.879310344828,23.27931034482759,71.86982758620688,65.56344827586206,17.96745689655172,16.39086206896551,81.95431034482758,58.57747241379307,0.0,1.0,1.0,1.0,-0.22036400862068953,1.5,0.0,0.0,10.981481034482758,0.27586206896551724,1.3793103448275863,0.4298025100218662,0.41230886905165853,0.0,0.0,5919.051724137931,149.22413793103448,0.0,197.4655172413793,0.0,2327.9310344827586,0.0,298.44827586206895,4859.051724137931,0.0,0.0,0.0,0.0,7847.827586206897
251,0.23205516269967144,0.2329097532099141,0.055863557144095924,0.057413502838112064,0.9475146550354804,0.9475531491950469,32.0,28.0,236.55,207.2940476190476,60.349799999999995,69.69120000000001,58.01680937499997,58.11446785714285,17.042656249999997,21.194821428571426,9.8,0.0,100.18333333333334,7592.133333333333,13373.833333333334,27.94533333333333,75.92133333333335,64.70911999999998,18.980333333333338,16.17727999999999,80.88640000000001,58.06238333333328,0.0,1.0,1.0,1.0,-0.20963298611111095,1.4666666666666666,0.0,0.0,12.333596666666672,0.25,1.3666666666666667,0.4045212526124243,0.3988756465882029,0.0,0.0,5745.283333333334,144.18333333333334,0.0,194.85,0.0,2794.5333333333333,0.0,294.0,4797.6,0.0,0.0,0.0,0.0,7628.55
252,0.23205516269967144,0.23311701522977704,0.05543703327435299,0.058218342196734066,0.9477822373410476,0.9478136411368561,30.0,31.0,221.59,240.2247311827957,69.50608000000001,62.00067096774192,59.38068999999998,58.2000709677419,19.03691666666667,16.49572580645161,9.836065573770492,0.0,106.78688524590164,7098.196721311476,13863.606557377048,22.164590163934434,70.98196721311477,65.69185573770493,17.745491803278693,16.422963934426228,82.11481967213115,58.78070327868848,0.0,1.0,1.0,1.0,-0.22459798497267738,1.5081967213114753,0.0,0.0,10.834339344262299,0.26229508196721313,1.3442622950819672,0.4232236403216507,0.43209038637812713,0.0,0.0,6357.639344262295,147.54098360655738,0.0,194.5737704918033,0.0,2216.4590163934427,0.0,295.08196721311475,4881.737704918033,0.0,0.0,0.0,0.0,7505.9672131147545
253,0.23382601014600493,0.2342508864779234,0.05575470229470611,0.058296875148019005,0.9480176077509372,0.9480567637903085,33.0,29.0,258.02474747474747,217.28275862068963,54.221236363636365,68.4177103448276,57.71022727272724,58.73815862068963,13.985227272727276,19.740344827586206,9.096774193548388,0.0,101.48387096774194,6670.854838709677,14338.08064516129,21.464677419354846,66.70854838709677,60.86152258064518,16.677137096774192,15.215380645161291,76.07690322580643,58.19103387096769,0.0,1.0,1.0,1.0,-0.21231320564516115,1.467741935483871,0.0,0.0,14.006648387096773,0.3064516129032258,1.435483870967742,0.4353944022668354,0.3804623461378949,0.0,0.0,6237.774193548387,136.20967741935485,0.0,180.9516129032258,0.0,2146.467741935484,0.0,272.9032258064516,4524.387096774193,0.0,0.0,0.0,0.0,8100.306451612903
254,0.23382601014600493,0.2342508864779234,0.05494803530087096,0.0577546261110251,0.948293779589481,0.9482978960675997,28.0,31.0,211.78690476190476,240.20967741935482,70.77680000000001,61.26797419354838,58.610974999999996,57.82626451612901,20.531696428571426,16.480564516129032,9.796610169491526,0.0,117.2542372881356,7361.254237288135,13603.254237288136,24.676440677966102,73.61254237288135,65.78063728813561,18.403135593220338,16.44515932203389,82.22579661016947,58.19866949152537,0.0,1.0,1.0,1.0,-0.21247228107344618,1.5254237288135593,0.0,0.0,10.821167796610169,0.2033898305084746,1.3728813559322033,0.41696467793297587,0.4455472282065964,0.0,0.0,6032.271186440678,146.1864406779661,0.0,194.40677966101694,0.0,2467.64406779661,0.0,293.89830508474574,4893.610169491525,0.0,0.0,0.0,0.0,7570.983050847458
255,0.23382601014600493,0.23462958181262256,0.05712283946394676,0.05906653747444251,0.9485891802263834,0.948556752740847,30.0,29.0,211.63666666666668,228.42011494252876,69.61322666666665,65.67988965517242,58.00331999999998,58.6230793103448,20.569166666666664,18.15146551724138,10.084745762711865,0.0,108.64406779661017,7752.322033898305,13193.169491525423,27.17949152542373,77.52322033898304,67.67989152542371,19.38080508474576,16.91997288135593,84.59986440677964,58.30794745762707,0.0,1.0,1.0,1.0,-0.2147489053672315,1.4915254237288136,0.0,0.0,10.008861016949156,0.288135593220339,1.4067796610169492,0.43930987991742537,0.41862479751777176,0.0,0.0,5296.593220338983,151.27118644067798,0.0,199.6949152542373,0.0,2717.9491525423728,0.0,302.54237288135596,5034.372881355932,0.0,0.0,0.0,0.0,7896.576271186441
256,0.23429520786483754,0.23462958181262256,0.05730892088637192,0.05902357637485643,0.9488847818428239,0.9488071902441745,32.0,29.0,232.378125,228.76321839080458,57.98065000000001,62.677903448275856,56.50536562499997,58.03928620689653,16.0278125,18.14991379310345,9.098360655737705,0.0,106.8360655737705,6814.672131147541,13839.573770491803,23.482786885245893,68.1467213114754,60.213770491803274,17.03668032786885,15.053442622950818,75.26721311475409,57.234606557377,0.0,1.0,1.0,1.0,-0.19238763661202174,1.4754098360655739,0.0,0.0,14.057516393442626,0.2786885245901639,1.4098360655737705,0.4148231310515827,0.4135991797189105,0.0,0.0,5746.55737704918,136.47540983606558,0.0,181.24590163934425,0.0,2348.27868852459,0.0,272.95081967213116,4466.393442622951,0.0,0.0,0.0,0.0,8447.098360655738
257,0.23501147205187864,0.23462958181262256,0.057006908853251846,0.05903722772969815,0.9491709561512844,0.9490792633285206,29.0,28.0,224.9316091954023,216.20238095238093,68.69384827586207,69.89279999999998,58.59131034482756,58.47363928571428,18.596637931034483,19.89178571428572,10.280701754385966,0.0,112.45614035087719,7693.140350877193,13238.61403508772,25.35245614035088,76.93140350877192,69.28280701754386,19.23285087719298,17.320701754385958,86.60350877192982,58.53350701754381,0.0,1.0,1.0,1.0,-0.2194480628654969,1.4912280701754386,0.0,0.0,8.483550877192984,0.21052631578947367,1.4035087719298245,0.44004545591717764,0.42108914404397985,0.0,0.0,5768.2807017543855,154.21052631578948,0.0,204.6140350877193,0.0,2535.245614035088,0.0,308.42105263157896,5157.894736842105,0.0,0.0,0.0,0.0,7470.333333333333
258,0.23550251827218951,0.234653146957617,0.059193093063570214,0.05819858230100431,0.9494260748647001,0.9493079138181212,31.0,30.0,248.58118279569894,215.77166666666665,56.774245161290324,68.06650666666667,58.45353225806449,57.90281999999997,15.286048387096777,19.991750000000003,9.442622950819672,0.0,112.44262295081967,7040.131147540984,13946.72131147541,24.194098360655733,70.40131147540983,62.32781639344264,17.600327868852457,15.58195409836065,77.90977049180329,58.18269016393437,0.0,1.0,1.0,1.0,-0.2121393784153003,1.4918032786885247,0.0,0.0,13.455201639344267,0.18032786885245902,1.4262295081967213,0.4376819000088127,0.4211568848107141,0.0,0.0,5845.540983606557,140.9344262295082,0.0,187.9344262295082,0.0,2419.409836065574,0.0,283.27868852459017,4620.7213114754095,0.0,0.0,0.0,0.0,8101.180327868852
259,0.23566060102059144,0.234653146957617,0.058157913803723316,0.05731348377702867,0.9496506644959588,0.9495234296091148,28.0,31.0,216.8702380952381,221.68978494623656,69.05959999999999,67.59705806451613,58.488021428571415,58.40489354838707,19.804464285714285,19.0925,10.220338983050848,0.0,117.69491525423729,7772.152542372882,13164.152542372882,26.96762711864406,77.72152542372882,68.29114576271186,19.430381355932205,17.072786440677955,85.36393220338984,58.44434406779657,0.0,1.0,1.0,1.0,-0.21759050141242928,1.5254237288135593,0.0,0.0,9.583579661016945,0.1864406779661017,1.423728813559322,0.4182624731633127,0.4465776848801144,0.0,0.0,5838.3050847457625,153.3050847457627,0.0,202.77966101694915,0.0,2696.762711864407,0.0,306.6101694915254,5075.389830508475,0.0,0.0,0.0,0.0,7325.847457627118
260,0.2358480679101735,0.23579816809314388,0.0583037195510057,0.05696323082785582,0.9498880750097116,0.949756444329706,30.0,33.0,224.63055555555556,232.78282828282826,65.94597333333334,62.175951515151525,58.6962033333333,58.89449999999997,18.706916666666665,17.59295454545455,9.476190476190476,0.0,106.34920634920636,7249.3650793650795,13734.047619047618,24.852698412698405,72.49365079365076,63.971199999999975,18.12341269841269,15.99279999999999,79.964,58.80007301587297,0.0,1.0,1.0,1.0,-0.22500152116402095,1.5238095238095237,0.0,0.0,12.952285714285717,0.20634920634920634,1.4285714285714286,0.41479050074453844,0.43213941072918216,0.0,0.0,5888.079365079365,142.14285714285714,0.0,189.15873015873015,0.0,2485.2698412698414,0.0,284.2857142857143,4764.0952380952385,0.0,0.0,0.0,0.0,7845.9682539682535
261,0.23590456669608525,0.23594220202496263,0.057446622175810674,0.05923160662738459,0.9500691073125905,0.9499762129440289,30.0,31.0,217.06444444444443,236.39354838709679,68.43535999999999,60.371974193548375,58.644636666666635,58.27493548387094,19.771083333333333,17.026209677419356,9.78688524590164,0.0,114.81967213114754,7350.459016393443,13613.245901639344,25.84721311475411,73.50459016393442,64.3375737704918,18.376147540983606,16.084393442622947,80.42196721311474,58.45675573770488,0.0,1.0,1.0,1.0,-0.21784907786885227,1.5081967213114753,0.0,0.0,12.495329508196724,0.16393442622950818,1.4426229508196722,0.42528669533027935,0.4312386114729156,0.0,0.0,5307.6557377049185,146.80327868852459,0.0,194.88524590163934,0.0,2584.72131147541,0.0,293.60655737704917,4765.737704918033,0.0,0.0,0.0,0.0,8305.590163934427
262,0.23666681407439025,0.23594220202496263,0.05758992461453534,0.05880107906333839,0.9503453648192385,0.950224030461836,32.0,30.0,224.76875,231.17000000000002,66.54724999999999,64.22416000000001,59.080690624999974,58.12224666666664,18.683515625000002,17.750666666666664,9.774193548387096,0.0,110.79032258064517,7292.854838709677,13671.967741935483,24.289193548387107,72.92854838709678,65.42317419354838,18.232137096774196,16.35579354838709,81.77896774193547,58.616927419354795,0.0,1.0,1.0,1.0,-0.22118598790322558,1.4838709677419355,0.0,0.0,11.425890322580651,0.20967741935483872,1.3870967741935485,0.4420096293065245,0.4183457043172915,0.0,0.0,5578.725806451613,146.61290322580646,0.0,194.33870967741936,0.0,2428.9193548387098,0.0,293.2258064516129,4863.935483870968,0.0,0.0,0.0,0.0,8093.241935483871
263,0.2367809865827697,0.23594220202496263,0.05870947573858891,0.05948748687540362,0.9505952002869789,0.950424036930193,32.0,30.0,209.17291666666668,228.29222222222222,70.52850000000001,65.40202666666667,59.07679062499998,58.51104333333332,20.9365625,18.18591666666667,10.064516129032258,0.0,117.80645161290323,7842.241935483871,13105.451612903225,27.729838709677434,78.42241935483874,68.04794838709674,19.605604838709684,17.01198709677418,85.05993548387097,58.803041935483826,0.0,1.0,1.0,1.0,-0.22506337365591383,1.4838709677419355,0.0,0.0,10.360698387096773,0.20967741935483872,1.403225806451613,0.44842543318301803,0.4141371416249133,0.0,0.0,5501.532258064516,149.4516129032258,0.0,199.91935483870967,0.0,2772.983870967742,0.0,301.93548387096774,5069.258064516129,0.0,0.0,0.0,0.0,7603.919354838709
264,0.23845093354948163,0.23594220202496263,0.05802588391146411,0.06015308315957395,0.9508453779408247,0.9506185803228142,34.0,30.0,248.40098039215687,234.31944444444443,55.09905882352941,64.47690666666666,57.8597470588235,58.433939999999964,15.38647058823529,17.276833333333332,8.984375,0.0,110.234375,6509.03125,14508.015625,20.95421875,65.0903125,59.49492499999998,16.272578125,14.873731249999999,74.36865625000002,58.128899999999945,0.0,1.0,1.0,1.0,-0.21101874999999976,1.46875,0.0,0.0,14.906553125000002,0.265625,1.421875,0.4367596091382821,0.4081884847949184,0.0,0.0,6043.59375,134.765625,0.0,177.65625,0.0,2095.421875,0.0,269.53125,4413.609375,0.0,0.0,0.0,0.0,8464.421875
265,0.23869739528096,0.23594220202496263,0.05719885992147498,0.05952861927904854,0.9510918733003015,0.9508463259379383,29.0,30.0,231.40574712643678,231.74444444444444,64.93759999999999,63.99904,58.50103103448274,58.57651333333331,17.6748275862069,17.654916666666665,9.830508474576272,0.0,112.7457627118644,7065.881355932203,13894.677966101695,22.935423728813554,70.65881355932207,64.46036610169493,17.664703389830517,16.115091525423725,80.57545762711864,58.53941186440672,0.0,1.0,1.0,1.0,-0.2195710805084744,1.5084745762711864,0.0,0.0,11.743749152542378,0.288135593220339,1.423728813559322,0.42674275459003264,0.43747364768784486,0.0,0.0,6123.28813559322,147.45762711864407,0.0,196.0677966101695,0.0,2293.5423728813557,0.0,294.91525423728814,4772.338983050848,0.0,0.0,0.0,0.0,7771.389830508475
266,0.23999331340736113,0.23594220202496263,0.057054859729867964,0.060051065317548155,0.9513016977979488,0.9510514662328897,30.0,30.0,205.27666666666667,226.58277777777778,70.39461333333334,63.93258666666666,57.93285333333331,58.88954999999998,21.546916666666668,18.46875,9.966666666666667,0.0,107.63333333333334,8003.133333333333,12955.783333333333,30.0305,80.03133333333334,67.16360000000002,20.007833333333334,16.790899999999997,83.9545,58.41120166666662,0.0,1.0,1.0,1.0,-0.2169000347222221,1.5,0.0,0.0,11.255434999999999,0.25,1.4166666666666667,0.3897230974947118,0.4295866317003396,0.0,0.0,5359.383333333333,142.53333333333333,0.0,198.55,0.0,3003.05,0.0,299.0,5000.083333333333,0.0,0.0,0.0,0.0,7596.4
267,0.2405803582794585,0.23670249564184836,0.057098485096278254,0.059232883646875234,0.9514892425637658,0.9512854011607622,32.0,30.0,245.18541666666667,224.33166666666665,57.599849999999996,66.52949333333333,57.80148749999997,58.58377333333331,15.795781250000005,18.767333333333337,9.241935483870968,0.0,113.11290322580645,6893.451612903225,14105.693548387097,22.890161290322574,68.93451612903226,61.92064516129034,17.233629032258065,15.48016129032258,77.40080645161292,58.180012903225766,0.0,1.0,1.0,1.0,-0.21208360215053745,1.4838709677419355,0.0,0.0,13.49299677419355,0.2903225806451613,1.3548387096774193,0.4402565138309727,0.4017995634891372,0.0,0.0,6056.451612903225,138.6290322580645,0.0,183.96774193548387,0.0,2289.016129032258,0.0,277.258064516129,4604.435483870968,0.0,0.0,0.0,0.0,8049.241935483871
268,0.2405803582794585,0.23728293222959945,0.05760690887070941,0.05823499823391558,0.9517615130248567,0.9514943770756283,29.0,30.0,228.93505747126437,225.08166666666665,64.33241379310346,65.69919999999999,58.89545517241377,58.51359666666666,18.05206896551724,18.65575,9.813559322033898,0.0,112.64406779661017,7343.610169491525,13618.542372881357,25.18949152542373,73.43610169491524,65.02738983050847,18.35902542372881,16.256847457627114,81.28423728813559,58.70128983050843,0.0,1.0,1.0,1.0,-0.22294353813559314,1.5084745762711864,0.0,0.0,12.03292542372881,0.1864406779661017,1.4576271186440677,0.42738127770807927,0.43245137003249523,0.0,0.0,5700.559322033899,146.94915254237287,0.0,195.4915254237288,0.0,2518.9491525423728,0.0,294.40677966101697,4824.661016949152,0.0,0.0,0.0,0.0,7917.983050847458
269,0.2405803582794585,0.23728293222959945,0.0587877346938283,0.058250967302304064,0.9520056233114675,0.9517137241679697,30.0,30.0,219.61277777777778,225.525,69.51018666666666,66.27189333333334,59.49958333333333,58.139603333333305,19.404749999999996,18.581666666666667,9.966666666666667,0.0,119.26666666666667,7597.283333333334,13354.133333333333,25.32250000000001,75.97283333333336,67.89104,18.99320833333334,16.972759999999997,84.86380000000001,58.81959333333328,0.0,1.0,1.0,1.0,-0.22540819444444427,1.5,0.0,0.0,9.921761666666667,0.18333333333333332,1.4333333333333333,0.4381761127731068,0.4316225001700554,0.0,0.0,6073.466666666666,149.5,0.0,199.08333333333334,0.0,2532.25,0.0,299.0,5065.033333333334,0.0,0.0,0.0,0.0,7280.666666666667
270,0.24063397079212412,0.23728293222959945,0.05930724108254519,0.05717877987982455,0.952224116870076,0.9519328967299451,32.0,30.0,226.51302083333334,235.35833333333332,67.13839999999999,61.162079999999996,58.72676874999998,57.687213333333304,18.4225,17.16675,9.64516129032258,0.0,117.38709677419355,7125.951612903225,13847.58064516129,23.541612903225793,71.25951612903226,64.24663225806452,17.814879032258066,16.061658064516127,80.30829032258063,58.22375806451608,0.0,1.0,1.0,1.0,-0.21299495967741922,1.4838709677419355,0.0,0.0,11.792004838709678,0.1774193548387097,1.3709677419354838,0.44729935016318934,0.4177449123960289,0.0,0.0,6430.822580645161,144.67741935483872,0.0,191.43548387096774,0.0,2354.1612903225805,0.0,289.35483870967744,4771.790322580645,0.0,0.0,0.0,0.0,7416.758064516129
271,0.24063663004702868,0.23728293222959945,0.06009874715949139,0.05691670442137736,0.9524769249061917,0.9521505328997371,33.0,29.0,235.75151515151518,205.60689655172413,62.59442424242424,72.36628965517242,58.24152424242421,58.58118275862067,17.12424242424242,21.443275862068965,9.935483870967742,0.0,125.12903225806451,7657.774193548387,13299.09677419355,26.54435483870968,76.57774193548387,67.16513548387096,19.144435483870968,16.791283870967735,83.9564193548387,58.400396774193496,0.0,1.0,1.0,1.0,-0.21667493279569874,1.467741935483871,0.0,0.0,10.37969677419355,0.1935483870967742,1.403225806451613,0.4579815341582614,0.4061605319305361,0.0,0.0,5743.403225806452,147.82258064516128,0.0,196.24193548387098,0.0,2654.435483870968,0.0,298.06451612903226,5003.3387096774195,0.0,0.0,0.0,0.0,7555.693548387097
272,0.2416129216786429,0.23785201442645093,0.05920797484994926,0.057807025318213176,0.9526931124974388,0.9523550594355212,32.0,32.0,232.065625,236.71510416666666,63.756350000000005,61.6455,58.45760937499997,58.09607187499997,17.6296875,17.026484375,9.328125,0.0,115.75,6931.234375,14063.421875,22.6575,69.31234375000001,62.70092499999999,17.328085937500003,15.675231249999998,78.37615625000001,58.276840624999956,0.0,1.0,1.0,1.0,-0.21410084635416646,1.5,0.0,0.0,12.904001562500003,0.296875,1.34375,0.40552135890269747,0.4260641256273827,0.0,0.0,6247.78125,139.921875,0.0,184.578125,0.0,2265.75,0.0,279.84375,4665.484375,0.0,0.0,0.0,0.0,7815.640625
273,0.2416129216786429,0.2387578054482273,0.05897199344111011,0.057753266760246544,0.9528834516545992,0.9525430647095889,32.0,30.0,230.68385416666666,216.88777777777779,64.17985,67.64874666666665,58.30781562499998,58.48936999999998,17.822109375,19.836416666666665,9.85483870967742,0.0,119.61290322580645,7518.709677419355,13440.5,26.239838709677418,75.18709677419353,65.8583483870968,18.796774193548384,16.4645870967742,82.32293548387096,58.39566451612899,0.0,1.0,1.0,1.0,-0.21657634408602136,1.4838709677419355,0.0,0.0,11.334090322580648,0.24193548387096775,1.3709677419354838,0.4403700459704177,0.4041909066598158,0.0,0.0,5342.870967741936,147.82258064516128,0.0,196.32258064516128,0.0,2623.983870967742,0.0,295.64516129032256,4894.725806451613,0.0,0.0,0.0,0.0,8097.629032258064
274,0.2418297668078914,0.23881366048021846,0.05968409979791531,0.0577688008353252,0.9531045636141827,0.9527684579269589,32.0,31.0,219.63385416666668,222.86666666666667,67.51219999999999,67.41749677419354,57.96700624999997,58.14167419354836,19.4225,18.900564516129037,10.158730158730158,0.0,119.38095238095238,7666.269841269841,13273.47619047619,26.58428571428572,76.66269841269845,67.46560000000004,19.16567460317461,16.866400000000006,84.33199999999997,58.05295396825392,0.0,1.0,1.0,1.0,-0.20943654100529085,1.492063492063492,0.0,0.0,9.753028571428576,0.19047619047619047,1.4285714285714286,0.4367740157335947,0.42426715449444613,0.0,0.0,5518.31746031746,152.38095238095238,0.0,202.11111111111111,0.0,2658.4285714285716,0.0,304.76190476190476,5007.841269841269,0.0,0.0,0.0,0.0,7755.158730158731
275,0.2427165402645886,0.23919916602816726,0.0598295511954371,0.05868134413839488,0.9533375434250553,0.9529619135726846,33.0,33.0,243.39545454545453,233.93737373737375,59.23136969696971,61.631563636363644,57.90760303030301,57.892036363636336,16.043787878787878,17.37242424242424,9.181818181818182,0.0,118.46969696969697,6683.242424242424,14319.984848484848,22.057575757575762,66.83242424242427,60.43146666666666,16.708106060606067,15.107866666666661,75.53933333333333,57.899819696969644,0.0,1.0,1.0,1.0,-0.20624624368686856,1.5,0.0,0.0,14.176459090909093,0.21212121212121213,1.4242424242424243,0.4280152888528237,0.4293485923453039,0.0,0.0,6313.045454545455,137.72727272727272,0.0,182.5909090909091,0.0,2205.757575757576,0.0,275.45454545454544,4477.484848484848,0.0,0.0,0.0,0.0,8006.939393939394
276,0.2431218508742418,0.2394919321106867,0.06019293043474136,0.059190114878188496,0.9535552121074865,0.9531667904233224,30.0,32.0,215.38722222222222,232.42864583333332,70.67648000000001,62.16594999999999,59.31176999999998,58.321831249999974,19.969916666666666,17.648828124999998,9.903225806451612,0.0,121.54838709677419,7508.774193548387,13450.967741935483,25.808870967741925,75.08774193548388,66.28394838709679,18.77193548387097,16.57098709677419,82.85493548387099,58.80083387096769,0.0,1.0,1.0,1.0,-0.22501737231182775,1.5161290322580645,0.0,0.0,11.288820967741934,0.20967741935483872,1.3870967741935485,0.42463434823040996,0.4365113378662706,0.0,0.0,5551.967741935484,144.83870967741936,0.0,197.32258064516128,0.0,2580.8870967741937,0.0,297.0967741935484,4927.887096774193,0.0,0.0,0.0,0.0,7899.0
277,0.24391924903894993,0.2394919321106867,0.061014528910012834,0.05816741859094484,0.9537511604973982,0.9534321990665896,33.0,30.0,232.78282828282826,237.18388888888887,64.74482424242424,62.35376,58.02793333333331,58.05770333333331,17.572121212121214,16.903249999999996,9.317460317460318,0.0,114.44444444444444,6901.444444444444,14092.714285714286,21.540634920634925,69.01444444444441,63.60622222222221,17.253611111111102,15.901555555555548,79.50777777777778,58.04210952380947,0.0,1.0,1.0,1.0,-0.20921061507936492,1.4761904761904763,0.0,0.0,11.689498412698416,0.2222222222222222,1.4444444444444444,0.43894237772955175,0.41228098283493236,0.0,0.0,6480.825396825397,139.76190476190476,0.0,185.55555555555554,0.0,2154.063492063492,0.0,279.5238095238095,4747.380952380952,0.0,0.0,0.0,0.0,7611.888888888889
278,0.24391924903894993,0.2394919321106867,0.061047575822218994,0.058219109748074135,0.9539403514356123,0.9536619790776172,32.0,29.0,227.25052083333333,217.53735632183907,68.21185000000001,68.95531034482757,58.464403124999976,59.06257931034481,18.316875,19.639224137931034,10.21311475409836,0.0,124.31147540983606,7578.213114754099,13357.967213114754,24.77622950819672,75.78213114754097,68.56529836065575,18.94553278688524,17.141324590163936,85.70662295081968,58.748781967213056,0.0,1.0,1.0,1.0,-0.22393295765027307,1.4754098360655739,0.0,0.0,9.129016393442623,0.18032786885245902,1.3934426229508197,0.4550911129044575,0.4137154804696601,0.0,0.0,5794.491803278688,153.19672131147541,0.0,203.2295081967213,0.0,2477.622950819672,0.0,306.39344262295083,5100.5901639344265,0.0,0.0,0.0,0.0,7563.475409836065
279,0.24391924903894993,0.24018030877576593,0.06333740790441446,0.05666170626869867,0.9541388826694327,0.9538476821214004,32.0,32.0,233.88020833333334,217.09583333333333,63.98174999999999,69.9118,58.08367187499998,58.94557187499997,17.416093749999998,19.751171874999994,9.8125,0.0,119.203125,7433.453125,13529.28125,24.373125,74.33453125,66.946775,18.5836328125,16.736693749999997,83.68346874999997,58.51462187499995,0.0,1.0,1.0,1.0,-0.21905462239583312,1.5,0.0,0.0,10.1514796875,0.28125,1.359375,0.43091953009305994,0.4242790632802719,0.0,0.0,5682.3125,147.1875,0.0,194.703125,0.0,2437.3125,0.0,294.375,4996.140625,0.0,0.0,0.0,0.0,7846.96875
280,0.2446086393049664,0.24153029448461869,0.06488791871631577,0.05722250651697984,0.9543777152735622,0.9540471076355138,31.0,34.0,222.29731182795697,250.00539215686274,67.22023225806453,58.26964705882352,58.43108709677417,58.57265294117645,19.065645161290327,15.06992647058823,9.276923076923078,0.0,112.55384615384615,6790.2307692307695,14207.446153846155,21.341384615384623,67.9023076923077,62.53838769230767,16.975576923076925,15.634596923076918,78.17298461538459,58.50513692307688,0.0,1.0,1.0,1.0,-0.21885701923076903,1.523076923076923,0.0,0.0,12.94232615384616,0.24615384615384617,1.3692307692307693,0.42222134506210823,0.3960737317737307,0.0,0.0,5946.092307692307,139.15384615384616,0.0,183.86153846153846,0.0,2134.1384615384613,0.0,278.3076923076923,4656.092307692307,0.0,0.0,0.0,0.0,8261.353846153846
281,0.24466014613265277,0.24163839004077597,0.06419337817823006,0.05674370549758479,0.9545919698313083,0.9542246933106522,31.0,31.0,224.40967741935484,217.85752688172042,65.68221935483871,68.41249032258065,58.19965806451611,59.74355806451611,18.71854838709677,19.680967741935486,10.03225806451613,0.0,122.90322580645162,7679.903225806452,13268.016129032258,26.96758064516129,76.7990322580645,67.04735483870967,19.199758064516125,16.761838709677413,83.80919354838709,58.97160806451608,0.0,1.0,1.0,1.0,-0.22857516801075253,1.5,0.0,0.0,11.124011290322585,0.24193548387096775,1.3870967741935485,0.4366616037508664,0.4220998887082439,0.0,0.0,5122.354838709677,150.48387096774192,0.0,199.6290322580645,0.0,2696.7580645161293,0.0,300.96774193548384,4983.145161290323,0.0,0.0,0.0,0.0,8145.6612903225805
282,0.24533941239930454,0.2426931704107148,0.06304224455854848,0.05648225006296533,0.9547727425898858,0.9544169188102027,32.0,32.0,222.60052083333332,239.0953125,67.12965,60.2224,57.99797499999997,57.754893749999965,18.990312499999998,16.68828125,9.4375,0.0,114.296875,7135.71875,13850.875,23.94109375,71.35718750000004,63.67602500000002,17.83929687500001,15.919006249999997,79.59503124999998,57.876434374999945,0.0,1.0,1.0,1.0,-0.20575904947916646,1.5,0.0,0.0,12.039706249999998,0.296875,1.390625,0.4128102099635681,0.41818925124782313,0.0,0.0,6132.59375,141.5625,0.0,187.71875,0.0,2394.109375,0.0,283.125,4741.609375,0.0,0.0,0.0,0.0,7718.28125
283,0.2459663138374394,0.2426931704107148,0.06534818548994255,0.057778277208123716,0.9549597941245984,0.9546128614487814,33.0,30.0,227.67979797979797,228.12333333333333,66.28431515151516,64.66394666666665,58.77918484848482,57.97461333333331,18.260075757575756,18.23166666666667,9.682539682539682,0.0,120.17460317460318,7298.619047619048,13673.460317460318,24.175238095238093,72.98619047619047,65.51271111111113,18.246547619047618,16.37817777777778,81.89088888888891,58.396055555555506,0.0,1.0,1.0,1.0,-0.21658449074074063,1.4761904761904763,0.0,0.0,11.129892063492067,0.20634920634920634,1.3650793650793651,0.4412560410971949,0.4131803930086669,0.0,0.0,5740.888888888889,144.5873015873016,0.0,191.85714285714286,0.0,2417.5238095238096,0.0,290.4761904761905,4881.0952380952385,0.0,0.0,0.0,0.0,7932.571428571428
284,0.24603251988373023,0.24317182237634546,0.0654203815762169,0.057475293532086275,0.9551743215029244,0.9548687752417664,33.0,30.0,238.32424242424244,224.30499999999998,60.12567272727271,67.41279999999999,58.04724848484845,57.75913333333331,16.769696969696973,18.74383333333333,9.507936507936508,0.0,121.84126984126983,7083.9047619047615,13898.904761904761,23.56507936507936,70.83904761904763,63.59573333333335,17.70976190476191,15.898933333333336,79.49466666666669,57.91005079365074,0.0,1.0,1.0,1.0,-0.20645939153439133,1.4761904761904763,0.0,0.0,12.024079365079368,0.2698412698412698,1.3968253968253967,0.4504533655349147,0.4076036551211384,0.0,0.0,5804.952380952381,141.93650793650792,0.0,189.015873015873,0.0,2356.5079365079364,0.0,285.23809523809524,4727.396825396825,0.0,0.0,0.0,0.0,8093.952380952381
285,0.24668465055382088,0.24317182237634546,0.06493957926646848,0.05753164297874091,0.955397287852673,0.9550367450539167,31.0,31.0,227.73763440860213,221.0241935483871,65.57347096774193,67.89945806451612,58.52662580645159,59.52549677419352,18.221854838709678,19.199354838709677,10.048387096774194,0.0,129.30645161290323,7484.241935483871,13462.854838709678,25.30467741935484,74.84241935483871,66.73646451612903,18.710604838709678,16.684116129032258,83.4205806451613,59.02606129032254,0.0,1.0,1.0,1.0,-0.22970961021505354,1.5,0.0,0.0,11.00020161290323,0.1935483870967742,1.435483870967742,0.4230010517159264,0.42619517274692215,0.0,0.0,5535.435483870968,150.70967741935485,0.0,199.74193548387098,0.0,2530.467741935484,0.0,301.4516129032258,4953.774193548387,0.0,0.0,0.0,0.0,7927.419354838709
286,0.24668465055382088,0.2432236535194905,0.06460656221017302,0.05886807810633794,0.9555831170848085,0.9553287132182767,32.0,32.0,234.52083333333334,227.38125,60.65814999999999,65.95295,58.298878124999966,58.99372499999998,17.35046875,18.257968750000003,9.5625,0.0,130.0625,7121.6875,13857.0625,24.256562499999994,71.216875,63.30555,17.80421875,15.8263875,79.13193749999996,58.64630156249995,0.0,1.0,1.0,1.0,-0.22179794921874985,1.5,0.0,0.0,13.1449703125,0.234375,1.375,0.44048035206171055,0.4282278848539334,0.0,0.0,6014.734375,143.4375,0.0,189.9375,0.0,2425.65625,0.0,286.875,4696.03125,0.0,0.0,0.0,0.0,7842.328125
287,0.24673006320968777,0.24428729841751273,0.06434018995044624,0.0591944660002902,0.9557770757338165,0.955514237501108,30.0,33.0,219.56611111111113,223.11919191919193,69.03157333333334,67.05507878787878,58.93184333333331,58.9127818181818,19.391083333333334,18.93522727272727,10.047619047619047,0.0,126.95238095238095,7660.920634920635,13285.63492063492,25.945873015873016,76.60920634920635,67.99626666666666,19.152301587301586,16.99906666666666,84.99533333333336,58.92185873015869,0.0,1.0,1.0,1.0,-0.22753872354497345,1.5238095238095237,0.0,0.0,10.077893650793651,0.20634920634920634,1.4603174603174602,0.42149105510546025,0.4449047502360793,0.0,0.0,5702.9682539682535,150.71428571428572,0.0,200.3015873015873,0.0,2594.5873015873017,0.0,301.42857142857144,5066.333333333333,0.0,0.0,0.0,0.0,7582.666666666667
288,0.2467609823748558,0.24428729841751273,0.06470440344992263,0.05862195784517246,0.9559354856130501,0.9556796218691139,32.0,33.0,213.69427083333332,242.60050505050506,69.26185000000001,57.779103030303034,58.87629374999997,58.045887878787845,20.257031250000004,16.22257575757576,9.461538461538462,0.0,126.83076923076923,7283.507692307692,13702.184615384615,25.66076923076924,72.83507692307694,63.43214769230771,18.208769230769235,15.858036923076924,79.2901846153846,58.45470307692303,0.0,1.0,1.0,1.0,-0.2178063141025639,1.5076923076923077,0.0,0.0,13.231324615384613,0.3076923076923077,1.323076923076923,0.4324307702819982,0.43812776178823176,0.0,0.0,5669.369230769231,141.92307692307693,0.0,187.53846153846155,0.0,2566.076923076923,0.0,283.84615384615387,4717.430769230769,0.0,0.0,0.0,0.0,8032.815384615385
289,0.24810804441280204,0.2456189686226665,0.06657984606255535,0.05813155379973109,0.9561181933339921,0.9558467717980981,34.0,29.0,241.15686274509804,215.42988505747127,59.99049411764705,70.86008275862068,57.7543676470588,58.70237241379309,16.37963235294118,19.957155172413792,9.714285714285714,0.0,107.46031746031746,7210.571428571428,13758.857142857143,23.789682539682538,72.10571428571428,64.99395555555556,18.02642857142857,16.248488888888886,81.2424444444444,58.19075079365074,0.0,1.0,1.0,1.0,-0.21230730820105806,1.4603174603174602,0.0,0.0,11.22322380952381,0.2857142857142857,1.3650793650793651,0.42280928136629925,0.36698830670805344,0.0,0.0,6142.063492063492,145.71428571428572,0.0,192.42857142857142,0.0,2378.968253968254,0.0,291.42857142857144,4831.603174603175,0.0,0.0,0.0,0.0,7616.793650793651
290,0.24810804441280204,0.2456189686226665,0.0686936163397978,0.057955689513572904,0.9563119754230103,0.9560029840668136,31.0,32.0,231.83655913978495,212.184375,63.7319741935484,70.01084999999999,58.32520967741932,58.015587499999974,17.68991935483871,20.485625000000002,9.936507936507937,0.0,125.15873015873017,7643.984126984127,13311.269841269841,26.625238095238096,76.43984126984125,66.92124444444445,19.109960317460313,16.73031111111111,83.65155555555555,58.16794126984122,0.0,1.0,1.0,1.0,-0.21183210978835962,1.507936507936508,0.0,0.0,10.356657142857143,0.1746031746031746,1.4761904761904763,0.4282147515042678,0.43809246076780894,0.0,0.0,5831.68253968254,148.33333333333334,0.0,197.31746031746033,0.0,2662.5238095238096,0.0,298.0952380952381,4981.460317460317,0.0,0.0,0.0,0.0,7479.587301587301
291,0.24810804441280204,0.2456189686226665,0.06840628593831449,0.05923327026590178,0.9564821814689098,0.9561831047348313,30.0,34.0,233.28166666666667,231.45588235294116,63.839626666666646,63.613694117647064,57.77489333333331,57.99723823529409,17.441749999999995,17.73125000000001,9.59375,0.0,130.3125,7038.21875,13938.703125,23.0834375,70.38218749999999,63.7196,17.595546874999997,15.929899999999998,79.64950000000005,57.893014062499944,0.0,1.0,1.0,1.0,-0.20610445963541651,1.53125,0.0,0.0,11.768960937500006,0.25,1.390625,0.414876332377367,0.4558531132144881,0.0,0.0,5695.03125,143.90625,0.0,190.359375,0.0,2308.34375,0.0,287.8125,4729.875,0.0,0.0,0.0,0.0,8243.671875
292,0.24810804441280204,0.2475931974024058,0.06883324972170209,0.058901113270784886,0.956665320763271,0.9563748090228605,30.0,34.0,211.30333333333334,241.6627450980392,73.34170666666668,62.40837647058823,59.10003666666664,58.447044117647025,20.53625,16.256838235294115,10.0,0.0,117.828125,7305.125,13645.90625,22.753593749999997,73.05124999999997,67.53337499999999,18.262812499999992,16.883343749999998,84.41671875,58.75313437499996,0.0,1.0,1.0,1.0,-0.22402363281249982,1.53125,0.0,0.0,9.482571875000001,0.25,1.421875,0.40480359849096487,0.4333726494608414,0.0,0.0,5910.734375,150.0,0.0,197.96875,0.0,2275.359375,0.0,300.0,5029.765625,0.0,0.0,0.0,0.0,7735.171875
293,0.24876917513465707,0.2475931974024058,0.06899597176261332,0.0596668038319996,0.956903878178028,0.9565455840686906,34.0,32.0,233.87058823529412,238.959375,64.17764705882352,61.323499999999996,59.13803235294115,57.98967187499997,17.379411764705885,16.601171875,9.530303030303031,0.0,127.83333333333333,6800.833333333333,14180.272727272728,21.472727272727266,68.00833333333335,62.79381818181818,17.00208333333334,15.698454545454542,78.49227272727272,58.581251515151465,0.0,1.0,1.0,1.0,-0.2204427398989897,1.4848484848484849,0.0,0.0,12.789516666666671,0.21212121212121213,1.378787878787879,0.4482988512271102,0.41655399484517797,0.0,0.0,6081.363636363636,142.95454545454547,0.0,189.03030303030303,0.0,2147.2727272727275,0.0,285.90909090909093,4653.560606060606,0.0,0.0,0.0,0.0,8098.909090909091
294,0.24876917513465707,0.24805335721010435,0.06841365296097791,0.058892811880766394,0.9570745696579582,0.9567389730751679,33.0,32.0,245.18838383838383,217.95104166666667,58.36286060606059,70.08014999999999,57.81032121212118,59.109843749999975,15.793333333333335,19.594843749999995,9.646153846153846,0.0,132.95384615384614,7065.9384615384615,13906.753846153846,23.045384615384624,70.65938461538458,64.13137230769232,17.664846153846145,16.032843076923072,80.1642153846154,58.450086153846094,0.0,1.0,1.0,1.0,-0.217710128205128,1.4923076923076923,0.0,0.0,11.98356,0.2923076923076923,1.323076923076923,0.4365793346760186,0.41716766017156465,0.0,0.0,5640.615384615385,144.69230769230768,0.0,192.23076923076923,0.0,2304.5384615384614,0.0,289.38461538461536,4761.4,0.0,0.0,0.0,0.0,8266.138461538461
295,0.24876917513465707,0.24961928163592847,0.06894166208101576,0.0589120544478814,0.9572902742599202,0.9569050008748741,30.0,35.0,223.98333333333332,240.84952380952382,65.93887999999998,61.71808000000001,58.97400999999998,57.99780571428568,18.779833333333332,16.395857142857142,9.507692307692308,0.0,119.21538461538462,6998.461538461538,13983.907692307692,22.647538461538456,69.98461538461537,63.666141538461545,17.49615384615384,15.91653538461538,79.58267692307693,58.44836153846149,0.0,1.0,1.0,1.0,-0.2176741987179485,1.5384615384615385,0.0,0.0,12.278373846153855,0.2153846153846154,1.4153846153846155,0.40531068046486,0.39310806027036355,0.0,0.0,5623.2307692307695,142.6153846153846,0.0,188.7846153846154,0.0,2264.753846153846,0.0,285.2307692307692,4733.707692307692,0.0,0.0,0.0,0.0,8360.676923076922
296,0.24876917513465707,0.2497106936622138,0.06787920603545043,0.058404700902092495,0.9574822671468053,0.9571493666879559,31.0,33.0,214.29946236559138,238.33434343434342,70.03287741935485,61.78327272727273,58.982732258064495,57.599999999999966,20.126209677419357,16.73007575757576,9.984375,0.0,127.828125,7350.03125,13601.546875,24.753281249999997,73.5003125,65.779175,18.375078125,16.444793749999995,82.22396874999997,58.26976093749995,0.0,1.0,1.0,1.0,-0.21395335286458314,1.515625,0.0,0.0,10.8656640625,0.203125,1.46875,0.4281973832187096,0.4417246971048199,0.0,0.0,5456.546875,149.765625,0.0,198.125,0.0,2475.328125,0.0,299.53125,4874.703125,0.0,0.0,0.0,0.0,8145.0
297,0.2502882834035397,0.24977398098453332,0.06804809195470843,0.05740817159590891,0.9576584274131463,0.9573130728097371,34.0,32.0,244.20882352941177,235.41302083333332,59.03124705882353,62.37735000000001,58.52860882352938,58.326671874999974,15.916250000000005,17.155703125000002,9.181818181818182,0.0,125.8030303030303,6606.878787878788,14396.651515151516,21.095606060606062,66.06878787878789,60.65360000000002,16.517196969696972,15.163399999999996,75.81699999999996,58.43069999999995,0.0,1.0,1.0,1.0,-0.2173062499999998,1.4848484848484849,0.0,0.0,14.294296969696969,0.24242424242424243,1.393939393939394,0.42019492591949315,0.4192999136377317,0.0,0.0,6601.424242424242,137.72727272727272,0.0,182.28787878787878,0.0,2109.560606060606,0.0,275.45454545454544,4497.318181818182,0.0,0.0,0.0,0.0,7795.227272727273
298,0.2502882834035397,0.24981734580544224,0.07012050351432046,0.05780187771906025,0.9578074520200162,0.9574946103245543,31.0,31.0,220.3720430107527,215.66075268817204,66.89290322580648,69.78683870967741,58.16471935483868,59.30150645161289,19.311612903225804,19.994193548387102,10.129032258064516,0.0,137.33870967741936,7861.1612903225805,13080.983870967742,27.722903225806455,78.61161290322579,68.33987096774192,19.652903225806448,17.084967741935476,85.42483870967739,58.73311290322575,0.0,1.0,1.0,1.0,-0.22360651881720411,1.5,0.0,0.0,10.046145161290324,0.25806451612903225,1.435483870967742,0.43254945596945515,0.4287762849797713,0.0,0.0,5591.419354838709,151.66129032258064,0.0,201.32258064516128,0.0,2772.2903225806454,0.0,303.8709677419355,5088.870967741936,0.0,0.0,0.0,0.0,7489.564516129032
299,0.25100479371424,0.24984684940929516,0.0702991738759209,0.05767451717751712,0.9579960762918521,0.9577429201608725,32.0,33.0,235.215625,225.0368686868687,63.01785000000001,64.84799999999998,58.104065624999976,58.409660606060584,17.156171874999995,18.673181818181817,9.661538461538461,0.0,130.96923076923076,7170.538461538462,13802.876923076923,24.27138461538462,71.70538461538462,63.947003076923046,17.926346153846154,15.986750769230762,79.93375384615383,58.2592138461538,0.0,1.0,1.0,1.0,-0.21373362179487165,1.5076923076923077,0.0,0.0,12.238556923076924,0.2153846153846154,1.4307692307692308,0.4086504343869861,0.4320263700235467,0.0,0.0,5668.415384615385,144.63076923076923,0.0,191.1076923076923,0.0,2427.1384615384613,0.0,289.84615384615387,4743.4,0.0,0.0,0.0,0.0,8134.461538461538
300,0.25100479371424,0.24985794448449297,0.0709332725974453,0.05814559309276946,0.9581546529765775,0.9579275970512312,32.0,33.0,213.83229166666666,229.04747474747472,78.49920000000002,66.19233939393939,63.411974999999984,59.436654545454516,20.171171874999995,18.073636363636354,10.23076923076923,0.0,133.75384615384615,7642.507692307692,13293.415384615384,25.79369230769231,76.4250769230769,72.25110153846157,19.106269230769225,18.062775384615385,90.31387692307692,61.39373538461535,0.0,1.0,1.0,1.0,-0.2790361538461537,1.5076923076923077,0.0,0.0,8.24890307692308,0.2153846153846154,1.3846153846153846,0.4319030176851589,0.4394305914381465,0.0,0.0,5821.0,153.23076923076923,0.0,202.92307692307693,0.0,2579.369230769231,0.0,306.9230769230769,5063.138461538461,0.0,0.0,0.0,0.0,7472.415384615385
301,0.251363234059175,0.25036465615796627,0.07002976161684837,0.05844170008768499,0.9583271232331123,0.9581662010624968,36.0,33.0,231.13888888888889,231.44646464646465,68.86346666666668,64.58632727272726,60.171830555555545,58.95920909090906,16.32576388888889,17.735000000000003,9.391304347826088,0.0,126.47826086956522,6799.898550724638,13877.159420289856,21.13811594202899,67.99898550724637,66.81787826086958,16.999746376811594,16.704469565217384,83.52234782608693,59.59188115942025,0.0,1.0,1.0,1.0,-0.24149752415458922,1.4782608695652173,0.0,0.0,9.77374927536232,0.3333333333333333,1.3043478260869565,0.42870007519192543,0.4079595758086606,0.0,0.0,5906.246376811594,140.8695652173913,0.0,186.30434782608697,0.0,2113.8115942028985,0.0,281.7391304347826,4686.086956521739,0.0,0.0,0.0,0.0,8283.942028985508
302,0.2535974499725589,0.2518428638494867,0.07129955750225787,0.058260498305156734,0.9584801230465636,0.9583540382149516,34.0,32.0,236.9156862745098,224.075,68.80414117647061,65.86510000000001,60.31530882352939,58.781806249999974,16.945735294117654,18.749140625,9.712121212121213,0.0,119.5,7128.045454545455,13841.39393939394,24.18621212121212,71.28045454545457,67.3791515151515,17.820113636363644,16.844787878787876,84.22393939393938,59.571792424242375,0.0,1.0,1.0,1.0,-0.24107900883838368,1.4848484848484849,0.0,0.0,10.012754545454548,0.30303030303030304,1.4545454545454546,0.38419492288442825,0.40037950150251633,0.0,0.0,5821.590909090909,145.6818181818182,0.0,192.5151515151515,0.0,2418.621212121212,0.0,291.3636363636364,4709.424242424242,0.0,0.0,0.0,0.0,8019.80303030303
303,0.2535974499725589,0.2519104819029564,0.06917443507861921,0.05801489406928986,0.9586284805004527,0.9585191124210277,33.0,33.0,220.13434343434344,240.6060606060606,78.63893333333336,60.24004848484851,62.988766666666656,58.585078787878764,19.290454545454544,16.425151515151516,9.772727272727273,0.0,139.15151515151516,7143.121212121212,13822.212121212122,22.941212121212118,71.43121212121214,69.4394909090909,17.857803030303035,17.35987272727272,86.79936363636364,60.786922727272696,0.0,1.0,1.0,1.0,-0.2663942234848484,1.5,0.0,0.0,9.205234848484846,0.24242424242424243,1.4393939393939394,0.4390073194392128,0.4309460057231424,0.0,0.0,5767.121212121212,146.5909090909091,0.0,193.8939393939394,0.0,2294.121212121212,0.0,293.1818181818182,4849.0,0.0,0.0,0.0,0.0,8055.090909090909
304,0.2559660712146643,0.2519568868533213,0.06828655039692384,0.057759935626063755,0.9588044076238055,0.9586618526545174,35.0,31.0,246.87238095238095,225.07473118279572,66.45302857142856,69.17445161290323,60.72814857142855,59.32540322580643,15.54742857142857,18.556048387096773,9.515151515151516,0.0,127.48484848484848,6784.227272727273,14198.045454545454,20.23469696969697,67.84227272727271,67.73127272727272,16.96056818181818,16.932818181818178,84.66409090909093,60.069283333333296,0.0,1.0,1.0,1.0,-0.2514434027777776,1.4696969696969697,0.0,0.0,9.298578787878787,0.22727272727272727,1.4393939393939394,0.42789707583213615,0.4069494989087058,0.0,0.0,6143.151515151515,142.72727272727272,0.0,188.54545454545453,0.0,2023.469696969697,0.0,285.45454545454544,4760.757575757576,0.0,0.0,0.0,0.0,8054.893939393939
305,0.2559660712146643,0.25199965809966773,0.06898503416804132,0.059160980762669554,0.9589591325079729,0.9588377576796528,32.0,33.0,200.40416666666667,238.61464646464646,82.12260000000003,61.398739393939366,63.06475625000001,57.973896969696945,22.208046875,16.693181818181817,10.046153846153846,0.0,134.09230769230768,7763.276923076923,13188.2,27.598000000000003,77.63276923076923,71.60125538461541,19.408192307692307,17.900313846153843,89.50156923076923,60.48016615384612,0.0,1.0,1.0,1.0,-0.26000346153846143,1.5076923076923077,0.0,0.0,8.287103076923074,0.18461538461538463,1.3846153846153846,0.4351865083648665,0.4404674354764651,0.0,0.0,5388.661538461539,146.96923076923076,0.0,199.16923076923078,0.0,2759.8,0.0,301.38461538461536,5003.476923076923,0.0,0.0,0.0,0.0,7799.538461538462
306,0.2561925559362882,0.2526657184517629,0.06919087904660363,0.059226312149894385,0.9591145759397741,0.9590201121448666,36.0,32.0,250.20138888888889,212.05364583333332,62.87075555555556,72.77935,59.29412499999997,58.94324999999998,15.103958333333331,20.465859374999997,9.470588235294118,0.0,134.0735294117647,7050.882352941177,13934.970588235294,22.837500000000002,70.50882352941177,67.53362352941178,17.627205882352943,16.88340588235294,84.4170294117647,59.12900735294112,0.0,1.0,1.0,1.0,-0.23185431985294097,1.4705882352941178,0.0,0.0,9.222589705882354,0.2647058823529412,1.3676470588235294,0.4525037863638404,0.39834265461284374,0.0,0.0,6048.338235294118,142.05882352941177,0.0,186.97058823529412,0.0,2283.75,0.0,284.11764705882354,4767.132352941177,0.0,0.0,0.0,0.0,7886.632352941177
307,0.2561925559362882,0.2535044320610684,0.07006652457416152,0.05811740301087186,0.9592963164545942,0.9591733418644277,31.0,35.0,224.8709677419355,242.32095238095238,75.86931612903227,61.354240000000004,61.629922580645164,57.865262857142824,18.57266129032258,16.198071428571424,9.666666666666666,0.0,129.92424242424244,6925.363636363636,14047.484848484848,21.416060606060604,69.25363636363636,68.1719272727273,17.31340909090909,17.042981818181815,85.2149090909091,59.6335121212121,0.0,1.0,1.0,1.0,-0.24236483585858576,1.5303030303030303,0.0,0.0,8.774993939393939,0.25757575757575757,1.4393939393939394,0.41379215724454316,0.4487170236464296,0.0,0.0,6473.636363636364,145.0,0.0,191.15151515151516,0.0,2141.6060606060605,0.0,290.0,4783.757575757576,0.0,0.0,0.0,0.0,7573.848484848485
308,0.2561925559362882,0.2535044320610684,0.06951148550769504,0.057599647135955286,0.9594611124433778,0.9593650676086525,33.0,32.0,237.9651515151515,224.1,66.72523636363638,66.25184999999999,60.90815454545452,58.676481249999966,16.83863636363636,18.741484375000002,9.569230769230769,0.0,136.47692307692307,7110.169230769231,13868.353846153846,24.510615384615388,71.1016923076923,66.49218461538464,17.775423076923076,16.62304615384616,83.11523076923076,59.80948461538458,0.0,1.0,1.0,1.0,-0.24603092948717925,1.4923076923076923,0.0,0.0,11.09272307692308,0.18461538461538463,1.4615384615384615,0.43980239422995054,0.42557843718143634,0.0,0.0,6001.338461538461,143.53846153846155,0.0,189.86153846153846,0.0,2451.0615384615385,0.0,287.0769230769231,4659.107692307693,0.0,0.0,0.0,0.0,7867.015384615384
309,0.2561925559362882,0.2535044320610684,0.06812304878509745,0.0573425740304954,0.9596108189532562,0.9595804027532496,31.0,33.0,218.15,246.01262626262627,77.50131612903226,57.627393939393926,62.742919354838705,58.05646060606057,19.548629032258063,15.674469696969698,9.6875,0.0,135.796875,7020.40625,13951.0,23.386718750000004,70.20406249999999,67.253825,17.551015624999998,16.813456249999998,84.06728125,60.326464062499966,0.0,1.0,1.0,1.0,-0.2568013346354165,1.515625,0.0,0.0,10.623654687499998,0.25,1.4375,0.42838851428284164,0.4425781570684054,0.0,0.0,5629.96875,144.703125,0.0,192.265625,0.0,2338.671875,0.0,290.625,4681.734375,0.0,0.0,0.0,0.0,8321.03125
310,0.25634499645339043,0.2535044320610684,0.06854022070251481,0.05759368289919492,0.9597963927353814,0.9597217133810847,34.0,30.0,215.56911764705882,216.33277777777778,77.96348235294118,68.42565333333332,63.257035294117635,58.365513333333304,19.968823529411765,19.91475,10.28125,0.0,139.75,7977.390625,12955.625,28.365937500000005,79.77390624999998,73.492625,19.943476562499995,18.37315625,91.86578125,60.964134374999965,0.0,1.0,1.0,1.0,-0.27008613281249977,1.46875,0.0,0.0,7.4149859375,0.28125,1.453125,0.45697427812071384,0.408883782041886,0.0,0.0,5362.828125,153.109375,0.0,204.4375,0.0,2836.59375,0.0,308.4375,5140.796875,0.0,0.0,0.0,0.0,7592.796875
311,0.2582598701791409,0.2535044320610684,0.06791828642657297,0.058380702623358385,0.9599454075761952,0.9598825243423548,36.0,31.0,258.2449074074074,179.18978494623656,61.04515555555557,81.76289032258066,58.433972222222195,60.34590967741935,13.928333333333333,25.197096774193554,9.985074626865671,0.0,132.53731343283582,7656.895522388059,13300.029850746268,26.597313432835822,76.56895522388058,70.63097313432833,19.142238805970145,17.657743283582075,88.28871641791046,59.31859999999997,0.0,1.0,1.0,1.0,-0.23580416666666648,1.462686567164179,0.0,0.0,7.829865671641787,0.29850746268656714,1.373134328358209,0.40323069563948977,0.40748522621644856,0.0,0.0,5243.940298507463,144.8507462686567,0.0,197.67164179104478,0.0,2659.731343283582,0.0,299.55223880597015,4997.164179104478,0.0,0.0,0.0,0.0,8056.089552238806
312,0.2582598701791409,0.25553051138802674,0.06975292513656248,0.059103493951334324,0.9600903368740364,0.9600187249280364,31.0,38.0,201.41182795698924,255.62324561403508,82.09527741935484,54.5946947368421,62.199406451612894,57.92996578947364,22.03330645161291,14.33782894736842,9.376811594202898,0.0,129.2608695652174,7118.086956521739,13876.04347826087,24.2831884057971,71.18086956521739,66.95002898550725,17.795217391304348,16.737507246376808,83.68753623188407,59.84812028985503,0.0,1.0,1.0,1.0,-0.2468358393719806,1.5507246376811594,0.0,0.0,10.69330869565217,0.2463768115942029,1.3768115942028984,0.40482007140112714,0.4387279833438972,0.0,0.0,6059.855072463768,136.94202898550725,0.0,186.6231884057971,0.0,2428.31884057971,0.0,281.30434782608694,4689.768115942029,0.0,0.0,0.0,0.0,7816.188405797101
313,0.25923140765881003,0.25571649143000597,0.07090814584269432,0.061324760700085336,0.9602561090110657,0.9601650055894634,35.0,32.0,242.77904761904762,222.96041666666667,67.94112000000001,69.4008,60.950399999999966,59.05239687499998,16.08928571428572,18.900312500000002,9.686567164179104,0.0,141.11940298507463,6972.746268656716,13998.805970149253,21.488358208955223,69.72746268656716,68.63828059701491,17.43186567164179,17.15957014925372,85.79785074626868,60.04389104477607,0.0,1.0,1.0,1.0,-0.250914396766169,1.4776119402985075,0.0,0.0,8.837476119402984,0.2537313432835821,1.373134328358209,0.44606334540262665,0.41818669243748874,0.0,0.0,6246.432835820896,145.29850746268656,0.0,191.55223880597015,0.0,2148.8358208955224,0.0,290.5970149253731,4823.910447761194,0.0,0.0,0.0,0.0,7752.373134328358
314,0.2593395032149673,0.2562630556643137,0.07061558040223594,0.06382963484053689,0.9604329965576841,0.9603245206381814,33.0,34.0,235.79949494949494,244.4107843137255,70.23398787878789,58.12042352941177,60.61395757575755,58.285702941176446,17.063560606060605,15.937941176470588,9.119402985074627,0.0,138.26865671641792,6596.940298507463,14410.164179104477,21.13597014925373,65.96940298507461,64.08680597014924,16.492350746268652,16.02170149253731,80.10850746268657,59.43245522388055,0.0,1.0,1.0,1.0,-0.23817615049751223,1.507462686567164,0.0,0.0,11.838000000000001,0.19402985074626866,1.4328358208955223,0.4300145081381043,0.4364815339632739,0.0,0.0,6503.313432835821,136.7910447761194,0.0,181.52238805970148,0.0,2113.597014925373,0.0,273.5820895522388,4483.3432835820895,0.0,0.0,0.0,0.0,7906.850746268657
315,0.2593395032149673,0.2562630556643137,0.07095246833959443,0.063619414996827,0.9606138299952945,0.9604840736156014,33.0,30.0,227.40555555555557,223.26000000000002,72.73018181818183,67.62634666666668,60.704115151515126,59.13663333333331,18.293939393939397,18.86108333333334,10.0,0.0,142.12698412698413,7425.603174603175,13525.888888888889,25.09539682539683,74.25603174603174,70.29978412698414,18.564007936507934,17.574946031746027,87.87473015873012,59.9576952380952,0.0,1.0,1.0,1.0,-0.24911865079365067,1.4761904761904763,0.0,0.0,8.22191904761905,0.20634920634920634,1.3492063492063493,0.45598662496240366,0.41719313155106097,0.0,0.0,5882.587301587301,150.0,0.0,197.5079365079365,0.0,2509.5396825396824,0.0,300.0,4916.063492063492,0.0,0.0,0.0,0.0,7643.3015873015875
316,0.2593395032149673,0.25719482763870066,0.07135543030905754,0.06404151534580904,0.9607600457679912,0.9606349500249665,34.0,32.0,213.78725490196078,223.23020833333334,79.80705882352943,67.79605,65.75322647058823,58.02472499999997,20.186470588235288,18.895468750000006,10.363636363636363,0.0,139.4848484848485,7824.212121212121,13101.939393939394,26.446212121212117,78.24212121212125,73.98353939393942,19.560530303030312,18.49588484848485,92.47942424242426,62.006074242424205,0.0,1.0,1.0,1.0,-0.29179321338383823,1.4848484848484849,0.0,0.0,7.583065151515153,0.21212121212121213,1.393939393939394,0.4402282403877864,0.41670108478072154,0.0,0.0,5277.833333333333,155.45454545454547,0.0,206.4848484848485,0.0,2644.621212121212,0.0,310.90909090909093,5179.590909090909,0.0,0.0,0.0,0.0,7824.106060606061
317,0.26079435947097185,0.2572785867133823,0.07236360222802214,0.06285725475301587,0.9609212613938888,0.9607711044896399,38.0,33.0,249.1706140350877,240.6979797979798,63.479915789473715,61.59762424242424,59.23673947368417,58.08612121212118,15.22388157894737,16.395833333333332,8.915492957746478,0.0,139.0,6307.43661971831,14713.957746478873,19.30690140845071,63.074366197183096,62.60504788732395,15.768591549295774,15.651261971830978,78.25630985915487,58.7019450704225,0.0,1.0,1.0,1.0,-0.2229571889671359,1.4647887323943662,0.0,0.0,11.865488732394368,0.19718309859154928,1.4507042253521127,0.447692129026322,0.4039308998790458,0.0,0.0,6414.56338028169,133.73239436619718,0.0,176.40845070422534,0.0,1930.6901408450703,0.0,267.46478873239437,4376.7464788732395,0.0,0.0,0.0,0.0,8299.394366197183
318,0.26079435947097185,0.2573174293191707,0.07156578831681802,0.06414500968606068,0.9610498330016043,0.9609476587575816,34.0,32.0,228.83284313725488,227.66145833333334,73.49684705882352,65.7188,62.14761470588234,59.14271562499998,18.07772058823529,18.292109374999992,9.712121212121213,0.0,149.6060606060606,7272.666666666667,13695.89393939394,23.776818181818186,72.72666666666669,69.72567272727271,18.181666666666672,17.431418181818174,87.1570909090909,60.690693939393896,0.0,1.0,1.0,1.0,-0.2643894570707069,1.4848484848484849,0.0,0.0,9.146687878787876,0.19696969696969696,1.4242424242424243,0.4475834666508937,0.41797075147677715,0.0,0.0,5335.0,145.6818181818182,0.0,193.3939393939394,0.0,2377.681818181818,0.0,291.3636363636364,4894.984848484848,0.0,0.0,0.0,0.0,8360.89393939394
319,0.26079435947097185,0.25734381429741615,0.07051962897327725,0.0656756298694135,0.9611804945210304,0.961100178160141,34.0,32.0,228.5107843137255,232.078125,73.31124705882353,64.40804999999999,60.75876176470586,58.221690624999965,18.15764705882353,17.603828125,9.696969696969697,0.0,147.87878787878788,7155.651515151515,13814.424242424242,23.245,71.55651515151519,68.99454545454547,17.889128787878796,17.248636363636365,86.24318181818184,59.52866666666663,0.0,1.0,1.0,1.0,-0.24018055555555537,1.4848484848484849,0.0,0.0,8.423250000000001,0.21212121212121213,1.378787878787879,0.4488362410067612,0.4265532415069345,0.0,0.0,5919.651515151515,145.22727272727272,0.0,192.78787878787878,0.0,2324.5,0.0,290.90909090909093,4831.151515151515,0.0,0.0,0.0,0.0,7894.772727272727
320,0.26079435947097185,0.25734834386375494,0.06986749716498586,0.0655152083816944,0.9613082787332189,0.9612417641860956,34.0,32.0,225.8529411764706,231.05677083333333,74.01694117647061,64.06505,62.1151088235294,58.00576249999998,18.505808823529414,17.75375,9.878787878787879,0.0,146.3030303030303,7256.469696969697,13702.560606060606,24.27863636363636,72.56469696969697,69.19178181818182,18.141174242424242,17.297945454545456,86.48972727272725,60.12269848484846,0.0,1.0,1.0,1.0,-0.2525562184343434,1.4848484848484849,0.0,0.0,9.072090909090909,0.2878787878787879,1.3484848484848484,0.45037232326491533,0.42552002163882385,0.0,0.0,6169.181818181818,148.1818181818182,0.0,195.42424242424244,0.0,2427.8636363636365,0.0,296.3636363636364,4828.606060606061,0.0,0.0,0.0,0.0,7533.378787878788
321,0.2631355186721395,0.25734834386375494,0.07116310892805505,0.06458162224976574,0.961472914017382,0.9613978646334193,35.0,32.0,246.77,217.6078125,65.49229714285715,68.48204999999999,59.97324571428569,58.80667499999998,15.506,19.746562500000007,9.492537313432836,0.0,141.6865671641791,7012.537313432836,13970.507462686568,23.090895522388063,70.12537313432834,66.92023880597017,17.531343283582085,16.730059701492536,83.65029850746268,59.41607761194025,0.0,1.0,1.0,1.0,-0.23783495024875606,1.4776119402985075,0.0,0.0,10.027182089552237,0.2835820895522388,1.3582089552238805,0.43280165562700457,0.41784367603098127,0.0,0.0,5993.9701492537315,142.38805970149255,0.0,188.7910447761194,0.0,2309.089552238806,0.0,284.7761194029851,4703.44776119403,0.0,0.0,0.0,0.0,7976.537313432836
322,0.2631355186721395,0.25734834386375494,0.06951493044243832,0.06327444213143661,0.9616275648640858,0.9615493634208809,33.0,33.0,233.58282828282827,228.3358585858586,73.58332121212122,66.42991515151515,63.87663636363634,58.13051515151513,17.376590909090908,18.159469696969698,9.772727272727273,0.0,147.5909090909091,7107.212121212121,13857.560606060606,21.83530303030303,71.0721212121212,70.0066181818182,17.7680303030303,17.501654545454546,87.50827272727271,61.0035757575757,0.0,1.0,1.0,1.0,-0.2709078282828281,1.5,0.0,0.0,8.764987878787878,0.21212121212121213,1.393939393939394,0.4408588185116825,0.4339306330198236,0.0,0.0,5691.090909090909,146.5909090909091,0.0,194.45454545454547,0.0,2183.530303030303,0.0,293.1818181818182,4923.681818181818,0.0,0.0,0.0,0.0,8166.469696969697
323,0.2631355186721395,0.25734834386375494,0.06959602152125303,0.06505275698152378,0.961780838537219,0.9617257477061782,33.0,33.0,237.76262626262627,215.68535353535353,69.49372121212122,68.60576969696969,61.34260303030301,59.068090909090884,16.80787878787879,19.974469696969695,9.878787878787879,0.0,150.65151515151516,7356.469696969697,13603.439393939394,25.080909090909092,73.56469696969698,69.04974545454546,18.391174242424245,17.262436363636358,86.31218181818181,60.20534696969693,0.0,1.0,1.0,1.0,-0.2542780618686867,1.5,0.0,0.0,9.546775757575755,0.22727272727272727,1.4242424242424243,0.44284815239697883,0.4374163261556763,0.0,0.0,5503.469696969697,146.86363636363637,0.0,195.86363636363637,0.0,2508.090909090909,0.0,296.3636363636364,4848.378787878788,0.0,0.0,0.0,0.0,8099.969696969697
324,0.2631355186721395,0.25734834386375494,0.07065829447601883,0.06563440886560963,0.9619131981306608,0.9618993462312819,32.0,35.0,197.05,242.80809523809523,81.47019999999998,58.497279999999996,62.47420624999999,57.857937142857104,22.678046875,16.14407142857143,9.880597014925373,0.0,150.28358208955223,7705.910447761194,13257.208955223881,28.597611940298503,77.05910447761194,69.46942089552238,19.264776119402985,17.367355223880594,86.83677611940296,60.062722388059655,0.0,1.0,1.0,1.0,-0.25130671641791025,1.5223880597014925,0.0,0.0,9.858077611940297,0.16417910447761194,1.462686567164179,0.42245680738685193,0.453335458558595,0.0,0.0,5118.313432835821,142.56716417910448,0.0,196.8955223880597,0.0,2859.7611940298507,0.0,296.4179104477612,4846.149253731343,0.0,0.0,0.0,0.0,8138.895522388059
325,0.26314977568359876,0.25734834386375494,0.0694285703600546,0.06551474464542237,0.9620476059427644,0.9620512641667248,36.0,32.0,230.24814814814815,227.46979166666668,73.78453333333334,64.89385,62.844249999999974,59.133787499999976,17.90458333333333,18.301640624999997,9.661764705882353,0.0,149.91176470588235,7236.573529411765,13736.441176470587,23.607647058823527,72.36573529411766,69.60068235294118,18.091433823529414,17.400170588235287,87.00085294117648,61.09814999999997,0.0,1.0,1.0,1.0,-0.2728781249999998,1.4705882352941178,0.0,0.0,9.588901470588233,0.22058823529411764,1.3676470588235294,0.45575250822303043,0.41328256702474253,0.0,0.0,5943.411764705882,144.9264705882353,0.0,191.2058823529412,0.0,2360.764705882353,0.0,289.8529411764706,4875.808823529412,0.0,0.0,0.0,0.0,7793.029411764706
326,0.2638175052235718,0.25734834386375494,0.07065058906161194,0.06523763166722743,0.9621749202729233,0.9622014058856503,36.0,32.0,248.61620370370372,229.2734375,64.83644444444445,65.47555000000003,59.50770277777776,58.44968124999997,15.278680555555557,17.98328125,9.367647058823529,0.0,148.11764705882354,6620.573529411765,14370.823529411764,20.663382352941174,66.20573529411767,65.1372,16.55143382352942,16.2843,81.42149999999998,59.0098102941176,0.0,1.0,1.0,1.0,-0.22937104779411752,1.4705882352941178,0.0,0.0,10.424044117647059,0.25,1.411764705882353,0.4560836468333176,0.41209026834537704,0.0,0.0,6327.367647058823,140.51470588235293,0.0,186.05882352941177,0.0,2066.3382352941176,0.0,281.02941176470586,4554.235294117647,0.0,0.0,0.0,0.0,8043.455882352941
327,0.2638175052235718,0.25734834386375494,0.0693014667183472,0.06551185417814594,0.9623227359931265,0.9623607853500211,33.0,33.0,225.61767676767676,240.36464646464646,75.04407272727273,60.83364848484847,61.672890909090896,58.96788787878785,18.487045454545456,16.484924242424245,9.651515151515152,0.0,152.84848484848484,6994.393939393939,13979.469696969696,22.47954545454545,69.94393939393939,67.93886060606062,17.485984848484847,16.984715151515147,84.92357575757578,60.320389393939344,0.0,1.0,1.0,1.0,-0.25667477904040387,1.5,0.0,0.0,9.867513636363636,0.21212121212121213,1.4393939393939394,0.4361944892170312,0.43429926070457575,0.0,0.0,6293.30303030303,144.77272727272728,0.0,190.8181818181818,0.0,2247.9545454545455,0.0,289.54545454545456,4746.439393939394,0.0,0.0,0.0,0.0,7686.166666666667
328,0.2645700664481142,0.25734834386375494,0.07055729532535363,0.06643005214559841,0.9624623665191079,0.9625137605301858,35.0,31.0,238.44190476190477,228.21559139784947,70.22646857142858,66.3856516129032,60.26734857142857,58.70622258064513,16.72714285714286,18.069919354838714,9.833333333333334,0.0,147.86363636363637,6943.136363636364,14018.318181818182,21.714090909090917,69.43136363636361,68.42244848484847,17.357840909090903,17.10561212121212,85.52806060606059,59.534092424242374,0.0,1.0,1.0,1.0,-0.24029359217171709,1.4696969696969697,0.0,0.0,8.469484848484846,0.22727272727272727,1.4090909090909092,0.43690667499507196,0.41271538126998514,0.0,0.0,6088.106060606061,147.5,0.0,195.04545454545453,0.0,2171.409090909091,0.0,295.0,4771.727272727273,0.0,0.0,0.0,0.0,7930.212121212121
329,0.2645700664481142,0.25734834386375494,0.06971644589056117,0.06624071358088382,0.962585938146979,0.9626663743781562,34.0,33.0,234.65098039215687,226.15,70.72112941176472,67.256,61.32389117647058,58.65899393939391,17.242132352941177,18.450984848484847,9.835820895522389,0.0,154.2537313432836,7135.014925373134,13827.835820895523,22.959402985074625,71.35014925373135,69.01442388059704,17.837537313432836,17.253605970149255,86.26802985074629,60.01132985074622,0.0,1.0,1.0,1.0,-0.25023603855721377,1.492537313432836,0.0,0.0,8.834443283582088,0.208955223880597,1.4179104477611941,0.44597006063957123,0.4252256647110952,0.0,0.0,6213.820895522388,147.53731343283582,0.0,193.53731343283582,0.0,2295.9402985074626,0.0,295.07462686567163,4839.074626865671,0.0,0.0,0.0,0.0,7614.014925373134
330,0.2645700664481142,0.25734834386375494,0.07018225064326927,0.06909956179913192,0.9626983966083,0.9627771852830318,34.0,34.0,244.68235294117645,228.14166666666668,67.57590588235294,66.26809411764705,60.66752058823528,59.312732352941154,15.803014705882353,18.13830882352941,9.647058823529411,0.0,151.5441176470588,6788.264705882353,14184.720588235294,20.9735294117647,67.88264705882351,66.922,16.970661764705877,16.730499999999996,83.65250000000003,59.990126470588194,0.0,1.0,1.0,1.0,-0.2497943014705881,1.5,0.0,0.0,10.038788235294115,0.20588235294117646,1.3823529411764706,0.43854291153993197,0.4345359523101743,0.0,0.0,5988.058823529412,144.7058823529412,0.0,191.89705882352942,0.0,2097.3529411764707,0.0,289.4117647058824,4690.911764705882,0.0,0.0,0.0,0.0,8196.661764705883
331,0.2645700664481142,0.25764913375793336,0.06903882444319238,0.07093055264885656,0.9628408549645674,0.9628922974546039,32.0,35.0,225.31197916666667,240.9657142857143,73.9402,61.97248000000001,63.08812499999999,58.00951999999996,18.602343749999996,16.3165,9.64179104477612,0.0,153.86567164179104,6963.298507462687,14009.358208955224,22.192388059701504,69.63298507462683,67.68840597014926,17.408246268656708,16.92210149253731,84.61050746268656,60.43512238805966,0.0,1.0,1.0,1.0,-0.2590650497512437,1.5223880597014925,0.0,0.0,10.154962686567163,0.16417910447761194,1.4477611940298507,0.42142815533204775,0.44842745243581567,0.0,0.0,6073.776119402985,144.62686567164178,0.0,192.46268656716418,0.0,2219.2388059701493,0.0,289.25373134328356,4744.059701492537,0.0,0.0,0.0,0.0,7935.582089552238
332,0.2645700664481142,0.25764913375793336,0.06838620539853768,0.07171235726020408,0.962967494790837,0.9630230965113562,32.0,34.0,220.23177083333334,238.9921568627451,78.83859999999999,60.1387294117647,62.72618124999998,58.48367352941174,19.2471875,16.669191176470594,9.833333333333334,0.0,150.36363636363637,7167.651515151515,13793.772727272728,23.34348484848485,71.67651515151515,69.20533333333334,17.919128787878787,17.30133333333333,86.50666666666667,60.54064696969692,0.0,1.0,1.0,1.0,-0.2612634785353534,1.5151515151515151,0.0,0.0,9.254442424242423,0.19696969696969696,1.393939393939394,0.4262632125697648,0.44541216069942247,0.0,0.0,5874.666666666667,147.5,0.0,195.07575757575756,0.0,2334.348484848485,0.0,295.0,4833.30303030303,0.0,0.0,0.0,0.0,7919.106060606061
333,0.2645700664481142,0.25764913375793336,0.06793374568353164,0.07184112307420404,0.9631051286022152,0.963152403374485,35.0,32.0,220.90952380952382,229.19270833333334,77.78102857142859,66.88080000000001,62.626879999999986,58.81938437499998,19.215857142857146,18.003125000000004,10.08955223880597,0.0,153.59701492537314,7454.6567164179105,13491.940298507463,23.7058208955224,74.54656716417908,72.57494925373133,18.63664179104477,18.14373731343283,90.71868656716417,60.80837462686563,0.0,1.0,1.0,1.0,-0.26684113805970133,1.4776119402985075,0.0,0.0,6.870067164179106,0.22388059701492538,1.373134328358209,0.45457375219802676,0.4129137324452331,0.0,0.0,5925.358208955224,151.34328358208955,0.0,198.37313432835822,0.0,2370.582089552239,0.0,302.6865671641791,5084.074626865671,0.0,0.0,0.0,0.0,7566.582089552238
334,0.26652087198143454,0.25764913375793336,0.0667261704436787,0.07134140889964057,0.9632299773986821,0.9632666505208936,37.0,33.0,252.7216216216216,231.5641414141414,63.033254054054055,65.30109090909093,59.466202702702674,59.35206969696967,14.70081081081081,17.66075757575758,9.185714285714285,0.0,155.31428571428572,6438.4857142857145,14564.842857142858,19.488714285714284,64.38485714285713,64.10237714285715,16.096214285714282,16.025594285714288,80.12797142857146,59.4123971428571,0.0,1.0,1.0,1.0,-0.23775827380952355,1.4714285714285715,0.0,0.0,11.406234285714282,0.22857142857142856,1.3714285714285714,0.44719496681292925,0.41287344593945635,0.0,0.0,6587.9,137.78571428571428,0.0,182.31428571428572,0.0,1948.8714285714286,0.0,275.57142857142856,4489.614285714286,0.0,0.0,0.0,0.0,7976.942857142857
335,0.2667345258525225,0.25831502408824236,0.06728212591770094,0.07043490037906773,0.9633682827248242,0.9633888973918819,33.0,34.0,227.2611111111111,232.20245098039217,75.91699393939393,64.41482352941176,63.69822424242423,58.905323529411746,18.263333333333335,17.575294117647065,9.985074626865671,0.0,147.2537313432836,7165.671641791045,13786.119402985074,22.61850746268657,71.65671641791047,70.08007164179108,17.91417910447762,17.52001791044776,87.6000895522388,61.26600597014923,0.0,1.0,1.0,1.0,-0.27637512437810935,1.507462686567164,0.0,0.0,9.100113432835823,0.22388059701492538,1.373134328358209,0.4323447638276265,0.43492661927859727,0.0,0.0,5828.79104477612,149.77611940298507,0.0,197.88059701492537,0.0,2261.8507462686566,0.0,299.55223880597015,4903.820895522388,0.0,0.0,0.0,0.0,7957.328358208955
336,0.26680520708573524,0.2598634160372287,0.06840733588006274,0.07015754756948034,0.9635101024253767,0.9635171094458471,34.0,34.0,236.55049019607844,219.58382352941177,72.95962352941179,67.22931764705882,62.14649999999998,58.26541470588232,16.943823529411763,19.407720588235286,9.941176470588236,0.0,152.1764705882353,7270.308823529412,13684.029411764706,23.524705882352947,72.7030882352941,70.09447058823528,18.175772058823526,17.523617647058813,87.61808823529408,60.205957352941134,0.0,1.0,1.0,1.0,-0.2542907781862743,1.5,0.0,0.0,8.287258823529411,0.29411764705882354,1.2941176470588236,0.4415046988680307,0.4236744430353212,0.0,0.0,5809.89705882353,149.11764705882354,0.0,197.30882352941177,0.0,2352.470588235294,0.0,298.2352941176471,4917.838235294118,0.0,0.0,0.0,0.0,7874.132352941177
337,0.26680520708573524,0.26159522905697263,0.06860100471707402,0.07084661115616724,0.963623203883198,0.963629117148779,34.0,36.0,244.9127450980392,229.53472222222223,68.1780705882353,64.93075555555555,59.97081176470587,59.25701944444441,15.755661764705886,18.033472222222223,9.371428571428572,0.0,146.4857142857143,6770.842857142857,14220.242857142857,20.829285714285714,67.70842857142854,66.50802285714288,16.927107142857135,16.627005714285715,83.13502857142856,59.60371857142853,0.0,1.0,1.0,1.0,-0.24174413690476182,1.5142857142857142,0.0,0.0,10.022802857142857,0.2714285714285714,1.3571428571428572,0.4313315425975362,0.39105695907953936,0.0,0.0,6161.057142857143,140.57142857142858,0.0,186.2,0.0,2082.9285714285716,0.0,281.14285714285717,4687.914285714286,0.0,0.0,0.0,0.0,8059.185714285714
338,0.266871430551053,0.26192920323060936,0.06889744029172656,0.07086172595991701,0.9637514978865387,0.9637418003258148,33.0,35.0,210.9570707070707,234.95333333333335,81.72586666666669,62.71232,64.43928787878788,58.08259142857139,20.62916666666667,17.226428571428574,10.014705882352942,0.0,154.75,7551.10294117647,13398.485294117647,25.075294117647065,75.51102941176472,71.93948235294121,18.87775735294118,17.984870588235292,89.92435294117647,61.16745882352939,0.0,1.0,1.0,1.0,-0.27432205882352934,1.5147058823529411,0.0,0.0,8.105733823529413,0.19117647058823528,1.4558823529411764,0.43065564755051855,0.4457487214079922,0.0,0.0,5909.264705882353,150.22058823529412,0.0,198.75,0.0,2507.529411764706,0.0,300.44117647058823,5043.573529411765,0.0,0.0,0.0,0.0,7489.220588235294
339,0.266871430551053,0.26199496398628846,0.06960445323770052,0.06884128033184066,0.9638647688037973,0.9638654224053728,36.0,34.0,241.73981481481482,243.59656862745098,68.29297777777779,60.0484705882353,59.574436111111105,58.33700588235291,16.249097222222225,15.949558823529411,9.242857142857142,0.0,157.77142857142857,6441.442857142857,14558.5,19.58742857142857,64.41442857142859,64.28850285714286,16.103607142857147,16.072125714285715,80.36062857142859,58.973398571428525,0.0,1.0,1.0,1.0,-0.2286124702380951,1.4857142857142858,0.0,0.0,10.788502857142854,0.21428571428571427,1.3857142857142857,0.43919524544587574,0.42648171329429807,0.0,0.0,6353.885714285714,138.64285714285714,0.0,183.12857142857143,0.0,1958.7428571428572,0.0,277.2857142857143,4482.7,0.0,0.0,0.0,0.0,8204.614285714286
340,0.266871430551053,0.26204006392928114,0.06910708627838862,0.0673016924815797,0.9639976545234048,0.9639890452845046,34.0,33.0,234.87450980392157,213.34141414141413,71.06597647058823,69.9151515151515,59.79323235294116,58.44927878787877,17.223455882352944,20.27871212121212,10.059701492537313,0.0,156.40298507462686,7491.313432835821,13456.119402985074,25.447611940298493,74.91313432835821,70.49915223880598,18.728283582089553,17.624788059701487,88.12394029850745,59.13128507462682,0.0,1.0,1.0,1.0,-0.2319017723880595,1.492537313432836,0.0,0.0,7.360416417910447,0.23880597014925373,1.4179104477611941,0.43782039529081024,0.429415671394203,0.0,0.0,5810.776119402985,150.8507462686567,0.0,198.92537313432837,0.0,2544.7611940298507,0.0,301.7910447761194,4946.55223880597,0.0,0.0,0.0,0.0,7645.3432835820895
341,0.266871430551053,0.26207943065967265,0.07126064391165925,0.0659154659364746,0.9641538922692537,0.9641194398200115,33.0,36.0,232.67070707070707,239.70694444444445,70.17076363636365,61.69706666666665,60.40873939393937,58.67214722222219,17.52636363636364,16.54493055555556,9.44927536231884,0.0,163.2608695652174,6805.724637681159,14180.507246376812,21.96724637681159,68.05724637681159,65.74970434782608,17.014311594202898,16.437426086956513,82.18713043478263,59.50269130434777,0.0,1.0,1.0,1.0,-0.2396394021739129,1.5217391304347827,0.0,0.0,10.767298550724638,0.2318840579710145,1.3768115942028984,0.42650154077961683,0.4512197813932061,0.0,0.0,5839.521739130435,141.7391304347826,0.0,187.55072463768116,0.0,2196.7246376811595,0.0,283.4782608695652,4609.0,0.0,0.0,0.0,0.0,8340.985507246376
342,0.266871430551053,0.2625839107983962,0.0700288364426113,0.06729977459976313,0.964286272467291,0.9642612584754373,33.0,34.0,227.98282828282828,235.146568627451,74.57532121212125,63.5369411764706,62.04837575757575,58.72833823529408,18.186666666666667,17.16345588235294,9.791044776119403,0.0,161.23880597014926,7066.9701492537315,13897.089552238805,22.362686567164175,70.66970149253731,68.97375522388059,17.66742537313433,17.243438805970143,86.21719402985073,60.36358059701488,0.0,1.0,1.0,1.0,-0.25757459577114417,1.507462686567164,0.0,0.0,9.057250746268654,0.31343283582089554,1.4179104477611941,0.43213683921907925,0.4216770576976,0.0,0.0,5755.373134328358,146.86567164179104,0.0,194.34328358208955,0.0,2236.268656716418,0.0,293.7313432835821,4830.701492537313,0.0,0.0,0.0,0.0,8141.7164179104475
343,0.2683948185851315,0.2625888737627853,0.0695096063553037,0.06761525593741746,0.9644197701851891,0.9643834590607274,34.0,34.0,236.97303921568627,233.86176470588234,71.15143529411765,62.64258823529411,61.773532352941146,58.16118235294115,16.871617647058823,17.395808823529414,9.573529411764707,0.0,155.0,6853.485294117647,14125.04411764706,21.739117647058805,68.53485294117647,66.89701176470587,17.133713235294117,16.724252941176466,83.6212647058824,59.96735735294114,0.0,1.0,1.0,1.0,-0.24931994485294098,1.5,0.0,0.0,10.20405882352941,0.19117647058823528,1.411764705882353,0.434501275018635,0.43470954372338166,0.0,0.0,6316.39705882353,143.60294117647058,0.0,189.66176470588235,0.0,2173.9117647058824,0.0,287.20588235294116,4679.573529411765,0.0,0.0,0.0,0.0,7808.64705882353
344,0.2683948185851315,0.2625888737627853,0.07070378037714618,0.06784844873434126,0.9645575044441004,0.9644965823996362,34.0,33.0,220.39509803921567,234.23737373737373,78.32225882352942,65.3126303030303,63.35823529411764,59.364090909090876,19.263455882352936,17.2975,9.985074626865671,0.0,163.0597014925373,7318.059701492537,13632.776119402984,22.737313432835816,73.1805970149254,71.91453134328356,18.29514925373135,17.978632835820886,89.89316417910447,61.39097014925371,0.0,1.0,1.0,1.0,-0.27897854477611933,1.492537313432836,0.0,0.0,7.771588059701491,0.23880597014925373,1.4029850746268657,0.4463254935672539,0.43174060819937266,0.0,0.0,5807.686567164179,149.77611940298507,0.0,198.83582089552237,0.0,2273.731343283582,0.0,299.55223880597015,5044.328358208955,0.0,0.0,0.0,0.0,7825.089552238806
345,0.2683948185851315,0.2625888737627853,0.07002611750325673,0.06779443651485487,0.9646727442589702,0.964617273376753,36.0,33.0,253.13287037037037,223.9338383838384,61.6632888888889,68.93973333333335,60.40436666666666,59.50499090909091,14.685486111111114,18.696590909090908,9.36231884057971,0.0,160.91304347826087,6641.536231884058,14350.08695652174,20.664782608695646,66.41536231884058,65.14332753623191,16.603840579710145,16.285831884057977,81.42915942028985,59.97423043478258,0.0,1.0,1.0,1.0,-0.24946313405797094,1.4782608695652173,0.0,0.0,11.434743478260872,0.30434782608695654,1.3478260869565217,0.4570551059870707,0.42102716024811637,0.0,0.0,6298.04347826087,140.43478260869566,0.0,186.07246376811594,0.0,2066.478260869565,0.0,280.8695652173913,4575.057971014493,0.0,0.0,0.0,0.0,8052.04347826087
346,0.2683948185851315,0.263149595227522,0.07063106729625976,0.06826358384248539,0.9648002352159513,0.9647382699768208,31.0,36.0,225.14838709677417,227.96944444444443,75.9607741935484,63.959777777777795,63.47279032258062,58.342602777777756,18.547096774193548,18.274166666666662,9.850746268656716,0.0,144.47761194029852,7360.179104477612,13599.850746268658,24.711492537313426,73.60179104477614,69.51247761194031,18.400447761194034,17.378119402985075,86.89059701492538,60.716271641791,0.0,1.0,1.0,1.0,-0.2649223258706466,1.537313432835821,0.0,0.0,9.604241791044775,0.2537313432835821,1.4477611940298507,0.4076071216215624,0.4299447502191857,0.0,0.0,5500.313432835821,147.76119402985074,0.0,195.6865671641791,0.0,2471.1492537313434,0.0,295.5223880597015,4889.0298507462685,0.0,0.0,0.0,0.0,8099.537313432836
347,0.2683948185851315,0.263149595227522,0.07212867863627449,0.06854122294841483,0.9649205283116378,0.9648718515935226,33.0,35.0,237.38434343434344,210.01190476190476,68.12237575757577,72.59904,61.47785151515148,60.19295428571427,16.918257575757572,20.749142857142854,9.955882352941176,0.0,163.72058823529412,7556.014705882353,13397.735294117647,25.773382352941184,75.56014705882356,70.4265411764706,18.89003676470589,17.60663529411764,88.03317647058826,60.81650735294112,0.0,1.0,1.0,1.0,-0.2670105698529411,1.5147058823529411,0.0,0.0,9.280002941176473,0.20588235294117646,1.4264705882352942,0.4263856171161508,0.44742933880945546,0.0,0.0,5614.455882352941,149.33823529411765,0.0,197.23529411764707,0.0,2577.3382352941176,0.0,298.6764705882353,4978.676470588235,0.0,0.0,0.0,0.0,7783.279411764706
348,0.2683948185851315,0.2636313459507379,0.07265786227885097,0.06971953140602455,0.9650356501610531,0.9649995528029401,31.0,39.0,220.2752688172043,247.3196581196581,76.32330322580646,59.3726358974359,62.13950322580642,57.790233333333305,19.289758064516136,15.431987179487178,9.6,0.0,155.0,6856.171428571429,14120.57142857143,21.650714285714287,68.56171428571429,66.87936000000002,17.140428571428572,16.71984,83.59919999999997,59.71633857142854,0.0,1.0,1.0,1.0,-0.2440903869047617,1.5571428571428572,0.0,0.0,9.977407142857144,0.21428571428571427,1.457142857142857,0.4051165256033035,0.4488662992264613,0.0,0.0,6087.214285714285,144.0,0.0,190.25714285714287,0.0,2165.0714285714284,0.0,288.0,4691.1,0.0,0.0,0.0,0.0,8033.357142857143
349,0.2683948185851315,0.2636313459507379,0.07191604153076125,0.06966619181768458,0.9651622348595598,0.965105874248207,33.0,36.0,229.9080808080808,247.72546296296295,72.79360000000003,57.08982222222224,60.7159727272727,57.95526388888886,17.90787878787879,15.439166666666669,9.231884057971014,0.0,169.17391304347825,6647.942028985507,14352.246376811594,21.327391304347827,66.47942028985503,64.60032463768117,16.619855072463757,16.15008115942029,80.7504057971015,59.27560289855067,0.0,1.0,1.0,1.0,-0.23490839371980654,1.5217391304347827,0.0,0.0,11.295133333333334,0.2028985507246377,1.463768115942029,0.4232213735756478,0.4480864414689284,0.0,0.0,6525.608695652174,138.47826086956522,0.0,183.3768115942029,0.0,2132.7391304347825,0.0,276.95652173913044,4515.202898550725,0.0,0.0,0.0,0.0,7826.63768115942
350,0.2683948185851315,0.2636313459507379,0.07123633962880414,0.07071403715822623,0.9652767088350487,0.9652194182988256,34.0,32.0,218.46470588235294,237.2296875,77.57308235294119,71.80360000000002,61.55348235294117,60.576653124999986,19.556029411764705,16.813437500000003,10.106060606060606,0.0,163.72727272727272,7290.515151515152,13653.772727272728,23.32939393939394,72.90515151515154,74.77575757575762,18.226287878787886,18.693939393939402,93.46969696969695,61.079868181818135,0.0,1.0,1.0,1.0,-0.2724972537878786,1.4848484848484849,0.0,0.0,4.530398484848482,0.15151515151515152,1.4848484848484849,0.45326900304584017,0.42732080201616907,0.0,0.0,6045.984848484848,151.5909090909091,0.0,199.93939393939394,0.0,2332.939393939394,0.0,303.1818181818182,4957.575757575758,0.0,0.0,0.0,0.0,7607.787878787879
351,0.2688452388823031,0.2636313459507379,0.07288154805992218,0.06922366480106637,0.9654057354813549,0.9653324304657203,36.0,33.0,231.33101851851853,225.9090909090909,73.46648888888889,74.62904242424243,61.45161944444443,64.22504545454544,17.701319444444444,18.489242424242423,9.927536231884059,0.0,166.9855072463768,7231.260869565217,13724.27536231884,23.169130434782613,72.31260869565219,74.02249275362317,18.078152173913047,18.505623188405792,92.52811594202899,62.778040579710144,0.0,1.0,1.0,1.0,-0.307875845410628,1.4782608695652173,0.0,0.0,6.833699999999997,0.15942028985507245,1.434782608695652,0.45305692196736835,0.4218081807057953,0.0,0.0,6119.666666666667,148.91304347826087,0.0,196.7246376811594,0.0,2316.913043478261,0.0,297.82608695652175,4914.347826086957,0.0,0.0,0.0,0.0,7604.608695652174
352,0.26901234872367036,0.2636313459507379,0.07345260636668315,0.06896029466974878,0.9655324756746024,0.96545799812957,36.0,34.0,247.94907407407408,232.75049019607843,65.95928888888889,68.9492705882353,60.3172611111111,60.89392647058821,15.38576388888889,17.562058823529416,9.057142857142857,0.0,163.22857142857143,6577.128571428571,14434.014285714286,21.031000000000002,65.77128571428571,67.41156571428571,16.442821428571428,16.85289142857143,84.26445714285714,60.59735571428569,0.0,1.0,1.0,1.0,-0.26244491071428566,1.4857142857142858,0.0,0.0,9.628611428571421,0.2571428571428571,1.3428571428571427,0.45097412671733317,0.4238101671847834,0.0,0.0,6334.814285714286,135.85714285714286,0.0,180.28571428571428,0.0,2103.1,0.0,271.7142857142857,4474.028571428571,0.0,0.0,0.0,0.0,8099.2
353,0.2691971405100141,0.2636313459507379,0.07338062697685793,0.0693556999549147,0.9656589755065065,0.9655724461053694,32.0,33.0,207.59895833333334,226.0540404040404,80.76440000000002,74.88620606060609,63.51449687499999,61.59778484848484,21.087343750000002,18.469696969696972,10.461538461538462,0.0,173.30769230769232,7903.3538461538465,13018.107692307693,27.4216923076923,79.03353846153846,77.78008615384617,19.758384615384614,19.44502153846154,97.22510769230767,62.5413969230769,0.0,1.0,1.0,1.0,-0.3029457692307692,1.5076923076923077,0.0,0.0,4.519695384615382,0.23076923076923078,1.4,0.43887003725658685,0.4407023090871319,0.0,0.0,5272.923076923077,156.46153846153845,0.0,207.23076923076923,0.0,2742.1692307692306,0.0,313.84615384615387,5161.184615384615,0.0,0.0,0.0,0.0,7745.184615384615
354,0.27039070942244964,0.26452619375270586,0.07431424966774497,0.07096458059225866,0.965779245686971,0.9657046156919223,36.0,34.0,255.09166666666667,217.5470588235294,61.62168888888888,79.81496470588235,59.09153333333331,64.9541176470588,14.391597222222222,19.59705882352941,9.557142857142857,0.0,162.42857142857142,6767.9857142857145,14211.342857142858,20.99671428571429,67.67985714285713,70.45842285714288,16.919964285714283,17.614605714285716,88.07302857142857,61.93907428571428,0.0,1.0,1.0,1.0,-0.29039738095238093,1.4857142857142858,0.0,0.0,8.400615714285713,0.2857142857142857,1.3714285714285714,0.4548359041025097,0.4129672077284421,0.0,0.0,6209.5,143.35714285714286,0.0,189.6,0.0,2099.6714285714284,0.0,286.7142857142857,4668.314285714286,0.0,0.0,0.0,0.0,8001.842857142857
355,0.27045633656454776,0.26519622052140723,0.07545519265312686,0.07295626203582876,0.9659024155945565,0.9658102216360775,31.0,38.0,216.0672043010753,228.85438596491227,78.38596129032258,72.89094736842107,62.123132258064516,62.425205263157885,19.865564516129034,18.12177631578948,10.028985507246377,0.0,163.08695652173913,7562.086956521739,13386.565217391304,25.52144927536231,75.62086956521739,75.35972173913044,18.905217391304348,18.839930434782605,94.19965217391307,62.289491304347806,0.0,1.0,1.0,1.0,-0.2976977355072463,1.5507246376811594,0.0,0.0,5.834986956521737,0.17391304347826086,1.4492753623188406,0.4057092433636954,0.4614827206918318,0.0,0.0,5440.275362318841,150.43478260869566,0.0,199.04347826086956,0.0,2552.144927536232,0.0,300.8695652173913,5009.942028985507,0.0,0.0,0.0,0.0,7946.289855072464
356,0.27046292506592756,0.26519622052140723,0.07499591023187585,0.07457234589775935,0.9660191589736675,0.9659155936505348,34.0,37.0,239.1029411764706,239.30315315315318,67.9649882352941,68.58516756756757,60.123673529411754,59.44210540540539,16.654558823529413,16.58418918918919,9.23943661971831,0.0,166.04225352112675,6647.154929577465,14352.43661971831,21.205915492957754,66.47154929577466,68.28818028169013,16.617887323943666,17.07204507042253,85.36022535211268,59.76849014084504,0.0,1.0,1.0,1.0,-0.2451768779342722,1.5211267605633803,0.0,0.0,8.098197183098586,0.19718309859154928,1.4507042253521127,0.42500413368754375,0.45379805713646465,0.0,0.0,6324.87323943662,138.59154929577466,0.0,183.6338028169014,0.0,2120.5915492957747,0.0,277.1830985915493,4526.56338028169,0.0,0.0,0.0,0.0,8027.56338028169
357,0.27046292506592756,0.26519622052140723,0.07489542909942667,0.07567475844137901,0.9661365124419069,0.966035083595759,32.0,36.0,209.58020833333333,242.12824074074075,80.4376,68.48657777777777,62.76432812499999,60.49836111111111,20.82859375,16.20708333333333,9.838235294117647,0.0,169.51470588235293,7352.764705882353,13608.691176470587,24.237205882352928,73.5276470588235,74.11058823529413,18.381911764705876,18.527647058823522,92.63823529411764,61.56469852941173,0.0,1.0,1.0,1.0,-0.2825978860294117,1.5294117647058822,0.0,0.0,5.836022058823526,0.19117647058823528,1.4411764705882353,0.4211836859926562,0.4603472709019214,0.0,0.0,6003.5,147.16176470588235,0.0,195.23529411764707,0.0,2423.720588235294,0.0,295.1470588235294,4929.044117647059,0.0,0.0,0.0,0.0,7605.191176470588
358,0.27046292506592756,0.26519622052140723,0.0748824928187967,0.07655713278799695,0.9662657600213546,0.9661494175095983,35.0,34.0,244.51095238095238,210.89313725490194,68.0199314285714,79.96517647058826,61.56026857142855,63.003261764705876,15.8335,20.68639705882353,9.81159420289855,0.0,168.91304347826087,7289.913043478261,13676.739130434782,23.74521739130435,72.8991304347826,73.90599420289854,18.22478260869565,18.476498550724628,92.3824927536232,62.27130869565216,0.0,1.0,1.0,1.0,-0.29731893115942015,1.4927536231884058,0.0,0.0,6.590097101449273,0.2028985507246377,1.3768115942028984,0.4499834047177945,0.4358604202420509,0.0,0.0,5562.898550724638,144.7536231884058,0.0,193.2463768115942,0.0,2374.521739130435,0.0,294.3478260869565,4915.391304347826,0.0,0.0,0.0,0.0,8113.840579710145
359,0.27046292506592756,0.26527709011076306,0.07576683385739548,0.07704852639788955,0.9663788668616435,0.9662741296704235,33.0,36.0,210.70151515151517,240.70555555555558,81.34555151515154,67.54506666666667,63.62073333333331,59.372455555555526,20.663409090909095,16.401805555555555,9.898550724637682,0.0,162.768115942029,7375.985507246377,13581.347826086956,24.495072463768114,73.75985507246378,74.14529855072463,18.439963768115945,18.536324637681155,92.68162318840582,61.40424057971012,0.0,1.0,1.0,1.0,-0.2792550120772946,1.5217391304347827,0.0,0.0,5.698905797101446,0.14492753623188406,1.463768115942029,0.4228563468077598,0.45528140497925307,0.0,0.0,5664.869565217391,148.47826086956522,0.0,196.231884057971,0.0,2449.5072463768115,0.0,296.95652173913044,4926.478260869565,0.0,0.0,0.0,0.0,7916.478260869565
360,0.27046292506592756,0.26527709011076306,0.07496299885770764,0.07756911752000487,0.9664778745173186,0.9663798696930179,36.0,34.0,246.46203703703705,232.82990196078433,65.68337777777778,72.47755294117648,61.789544444444424,61.035676470588214,15.609236111111114,17.452794117647063,9.342857142857143,0.0,166.77142857142857,6601.871428571429,14390.442857142858,20.30042857142858,66.01871428571428,68.98340571428572,16.50467857142857,17.245851428571427,86.22925714285715,61.42337999999999,0.0,1.0,1.0,1.0,-0.27965374999999987,1.4857142857142858,0.0,0.0,8.94465285714285,0.18571428571428572,1.4142857142857144,0.45696417627087327,0.4320527313352469,0.0,0.0,5869.328571428571,140.14285714285714,0.0,186.25714285714287,0.0,2030.0428571428572,0.0,280.2857142857143,4571.828571428571,0.0,0.0,0.0,0.0,8521.114285714286
361,0.27046292506592756,0.26527709011076306,0.07632988519386746,0.07665179499637317,0.9665818215638164,0.9664839450603954,32.0,35.0,235.00416666666666,231.05190476190475,71.29760000000003,72.96402285714287,60.168909374999984,60.87553999999999,17.151249999999997,17.780857142857144,9.73134328358209,0.0,164.46268656716418,6992.059701492537,13976.373134328358,22.054179104477612,69.92059701492536,72.16811940298508,17.48014925373134,18.04202985074627,90.21014925373137,60.53804477611939,0.0,1.0,1.0,1.0,-0.26120926616915413,1.5223880597014925,0.0,0.0,5.850074626865671,0.208955223880597,1.4328358208955223,0.4188452491027494,0.4570671454588075,0.0,0.0,6478.0298507462685,145.97014925373134,0.0,192.65671641791045,0.0,2205.417910447761,0.0,291.94029850746267,4786.641791044776,0.0,0.0,0.0,0.0,7498.3432835820895
362,0.27046292506592756,0.26527709011076306,0.07644892156252463,0.07555263929207677,0.9666881248374363,0.966605263524992,33.0,35.0,230.23333333333332,241.99619047619046,74.20644848484848,68.49773714285713,63.680472727272736,60.30339714285713,17.875075757575758,16.175642857142858,9.588235294117647,0.0,168.35294117647058,6800.14705882353,14177.264705882353,20.712941176470594,68.00147058823528,71.26814117647056,17.00036764705882,17.81703529411764,89.08517647058825,61.94227205882351,0.0,1.0,1.0,1.0,-0.2904640012254902,1.5147058823529411,0.0,0.0,7.674498529411763,0.20588235294117646,1.4558823529411764,0.4328224415028026,0.4530815590143287,0.0,0.0,6092.89705882353,143.8235294117647,0.0,190.11764705882354,0.0,2071.294117647059,0.0,287.6470588235294,4728.85294117647,0.0,0.0,0.0,0.0,8084.367647058823
363,0.27046292506592756,0.26527709011076306,0.07772238587407525,0.07619315038951571,0.9667787305095885,0.9667198231611073,33.0,34.0,234.64040404040404,227.1098039215686,70.6422303030303,75.16724705882355,60.772354545454526,62.153158823529395,17.244242424242426,18.29860294117647,9.835820895522389,0.0,171.71641791044777,7111.7164179104475,13849.134328358208,22.740298507462676,71.11716417910446,72.93850746268656,17.779291044776116,18.23462686567164,91.17313432835822,61.473061194029825,0.0,1.0,1.0,1.0,-0.28068877487562166,1.507462686567164,0.0,0.0,6.3138447761193985,0.19402985074626866,1.4477611940298507,0.4416757910688833,0.4508696148119691,0.0,0.0,5633.686567164179,147.53731343283582,0.0,195.53731343283582,0.0,2274.0298507462685,0.0,295.07462686567163,4837.686567164179,0.0,0.0,0.0,0.0,8215.44776119403
364,0.27046292506592756,0.26527709011076306,0.07778328552642312,0.0760072160256,0.9668709313861957,0.9668228932764851,33.0,35.0,218.21818181818182,232.27904761904762,77.47452121212122,73.33101714285714,62.75805757575757,62.895665714285705,19.605833333333344,17.556642857142858,10.044117647058824,0.0,172.41176470588235,7420.441176470588,13527.323529411764,24.132205882352945,74.20441176470588,75.34183529411766,18.55110294117647,18.835458823529407,94.17729411764705,62.82888529411762,0.0,1.0,1.0,1.0,-0.3089351102941175,1.5147058823529411,0.0,0.0,6.0381529411764685,0.23529411764705882,1.3823529411764706,0.4341786761017366,0.45216299657294184,0.0,0.0,5485.411764705882,150.66176470588235,0.0,199.25,0.0,2413.220588235294,0.0,301.3235294117647,5007.220588235294,0.0,0.0,0.0,0.0,8041.911764705882
365,0.27046292506592756,0.265798587280933,0.0772122030637129,0.07489381075758471,0.9669679847605408,0.9669281101683057,35.0,36.0,239.42904761904762,249.82916666666668,68.11977142857144,64.09262222222222,60.8769714285714,59.214777777777755,16.591642857142855,15.105416666666668,8.971830985915492,0.0,172.7887323943662,6335.225352112676,14682.140845070422,19.579295774647886,63.35225352112678,66.07783661971833,15.838063380281694,16.519459154929574,82.59729577464793,60.03416901408449,0.0,1.0,1.0,1.0,-0.25071185446009375,1.5070422535211268,0.0,0.0,9.794395774647885,0.2535211267605634,1.408450704225352,0.431453053287295,0.4321055483429696,0.0,0.0,6421.915492957746,134.57746478873239,0.0,177.90140845070422,0.0,1957.9295774647887,0.0,269.15492957746477,4377.295774647887,0.0,0.0,0.0,0.0,8260.225352112677
366,0.27046292506592756,0.265798587280933,0.0791296238033442,0.0743267272948797,0.9670759619912782,0.9670420194039486,33.0,32.0,221.12020202020204,208.62447916666667,79.37241212121215,78.523,63.69259393939392,62.08044375,19.09484848484848,21.01078125,10.6,0.0,172.8153846153846,8015.2307692307695,12898.107692307693,27.74430769230769,80.1523076923077,78.95424000000001,20.038076923076925,19.738559999999996,98.6928,62.898919999999954,0.0,1.0,1.0,1.0,-0.3103941666666666,1.4923076923076923,0.0,0.0,3.98275692307692,0.15384615384615385,1.3692307692307693,0.45181462183924526,0.43196226438131013,0.0,0.0,5360.507692307692,157.87692307692308,0.0,209.7846153846154,0.0,2774.4307692307693,0.0,318.0,5240.8,0.0,0.0,0.0,0.0,7537.6
367,0.27046292506592756,0.26694665865401723,0.07888429727072377,0.0737710004506563,0.9671762336403321,0.9671406139844114,36.0,34.0,241.98379629629628,227.23676470588234,68.35893333333333,74.63077647058823,61.1135111111111,61.97099999999999,16.227638888888887,18.271544117647057,9.585714285714285,0.0,172.84285714285716,6888.157142857143,14089.257142857143,21.483714285714292,68.88157142857145,71.40525714285718,17.220392857142862,17.851314285714288,89.25657142857142,61.53000571428568,0.0,1.0,1.0,1.0,-0.2818751190476189,1.4857142857142858,0.0,0.0,7.345141428571427,0.21428571428571427,1.4,0.4633378432458158,0.4063242201055652,0.0,0.0,6298.814285714286,143.78571428571428,0.0,190.22857142857143,0.0,2148.3714285714286,0.0,287.57142857142856,4739.785714285715,0.0,0.0,0.0,0.0,7790.442857142857
368,0.27046292506592756,0.26694665865401723,0.07819381237152162,0.0743799219217214,0.9672674733312813,0.9672545326653801,34.0,35.0,225.40931372549022,233.38476190476192,74.44950588235295,72.45202285714284,60.8839088235294,61.4526657142857,18.532867647058833,17.44371428571429,9.869565217391305,0.0,177.6086956521739,7192.159420289855,13767.289855072464,23.18536231884058,71.92159420289855,73.43628985507247,17.980398550724637,18.35907246376811,91.79536231884057,61.17240869565215,0.0,1.0,1.0,1.0,-0.2744251811594201,1.5072463768115942,0.0,0.0,5.716517391304346,0.15942028985507245,1.4492753623188406,0.43901898013029356,0.44138837309041523,0.0,0.0,5906.710144927536,148.04347826086956,0.0,195.42028985507247,0.0,2318.536231884058,0.0,296.0869565217391,4873.623188405797,0.0,0.0,0.0,0.0,7860.579710144928
369,0.27046292506592756,0.26694665865401723,0.07821910534951887,0.07449258277808465,0.967373032954418,0.9673636088860527,36.0,34.0,242.27314814814815,243.14264705882354,66.30222222222224,67.82362352941176,60.50859722222222,60.57615294117647,16.192777777777778,16.010367647058825,9.214285714285714,0.0,183.04285714285714,6441.671428571429,14561.728571428572,20.103285714285718,64.41671428571429,67.04118857142858,16.104178571428573,16.76029714285714,83.8014857142857,60.54140999999997,0.0,1.0,1.0,1.0,-0.2612793749999999,1.4857142857142858,0.0,0.0,9.604399999999995,0.17142857142857143,1.457142857142857,0.457040475795543,0.43114224226835973,0.0,0.0,5769.028571428571,138.21428571428572,0.0,180.95714285714286,0.0,2010.3285714285714,0.0,276.42857142857144,4431.342857142857,0.0,0.0,0.0,0.0,8792.7
370,0.27046292506592756,0.26694665865401723,0.07993774485442215,0.07441863313251902,0.9674623694651114,0.9674812488241566,34.0,33.0,229.4735294117647,215.5621212121212,71.17232941176471,79.93289696969697,63.1564382352941,64.61889999999998,18.004632352941176,19.930984848484844,10.164179104477611,0.0,179.17910447761193,7581.373134328358,13357.298507462687,25.73298507462686,75.81373134328359,75.4872358208955,18.953432835820898,18.871808955223873,94.35904477611943,63.87675522388058,0.0,1.0,1.0,1.0,-0.3307657338308456,1.492537313432836,0.0,0.0,7.342952238805968,0.23880597014925373,1.3582089552238805,0.4507239767407077,0.4360276156786311,0.0,0.0,5041.925373134329,152.46268656716418,0.0,202.9402985074627,0.0,2573.2985074626868,0.0,304.92537313432837,5008.074626865671,0.0,0.0,0.0,0.0,8315.373134328358
371,0.27046292506592756,0.267864744979555,0.08126091712728625,0.07316232529178957,0.9675893428950828,0.9675826570585351,34.0,36.0,227.78529411764706,247.10879629629628,75.91265882352944,64.99022222222223,62.9178,60.58411388888888,18.193823529411763,15.487430555555553,9.485714285714286,0.0,168.14285714285714,6720.785714285715,14263.385714285714,20.589571428571436,67.20785714285715,70.29540571428572,16.801964285714288,17.573851428571427,87.86925714285712,61.71761857142856,0.0,1.0,1.0,1.0,-0.28578372023809523,1.5142857142857142,0.0,0.0,8.224177142857142,0.2714285714285714,1.3857142857142857,0.4329689192883802,0.4157665413168886,0.0,0.0,6203.8,142.28571428571428,0.0,187.97142857142856,0.0,2058.957142857143,0.0,284.57142857142856,4661.828571428571,0.0,0.0,0.0,0.0,8059.585714285714
372,0.27046292506592756,0.267864744979555,0.0801150636061831,0.07269218335025432,0.9676957326506808,0.9676974311050999,35.0,33.0,241.6809523809524,214.93282828282827,68.13494857142857,77.63568484848487,61.59319428571427,64.59797272727272,16.248928571428575,20.03174242424242,9.911764705882353,0.0,177.66176470588235,7233.882352941177,13722.014705882353,24.17911764705882,72.33882352941177,72.74560000000002,18.084705882352942,18.186399999999995,90.93200000000004,63.05139558823527,0.0,1.0,1.0,1.0,-0.3135707414215686,1.4852941176470589,0.0,0.0,8.390501470588234,0.20588235294117646,1.3676470588235294,0.45332731884486843,0.4281982626943604,0.0,0.0,5508.029411764706,148.6764705882353,0.0,197.0735294117647,0.0,2417.9117647058824,0.0,297.3529411764706,4815.970588235294,0.0,0.0,0.0,0.0,8213.985294117647
373,0.27046292506592756,0.267864744979555,0.0785281240836302,0.07223797117431309,0.9678036056098239,0.9677913373013268,33.0,36.0,216.06262626262625,250.42546296296297,76.13149090909093,64.4816,61.576372727272705,60.04701944444442,19.89174242424242,15.034166666666671,9.507246376811594,0.0,182.53623188405797,6942.942028985507,14039.463768115942,23.0191304347826,69.42942028985509,70.05328695652175,17.357355072463772,17.513321739130433,87.56660869565216,60.7784492753623,0.0,1.0,1.0,1.0,-0.2662176932367149,1.5217391304347827,0.0,0.0,8.082517391304345,0.2028985507246377,1.434782608695652,0.42877868024280585,0.45737826622848726,0.0,0.0,6093.31884057971,142.6086956521739,0.0,188.768115942029,0.0,2301.913043478261,0.0,285.2173913043478,4641.028985507246,0.0,0.0,0.0,0.0,7946.144927536232
374,0.27046292506592756,0.267864744979555,0.07907723042869935,0.07282254823019835,0.9679007186329445,0.9678851411139914,36.0,32.0,246.36296296296297,222.84166666666667,67.63431111111112,76.85140000000001,60.95138611111109,62.58527812499999,15.564374999999997,18.9128125,9.647058823529411,0.0,186.11764705882354,6856.044117647059,14117.64705882353,20.77367647058824,68.56044117647059,71.97176470588236,17.140110294117648,17.992941176470584,89.96470588235296,61.72027647058823,0.0,1.0,1.0,1.0,-0.28583909313725486,1.4705882352941178,0.0,0.0,6.888622058823526,0.20588235294117646,1.3970588235294117,0.4666606121134274,0.4146114168943677,0.0,0.0,6287.191176470588,144.7058823529412,0.0,191.19117647058823,0.0,2077.3676470588234,0.0,289.4117647058824,4778.676470588235,0.0,0.0,0.0,0.0,7830.455882352941
375,0.27046292506592756,0.267864744979555,0.07904410017006286,0.07292607686169156,0.9679947096239309,0.967975937106037,34.0,34.0,207.28676470588235,243.0480392156863,81.27830588235295,68.67181176470588,64.26137058823527,59.85863529411761,21.14926470588236,16.048602941176473,10.029411764705882,0.0,188.2941176470588,7439.573529411765,13510.04411764706,24.597205882352952,74.39573529411766,74.97505882352942,18.598933823529414,18.743764705882352,93.71882352941172,62.06000294117645,0.0,1.0,1.0,1.0,-0.2929167279411763,1.5,0.0,0.0,5.683877941176469,0.17647058823529413,1.4705882352941178,0.44455294641286625,0.44240262023053817,0.0,0.0,5901.132352941177,149.44117647058823,0.0,199.05882352941177,0.0,2459.720588235294,0.0,300.88235294117646,4979.85294117647,0.0,0.0,0.0,0.0,7608.911764705882
376,0.2709131983603432,0.267864744979555,0.0794082437772328,0.07293546712015492,0.9680947570894121,0.9680725903901205,38.0,32.0,245.11666666666667,220.9921875,65.55637894736842,77.71620000000001,61.14269210526314,62.001871875000006,15.800328947368419,19.1475,9.571428571428571,0.0,182.4,6932.185714285714,14045.3,22.138142857142864,69.32185714285717,71.11515428571428,17.330464285714292,17.778788571428567,88.89394285714286,61.535459999999965,0.0,1.0,1.0,1.0,-0.28198874999999995,1.457142857142857,0.0,0.0,7.750769999999997,0.22857142857142856,1.4,0.46856910857774026,0.40829209150140794,0.0,0.0,5755.928571428572,143.57142857142858,0.0,190.8,0.0,2213.8142857142857,0.0,287.14285714285717,4718.371428571429,0.0,0.0,0.0,0.0,8289.371428571429
377,0.2709131983603432,0.267864744979555,0.07838708913681666,0.07222485868585929,0.9681869346687679,0.9681691986069728,34.0,34.0,233.87254901960785,242.73970588235295,71.81590588235294,67.95331764705882,62.58824999999999,59.48057352941175,17.369926470588236,16.072573529411763,9.441176470588236,0.0,185.75,6688.5,14298.367647058823,20.548676470588237,66.885,69.88461176470588,16.72125,17.471152941176463,87.35576470588236,61.03441176470586,0.0,1.0,1.0,1.0,-0.2715502450980391,1.5,0.0,0.0,7.871049999999995,0.2647058823529412,1.3529411764705883,0.443308717456716,0.44036272727776055,0.0,0.0,6384.044117647059,141.61764705882354,0.0,187.27941176470588,0.0,2054.8676470588234,0.0,283.2352941176471,4633.632352941177,0.0,0.0,0.0,0.0,7914.323529411765
378,0.2709131983603432,0.2678932587265226,0.07642713539141406,0.07384949158034096,0.9682854435664929,0.9682737264589385,33.0,33.0,216.639898989899,241.52676767676766,80.14254545454547,68.97726060606063,63.60049696969696,60.58261818181816,19.759318181818177,16.26310606060606,10.015151515151516,0.0,182.21212121212122,7204.484848484848,13745.0,22.55818181818182,72.0448484848485,74.55990303030305,18.011212121212125,18.63997575757575,93.19987878787879,62.09155757575755,0.0,1.0,1.0,1.0,-0.29357411616161616,1.5,0.0,0.0,5.542866666666667,0.24242424242424243,1.3484848484848484,0.43932169912287794,0.43111299443537776,0.0,0.0,5751.136363636364,150.22727272727272,0.0,198.83333333333334,0.0,2255.818181818182,0.0,300.45454545454544,4948.666666666667,0.0,0.0,0.0,0.0,7993.863636363636
379,0.2709131983603432,0.26790226706017906,0.07720775703576056,0.0727744212183658,0.9683721941813758,0.968376822068735,36.0,32.0,242.75787037037037,204.96458333333334,67.0664888888889,80.79460000000002,59.76089999999998,64.14195625,16.102569444444445,21.50046875,9.941176470588236,0.0,187.1764705882353,7457.10294117647,13498.367647058823,25.826764705882344,74.5710294117647,73.52677647058823,18.642757352941175,18.381694117647054,91.90847058823529,61.82257352941174,0.0,1.0,1.0,1.0,-0.2879702818627449,1.4705882352941178,0.0,0.0,6.938554411764702,0.22058823529411764,1.411764705882353,0.4584787373855682,0.4168334616707176,0.0,0.0,5401.323529411765,147.94117647058823,0.0,197.35294117647058,0.0,2582.676470588235,0.0,298.2352941176471,4874.426470588235,0.0,0.0,0.0,0.0,8097.044117647059
380,0.2709131983603432,0.26790226706017906,0.07832733226651939,0.07311682914203066,0.9684758516737175,0.9684766207562981,34.0,36.0,241.75931372549022,228.7949074074074,69.35040000000001,72.52373333333334,60.5159176470588,62.321883333333325,16.21066176470588,18.119027777777777,9.514285714285714,0.0,183.0,6876.842857142857,14105.514285714286,21.638428571428577,68.76842857142856,70.98240000000001,17.19210714285714,17.745599999999992,88.728,61.44469999999996,0.0,1.0,1.0,1.0,-0.28009791666666656,1.5142857142857142,0.0,0.0,7.654407142857141,0.24285714285714285,1.4714285714285715,0.43087356910929087,0.44608408913265174,0.0,0.0,6089.728571428572,142.71428571428572,0.0,188.5,0.0,2163.842857142857,0.0,285.42857142857144,4713.0,0.0,0.0,0.0,0.0,8015.785714285715
381,0.2709131983603432,0.26790226706017906,0.0784361702024235,0.07319888321459167,0.9685691545354561,0.9685726480616443,33.0,36.0,213.99040404040403,251.72407407407408,79.11098181818187,62.80231111111113,64.67130606060606,59.46195277777776,20.167651515151523,14.867083333333333,9.521739130434783,0.0,191.33333333333334,6960.855072463768,14020.652173913044,22.78217391304348,69.6085507246377,70.60211014492754,17.402137681159424,17.650527536231884,88.25263768115944,61.95338260869563,0.0,1.0,1.0,1.0,-0.29069547101449267,1.5217391304347827,0.0,0.0,8.753410144927535,0.2318840579710145,1.4057971014492754,0.4288211944279327,0.45795814079879393,0.0,0.0,5934.507246376812,142.82608695652175,0.0,189.0144927536232,0.0,2278.217391304348,0.0,285.6521739130435,4682.63768115942,0.0,0.0,0.0,0.0,8086.144927536232
382,0.2709131983603432,0.26790226706017906,0.07695240497361508,0.07319976867746714,0.9686714002577592,0.9686616319191161,36.0,32.0,245.02083333333334,206.93125,65.55022222222223,82.51600000000003,61.55393888888888,64.12951874999999,15.824236111111112,21.154765625,9.882352941176471,0.0,183.80882352941177,7333.088235294118,13625.779411764706,24.529411764705884,73.33088235294117,73.53411764705882,18.332720588235293,18.383529411764705,91.91764705882352,62.765976470588214,0.0,1.0,1.0,1.0,-0.3076245098039216,1.4705882352941178,0.0,0.0,7.564579411764705,0.17647058823529413,1.3970588235294117,0.4622669041043003,0.41977422014075505,0.0,0.0,5370.75,148.23529411764707,0.0,195.4264705882353,0.0,2452.9411764705883,0.0,296.47058823529414,4880.14705882353,0.0,0.0,0.0,0.0,8255.029411764706
383,0.2709131983603432,0.26790226706017906,0.07493767567745274,0.07462529423602807,0.9687672419511939,0.9687452732822436,33.0,37.0,219.32929292929293,252.6581081081081,75.86734545454549,63.65388108108108,61.596203030303016,59.74251891891892,19.40151515151515,14.720270270270266,9.428571428571429,0.0,182.95714285714286,6770.857142857143,14216.757142857143,21.73071428571429,67.70857142857142,69.41165714285717,16.927142857142854,17.35291428571428,86.76457142857143,60.61639857142855,0.0,1.0,1.0,1.0,-0.2628416369047618,1.5285714285714285,0.0,0.0,8.131884285714284,0.2571428571428571,1.4428571428571428,0.42167874061201327,0.45917937561193756,0.0,0.0,6316.128571428571,141.42857142857142,0.0,187.1,0.0,2173.0714285714284,0.0,282.85714285714283,4597.785714285715,0.0,0.0,0.0,0.0,7900.628571428571
384,0.2709131983603432,0.26790226706017906,0.07382079141872568,0.07332503965637849,0.9688882207644373,0.9688418874457079,36.0,32.0,243.02962962962962,208.04479166666667,67.57973333333332,82.53280000000001,60.286838888888866,64.28693750000001,16.0575,21.016796874999997,10.0,0.0,190.01470588235293,7356.514705882353,13593.970588235294,24.021029411764708,73.56514705882354,74.61647058823532,18.391286764705885,18.65411764705883,93.27058823529411,62.169238235294095,0.0,1.0,1.0,1.0,-0.29519246323529397,1.4705882352941178,0.0,0.0,5.944054411764704,0.20588235294117646,1.411764705882353,0.45984471963269263,0.41692853989697787,0.0,0.0,6052.014705882353,150.0,0.0,198.51470588235293,0.0,2402.1029411764707,0.0,300.0,4954.411764705882,0.0,0.0,0.0,0.0,7541.955882352941
385,0.2709131983603432,0.26790226706017906,0.07257589050644181,0.07535424901212898,0.9689917063527862,0.9689309851468876,34.0,36.0,230.03039215686275,230.48842592592592,71.48216470588238,71.24017777777777,60.810576470588195,60.58742499999999,17.933750000000003,17.929722222222217,9.471428571428572,0.0,187.4857142857143,7172.671428571429,13815.957142857143,24.26600000000001,71.7267142857143,71.35771428571427,17.931678571428574,17.839428571428563,89.19714285714288,60.69581285714285,0.0,1.0,1.0,1.0,-0.2644961011904761,1.5142857142857142,0.0,0.0,7.269777142857141,0.2,1.4285714285714286,0.42836857343391793,0.4493735513991579,0.0,0.0,6047.442857142857,137.75714285714287,0.0,188.47142857142856,0.0,2426.6,0.0,284.14285714285717,4746.071428571428,0.0,0.0,0.0,0.0,7768.5142857142855
386,0.2709131983603432,0.26790226706017906,0.07384553059989372,0.07567229220566501,0.9690779103197109,0.9690217710181589,34.0,35.0,238.65735294117647,239.3895238095238,68.60103529411765,68.47945142857144,59.69216470588233,61.10773428571426,16.698088235294122,16.584357142857144,9.27536231884058,0.0,193.08695652173913,6656.159420289855,14341.72463768116,21.13115942028985,66.56159420289855,68.53936231884059,16.640398550724637,17.13484057971014,85.67420289855076,60.410207246376785,0.0,1.0,1.0,1.0,-0.25854598429951686,1.5072463768115942,0.0,0.0,8.511243478260864,0.2463768115942029,1.391304347826087,0.4345595442020334,0.44490051876836,0.0,0.0,5735.072463768116,139.1304347826087,0.0,183.7246376811594,0.0,2113.1159420289855,0.0,278.2608695652174,4543.04347826087,0.0,0.0,0.0,0.0,8606.652173913044
387,0.2709131983603432,0.26790226706017906,0.07273752256552836,0.07761512573500834,0.9691785603936451,0.9691057249700249,32.0,34.0,219.134375,234.9,74.91340000000001,70.42785882352942,61.088481249999994,61.53189705882352,19.478359375,17.226323529411765,9.803030303030303,0.0,189.53030303030303,7327.287878787879,13635.363636363636,25.129696969696962,73.27287878787877,72.60266666666669,18.31821969696969,18.150666666666673,90.75333333333333,61.31690757575756,0.0,1.0,1.0,1.0,-0.27743557449494954,1.5151515151515151,0.0,0.0,7.032460606060604,0.22727272727272727,1.4090909090909092,0.42619161773033926,0.442314448333103,0.0,0.0,6039.969696969697,147.04545454545453,0.0,195.21212121212122,0.0,2512.969696969697,0.0,294.09090909090907,4814.318181818182,0.0,0.0,0.0,0.0,7595.393939393939
388,0.2709131983603432,0.26790226706017906,0.0726321926577021,0.07784236131295978,0.9692678995104806,0.9692077202099708,34.0,33.0,228.26323529411766,229.45050505050506,74.16432941176473,71.83321212121214,60.444402941176456,61.2077121212121,18.09985294117647,18.019469696969697,9.940298507462687,0.0,186.52238805970148,7224.104477611941,13730.880597014926,23.894925373134328,72.24104477611944,73.0161671641791,18.06026119402986,18.25404179104477,91.2702089552239,60.820361194029815,0.0,1.0,1.0,1.0,-0.26709085820895506,1.492537313432836,0.0,0.0,5.8644552238805945,0.208955223880597,1.4029850746268657,0.44915795172413003,0.43630736480625,0.0,0.0,5585.626865671642,148.97014925373134,0.0,196.83582089552237,0.0,2389.492537313433,0.0,298.2089552238806,4834.611940298508,0.0,0.0,0.0,0.0,8145.253731343284
389,0.2709131983603432,0.26790226706017906,0.07098231431287622,0.0762674909323166,0.9693617211433686,0.9692922109767599,36.0,33.0,241.82870370370372,229.08737373737372,67.29137777777777,72.79185454545457,61.13024999999997,60.87616969696969,16.25729166666667,18.016818181818184,9.492753623188406,0.0,192.57971014492753,6839.521739130435,14144.101449275362,22.07478260869565,68.39521739130433,69.92204057971016,17.098804347826082,17.480510144927536,87.40255072463769,61.008733333333296,0.0,1.0,1.0,1.0,-0.2710152777777776,1.4782608695652173,0.0,0.0,8.185497101449274,0.15942028985507245,1.434782608695652,0.45960535577642825,0.42463913251254715,0.0,0.0,6288.333333333333,142.3913043478261,0.0,188.20289855072463,0.0,2207.478260869565,0.0,284.7826086956522,4632.04347826087,0.0,0.0,0.0,0.0,7855.768115942029
390,0.2709131983603432,0.26790226706017906,0.07049087232068774,0.0763884592053091,0.9694477337615518,0.9693831322077707,34.0,34.0,233.48039215686273,233.8671568627451,71.19096470588238,70.62550588235297,60.802758823529395,60.05316176470584,17.432058823529413,17.380294117647054,9.5,0.0,190.97058823529412,6962.470588235294,14020.426470588236,22.54014705882353,69.62470588235294,70.90823529411763,17.406176470588235,17.727058823529404,88.63529411764704,60.427960294117625,0.0,1.0,1.0,1.0,-0.2589158394607841,1.5,0.0,0.0,6.925901470588231,0.2647058823529412,1.411764705882353,0.4396460799531092,0.43951312060674325,0.0,0.0,5989.0,142.5,0.0,188.60294117647058,0.0,2254.014705882353,0.0,285.0,4708.455882352941,0.0,0.0,0.0,0.0,8031.426470588235
391,0.27203363395825503,0.26790226706017906,0.07011561320181929,0.07456287389378384,0.9695283093794518,0.9694840902863043,33.0,33.0,228.43333333333334,219.96161616161618,72.83258181818182,75.77425454545454,61.663636363636336,62.5318909090909,18.128106060606058,19.34878787878788,10.06060606060606,0.0,186.04545454545453,7495.378787878788,13451.848484848484,25.70727272727272,74.95378787878785,74.3034181818182,18.738446969696962,18.575854545454547,92.87927272727272,62.09776363636361,0.0,1.0,1.0,1.0,-0.2937034090909089,1.5,0.0,0.0,6.532792424242419,0.22727272727272727,1.393939393939394,0.43588047758850906,0.43914788021551515,0.0,0.0,5759.757575757576,150.9090909090909,0.0,199.04545454545453,0.0,2570.7272727272725,0.0,301.8181818181818,4924.651515151515,0.0,0.0,0.0,0.0,7692.090909090909
392,0.27203363395825503,0.2683300620043115,0.07031892266526443,0.07501674073168407,0.9696217202114322,0.9695859260513072,34.0,35.0,219.81764705882355,245.68761904761905,78.70889411764705,67.26089142857145,64.9497176470588,59.63946285714284,19.291544117647064,15.666214285714286,9.884057971014492,0.0,191.71014492753622,6981.04347826087,13976.40579710145,21.50434782608696,69.81043478260868,72.90193623188406,17.45260869565217,18.225484057971006,91.12742028985505,62.25611014492752,0.0,1.0,1.0,1.0,-0.29700229468599026,1.5072463768115942,0.0,0.0,6.806782608695649,0.2898550724637681,1.3623188405797102,0.4327140811835589,0.4305268375090008,0.0,0.0,5609.289855072464,148.2608695652174,0.0,196.768115942029,0.0,2150.4347826086955,0.0,296.5217391304348,4830.608695652174,0.0,0.0,0.0,0.0,8367.115942028986
393,0.27312557992937203,0.2683300620043115,0.06971470651628174,0.07449672144957761,0.9697211348105239,0.9696834708856159,37.0,33.0,240.0563063063063,222.58232323232323,71.27714594594595,73.78637575757577,60.67830270270268,62.09080909090907,16.453445945945944,19.030530303030304,9.6,0.0,184.64285714285714,7067.342857142857,13909.114285714286,22.464000000000002,70.67342857142856,72.46006857142858,17.66835714285714,18.115017142857138,90.5750857142857,61.34419857142856,0.0,1.0,1.0,1.0,-0.27800413690476183,1.4714285714285715,0.0,0.0,6.552487142857139,0.3,1.4428571428571428,0.45041740547270726,0.4167289176126926,0.0,0.0,5974.414285714286,144.0,0.0,190.54285714285714,0.0,2246.4,0.0,288.0,4820.942857142857,0.0,0.0,0.0,0.0,7934.7
394,0.27431446024326983,0.2683300620043115,0.06941714896445078,0.07221523051566464,0.9698150567635095,0.9697697656191195,35.0,33.0,225.03571428571428,239.12575757575758,77.17741714285717,67.39975757575756,63.48471142857143,59.999087878787854,18.549071428571434,16.64378787878788,9.823529411764707,0.0,182.36764705882354,7049.779411764706,13912.411764705883,22.505588235294116,70.49779411764705,72.43237647058821,17.62444852941176,18.10809411764705,90.54047058823535,61.793158823529396,0.0,1.0,1.0,1.0,-0.28735747549019597,1.4852941176470589,0.0,0.0,6.985230882352937,0.3235294117647059,1.4558823529411764,0.39181419005024815,0.42926782160675997,0.0,0.0,5938.5,147.35294117647058,0.0,194.75,0.0,2250.5588235294117,0.0,294.70588235294116,4799.220588235294,0.0,0.0,0.0,0.0,7973.911764705882
395,0.2752775511070555,0.2683300620043115,0.0699008811369812,0.07171619859087025,0.9698949511100876,0.969853799339958,38.0,31.0,257.96184210526314,218.7978494623656,60.89717894736842,77.37063225806453,58.83872105263154,61.448748387096785,13.929144736842105,19.463387096774195,9.434782608695652,0.0,187.36231884057972,6566.217391304348,14421.985507246376,20.559565217391302,65.66217391304349,68.29829565217392,16.415543478260872,17.074573913043476,85.37286956521741,60.011342028985474,0.0,1.0,1.0,1.0,-0.2502362922705313,1.4492753623188406,0.0,0.0,8.128589855072464,0.3333333333333333,1.3043478260869565,0.4581710504832297,0.3901759747849197,0.0,0.0,6547.086956521739,141.08695652173913,0.0,186.66666666666666,0.0,2055.9565217391305,0.0,283.04347826086956,4510.260869565217,0.0,0.0,0.0,0.0,7874.898550724638
396,0.2752775511070555,0.2683300620043115,0.07092819463262633,0.07026431092833375,0.9699828452194427,0.9699504243189466,33.0,34.0,222.6631313131313,221.2348039215686,75.66254545454545,74.84084705882351,61.641663636363624,63.55616470588234,18.91522727272728,19.227647058823532,10.074626865671641,0.0,190.8507462686567,7629.507462686567,13316.298507462687,26.324776119402994,76.29507462686564,75.24556417910452,19.07376865671641,18.81139104477612,94.05695522388058,62.6132014925373,0.0,1.0,1.0,1.0,-0.30444169776119384,1.507462686567164,0.0,0.0,6.441405970149251,0.22388059701492538,1.4029850746268657,0.43545334697523963,0.4466457567594322,0.0,0.0,5579.865671641791,151.11940298507463,0.0,199.83582089552237,0.0,2632.4776119402986,0.0,302.23880597014926,4997.0298507462685,0.0,0.0,0.0,0.0,7736.432835820896
397,0.2752775511070555,0.2683300620043115,0.07049571824239297,0.06981046939496817,0.970081957523367,0.9700466014045545,35.0,34.0,243.33285714285714,216.79460784313727,65.98144,76.45138823529412,59.63513428571426,61.3321588235294,16.03135714285714,19.826911764705883,9.623188405797102,0.0,197.2173913043478,7160.652173913043,13815.36231884058,24.448260869565214,71.60652173913044,71.14054492753623,17.90163043478261,17.785136231884053,88.92568115942031,60.4713492753623,0.0,1.0,1.0,1.0,-0.2598197765700481,1.4927536231884058,0.0,0.0,7.232434782608693,0.2028985507246377,1.4202898550724639,0.4404819634978789,0.43471350892681615,0.0,0.0,5830.260869565217,142.44927536231884,0.0,191.84057971014494,0.0,2444.8260869565215,0.0,288.69565217391306,4715.826086956522,0.0,0.0,0.0,0.0,7985.101449275362
398,0.2752775511070555,0.2683300620043115,0.06970018038691476,0.07101820486670707,0.9701601011127835,0.9701304216676777,33.0,36.0,231.8621212121212,243.58101851851853,72.04906666666669,68.18524444444444,62.08212424242422,60.654536111111106,17.61090909090909,15.955902777777782,9.579710144927537,0.0,201.2608695652174,6698.971014492754,14278.579710144928,20.658550724637685,66.98971014492754,70.03315942028985,16.747427536231886,17.50828985507246,87.54144927536233,61.3372956521739,0.0,1.0,1.0,1.0,-0.27786032608695643,1.5217391304347827,0.0,0.0,8.051563768115942,0.2608695652173913,1.3478260869565217,0.4185298434541289,0.45519470552134333,0.0,0.0,6141.63768115942,143.69565217391303,0.0,190.36231884057972,0.0,2065.855072463768,0.0,287.39130434782606,4633.115942028986,0.0,0.0,0.0,0.0,8136.942028985507
399,0.2752775511070555,0.26908378851388426,0.06809389337949324,0.07319572615793975,0.9702494160203051,0.9702142941369652,34.0,34.0,242.271568627451,226.5671568627451,68.36160000000001,72.57411764705884,60.950249999999976,59.75931470588233,16.163088235294115,18.418014705882356,9.514705882352942,0.0,198.25,6916.220588235294,14065.161764705883,22.434558823529414,69.16220588235295,70.46785882352941,17.290551470588237,17.616964705882346,88.08482352941176,60.35478235294113,0.0,1.0,1.0,1.0,-0.2573912990196078,1.5,0.0,0.0,7.177474999999997,0.29411764705882354,1.3970588235294117,0.43551281009424453,0.4125541794336732,0.0,0.0,6219.617647058823,142.72058823529412,0.0,189.4558823529412,0.0,2243.455882352941,0.0,285.44117647058823,4672.764705882353,0.0,0.0,0.0,0.0,7845.544117647059
400,0.2752775511070555,0.26908378851388426,0.06626909072530002,0.07482608212426337,0.9703262279554938,0.9702986043027733,32.0,34.0,223.92083333333332,225.78725490196078,74.82759999999999,74.41656470588235,62.28814687499998,62.141638235294096,18.796953125,18.478750000000005,10.06060606060606,0.0,198.93939393939394,7453.212121212121,13492.939393939394,25.041515151515153,74.53212121212121,74.61585454545454,18.633030303030303,18.653963636363635,93.2698181818182,62.21267272727268,0.0,1.0,1.0,1.0,-0.29609734848484837,1.5151515151515151,0.0,0.0,6.229848484848484,0.21212121212121213,1.4393939393939394,0.42964093804928405,0.4547479971243845,0.0,0.0,5688.590909090909,150.9090909090909,0.0,200.12121212121212,0.0,2504.151515151515,0.0,301.8181818181818,4949.060606060606,0.0,0.0,0.0,0.0,7804.348484848485
401,0.2752775511070555,0.26908378851388426,0.06727469681652912,0.07525459935935797,0.9704121747668093,0.9703892866467883,33.0,36.0,240.07727272727274,231.8509259259259,67.86734545454546,72.2680888888889,59.86346969696967,62.622072222222215,16.5275,17.633819444444445,9.405797101449275,0.0,197.7246376811594,6841.884057971014,14147.115942028986,21.833768115942025,68.41884057971015,70.16338550724637,17.104710144927537,17.54084637681159,87.70423188405798,61.302740579710125,0.0,1.0,1.0,1.0,-0.2771404287439612,1.5217391304347827,0.0,0.0,8.244065217391302,0.18840579710144928,1.463768115942029,0.4218175852580315,0.4526038716843113,0.0,0.0,6204.971014492754,141.08695652173913,0.0,186.7391304347826,0.0,2183.376811594203,0.0,282.17391304347825,4658.507246376812,0.0,0.0,0.0,0.0,7942.144927536232
402,0.2752775511070555,0.26908378851388426,0.06751368560274315,0.07602211755796909,0.9704904330816925,0.9704931223906783,31.0,36.0,209.4752688172043,236.87175925925925,83.34719999999999,69.2840888888889,64.93230967741934,61.40834999999999,20.82629032258065,16.95923611111111,10.0,0.0,202.26865671641792,7499.388059701492,13451.746268656716,24.53223880597015,74.99388059701492,75.7909014925373,18.74847014925373,18.947725373134322,94.73862686567168,63.03883880597012,0.0,1.0,1.0,1.0,-0.31330914179104474,1.537313432835821,0.0,0.0,5.996407462686564,0.26865671641791045,1.4179104477611941,0.4120193861594875,0.46404244130685485,0.0,0.0,5936.955223880597,149.82089552238807,0.0,198.044776119403,0.0,2453.223880597015,0.0,300.0,5046.164179104478,0.0,0.0,0.0,0.0,7514.79104477612
403,0.27641009974719927,0.26908378851388426,0.06664426545158379,0.07585180973248813,0.9705854083555008,0.9705819735631649,34.0,34.0,239.53480392156862,231.09950980392156,71.71237647058823,69.47877647058826,60.878376470588215,59.96682352941175,16.489411764705885,17.822279411764708,9.529411764705882,0.0,192.0,6862.338235294118,14119.029411764706,21.80882352941175,68.62338235294119,70.59557647058824,17.155845588235298,17.648894117647053,88.2444705882353,60.42259999999997,0.0,1.0,1.0,1.0,-0.25880416666666656,1.5,0.0,0.0,6.9828691176470565,0.2647058823529412,1.3970588235294117,0.42514835937625234,0.43811359292024704,0.0,0.0,6579.985294117647,142.94117647058823,0.0,188.80882352941177,0.0,2180.8823529411766,0.0,285.88235294117646,4681.455882352941,0.0,0.0,0.0,0.0,7539.044117647059
404,0.27641009974719927,0.26908378851388426,0.0695903610190728,0.07727634007330192,0.9706718213639977,0.9706596722620414,34.0,33.0,231.24803921568628,224.80858585858587,71.03152941176472,75.11815757575758,59.665752941176436,61.27949696969696,17.760073529411766,18.596969696969698,9.985074626865671,0.0,198.86567164179104,7268.910447761194,13684.58208955224,24.360149253731347,72.68910447761189,73.04434626865674,18.172276119402973,18.26108656716418,91.30543283582087,60.460582089552226,0.0,1.0,1.0,1.0,-0.25959546019900487,1.492537313432836,0.0,0.0,5.5885119402985035,0.2537313432835821,1.4328358208955223,0.44410627696951965,0.431582778512529,0.0,0.0,5946.149253731343,148.97014925373134,0.0,196.98507462686567,0.0,2436.0149253731342,0.0,299.55223880597015,4832.895522388059,0.0,0.0,0.0,0.0,7738.432835820896
405,0.27641009974719927,0.26908378851388426,0.0676858540403236,0.0783077370717036,0.970753043852575,0.9707342654692718,34.0,35.0,243.13823529411766,227.85666666666665,69.10644705882353,72.45220571428571,60.64647352941176,60.94198285714284,15.973602941176473,18.277428571428572,9.55072463768116,0.0,200.47826086956522,6856.884057971014,14123.202898550724,21.6104347826087,68.56884057971014,70.80357101449276,17.142210144927535,17.70089275362318,88.50446376811594,60.79636956521736,0.0,1.0,1.0,1.0,-0.26659103260869554,1.5072463768115942,0.0,0.0,7.13500869565217,0.2318840579710145,1.4202898550724639,0.4301465637960497,0.44663785894126173,0.0,0.0,6179.014492753623,143.2608695652174,0.0,189.1304347826087,0.0,2161.0434782608695,0.0,286.5217391304348,4695.840579710145,0.0,0.0,0.0,0.0,7944.188405797101
406,0.27641009974719927,0.26908378851388426,0.06873722172143061,0.07926747467939807,0.9708375749665606,0.9708181518468928,34.0,34.0,242.08235294117645,234.69166666666666,66.64715294117647,72.41449411764707,59.617038235294096,60.57554705882353,16.220808823529413,17.200367647058822,9.426470588235293,0.0,202.10294117647058,6684.235294117647,14303.220588235294,20.769558823529415,66.84235294117649,69.53082352941178,16.71058823529412,17.382705882352937,86.91352941176476,60.09629264705879,0.0,1.0,1.0,1.0,-0.2520060968137255,1.5,0.0,0.0,7.276057352941173,0.23529411764705882,1.4264705882352942,0.43879241581383327,0.43569397375370983,0.0,0.0,6581.308823529412,141.39705882352942,0.0,187.35294117647058,0.0,2076.955882352941,0.0,282.79411764705884,4607.279411764706,0.0,0.0,0.0,0.0,7721.911764705882
407,0.27641009974719927,0.26908378851388426,0.0686650580248321,0.07722079784744693,0.9709170932527463,0.9709117849959585,32.0,34.0,224.84635416666666,233.52450980392157,74.46260000000002,70.16884705882352,62.58930625,61.939682352941176,18.624062499999997,17.41367647058824,9.863636363636363,0.0,201.42424242424244,7200.212121212121,13759.015151515152,24.186969696969705,72.00212121212122,72.25066666666667,18.000530303030306,18.062666666666658,90.31333333333332,62.2546515151515,0.0,1.0,1.0,1.0,-0.2969719065656565,1.5151515151515151,0.0,0.0,8.00451515151515,0.15151515151515152,1.4848484848484849,0.4290678678275643,0.455529894637567,0.0,0.0,6208.772727272727,147.95454545454547,0.0,195.9090909090909,0.0,2418.6969696969695,0.0,295.90909090909093,4781.515151515152,0.0,0.0,0.0,0.0,7550.242424242424
408,0.27641009974719927,0.26908378851388426,0.0693906459697284,0.0791425589017674,0.9709924615257435,0.9709897923305949,34.0,34.0,244.5843137254902,217.96519607843138,65.05110588235297,78.02089411764707,59.79398823529409,62.967902941176455,15.88808823529412,19.608308823529413,9.647058823529411,0.0,207.3235294117647,7099.279411764706,13876.485294117647,23.546470588235284,70.99279411764704,71.536,17.74819852941176,17.883999999999993,89.42000000000003,61.38094558823526,0.0,1.0,1.0,1.0,-0.27876969975490185,1.5,0.0,0.0,7.593144117647055,0.2647058823529412,1.3823529411764706,0.43894416375288114,0.44429746354552924,0.0,0.0,5694.794117647059,142.36764705882354,0.0,191.4558823529412,0.0,2354.6470588235293,0.0,289.4117647058824,4744.632352941177,0.0,0.0,0.0,0.0,8181.691176470588
409,0.27641009974719927,0.2695100134108839,0.0699346260077225,0.07934200688754736,0.9710731904831418,0.9710733266504263,31.0,37.0,220.70483870967743,242.39684684684684,76.70730322580644,68.52791351351352,61.80010322580644,61.120664864864835,19.193145161290325,16.141689189189186,9.794117647058824,0.0,202.66176470588235,7013.117647058823,13950.470588235294,22.25044117647059,70.13117647058822,72.25675294117649,17.532794117647054,18.064188235294115,90.32094117647057,61.430408823529376,0.0,1.0,1.0,1.0,-0.2798001838235292,1.5441176470588236,0.0,0.0,6.706449999999996,0.23529411764705882,1.4852941176470589,0.40098867264323446,0.47043454068264556,0.0,0.0,6166.85294117647,146.91176470588235,0.0,194.6764705882353,0.0,2225.044117647059,0.0,293.8235294117647,4788.073529411765,0.0,0.0,0.0,0.0,7783.617647058823
410,0.27641009974719927,0.2695100134108839,0.07002172821793677,0.08010429283555304,0.9711546174071422,0.9711555892943217,34.0,35.0,242.68235294117645,239.01380952380953,67.68414117647059,68.53504,60.52388235294114,60.26240285714283,16.087720588235292,16.649214285714283,9.26086956521739,0.0,206.0144927536232,6549.014492753623,14449.289855072464,20.37797101449275,65.49014492753625,68.11575652173914,16.372536231884062,17.028939130434786,85.14469565217394,60.39124782608693,0.0,1.0,1.0,1.0,-0.2581509963768115,1.5072463768115942,0.0,0.0,8.648027536231883,0.18840579710144928,1.463768115942029,0.4368472228684195,0.44627088932301345,0.0,0.0,6165.130434782609,138.91304347826087,0.0,183.95652173913044,0.0,2037.7971014492753,0.0,277.82608695652175,4511.217391304348,0.0,0.0,0.0,0.0,8284.159420289856
411,0.27641009974719927,0.2695100134108839,0.07270330470979097,0.07911707492005418,0.9712419108008224,0.9712495523851539,33.0,33.0,239.1919191919192,210.77323232323232,68.8186181818182,80.39311515151516,60.05143333333331,63.30332424242426,16.599090909090908,20.628409090909088,10.106060606060606,0.0,210.37878787878788,7445.5,13498.954545454546,25.011969696969693,74.45500000000001,74.6058666666667,18.613750000000003,18.651466666666668,93.25733333333332,61.67737878787875,0.0,1.0,1.0,1.0,-0.28494539141414144,1.5,0.0,0.0,5.685262121212119,0.13636363636363635,1.4545454545454546,0.44325791749655546,0.4434503303670622,0.0,0.0,5692.606060606061,151.5909090909091,0.0,199.77272727272728,0.0,2501.1969696969695,0.0,303.1818181818182,4944.30303030303,0.0,0.0,0.0,0.0,7806.348484848485
412,0.27641009974719927,0.2695100134108839,0.0734128977562268,0.07789098529097747,0.9713304803143967,0.9713263767289098,32.0,37.0,208.69010416666666,246.77342342342342,81.49800000000002,65.5283891891892,64.03560624999999,60.493791891891874,20.93101562500001,15.526013513513513,9.855072463768115,0.0,209.231884057971,7213.072463768116,13746.695652173914,23.773768115942033,72.13072463768117,72.9345855072464,18.032681159420292,18.233646376811592,91.16823188405797,62.13637246376809,0.0,1.0,1.0,1.0,-0.29450775966183557,1.536231884057971,0.0,0.0,7.234468115942025,0.15942028985507245,1.463768115942029,0.41275252917516747,0.4703287325000305,0.0,0.0,5932.594202898551,147.82608695652175,0.0,195.7536231884058,0.0,2377.376811594203,0.0,295.6521739130435,4835.695652173913,0.0,0.0,0.0,0.0,7814.101449275362
413,0.27641009974719927,0.2695100134108839,0.07242915894878674,0.07666384623232111,0.9714178551087137,0.9714142810548774,36.0,34.0,245.60509259259257,219.05245098039217,66.26613333333336,77.97157647058823,60.014777777777745,62.639949999999985,15.70118055555556,19.43955882352941,9.7,0.0,208.64285714285714,7006.785714285715,13962.485714285714,22.343142857142862,70.06785714285714,71.95163428571428,17.516964285714284,17.987908571428566,89.93954285714288,61.2898614285714,0.0,1.0,1.0,1.0,-0.27687211309523796,1.4857142857142858,0.0,0.0,6.855191428571426,0.2,1.4285714285714286,0.4515990687020643,0.4212559215131234,0.0,0.0,6114.357142857143,145.5,0.0,193.22857142857143,0.0,2234.3142857142857,0.0,291.0,4772.471428571429,0.0,0.0,0.0,0.0,7848.128571428571
414,0.27641009974719927,0.2695100134108839,0.0756231474343285,0.07460289449711012,0.9715015824476524,0.9714922310140157,33.0,37.0,223.63030303030303,242.99054054054054,74.99713939393939,66.77171891891894,61.07362727272725,61.0422378378378,18.83037878787879,16.041621621621623,9.628571428571428,0.0,214.85714285714286,6942.528571428571,14031.814285714287,22.65542857142858,69.4252857142857,70.64941714285715,17.356321428571427,17.662354285714283,88.31177142857146,61.05703571428569,0.0,1.0,1.0,1.0,-0.2720215773809522,1.5285714285714285,0.0,0.0,7.763939999999997,0.2,1.4714285714285715,0.4193253088380151,0.4601115132024274,0.0,0.0,5832.828571428571,144.42857142857142,0.0,191.37142857142857,0.0,2265.542857142857,0.0,288.85714285714283,4676.9857142857145,0.0,0.0,0.0,0.0,8198.985714285714
415,0.27641009974719927,0.2695100134108839,0.07558870439406302,0.07266884940416919,0.9715761702389777,0.9715841887104729,34.0,35.0,221.5357843137255,239.7866666666667,74.79717647058824,68.94774857142856,62.407382352941156,60.21458857142855,19.11110294117647,16.53678571428571,9.710144927536232,0.0,209.14492753623188,7122.115942028986,13847.608695652174,23.600289855072454,71.22115942028985,71.83007536231881,17.805289855072463,17.957518840579702,89.78759420289857,61.29509565217389,0.0,1.0,1.0,1.0,-0.27698115942028967,1.5072463768115942,0.0,0.0,7.270310144927535,0.21739130434782608,1.434782608695652,0.4351828025075305,0.43931828347764607,0.0,0.0,5952.463768115942,145.65217391304347,0.0,192.31884057971016,0.0,2360.0289855072465,0.0,291.30434782608694,4762.086956521739,0.0,0.0,0.0,0.0,7895.144927536232
416,0.27641009974719927,0.2695100134108839,0.07417756952118774,0.07490329403831081,0.9716571588698991,0.9716645390753772,36.0,33.0,242.17222222222225,216.22929292929294,67.45564444444445,78.57396363636364,60.97146111111109,63.55521212121211,16.190624999999997,19.895075757575754,9.695652173913043,0.0,213.6086956521739,7184.927536231884,13785.884057971014,23.478985507246374,71.84927536231883,72.77310144927539,17.96231884057971,18.19327536231884,90.96637681159422,62.20716811594202,0.0,1.0,1.0,1.0,-0.29598266908212556,1.4782608695652173,0.0,0.0,7.396385507246374,0.18840579710144928,1.4057971014492754,0.4594468525417493,0.4244413237745017,0.0,0.0,5757.173913043478,145.43478260869566,0.0,191.8840579710145,0.0,2347.8985507246375,0.0,290.8695652173913,4837.028985507246,0.0,0.0,0.0,0.0,8028.710144927536
417,0.27641009974719927,0.2695100134108839,0.073019847204102,0.07423418038921924,0.9717233775380423,0.9717402373619192,34.0,35.0,244.86764705882354,242.86,68.23529411764709,67.32525714285717,60.36398529411764,60.27675142857141,15.770514705882348,16.073285714285717,9.231884057971014,0.0,209.8985507246377,6369.63768115942,14630.95652173913,18.826086956521728,63.69637681159419,67.77368115942028,15.924094202898548,16.943420289855062,84.71710144927538,60.319736231884036,0.0,1.0,1.0,1.0,-0.25666117149758444,1.5072463768115942,0.0,0.0,8.470149275362315,0.2028985507246377,1.434782608695652,0.43027574532539353,0.4442920131904007,0.0,0.0,6601.217391304348,138.47826086956522,0.0,182.97101449275362,0.0,1882.608695652174,0.0,276.95652173913044,4487.028985507246,0.0,0.0,0.0,0.0,8029.739130434783
418,0.27641009974719927,0.2695100134108839,0.07474169666882624,0.07381139421509778,0.971811373879122,0.9718220564866585,32.0,33.0,214.99791666666667,242.2121212121212,78.97340000000001,67.47578181818183,62.58676249999998,58.979551515151485,20.030078124999996,16.159924242424243,9.923076923076923,0.0,216.73846153846154,7226.092307692307,13728.861538461539,23.805999999999997,72.26092307692306,73.13614769230772,18.065230769230766,18.284036923076926,91.42018461538466,60.755409230769196,0.0,1.0,1.0,1.0,-0.2657376923076923,1.5076923076923077,0.0,0.0,5.684492307692307,0.2923076923076923,1.4,0.43614541206410024,0.44671288504486995,0.0,0.0,5940.8,148.84615384615384,0.0,197.5076923076923,0.0,2380.6,0.0,297.6923076923077,4845.492307692308,0.0,0.0,0.0,0.0,7788.0615384615385
419,0.2771055033086155,0.2695100134108839,0.07535049539018968,0.07501661838902424,0.9718922041647714,0.9719023939351934,35.0,32.0,240.89380952380952,208.62083333333334,67.40845714285713,83.60740000000001,61.101857142857135,65.19550625000001,16.408214285714283,20.905390625,9.985074626865671,0.0,212.044776119403,7422.44776119403,13528.791044776119,24.25417910447761,74.22447761194032,75.14526567164178,18.55611940298508,18.786316417910445,93.93158208955224,63.05703283582087,0.0,1.0,1.0,1.0,-0.313688184079602,1.4776119402985075,0.0,0.0,6.467886567164177,0.29850746268656714,1.4029850746268657,0.45546778985664754,0.4221680545057871,0.0,0.0,5530.55223880597,149.55223880597015,0.0,198.65671641791045,0.0,2425.417910447761,0.0,299.55223880597015,4997.0298507462685,0.0,0.0,0.0,0.0,7998.238805970149
420,0.2771055033086155,0.2695100134108839,0.07706779182811868,0.07358686695695832,0.9719664578031599,0.9719822580084572,32.0,36.0,195.42760416666667,249.6888888888889,81.2546,64.9208888888889,64.62017500000002,60.3247222222222,22.929062500000008,15.120138888888883,9.808823529411764,0.0,215.76470588235293,7517.970588235294,13449.25,27.03794117647059,75.17970588235298,72.6073411764706,18.794926470588244,18.15183529411765,90.75917647058827,62.346111764705846,0.0,1.0,1.0,1.0,-0.2988773284313725,1.5294117647058822,0.0,0.0,8.533697058823524,0.23529411764705882,1.4558823529411764,0.4196162414927662,0.45535883605616495,0.0,0.0,5497.779411764706,142.47058823529412,0.0,195.0441176470588,0.0,2703.794117647059,0.0,294.2647058823529,4814.176470588235,0.0,0.0,0.0,0.0,7951.470588235294
421,0.2771055033086155,0.2695100134108839,0.07908240722760472,0.07244911107142353,0.9720428745728682,0.9720705395272589,36.0,33.0,253.51018518518518,227.22070707070708,61.44799999999999,72.84324848484849,58.93832222222219,61.18920606060605,14.61569444444444,18.323257575757584,9.057971014492754,0.0,214.7826086956522,6555.550724637681,14456.217391304348,21.2172463768116,65.55550724637679,66.89790144927538,16.388876811594198,16.72447536231884,83.62237681159422,60.01483188405792,0.0,1.0,1.0,1.0,-0.2503089975845409,1.4782608695652173,0.0,0.0,9.50580724637681,0.21739130434782608,1.434782608695652,0.46213284396503446,0.4220402699455437,0.0,0.0,6163.594202898551,135.8695652173913,0.0,179.6231884057971,0.0,2121.7246376811595,0.0,271.7391304347826,4433.826086956522,0.0,0.0,0.0,0.0,8292.623188405798
422,0.2771055033086155,0.2695100134108839,0.08025525853468167,0.0747235983596357,0.9721293826146296,0.9721459951946464,31.0,33.0,226.0827956989247,218.48838383838384,76.09868387096775,77.0790787878788,62.32452580645161,62.95238181818183,18.40645161290323,19.549621212121217,10.34375,0.0,216.03125,7598.359375,13330.015625,25.18734375,75.98359374999998,76.60419999999999,18.995898437499996,19.151049999999994,95.75524999999999,62.64826406249996,0.0,1.0,1.0,1.0,-0.3051721679687499,1.515625,0.0,0.0,5.039962499999999,0.203125,1.421875,0.4380724868780255,0.4562646896867929,0.0,0.0,5631.203125,155.15625,0.0,205.15625,0.0,2518.734375,0.0,310.3125,5079.625,0.0,0.0,0.0,0.0,7698.8125
423,0.2771055033086155,0.2695100134108839,0.07796945809028832,0.07263236438504507,0.9721986715543955,0.9722361739091461,33.0,35.0,226.2858585858586,230.73809523809524,74.89280000000001,74.07762285714287,62.53550606060607,61.480119999999985,18.405151515151513,17.82292857142857,9.911764705882353,0.0,219.66176470588235,7242.191176470588,13714.64705882353,22.912499999999994,72.42191176470591,74.47322352941175,18.105477941176478,18.61830588235293,93.09152941176475,61.99229264705879,0.0,1.0,1.0,1.0,-0.2915060968137255,1.5147058823529411,0.0,0.0,5.624547058823526,0.25,1.411764705882353,0.4261717020496779,0.4480048877890247,0.0,0.0,5893.176470588235,148.38235294117646,0.0,196.4264705882353,0.0,2291.25,0.0,297.3529411764706,4950.941176470588,0.0,0.0,0.0,0.0,7821.470588235294
424,0.2771055033086155,0.2695100134108839,0.07938054332356038,0.07394260028121132,0.9722665022217661,0.9723158985768253,35.0,35.0,243.6252380952381,239.81857142857143,66.84873142857144,69.19222857142859,60.357448571428556,59.96549714285711,15.986499999999994,16.528714285714287,9.142857142857142,0.0,212.21428571428572,6503.042857142857,14503.314285714287,19.889428571428567,65.03042857142856,68.02048,16.25760714285714,17.005119999999998,85.02560000000003,60.16147285714283,0.0,1.0,1.0,1.0,-0.2533640178571427,1.5,0.0,0.0,8.398599999999997,0.2714285714285714,1.4428571428571428,0.44111340248030073,0.43870311054157807,0.0,0.0,6125.828571428571,137.14285714285714,0.0,181.21428571428572,0.0,1988.942857142857,0.0,274.2857142857143,4514.1,0.0,0.0,0.0,0.0,8377.485714285714
425,0.2771055033086155,0.2695100134108839,0.07750600089803741,0.07326865099512198,0.9723481204637687,0.9723956960308403,33.0,33.0,228.79343434343434,208.3868686868687,72.4505212121212,81.47103030303032,61.2074515151515,64.71450606060606,18.06068181818182,21.002651515151513,10.333333333333334,0.0,218.37878787878788,7812.666666666667,13115.40909090909,27.042727272727276,78.12666666666668,76.96077575757576,19.53166666666667,19.240193939393933,96.20096969696975,62.960978787878766,0.0,1.0,1.0,1.0,-0.31168705808080804,1.5,0.0,0.0,5.531869696969696,0.24242424242424243,1.393939393939394,0.44062606988778447,0.43848806300732784,0.0,0.0,5591.075757575758,155.0,0.0,205.92424242424244,0.0,2704.2727272727275,0.0,310.0,5108.393939393939,0.0,0.0,0.0,0.0,7524.333333333333
426,0.2772209658038693,0.2695100134108839,0.0777649286814853,0.07332096447012729,0.9724339221920509,0.9724696430563801,34.0,36.0,217.73970588235295,242.23009259259257,77.0923294117647,66.35484444444447,62.58842647058823,60.56467222222219,19.678235294117645,16.241319444444443,9.5,0.0,208.34285714285716,7164.271428571428,13820.085714285715,24.04099999999999,71.64271428571426,71.57019428571431,17.910678571428566,17.89254857142857,89.46274285714289,61.547638571428564,0.0,1.0,1.0,1.0,-0.2822424702380952,1.5142857142857142,0.0,0.0,7.888122857142855,0.24285714285714285,1.4714285714285715,0.433087526152904,0.445763344520117,0.0,0.0,5729.314285714286,142.47142857142856,0.0,187.17142857142858,0.0,2404.1,0.0,285.0,4760.171428571429,0.0,0.0,0.0,0.0,8090.771428571428
427,0.2772689094897449,0.2695100134108839,0.07829569630734279,0.07341598227798364,0.9725062209663906,0.9725396935493533,36.0,33.0,243.12222222222223,231.0919191919192,68.40071111111112,71.73895757575762,60.85249999999999,60.936142424242405,16.030625,17.76045454545455,9.478260869565217,0.0,220.0144927536232,6743.173913043478,14242.115942028986,21.039855072463766,67.43173913043476,69.99726376811594,16.85793478260869,17.49931594202898,87.49657971014497,60.892502898550696,0.0,1.0,1.0,1.0,-0.26859381038647323,1.4782608695652173,0.0,0.0,7.753173913043476,0.21739130434782608,1.434782608695652,0.46382661177263196,0.42417512579141436,0.0,0.0,6259.289855072464,142.17391304347825,0.0,187.18840579710144,0.0,2103.985507246377,0.0,284.3478260869565,4639.188405797101,0.0,0.0,0.0,0.0,7982.826086956522
428,0.2773015811102323,0.2695100134108839,0.0778090314904841,0.07462287734636198,0.9725850475115485,0.9726169090856186,34.0,33.0,235.38823529411766,227.8848484848485,71.78898823529413,74.44092121212122,61.914235294117645,61.616172727272705,17.13448529411765,18.187424242424246,9.835820895522389,0.0,217.47761194029852,7061.238805970149,13901.55223880597,22.113134328358214,70.6123880597015,73.09516417910451,17.653097014925375,18.273791044776118,91.36895522388058,61.767428358208925,0.0,1.0,1.0,1.0,-0.2868214241293533,1.492537313432836,0.0,0.0,6.325361194029849,0.19402985074626866,1.4179104477611941,0.44707718703757726,0.43430902735004395,0.0,0.0,6482.925373134329,147.53731343283582,0.0,193.59701492537314,0.0,2211.313432835821,0.0,295.07462686567163,4849.925373134329,0.0,0.0,0.0,0.0,7418.626865671642
429,0.2773193726216079,0.2695100134108839,0.07588403260554627,0.07758853343949405,0.972670939578005,0.9726937796374672,34.0,34.0,243.2563725490196,229.2392156862745,68.61195294117647,74.73223529411766,61.11475882352937,61.57940882352938,15.981838235294116,18.00558823529412,9.676470588235293,0.0,221.77941176470588,6797.485294117647,14174.867647058823,20.44794117647059,67.97485294117645,71.67209411764708,16.993713235294113,17.918023529411762,89.5901176470588,61.34708382352939,0.0,1.0,1.0,1.0,-0.2780642463235293,1.5,0.0,0.0,6.668702941176467,0.19117647058823528,1.4558823529411764,0.4375152293830511,0.43782987934485695,0.0,0.0,6535.132352941177,144.9264705882353,0.0,191.4264705882353,0.0,2044.7941176470588,0.0,290.29411764705884,4752.691176470588,0.0,0.0,0.0,0.0,7639.735294117647
430,0.2773193726216079,0.2695100134108839,0.07499063882205044,0.07845522671544572,0.9727477436298585,0.9727710025637816,33.0,35.0,235.37474747474747,238.32619047619048,71.38909090909091,69.19076571428573,60.56911818181816,59.91195714285711,17.079090909090908,16.71328571428571,9.691176470588236,0.0,225.61764705882354,6756.323529411765,14213.632352941177,21.154264705882355,67.56323529411767,70.25760000000001,16.89080882352942,17.5644,87.822,60.230873529411724,0.0,1.0,1.0,1.0,-0.2548098651960783,1.5147058823529411,0.0,0.0,6.864082352941174,0.19117647058823528,1.4264705882352942,0.4262298393056506,0.45592505838818453,0.0,0.0,6216.661764705882,145.36764705882354,0.0,192.94117647058823,0.0,2115.426470588235,0.0,290.7352941176471,4640.89705882353,0.0,0.0,0.0,0.0,7996.970588235294
431,0.2773193726216079,0.2695100134108839,0.07411025801474072,0.07741611448028714,0.9728236798869935,0.9728461735452619,34.0,34.0,237.69509803921568,228.55686274509804,72.68385882352942,71.78917647058826,62.2133588235294,60.66570882352939,16.75705882352941,18.169117647058826,9.661764705882353,0.0,217.76470588235293,6985.235294117647,13987.558823529413,21.87161764705882,69.85235294117652,72.23651764705882,17.46308823529413,18.0591294117647,90.29564705882358,61.43953382352941,0.0,1.0,1.0,1.0,-0.2799902879901961,1.5,0.0,0.0,6.666104411764705,0.23529411764705882,1.4264705882352942,0.4428956458378331,0.44221079104465233,0.0,0.0,6142.235294117647,144.9264705882353,0.0,191.4264705882353,0.0,2187.1617647058824,0.0,289.8529411764706,4798.073529411765,0.0,0.0,0.0,0.0,7845.323529411765
432,0.2773193726216079,0.2695100134108839,0.07425655087771461,0.07596509496738016,0.9728931689643529,0.9729151567872666,34.0,33.0,229.8607843137255,229.80656565656565,71.85995294117647,72.1916121212121,61.02241470588234,60.78279393939392,17.938455882352944,17.934545454545454,9.791044776119403,0.0,226.07462686567163,7174.611940298508,13790.044776119403,24.045074626865674,71.74611940298507,72.02330746268662,17.93652985074627,18.005826865671647,90.0291343283582,60.90439253731339,0.0,1.0,1.0,1.0,-0.26884151119402966,1.492537313432836,0.0,0.0,6.817614925373132,0.19402985074626866,1.4179104477611941,0.447920898413406,0.4334280771158442,0.0,0.0,5804.9701492537315,146.86567164179104,0.0,193.7462686567164,0.0,2404.507462686567,0.0,293.7313432835821,4770.104477611941,0.0,0.0,0.0,0.0,7985.074626865671
433,0.2773193726216079,0.2695100134108839,0.07308965378293406,0.0753092961053819,0.9729589625735088,0.972977325467514,34.0,33.0,235.4990196078431,226.67525252525255,71.45280000000001,74.8947393939394,59.98529999999998,61.22848181818179,17.076617647058825,18.372045454545457,9.925373134328359,0.0,226.0,7085.865671641791,13869.179104477613,22.39641791044776,70.85865671641791,73.14808358208958,17.714664179104478,18.28702089552239,91.43510447761197,60.597613432835786,0.0,1.0,1.0,1.0,-0.2624502798507462,1.492537313432836,0.0,0.0,5.164194029850742,0.1791044776119403,1.4328358208955223,0.45120773617436305,0.4321587590023807,0.0,0.0,6011.626865671642,148.88059701492537,0.0,197.3134328358209,0.0,2239.6417910447763,0.0,297.76119402985074,4846.223880597015,0.0,0.0,0.0,0.0,7857.55223880597
434,0.2773193726216079,0.2695100134108839,0.07178362884005576,0.07406022122170572,0.9730219060931917,0.9730488132352414,34.0,34.0,234.62450980392157,235.61666666666667,71.53185882352943,71.00160000000001,60.58864705882349,62.04434705882351,17.22838235294118,17.08139705882353,9.720588235294118,0.0,233.91176470588235,6861.955882352941,14107.235294117647,21.44794117647059,68.61955882352943,71.26672941176469,17.154889705882358,17.816682352941168,89.08341176470587,61.316497058823494,0.0,1.0,1.0,1.0,-0.2774270220588234,1.5,0.0,0.0,7.204657352941174,0.22058823529411764,1.3970588235294117,0.4385432567882672,0.4384802304438314,0.0,0.0,6151.470588235294,145.80882352941177,0.0,192.38235294117646,0.0,2144.794117647059,0.0,291.61764705882354,4717.161764705882,0.0,0.0,0.0,0.0,7955.764705882353
435,0.2773193726216079,0.2695100134108839,0.07275628375408999,0.0735374970793956,0.9730935213862363,0.973111777005875,34.0,34.0,243.08627450980393,226.75833333333333,65.79312941176472,74.67614117647057,60.557117647058796,61.80269411764704,16.081617647058824,18.367720588235297,9.455882352941176,0.0,225.88235294117646,6889.867647058823,14095.338235294117,22.301764705882345,68.89867647058824,70.23463529411767,17.22466911764706,17.558658823529413,87.7932941176471,61.17990588235292,0.0,1.0,1.0,1.0,-0.2745813725490194,1.5,0.0,0.0,8.16993970588235,0.27941176470588236,1.3970588235294117,0.4430358101852324,0.4379607478355284,0.0,0.0,5997.485294117647,141.83823529411765,0.0,188.27941176470588,0.0,2230.176470588235,0.0,283.6764705882353,4659.691176470588,0.0,0.0,0.0,0.0,8097.85294117647
436,0.2773193726216079,0.2695100134108839,0.07566417779413061,0.07323383998759674,0.9731703079836765,0.9732004707781318,31.0,35.0,220.13010752688172,240.71761904761902,76.76861935483872,68.8738742857143,63.05465483870965,60.9561257142857,19.259999999999994,16.381571428571434,9.909090909090908,0.0,228.43939393939394,7093.424242424242,13862.863636363636,22.899999999999995,70.93424242424244,72.58201212121212,17.73356060606061,18.145503030303022,90.72751515151519,61.94179848484844,0.0,1.0,1.0,1.0,-0.29045413510101004,1.5303030303030303,0.0,0.0,7.093346969696969,0.2727272727272727,1.4696969696969697,0.41450806410091856,0.46173008012197503,0.0,0.0,5907.651515151515,148.63636363636363,0.0,196.8030303030303,0.0,2290.0,0.0,297.27272727272725,4803.424242424242,0.0,0.0,0.0,0.0,7955.212121212121
437,0.2773193726216079,0.2695100134108839,0.07583241261757698,0.07556782488381392,0.9732478388469482,0.9732789805221802,34.0,34.0,231.56323529411765,233.78088235294118,71.30221176470589,70.42164705882354,60.24871470588232,60.918467647058804,17.72558823529412,17.354264705882358,9.617647058823529,0.0,226.88235294117646,7015.970588235294,13960.323529411764,23.214264705882357,70.15970588235294,70.86192941176472,17.539926470588235,17.715482352941176,88.57741176470584,60.58359117647057,0.0,1.0,1.0,1.0,-0.2621581495098038,1.5,0.0,0.0,7.261588235294113,0.22058823529411764,1.411764705882353,0.4397306237389729,0.4392324230860063,0.0,0.0,6126.029411764706,144.26470588235293,0.0,189.91176470588235,0.0,2321.426470588235,0.0,288.52941176470586,4694.544117647059,0.0,0.0,0.0,0.0,7834.294117647059
438,0.2773193726216079,0.2695100134108839,0.07507627604522245,0.07302600259412437,0.9733108362482146,0.9733525304718494,33.0,34.0,216.8510101010101,244.5264705882353,78.76654545454544,66.39341176470589,63.16071212121209,60.70832941176471,19.728484848484843,15.86455882352941,9.835820895522389,0.0,224.32835820895522,7107.074626865671,13853.716417910447,23.046119402985067,71.07074626865672,72.4876417910448,17.76768656716418,18.12191044776119,90.60955223880597,61.91621940298505,0.0,1.0,1.0,1.0,-0.2899212375621891,1.507462686567164,0.0,0.0,7.196264179104475,0.2835820895522388,1.4029850746268657,0.4358718545579343,0.44643545305419324,0.0,0.0,5810.955223880597,147.53731343283582,0.0,195.59701492537314,0.0,2304.6119402985073,0.0,295.07462686567163,4802.462686567164,0.0,0.0,0.0,0.0,8042.761194029851
439,0.27829254373705664,0.2695100134108839,0.0756063766869283,0.07476158947009863,0.9733787820129378,0.9734274921079742,36.0,32.0,238.7523148148148,224.58229166666666,69.78097777777778,75.1106,61.63229999999997,62.02084687499998,16.66201388888889,18.689765625,9.691176470588236,0.0,216.22058823529412,7046.5,13925.04411764706,22.468970588235294,70.46500000000003,72.28903529411767,17.616250000000008,18.07225882352941,90.36129411764705,61.81514558823528,0.0,1.0,1.0,1.0,-0.28781553308823515,1.4705882352941178,0.0,0.0,7.142360294117644,0.2647058823529412,1.3970588235294117,0.4552173158903661,0.4097444665495971,0.0,0.0,5801.161764705882,144.13235294117646,0.0,192.58823529411765,0.0,2246.8970588235293,0.0,290.7352941176471,4799.60294117647,0.0,0.0,0.0,0.0,8123.882352941177
440,0.27829254373705664,0.2695100134108839,0.07595751154846508,0.07429755322393296,0.9734537403113802,0.973497878086357,35.0,33.0,235.80380952380952,232.71262626262626,70.91236571428571,71.02002424242426,61.45910857142856,60.45858787878787,17.062500000000004,17.522803030303027,9.661764705882353,0.0,223.6764705882353,6914.35294117647,14058.220588235294,22.156470588235294,69.14352941176472,70.96461176470591,17.28588235294118,17.741152941176466,88.70576470588234,60.97356176470585,0.0,1.0,1.0,1.0,-0.27028253676470587,1.4852941176470589,0.0,0.0,7.2948323529411745,0.17647058823529413,1.4264705882352942,0.44710024177115626,0.42758958781511663,0.0,0.0,6066.39705882353,144.9264705882353,0.0,191.64705882352942,0.0,2215.6470588235293,0.0,289.8529411764706,4698.705882352941,0.0,0.0,0.0,0.0,7991.823529411765
441,0.27829254373705664,0.2695100134108839,0.07733365238575918,0.07329819494980888,0.9735194540159064,0.9735765432015652,35.0,33.0,238.96428571428572,227.0510101010101,68.95488000000002,73.35602424242424,59.584482857142824,60.94822727272726,16.652642857142855,18.327954545454546,9.602941176470589,0.0,227.47058823529412,6986.264705882353,13990.970588235294,22.725588235294122,69.86264705882354,71.09072941176471,17.465661764705885,17.77268235294118,88.86341176470589,60.24629999999996,0.0,1.0,1.0,1.0,-0.25513124999999987,1.4852941176470589,0.0,0.0,6.621232352941173,0.22058823529411764,1.411764705882353,0.4518926356171635,0.42683896581980973,0.0,0.0,5949.073529411765,144.0441176470588,0.0,189.63235294117646,0.0,2272.5588235294117,0.0,288.0882352941176,4713.705882352941,0.0,0.0,0.0,0.0,8041.89705882353
442,0.27829254373705664,0.2695100134108839,0.07577757640112258,0.07445330333264208,0.9735875614703766,0.9736462108865986,34.0,34.0,228.8578431372549,231.5936274509804,74.49769411764706,73.63369411764705,60.87685588235291,62.02880882352938,18.03573529411765,17.669338235294116,9.941176470588236,0.0,225.58823529411765,7141.014705882353,13813.54411764706,22.244852941176465,71.41014705882355,74.06569411764701,17.85253676470589,18.516423529411746,92.58211764705884,61.452832352941144,0.0,1.0,1.0,1.0,-0.2802673406862744,1.5,0.0,0.0,5.239674999999998,0.22058823529411764,1.3823529411764706,0.440051688835046,0.44088535234950355,0.0,0.0,6290.75,148.48529411764707,0.0,197.72058823529412,0.0,2224.485294117647,0.0,298.2352941176471,4916.529411764706,0.0,0.0,0.0,0.0,7522.794117647059
443,0.27829254373705664,0.2695100134108839,0.07560164234470976,0.07455488713382935,0.9736656249003072,0.973716638534929,35.0,34.0,226.35238095238094,225.45588235294116,74.90560000000002,74.62023529411765,63.136808571428574,62.29200588235294,18.45171428571429,18.58764705882353,9.826086956521738,0.0,232.34782608695653,7407.478260869565,13554.63768115942,24.262463768115936,74.07478260869566,74.76498550724638,18.518695652173914,18.69124637681159,93.45623188405796,62.72052898550723,0.0,1.0,1.0,1.0,-0.30667768719806776,1.4927536231884058,0.0,0.0,6.474239130434779,0.2463768115942029,1.3623188405797102,0.4431677373194984,0.4283191118464482,0.0,0.0,5609.710144927536,147.3913043478261,0.0,194.71014492753622,0.0,2426.246376811594,0.0,294.7826086956522,4981.231884057971,0.0,0.0,0.0,0.0,7944.927536231884
444,0.27829254373705664,0.2695100134108839,0.07460447905188314,0.07475963531485706,0.9737365567893302,0.9737786916012383,35.0,34.0,253.9495238095238,227.25392156862745,62.982582857142866,73.48856470588237,59.08944857142855,60.41730588235294,14.505285714285717,18.267867647058825,9.36231884057971,0.0,226.92753623188406,6543.724637681159,14447.710144927536,20.37971014492754,65.43724637681159,68.1594434782609,16.359311594202897,17.03986086956522,85.1993043478261,59.743755072463735,0.0,1.0,1.0,1.0,-0.24466156400966177,1.4927536231884058,0.0,0.0,7.9436231884057955,0.2608695652173913,1.4202898550724639,0.44834105051381745,0.43416325536569256,0.0,0.0,6615.826086956522,140.43478260869566,0.0,186.2608695652174,0.0,2037.9710144927535,0.0,280.8695652173913,4505.753623188406,0.0,0.0,0.0,0.0,7831.884057971014
445,0.27829254373705664,0.2695100134108839,0.07444000169474484,0.073490177550861,0.9738130552849055,0.9738501707451216,31.0,35.0,224.21935483870968,243.6104761904762,75.51112258064515,65.78304000000001,62.01568387096773,59.92883999999997,18.706370967741933,15.986642857142854,9.606060606060606,0.0,221.5,6905.636363636364,14070.151515151516,22.4989393939394,69.05636363636363,70.35229090909091,17.264090909090907,17.588072727272728,87.94036363636363,60.90902424242422,0.0,1.0,1.0,1.0,-0.2689380050505049,1.5303030303030303,0.0,0.0,7.820824242424239,0.30303030303030304,1.378787878787879,0.41640223869298415,0.4631547299123754,0.0,0.0,5626.30303030303,144.0909090909091,0.0,190.93939393939394,0.0,2249.8939393939395,0.0,288.1818181818182,4655.742424242424,0.0,0.0,0.0,0.0,8443.848484848484
446,0.27829254373705664,0.2695100134108839,0.0740743599829305,0.07475262113292976,0.9738804760126482,0.9739230540263617,33.0,33.0,225.5070707070707,224.27828282828284,75.76184242424243,72.95263030303032,62.14930606060606,60.90405454545452,18.51560606060606,18.76128787878788,10.015151515151516,0.0,239.93939393939394,7455.378787878788,13493.560606060606,25.22545454545455,74.55378787878789,74.35723636363635,18.63844696969697,18.58930909090909,92.94654545454547,61.52668030303028,0.0,1.0,1.0,1.0,-0.28180583964646455,1.5,0.0,0.0,5.807890909090907,0.22727272727272727,1.4696969696969697,0.4391700827436865,0.43821891268131413,0.0,0.0,5738.818181818182,150.22727272727272,0.0,199.37878787878788,0.0,2522.5454545454545,0.0,300.45454545454544,4932.833333333333,0.0,0.0,0.0,0.0,7754.742424242424
447,0.2779952779387747,0.2695100134108839,0.07423652603896187,0.07450472400471253,0.973948663999896,0.9739765940559246,35.0,33.0,242.28714285714287,224.50757575757578,66.7989942857143,74.47602424242423,59.662365714285706,61.73644848484846,16.10471428571428,18.72318181818182,9.5,0.0,241.08823529411765,6950.176470588235,14019.529411764706,22.84279411764706,69.50176470588238,70.52461176470588,17.375441176470595,17.63115294117647,88.15576470588239,60.6689058823529,0.0,1.0,1.0,1.0,-0.26393553921568624,1.4852941176470589,0.0,0.0,7.697335294117644,0.2647058823529412,1.411764705882353,0.4478824136052542,0.43002903626618566,0.0,0.0,5791.926470588235,142.5,0.0,189.2058823529412,0.0,2284.279411764706,0.0,285.0,4678.485294117647,0.0,0.0,0.0,0.0,8227.60294117647
448,0.2779952779387747,0.2695100134108839,0.07505207023230688,0.07344348360737506,0.9740113347123046,0.9740386895877512,33.0,34.0,223.26262626262627,241.2529411764706,76.93207272727275,66.58352941176474,63.71934848484848,60.360867647058804,18.78954545454546,16.35389705882353,9.791044776119403,0.0,237.5820895522388,7021.417910447762,13943.522388059702,22.780895522388057,70.21417910447762,71.68057313432837,17.553544776119406,17.920143283582085,89.60071641791046,62.01504477611939,0.0,1.0,1.0,1.0,-0.29198009950248743,1.507462686567164,0.0,0.0,7.888016417910445,0.23880597014925373,1.4179104477611941,0.43771527553166284,0.4455907536633826,0.0,0.0,6208.298507462687,146.86567164179104,0.0,193.46268656716418,0.0,2278.089552238806,0.0,293.7313432835821,4743.328358208955,0.0,0.0,0.0,0.0,7735.223880597015
449,0.2779952779387747,0.2695100134108839,0.07404851645862193,0.07374360396641792,0.9740883605318531,0.9741070417814823,36.0,32.0,237.15694444444443,218.48072916666666,70.5496888888889,75.0372,61.99163611111109,61.81014062499998,16.893472222222226,19.573671875,9.794117647058824,0.0,239.0,7261.89705882353,13702.088235294117,24.422058823529408,72.61897058823529,72.66145882352941,18.15474264705882,18.165364705882354,90.82682352941175,61.9062264705882,0.0,1.0,1.0,1.0,-0.2897130514705881,1.4705882352941178,0.0,0.0,7.399510294117643,0.16176470588235295,1.4264705882352942,0.46285176966261193,0.4169675752603585,0.0,0.0,5770.411764705882,146.91176470588235,0.0,194.27941176470588,0.0,2442.205882352941,0.0,293.8235294117647,4819.691176470588,0.0,0.0,0.0,0.0,7931.676470588235
450,0.2779952779387747,0.2695100134108839,0.07350050568761943,0.07383852112520575,0.9741552959484256,0.9741734831658556,35.0,34.0,229.23857142857145,240.6171568627451,73.66052571428574,67.64442352941177,60.6753314285714,60.59547058823529,18.024499999999996,16.374852941176467,9.623188405797102,0.0,242.85507246376812,6884.652173913043,14090.72463768116,22.035507246376806,68.84652173913041,70.69606956521739,17.211630434782602,17.674017391304343,88.37008695652175,60.63597971014489,0.0,1.0,1.0,1.0,-0.2632495772946858,1.4927536231884058,0.0,0.0,7.151540579710143,0.2753623188405797,1.3768115942028984,0.4466196974075882,0.43364060967515006,0.0,0.0,5873.275362318841,144.34782608695653,0.0,190.57971014492753,0.0,2203.550724637681,0.0,288.69565217391306,4681.101449275362,0.0,0.0,0.0,0.0,8217.449275362318
451,0.2779952779387747,0.2695100134108839,0.0729801769692721,0.0747502996810038,0.9742342001675709,0.9742345846825811,35.0,33.0,234.5719047619048,235.55353535353535,71.37188571428571,70.70332121212122,62.87945714285711,60.22903939393936,17.26121428571429,17.125833333333336,9.544117647058824,0.0,233.64705882352942,6878.205882352941,14102.89705882353,21.627352941176465,68.7820588235294,71.04743529411768,17.19551470588235,17.761858823529415,88.80929411764707,61.59322499999998,0.0,1.0,1.0,1.0,-0.2831921874999999,1.4852941176470589,0.0,0.0,7.741304411764705,0.27941176470588236,1.3676470588235294,0.45162386854356396,0.42760922547029034,0.0,0.0,6331.617647058823,143.0,0.0,188.5735294117647,0.0,2162.735294117647,0.0,286.3235294117647,4715.470588235294,0.0,0.0,0.0,0.0,7771.279411764706
452,0.2779952779387747,0.2695100134108839,0.07544360704623655,0.07394956953160906,0.9742957973762002,0.9743024763628466,34.0,32.0,239.69019607843137,215.27604166666666,69.36037647058822,80.23000000000002,61.29171764705881,63.96774062499999,16.522132352941174,19.972421875,10.015151515151516,0.0,238.3181818181818,7278.0,13671.181818181818,23.23818181818182,72.77999999999997,74.63049696969699,18.194999999999993,18.65762424242424,93.28812121212125,62.58918333333332,0.0,1.0,1.0,1.0,-0.3039413194444444,1.4848484848484849,0.0,0.0,6.153686363636363,0.22727272727272727,1.3636363636363635,0.4476381255709016,0.42658275423515907,0.0,0.0,5620.333333333333,150.22727272727272,0.0,199.13636363636363,0.0,2323.818181818182,0.0,300.45454545454544,4954.181818181818,0.0,0.0,0.0,0.0,8050.848484848485
453,0.2779952779387747,0.2695100134108839,0.07468307948904793,0.07426513153503782,0.9743600034457951,0.9743779392657048,33.0,35.0,215.28131313131314,241.99285714285716,76.95263030303032,69.48297142857146,61.63104545454543,60.067514285714296,20.01545454545455,16.17478571428572,9.911764705882353,0.0,233.88235294117646,7215.455882352941,13741.79411764706,23.71176470588236,72.1545588235294,73.10795294117646,18.03863970588235,18.276988235294112,91.38494117647059,60.826286764705856,0.0,1.0,1.0,1.0,-0.26721430759803916,1.5147058823529411,0.0,0.0,5.756973529411761,0.22058823529411764,1.4411764705882353,0.4261398245839552,0.44361180370273257,0.0,0.0,6133.970588235294,147.4558823529412,0.0,196.94117647058823,0.0,2371.176470588235,0.0,297.3529411764706,4844.279411764706,0.0,0.0,0.0,0.0,7607.823529411765
454,0.2786211346371611,0.2695100134108839,0.07592900302910642,0.07233181350641482,0.9744216497608206,0.9744374461117714,36.0,34.0,242.0013888888889,213.59803921568627,68.19377777777778,80.80489411764708,60.98144444444441,63.573261764705904,16.173124999999995,20.24242647058824,9.971428571428572,0.0,232.24285714285713,7259.857142857143,13692.328571428572,23.261714285714284,72.59857142857143,74.31917714285716,18.149642857142858,18.579794285714286,92.89897142857144,62.24032714285713,0.0,1.0,1.0,1.0,-0.2966734821428571,1.4857142857142858,0.0,0.0,6.070792857142855,0.24285714285714285,1.4,0.438329213243524,0.4202693740444037,0.0,0.0,5824.371428571429,149.57142857142858,0.0,198.1,0.0,2326.1714285714284,0.0,299.14285714285717,4933.685714285714,0.0,0.0,0.0,0.0,7867.957142857143
455,0.2786475119154266,0.26994317605943413,0.07784245690825096,0.07194752598621958,0.9744907804809708,0.9745043823342983,35.0,37.0,226.17714285714285,258.91621621621624,74.35428571428572,61.2185945945946,61.946237142857136,59.26539999999997,18.435142857142857,13.837972972972976,9.097222222222221,0.0,233.16666666666666,6429.083333333333,14580.083333333334,19.43527777777778,64.29083333333334,67.60400000000003,16.072708333333335,16.901000000000007,84.50500000000001,60.56858472222221,0.0,1.0,1.0,1.0,-0.26184551504629616,1.5138888888888888,0.0,0.0,9.037293055555551,0.2916666666666667,1.4305555555555556,0.42810175789597493,0.4362133702001132,0.0,0.0,6400.847222222223,136.45833333333334,0.0,180.45833333333334,0.0,1943.5277777777778,0.0,272.9166666666667,4485.555555555556,0.0,0.0,0.0,0.0,8179.236111111111
456,0.2786475119154266,0.26994317605943413,0.07857701630497636,0.07237288071163549,0.9745425392670656,0.974562641103645,36.0,31.0,251.30185185185186,211.19139784946236,65.01084444444444,80.03468387096775,59.52374999999998,63.02459999999997,14.872152777777776,20.55959677419355,9.761194029850746,0.0,238.4179104477612,7001.462686567164,13964.597014925374,22.335223880597017,70.01462686567162,71.96217313432837,17.503656716417904,17.99054328358209,89.95271641791047,61.1435462686567,0.0,1.0,1.0,1.0,-0.2738238805970148,1.462686567164179,0.0,0.0,6.6850298507462655,0.23880597014925373,1.4328358208955223,0.46990619546089907,0.4147830276371368,0.0,0.0,6101.671641791045,146.26865671641792,0.0,193.83582089552237,0.0,2233.5223880597014,0.0,292.8358208955224,4767.940298507463,0.0,0.0,0.0,0.0,7862.925373134329
457,0.2786475119154266,0.26994317605943413,0.07922826248313916,0.07363359892118479,0.9746089159813759,0.9746240412784709,33.0,35.0,231.09343434343432,246.54142857142858,72.65551515151517,67.99396571428571,61.21046363636361,59.66242857142854,17.71242424242424,15.531999999999996,9.558823529411764,0.0,239.55882352941177,6636.058823529412,14342.676470588236,19.83691176470589,66.36058823529413,70.25618823529408,16.590147058823533,17.564047058823515,87.82023529411764,60.413680882352914,0.0,1.0,1.0,1.0,-0.2586183517156861,1.5147058823529411,0.0,0.0,6.74763970588235,0.22058823529411764,1.4558823529411764,0.430130686602857,0.4440192322269673,0.0,0.0,6245.220588235294,143.38235294117646,0.0,190.11764705882354,0.0,1983.6911764705883,0.0,286.7647058823529,4652.367647058823,0.0,0.0,0.0,0.0,8097.455882352941
458,0.2786475119154266,0.26994317605943413,0.0789995417867913,0.07386088637395448,0.9746636827175982,0.9746932903771824,34.0,33.0,248.13088235294117,224.8969696969697,66.34503529411766,74.96940606060606,60.497223529411755,62.786357575757556,15.30161764705882,18.625530303030303,9.597014925373134,0.0,240.5820895522388,6775.507462686567,14201.23880597015,21.001791044776116,67.75507462686565,70.59285970149253,16.938768656716412,17.64821492537313,88.24107462686571,61.62470746268656,0.0,1.0,1.0,1.0,-0.2838480721393036,1.492537313432836,0.0,0.0,7.9706164179104455,0.26865671641791045,1.4328358208955223,0.44571940403427335,0.4307342335369865,0.0,0.0,5823.582089552238,143.955223880597,0.0,190.38805970149255,0.0,2100.179104477612,0.0,287.910447761194,4675.328358208955,0.0,0.0,0.0,0.0,8377.65671641791
459,0.2786520253036778,0.26994317605943413,0.08045080160835096,0.07424063227692763,0.9747271891391435,0.9747586490174251,32.0,34.0,222.86822916666668,228.56813725490196,74.63580000000002,73.6587294117647,61.49756562499999,61.79074705882352,18.8740625,18.10426470588235,10.196969696969697,0.0,243.07575757575756,7391.0,13548.272727272728,24.91636363636363,73.91,74.13246060606066,18.4775,18.533115151515155,92.66557575757572,61.64859848484845,0.0,1.0,1.0,1.0,-0.28434580176767665,1.5151515151515151,0.0,0.0,5.9936378787878795,0.21212121212121213,1.4242424242424243,0.4274298339349513,0.4530167336025792,0.0,0.0,5843.333333333333,152.15151515151516,0.0,201.66666666666666,0.0,2491.6363636363635,0.0,305.90909090909093,4899.363636363636,0.0,0.0,0.0,0.0,7704.939393939394
460,0.2786520253036778,0.26994317605943413,0.07889959029066056,0.0740573078342154,0.9747961881530987,0.9748251117045983,34.0,35.0,230.63529411764705,234.6642857142857,72.12630588235294,69.54788571428571,62.007099999999994,61.22691428571429,17.7925,17.268,9.666666666666666,0.0,241.7536231884058,7010.579710144928,13960.739130434782,23.237246376811594,70.10579710144928,70.81841159420291,17.52644927536232,17.70460289855072,88.52301449275362,61.611353623188364,0.0,1.0,1.0,1.0,-0.2835698671497585,1.5072463768115942,0.0,0.0,8.319391304347823,0.2318840579710145,1.4202898550724639,0.42798790657295444,0.43872330251452196,0.0,0.0,5749.550724637681,145.0,0.0,192.68115942028984,0.0,2323.7246376811595,0.0,290.0,4686.855072463768,0.0,0.0,0.0,0.0,8211.188405797102
461,0.2786520253036778,0.26994317605943413,0.07992468863239152,0.07381862617455426,0.9748505231793329,0.9748823215899926,35.0,34.0,239.09714285714287,233.92892156862746,69.50418285714288,72.57882352941178,61.054434285714265,62.56845882352941,16.592785714285714,17.308161764705886,9.681159420289855,0.0,245.28985507246378,6778.115942028986,14193.028985507246,20.768405797101448,67.78115942028987,71.01922318840576,16.945289855072467,17.75480579710144,88.77402898550726,61.800475362318814,0.0,1.0,1.0,1.0,-0.2875099033816425,1.4927536231884058,0.0,0.0,7.726542028985507,0.2318840579710145,1.4782608695652173,0.44430297908151534,0.43369211702228555,0.0,0.0,6425.391304347826,145.2173913043478,0.0,192.20289855072463,0.0,2076.840579710145,0.0,290.4347826086956,4701.275362318841,0.0,0.0,0.0,0.0,7767.63768115942
462,0.2786520253036778,0.26994317605943413,0.08131423786983896,0.07340506898920726,0.9749055347833049,0.974943541761412,34.0,34.0,230.07990196078433,237.56176470588235,73.9561411764706,70.43896470588237,64.59087058823528,60.92759411764705,17.89330882352941,16.82080882352941,9.661764705882353,0.0,239.5735294117647,6942.823529411765,14029.25,21.47794117647059,69.42823529411763,72.19755294117648,17.357058823529407,18.049388235294117,90.24694117647063,62.759232352941154,0.0,1.0,1.0,1.0,-0.307484007352941,1.5,0.0,0.0,7.918738235294116,0.17647058823529413,1.4411764705882353,0.44165882229438075,0.44239828546855126,0.0,0.0,5416.176470588235,144.9264705882353,0.0,192.14705882352942,0.0,2147.794117647059,0.0,289.8529411764706,4795.029411764706,0.0,0.0,0.0,0.0,8613.073529411764
463,0.2786520253036778,0.26994317605943413,0.08163108626838632,0.0743652569853961,0.9749650731652512,0.9749997134299377,34.0,33.0,235.21127450980393,240.57121212121214,70.93854117647058,70.0617696969697,61.00300294117646,60.91150909090908,17.16720588235294,16.370378787878792,9.537313432835822,0.0,239.0597014925373,6709.895522388059,14271.074626865671,20.360746268656722,67.09895522388058,70.50669850746269,16.774738805970145,17.626674626865665,88.13337313432835,60.957938805970095,0.0,1.0,1.0,1.0,-0.26995705845771134,1.492537313432836,0.0,0.0,7.225979104477609,0.2537313432835821,1.4179104477611941,0.45162691221212303,0.43644464644035313,0.0,0.0,6083.134328358209,143.0597014925373,0.0,188.8507462686567,0.0,2036.0746268656717,0.0,286.1194029850746,4673.820895522388,0.0,0.0,0.0,0.0,8187.940298507463
464,0.2786520253036778,0.26994317605943413,0.08247279836431122,0.07365131844473718,0.97502536427409,0.9750599448759337,34.0,32.0,221.4313725490196,217.1703125,78.43331764705883,78.23680000000002,64.05545,61.42821875,19.125220588235294,19.738593750000003,10.287878787878787,0.0,239.6060606060606,7769.045454545455,13161.924242424242,25.490757575757584,77.69045454545459,78.33803636363635,19.422613636363646,19.584509090909087,97.92254545454549,62.78164090909089,0.0,1.0,1.0,1.0,-0.30795085227272717,1.4848484848484849,0.0,0.0,3.8662181818181804,0.2727272727272727,1.4090909090909092,0.4515245519074448,0.4305845184804798,0.0,0.0,5649.212121212121,154.3181818181818,0.0,205.07575757575756,0.0,2549.0757575757575,0.0,308.6363636363636,5219.969696969697,0.0,0.0,0.0,0.0,7512.712121212121
465,0.2786520253036778,0.26994317605943413,0.08314933394545529,0.0733299568306075,0.9750884805332035,0.9751183079148277,36.0,34.0,237.42222222222225,243.14754901960785,69.8976,65.65364705882352,61.49524444444441,60.45182058823528,16.843541666666663,16.080000000000005,9.214285714285714,0.0,248.44285714285715,6589.071428571428,14412.185714285713,20.95614285714286,65.89071428571428,67.83625142857143,16.47267857142857,16.95906285714285,84.79531428571428,60.98843857142853,0.0,1.0,1.0,1.0,-0.27059247023809513,1.4857142857142858,0.0,0.0,9.624865714285713,0.18571428571428572,1.4142857142857144,0.4525954216574307,0.42760160550222864,0.0,0.0,6585.042857142857,138.21428571428572,0.0,183.1,0.0,2095.614285714286,0.0,276.42857142857144,4493.457142857143,0.0,0.0,0.0,0.0,7827.142857142857
466,0.2786520253036778,0.26994317605943413,0.08289848439305399,0.07317811879366207,0.9751472627654776,0.9751812058148941,35.0,31.0,248.33904761904762,213.64946236559138,64.89398857142858,80.02085161290327,60.13390571428568,64.02596129032258,15.27928571428572,20.247822580645156,9.757575757575758,0.0,248.0909090909091,7045.19696969697,13922.727272727272,22.740606060606062,70.45196969696968,71.99903030303032,17.61299242424242,17.999757575757574,89.9987878787879,61.9619924242424,0.0,1.0,1.0,1.0,-0.29087484217171705,1.4696969696969697,0.0,0.0,7.575954545454544,0.24242424242424243,1.378787878787879,0.4621766356695994,0.4095740299793377,0.0,0.0,6421.287878787879,145.22727272727272,0.0,193.12121212121212,0.0,2274.060606060606,0.0,292.72727272727275,4771.136363636364,0.0,0.0,0.0,0.0,7501.439393939394
467,0.2786520253036778,0.26994317605943413,0.0810901938472563,0.07378297390045964,0.9752089247101879,0.975241696941374,33.0,34.0,211.00252525252526,239.803431372549,79.90341818181821,67.46352941176471,62.15915757575756,61.17125294117647,20.58674242424243,16.547794117647058,9.970149253731343,0.0,245.3582089552239,7414.850746268657,13537.074626865671,25.37970149253732,74.14850746268655,73.59063880597019,18.537126865671638,18.397659701492543,91.98829850746272,61.657832835820884,0.0,1.0,1.0,1.0,-0.284538184079602,1.507462686567164,0.0,0.0,6.6043208955223855,0.2537313432835821,1.4029850746268657,0.4365100722239917,0.44152154920910003,0.0,0.0,5647.462686567164,149.55223880597015,0.0,198.4179104477612,0.0,2537.9701492537315,0.0,299.1044776119403,4876.880597014925,0.0,0.0,0.0,0.0,7889.611940298508
468,0.27896084311271074,0.26994317605943413,0.08084781992822242,0.07663394710910668,0.9752683542399884,0.975303729972394,37.0,32.0,246.25,233.38489583333333,67.24756756756756,72.16300000000001,59.7264297297297,63.18354374999998,15.624594594594592,17.38078125,9.36231884057971,0.0,243.95652173913044,6575.623188405797,14417.014492753624,19.630144927536232,65.75623188405798,69.52718840579712,16.439057971014496,17.381797101449273,86.9089855072464,61.3297289855072,0.0,1.0,1.0,1.0,-0.2777026871980675,1.463768115942029,0.0,0.0,8.241598550724637,0.30434782608695654,1.391304347826087,0.46132344953832527,0.40628318026521343,0.0,0.0,6628.04347826087,140.43478260869566,0.0,185.05797101449275,0.0,1963.0144927536232,0.0,280.8695652173913,4612.608695652174,0.0,0.0,0.0,0.0,7788.971014492754
469,0.27896084311271074,0.26994317605943413,0.07988652174072224,0.07713265700413743,0.9753240550881336,0.975366875738331,34.0,33.0,225.96176470588233,238.89242424242423,75.06917647058823,69.20746666666669,61.87968823529409,59.872448484848455,18.449117647058824,16.65704545454545,9.761194029850746,0.0,241.77611940298507,7026.582089552238,13939.835820895523,22.414626865671647,70.2658208955224,72.18206567164184,17.5664552238806,18.04551641791045,90.22758208955227,60.89104776119401,0.0,1.0,1.0,1.0,-0.2685634950248755,1.492537313432836,0.0,0.0,6.275437313432833,0.2537313432835821,1.3432835820895523,0.4444274849136795,0.4309534751457613,0.0,0.0,6108.626865671642,146.4179104477612,0.0,193.32835820895522,0.0,2241.4626865671644,0.0,292.8358208955224,4785.119402985075,0.0,0.0,0.0,0.0,7831.20895522388
470,0.27896084311271074,0.26994317605943413,0.08283287087507903,0.07587775770873804,0.9753858330724268,0.9754296928731722,36.0,32.0,236.37546296296296,225.40052083333333,68.64640000000003,73.9954,61.06328055555553,61.418034374999976,17.029097222222227,18.5659375,9.661764705882353,0.0,245.69117647058823,7100.926470588235,13872.64705882353,23.86676470588236,71.00926470588236,71.16357647058827,17.75231617647059,17.790894117647063,88.95447058823531,61.23022352941177,0.0,1.0,1.0,1.0,-0.275629656862745,1.4705882352941178,0.0,0.0,7.818963235294117,0.25,1.411764705882353,0.4696556036524897,0.41453846404448946,0.0,0.0,5665.411764705882,143.7058823529412,0.0,191.86764705882354,0.0,2386.676470588235,0.0,289.8529411764706,4714.25,0.0,0.0,0.0,0.0,8207.235294117647
471,0.27896084311271074,0.26994317605943413,0.08254238945315734,0.07854694808825075,0.9754447454479468,0.9754872774617254,35.0,33.0,230.6090476190476,232.66464646464647,71.43588571428572,71.3939393939394,60.50887142857142,61.206272727272705,17.795642857142862,17.52848484848485,9.794117647058824,0.0,250.14705882352942,7066.39705882353,13896.39705882353,23.44044117647059,70.66397058823529,71.4155294117647,17.66599264705882,17.853882352941167,89.26941176470586,60.847316176470564,0.0,1.0,1.0,1.0,-0.26765242034313724,1.4852941176470589,0.0,0.0,7.097779411764702,0.23529411764705882,1.411764705882353,0.4514582989908552,0.4243923526374128,0.0,0.0,5926.294117647059,146.91176470588235,0.0,195.47058823529412,0.0,2344.044117647059,0.0,293.8235294117647,4722.35294117647,0.0,0.0,0.0,0.0,7970.10294117647
472,0.27896084311271074,0.26994317605943413,0.0824701130638757,0.07809642756761191,0.9755006880337127,0.9755483590788866,36.0,33.0,235.93055555555557,238.2080808080808,70.83004444444445,70.80475151515152,61.83180277777775,60.705263636363625,17.053958333333334,16.75742424242424,9.44927536231884,0.0,244.81159420289856,6764.855072463768,14221.188405797102,20.590144927536244,67.6485507246377,70.81794782608694,16.912137681159425,17.704486956521734,88.52243478260871,61.29302318840576,0.0,1.0,1.0,1.0,-0.2769379830917874,1.4782608695652173,0.0,0.0,7.3872130434782575,0.2608695652173913,1.318840579710145,0.45976306475387896,0.41738027978491454,0.0,0.0,6329.420289855072,141.7391304347826,0.0,187.7391304347826,0.0,2059.014492753623,0.0,283.4782608695652,4705.840579710145,0.0,0.0,0.0,0.0,7891.768115942029
473,0.27896084311271074,0.26994317605943413,0.0832069444856037,0.07891783180635216,0.9755624619174107,0.9756106741804301,36.0,32.0,249.2125,225.96614583333334,65.5937777777778,73.87340000000002,59.72007777777776,61.30363749999999,15.18673611111111,18.488046875,9.352941176470589,0.0,252.66176470588235,6696.117647058823,14296.382352941177,20.855882352941173,66.96117647058823,69.49007058823526,16.740294117647057,17.372517647058814,86.86258823529418,60.46528235294116,0.0,1.0,1.0,1.0,-0.2596933823529411,1.4705882352941178,0.0,0.0,7.715505882352938,0.29411764705882354,1.3970588235294117,0.46400004308840126,0.4167103375224286,0.0,0.0,6227.676470588235,139.7058823529412,0.0,186.2058823529412,0.0,2085.5882352941176,0.0,280.5882352941176,4610.529411764706,0.0,0.0,0.0,0.0,8068.705882352941
474,0.2793903048293885,0.26994317605943413,0.08320140672978252,0.08144717682849677,0.9756294922175185,0.9756724553724955,33.0,33.0,240.15959595959598,223.30050505050505,69.83912727272731,75.44513939393939,60.4037333333333,62.935615151515144,16.429772727272724,18.870454545454542,9.787878787878787,0.0,254.5151515151515,7060.045454545455,13903.80303030303,22.413181818181815,70.60045454545455,72.64213333333336,17.65011363636364,18.160533333333337,90.8026666666667,61.669674242424215,0.0,1.0,1.0,1.0,-0.284784880050505,1.5,0.0,0.0,6.677654545454542,0.22727272727272727,1.4090909090909092,0.4386474737450362,0.43383360192474496,0.0,0.0,6041.666666666667,146.8181818181818,0.0,194.6969696969697,0.0,2241.318181818182,0.0,293.6363636363636,4818.727272727273,0.0,0.0,0.0,0.0,7862.136363636364
475,0.2793903048293885,0.26994317605943413,0.08323614203930768,0.08291560021439659,0.9756838583982925,0.9757273869178467,32.0,34.0,226.5546875,234.3220588235294,74.9782,71.12244705882352,61.47558437499998,60.84953823529411,18.345156250000002,17.30301470588236,9.893939393939394,0.0,245.8030303030303,7123.318181818182,13833.363636363636,22.865454545454543,71.23318181818182,72.99190303030308,17.808295454545455,18.247975757575766,91.23987878787884,61.15307575757573,0.0,1.0,1.0,1.0,-0.2740224116161615,1.5151515151515151,0.0,0.0,5.969468181818181,0.2727272727272727,1.4696969696969697,0.428056977128563,0.45191638863485895,0.0,0.0,5882.318181818182,148.4090909090909,0.0,197.0909090909091,0.0,2286.5454545454545,0.0,296.8181818181818,4836.772727272727,0.0,0.0,0.0,0.0,7951.045454545455
476,0.27988513616623556,0.26994317605943413,0.08342279184885212,0.08159593840778333,0.9757511220838673,0.9757839404898198,34.0,33.0,229.77107843137256,240.52828282828284,75.33515294117646,69.00053333333335,61.94863235294117,60.70346666666664,17.894338235294118,16.38666666666667,9.791044776119403,0.0,255.11940298507463,6860.701492537313,14104.164179104477,20.756119402985075,68.60701492537316,72.21511641791044,17.15175373134329,18.05377910447761,90.26889552238806,61.33534179104474,0.0,1.0,1.0,1.0,-0.2778196206467661,1.492537313432836,0.0,0.0,6.271979104477608,0.26865671641791045,1.3880597014925373,0.4339919009972685,0.4357993690520282,0.0,0.0,6069.074626865671,146.86567164179104,0.0,193.53731343283582,0.0,2075.6119402985073,0.0,293.7313432835821,4785.089552238806,0.0,0.0,0.0,0.0,8035.089552238806
477,0.27988513616623556,0.26994317605943413,0.08428994603503563,0.0815496283602442,0.9758072355717917,0.9758466043012846,35.0,32.0,237.10380952380953,223.59114583333334,70.02934857142859,75.55179999999999,62.203602857142855,62.094365624999995,16.891571428571428,18.762265624999998,9.970149253731343,0.0,258.65671641791045,7114.014925373134,13839.0,23.09298507462686,71.14014925373135,72.66693731343285,17.785037313432838,18.166734328358206,90.83367164179103,62.15142985074626,0.0,1.0,1.0,1.0,-0.2948214552238806,1.4776119402985075,0.0,0.0,7.269529850746267,0.23880597014925373,1.4179104477611941,0.4606987163587862,0.42087756636752444,0.0,0.0,5912.686567164179,149.55223880597015,0.0,197.32835820895522,0.0,2309.2985074626868,0.0,299.1044776119403,4804.7164179104475,0.0,0.0,0.0,0.0,7926.313432835821
478,0.2800983144785189,0.26994317605943413,0.08463907343273909,0.0818945234082201,0.9758583953571732,0.9759019176606213,34.0,34.0,228.50931372549022,227.12696078431372,73.25345882352943,73.73628235294119,62.269785294117625,61.406935294117616,18.180882352941175,18.288823529411765,9.808823529411764,0.0,253.16176470588235,7293.941176470588,13669.088235294117,24.104264705882347,72.93941176470588,73.4948705882353,18.23485294117647,18.373717647058818,91.86858823529415,61.83836029411765,0.0,1.0,1.0,1.0,-0.28829917279411754,1.5,0.0,0.0,6.57834264705882,0.2647058823529412,1.3823529411764706,0.4454521419141604,0.4407244254050481,0.0,0.0,5783.529411764706,147.13235294117646,0.0,194.5735294117647,0.0,2410.426470588235,0.0,294.2647058823529,4883.514705882353,0.0,0.0,0.0,0.0,7885.558823529412
479,0.2802097574002137,0.27000061106640183,0.08470184303447649,0.08154820518782623,0.9759177929245516,0.9759578179534719,33.0,35.0,226.48080808080806,240.30095238095237,74.28499393939394,63.31190857142857,61.85111818181816,57.94519428571427,18.383939393939396,14.996500000000001,9.397058823529411,0.0,247.47058823529412,6656.161764705882,14015.64705882353,21.16132352941176,66.56161764705884,68.63708235294119,16.64040441176471,17.159270588235294,85.79635294117648,59.84071617647054,0.0,1.0,1.0,1.0,-0.2466815870098038,1.5147058823529411,0.0,0.0,7.844038235294115,0.27941176470588236,1.4558823529411764,0.4253297079520572,0.4451757745724046,0.0,0.0,6185.39705882353,140.9558823529412,0.0,186.69117647058823,0.0,2116.1323529411766,0.0,281.9117647058824,4540.029411764706,0.0,0.0,0.0,0.0,8147.882352941177
480,0.28022491523059023,0.2701096427165844,0.08449581956139186,0.08063785117322392,0.9759764042025421,0.9760196440539762,34.0,32.0,235.02450980392157,224.15885416666666,70.88640000000002,74.63180000000003,61.422794117647044,61.785049999999984,17.175220588235295,18.744296875000003,9.863636363636363,0.0,261.0151515151515,7174.393939393939,13785.378787878788,23.57590909090909,71.74393939393939,72.70235151515153,17.935984848484846,18.175587878787876,90.8779393939394,61.5984333333333,0.0,1.0,1.0,1.0,-0.28330069444444433,1.4848484848484849,0.0,0.0,6.832066666666663,0.18181818181818182,1.4393939393939394,0.4568560160355973,0.42532509895088577,0.0,0.0,6153.515151515152,147.95454545454547,0.0,195.36363636363637,0.0,2357.590909090909,0.0,295.90909090909093,4816.80303030303,0.0,0.0,0.0,0.0,7631.863636363636
481,0.28022491523059023,0.27018563521452793,0.08290624927237421,0.07972574974794601,0.9760342622402011,0.9760745139688508,34.0,33.0,225.296568627451,236.0368686868687,74.67463529411765,69.60756363636365,62.86062352941173,60.13076969696968,18.606764705882348,17.038030303030304,9.716417910447761,0.0,253.5820895522388,7133.641791044776,13835.194029850747,23.448507462686567,71.33641791044776,72.17891343283583,17.83410447761194,18.044728358208957,90.22364179104477,61.516068656716385,0.0,1.0,1.0,1.0,-0.2815847636815919,1.492537313432836,0.0,0.0,7.171259701492535,0.208955223880597,1.4477611940298507,0.45040647227991465,0.43225684720682844,0.0,0.0,5835.985074626866,145.6865671641791,0.0,192.98507462686567,0.0,2344.8507462686566,0.0,291.4925373134328,4788.79104477612,0.0,0.0,0.0,0.0,7999.20895522388
482,0.28022491523059023,0.27023794705309284,0.08271998272064585,0.08182853336420472,0.9760849272942965,0.9761304349061699,34.0,33.0,236.05539215686272,230.57474747474745,70.36555294117647,72.31786666666666,61.220058823529385,60.93173030303029,17.018602941176468,17.826363636363634,9.73134328358209,0.0,255.19402985074626,6966.582089552238,14001.358208955224,22.456417910447758,69.66582089552239,71.32714029850749,17.416455223880597,17.83178507462687,89.15892537313432,61.07804626865669,0.0,1.0,1.0,1.0,-0.2724592972636815,1.492537313432836,0.0,0.0,7.167361194029849,0.26865671641791045,1.373134328358209,0.4494236958003312,0.43289155490196457,0.0,0.0,5810.79104477612,145.97014925373134,0.0,193.1492537313433,0.0,2245.6417910447763,0.0,291.94029850746267,4720.940298507463,0.0,0.0,0.0,0.0,8190.567164179104
483,0.28022491523059023,0.2702896307972993,0.08288248310935088,0.08078215077774992,0.9761433904856794,0.9761793725189168,34.0,33.0,233.36568627450978,217.46363636363637,72.05910588235294,78.35791515151516,61.2794676470588,64.46358484848484,17.420514705882354,19.673787878787873,10.104477611940299,0.0,253.9402985074627,7412.134328358209,13532.0,24.24283582089551,74.1213432835821,75.1615044776119,18.530335820895527,18.79037611940297,93.95188059701495,62.84776417910446,0.0,1.0,1.0,1.0,-0.30932842039800984,1.492537313432836,0.0,0.0,6.216595522388057,0.208955223880597,1.4477611940298507,0.4534531845821738,0.4357123746415901,0.0,0.0,5762.567164179104,151.34328358208955,0.0,200.38805970149255,0.0,2424.283582089552,0.0,303.13432835820896,4987.850746268657,0.0,0.0,0.0,0.0,7769.432835820896
484,0.28022491523059023,0.27029787686468376,0.08216328810143357,0.07925196254125748,0.9762073041198289,0.9762377929170839,34.0,36.0,241.03676470588235,252.6212962962963,69.8358588235294,62.99946666666668,60.0223176470588,59.47617222222219,16.302720588235292,14.710486111111107,9.042857142857143,0.0,262.3142857142857,6193.542857142857,14819.671428571428,18.035428571428568,61.93542857142857,66.32000000000004,15.483857142857142,16.580000000000005,82.89999999999999,59.74144285714283,0.0,1.0,1.0,1.0,-0.24461339285714265,1.5142857142857142,0.0,0.0,8.905299999999997,0.2571428571428571,1.4,0.43185930898923625,0.45218686528630714,0.0,0.0,6613.414285714286,135.64285714285714,0.0,178.85714285714286,0.0,1803.5428571428572,0.0,271.2857142857143,4390.0,0.0,0.0,0.0,0.0,8206.257142857143
485,0.28022491523059023,0.27029787686468376,0.0829409894265059,0.08077567356966782,0.9762675408904883,0.9762939207592437,33.0,32.0,224.9858585858586,224.5640625,75.37241212121212,74.77799999999999,61.55098484848483,61.261028124999996,18.602500000000003,18.629765625,10.261538461538462,0.0,260.83076923076925,7446.369230769231,13486.692307692309,24.786461538461534,74.46369230769231,75.07977846153847,18.615923076923078,18.76994461538461,93.84972307692308,61.40823692307689,0.0,1.0,1.0,1.0,-0.2793382692307692,1.4923076923076923,0.0,0.0,4.944381538461536,0.2153846153846154,1.4307692307692308,0.4516940164642695,0.4277354426762128,0.0,0.0,5660.953846153846,153.92307692307693,0.0,204.16923076923078,0.0,2478.646153846154,0.0,307.84615384615387,4967.723076923077,0.0,0.0,0.0,0.0,7825.738461538462
486,0.28022491523059023,0.27029787686468376,0.0833827145312177,0.07976723592581654,0.976322968637287,0.976342234775467,34.0,34.0,232.04754901960783,233.7122549019608,71.46465882352943,71.13976470588237,60.44307352941176,61.09765294117646,17.635,17.379779411764705,9.617647058823529,0.0,258.3970588235294,7002.955882352941,13972.79411764706,22.740147058823535,70.02955882352944,71.30221176470589,17.50738970588236,17.82555294117647,89.12776470588236,60.7703632352941,0.0,1.0,1.0,1.0,-0.2660492340686274,1.5,0.0,0.0,6.9755411764705855,0.16176470588235295,1.4411764705882353,0.4452593353028773,0.4381986568094829,0.0,0.0,6115.764705882353,144.26470588235293,0.0,190.4558823529412,0.0,2274.014705882353,0.0,288.52941176470586,4728.941176470588,0.0,0.0,0.0,0.0,7857.029411764706
487,0.28022491523059023,0.27029787686468376,0.08506070277453198,0.07877461269403346,0.9763798185223387,0.9764019585137274,34.0,34.0,232.3906862745098,225.5892156862745,73.18738823529414,74.28630588235296,62.17276176470587,61.443461764705866,17.522058823529413,18.525367647058825,10.029411764705882,0.0,256.11764705882354,7209.485294117647,13739.39705882353,23.26367647058824,72.09485294117647,73.73684705882354,18.023713235294117,18.434211764705875,92.17105882352942,61.80811176470586,0.0,1.0,1.0,1.0,-0.28766899509803917,1.5,0.0,0.0,6.094977941176468,0.2647058823529412,1.3970588235294117,0.43888253204336664,0.434805615847964,0.0,0.0,6087.573529411765,150.44117647058823,0.0,198.7941176470588,0.0,2326.3676470588234,0.0,300.88235294117646,4883.117647058823,0.0,0.0,0.0,0.0,7651.823529411765
488,0.28022491523059023,0.27029787686468376,0.08324474919273651,0.08020935889913203,0.9764412558930722,0.976455585879023,35.0,35.0,247.3357142857143,237.50666666666666,65.69874285714285,70.91876571428571,60.046445714285696,61.804974285714266,15.442785714285716,16.86492857142857,9.128571428571428,0.0,257.25714285714287,6461.542857142857,14545.271428571428,19.236714285714285,64.6154285714286,68.30875428571431,16.15385714285715,17.077188571428575,85.38594285714284,60.92570999999998,0.0,1.0,1.0,1.0,-0.26928562499999986,1.5,0.0,0.0,8.770812857142856,0.2857142857142857,1.4428571428571428,0.44383520214317884,0.4391886745068723,0.0,0.0,5940.657142857143,136.92857142857142,0.0,181.4,0.0,1923.6714285714286,0.0,273.85714285714283,4537.871428571429,0.0,0.0,0.0,0.0,8604.614285714286
489,0.28022491523059023,0.27029787686468376,0.08266111494985895,0.08080961879118659,0.9764978661172319,0.9765125647172134,32.0,34.0,224.634375,245.05,76.20800000000001,67.21374117647059,62.761809374999984,61.45209411764705,18.6409375,15.776176470588238,9.621212121212121,0.0,260.54545454545456,6866.060606060606,14109.09090909091,21.161515151515154,68.66060606060607,71.57459393939394,17.165151515151518,17.893648484848484,89.46824242424243,62.08710757575755,0.0,1.0,1.0,1.0,-0.29348140782828275,1.5151515151515151,0.0,0.0,7.677665151515148,0.22727272727272727,1.4848484848484849,0.43435495935690516,0.4548695256110942,0.0,0.0,6090.954545454545,144.3181818181818,0.0,190.8939393939394,0.0,2116.151515151515,0.0,288.6363636363636,4749.909090909091,0.0,0.0,0.0,0.0,8018.136363636364
490,0.28022491523059023,0.27029787686468376,0.0820582803574906,0.08014403639526707,0.9765519449108417,0.9765711850406362,34.0,32.0,236.71764705882353,232.48541666666668,71.56291764705881,69.66620000000002,61.787385294117634,60.53296249999999,16.919779411764708,17.578906250000006,9.621212121212121,0.0,269.8181818181818,6895.742424242424,14079.939393939394,22.18590909090908,68.95742424242422,70.64329696969696,17.239356060606056,17.66082424242424,88.30412121212122,61.17918030303027,0.0,1.0,1.0,1.0,-0.27456625631313114,1.4848484848484849,0.0,0.0,7.775239393939394,0.3484848484848485,1.3484848484848484,0.4560108583359539,0.4210167572017678,0.0,0.0,6344.80303030303,144.3181818181818,0.0,190.36363636363637,0.0,2218.590909090909,0.0,288.6363636363636,4677.151515151515,0.0,0.0,0.0,0.0,7735.136363636364
491,0.28022491523059023,0.27029787686468376,0.0818429787992238,0.07988992096418764,0.9766115891526781,0.9766222249616605,34.0,32.0,238.6906862745098,223.4703125,66.85044705882353,76.36099999999999,59.834564705882315,63.86559999999999,16.71941176470588,18.77875,9.757575757575758,0.0,260.1515151515151,7087.151515151515,13878.666666666666,23.580000000000002,70.87151515151515,71.46162424242424,17.71787878787879,17.86540606060606,89.32703030303034,61.789006060606035,0.0,1.0,1.0,1.0,-0.2872709595959595,1.4848484848484849,0.0,0.0,8.045260606060607,0.22727272727272727,1.4090909090909092,0.45135246434759635,0.4293986365500852,0.0,0.0,5633.030303030303,146.36363636363637,0.0,194.0909090909091,0.0,2358.0,0.0,292.72727272727275,4729.151515151515,0.0,0.0,0.0,0.0,8245.636363636364
492,0.28022491523059023,0.27029787686468376,0.08022739843266996,0.080100628258345,0.9766615965515487,0.9766811279071308,32.0,34.0,211.06041666666667,247.24509803921566,79.8036,64.80809411764707,62.66955312499999,59.13642352941176,20.570625,15.492573529411766,9.833333333333334,0.0,271.24242424242425,7181.863636363636,13782.060606060606,24.111363636363638,71.81863636363639,72.07864242424242,17.954659090909097,18.0196606060606,90.09830303030304,60.84945606060605,0.0,1.0,1.0,1.0,-0.2676970012626263,1.5151515151515151,0.0,0.0,6.725472727272724,0.19696969696969696,1.4848484848484849,0.4358340525210516,0.457571905657846,0.0,0.0,5816.621212121212,143.96969696969697,0.0,196.1060606060606,0.0,2411.1363636363635,0.0,295.0,4770.727272727273,0.0,0.0,0.0,0.0,7965.439393939394
493,0.28022491523059023,0.27029787686468376,0.08087190652983271,0.07896054323058058,0.9767110664084523,0.9767328054461469,36.0,31.0,248.4962962962963,198.48763440860213,65.52373333333334,82.53687741935485,60.05423611111108,63.72004838709677,15.285416666666666,22.45112903225807,9.835820895522389,0.0,263.5820895522388,7440.358208955224,13521.477611940298,25.669701492537314,74.40358208955224,73.39548656716421,18.60089552238806,18.348871641791046,91.74435820895522,61.75035820895519,0.0,1.0,1.0,1.0,-0.2864657960199004,1.462686567164179,0.0,0.0,6.9557671641791,0.22388059701492538,1.4328358208955223,0.47174718454236547,0.41304313443647833,0.0,0.0,5810.626865671642,145.955223880597,0.0,196.13432835820896,0.0,2566.9701492537315,0.0,295.07462686567163,4873.388059701492,0.0,0.0,0.0,0.0,7710.850746268657
494,0.28022491523059023,0.27029787686468376,0.08097623841058439,0.07859370998710036,0.9767682185999729,0.9767846017963907,33.0,35.0,214.8429292929293,237.16142857142856,77.47471515151517,67.41796571428574,62.39921212121211,60.27387428571427,20.0875,16.9575,9.691176470588236,0.0,261.5147058823529,7390.588235294118,13579.823529411764,25.902500000000003,73.90588235294115,72.29844705882356,18.476470588235287,18.07461176470589,90.3730588235294,61.30528823529411,0.0,1.0,1.0,1.0,-0.2771935049019607,1.5147058823529411,0.0,0.0,7.4833117647058796,0.25,1.4411764705882353,0.4294008542434024,0.4488209401532535,0.0,0.0,5440.75,145.36764705882354,0.0,192.48529411764707,0.0,2590.25,0.0,290.7352941176471,4800.338235294118,0.0,0.0,0.0,0.0,8139.073529411765
495,0.28022491523059023,0.27029787686468376,0.08156281759808964,0.07865513951299517,0.9768287834026391,0.9768382270506167,35.0,33.0,245.53571428571428,221.139898989899,66.39469714285717,72.65823030303032,59.511277142857125,61.13899090909089,15.71407142857143,19.20719696969697,9.470588235294118,0.0,268.11764705882354,6963.705882352941,14021.79411764706,23.678235294117663,69.63705882352942,69.43435294117648,17.409264705882354,17.358588235294114,86.79294117647055,60.30119705882348,0.0,1.0,1.0,1.0,-0.25627493872548995,1.4852941176470589,0.0,0.0,8.276108823529404,0.2647058823529412,1.3970588235294117,0.45302960082301125,0.43245046754236527,0.0,0.0,6174.191176470588,141.33823529411765,0.0,188.0441176470588,0.0,2367.823529411765,0.0,284.11764705882354,4595.882352941177,0.0,0.0,0.0,0.0,7847.60294117647
496,0.28022491523059023,0.27029787686468376,0.08173800979847672,0.07901511554348106,0.9768866697803712,0.9768910005453512,32.0,34.0,202.00572916666667,235.4519607843137,81.517,70.80583529411767,62.36244375,60.82603823529411,21.88328125,17.151764705882353,10.287878787878787,0.0,265.09090909090907,7778.333333333333,13154.136363636364,27.410909090909087,77.78333333333335,75.99912727272726,19.445833333333336,18.999781818181816,94.99890909090908,61.570962121212084,0.0,1.0,1.0,1.0,-0.2827283775252525,1.5151515151515151,0.0,0.0,5.017668181818179,0.22727272727272727,1.393939393939394,0.43340474377488303,0.45502660902881636,0.0,0.0,5327.833333333333,152.62121212121212,0.0,205.27272727272728,0.0,2741.090909090909,0.0,308.6363636363636,5037.242424242424,0.0,0.0,0.0,0.0,7826.30303030303
497,0.28022491523059023,0.27029787686468376,0.08104639357779281,0.0799379821202,0.9769374935541086,0.9769375726950337,37.0,33.0,259.08378378378376,239.33636363636364,59.28562162162163,70.72911515151516,59.47027567567565,60.21857272727271,13.790945945945944,16.549166666666665,8.885714285714286,0.0,266.7857142857143,6036.5,14986.457142857143,17.608428571428572,60.365,64.68041142857145,15.09125,16.17010285714285,80.85051428571427,59.82304428571424,0.0,1.0,1.0,1.0,-0.24631342261904754,1.4714285714285715,0.0,0.0,10.233882857142858,0.2571428571428571,1.3714285714285714,0.46005193037707304,0.4199174499283161,0.0,0.0,6421.228571428572,133.28571428571428,0.0,176.18571428571428,0.0,1760.8428571428572,0.0,266.57142857142856,4275.657142857143,0.0,0.0,0.0,0.0,8565.228571428572
498,0.28022491523059023,0.27029787686468376,0.08062821932241522,0.07798388543400142,0.9769907141975813,0.9769938865916636,32.0,32.0,219.36614583333332,230.09322916666667,76.02380000000001,72.83640000000001,61.847740624999986,61.35234999999998,19.395546875,17.892265625,10.140625,0.0,269.375,7457.5625,13483.78125,25.30015625,74.57562499999999,74.43010000000002,18.643906249999997,18.607525,93.03762500000002,61.60004531249998,0.0,1.0,1.0,1.0,-0.2833342773437501,1.5,0.0,0.0,5.813851562499998,0.21875,1.40625,0.44173738293628345,0.4342349435080921,0.0,0.0,5913.296875,152.109375,0.0,201.328125,0.0,2530.015625,0.0,304.21875,4927.546875,0.0,0.0,0.0,0.0,7570.484375
499,0.28022491523059023,0.27029787686468376,0.08004873334073494,0.0765678560267069,0.9770435490610544,0.977040961609599,34.0,32.0,237.10490196078433,232.92552083333334,70.14343529411767,71.94520000000001,60.69155588235293,60.85633749999999,16.88757352941176,17.465546875,9.681818181818182,0.0,274.57575757575756,6867.121212121212,14104.712121212122,21.66075757575758,68.67121212121211,71.01701818181819,17.167803030303027,17.754254545454543,88.77127272727274,60.77144999999996,0.0,1.0,1.0,1.0,-0.26607187499999996,1.4848484848484849,0.0,0.0,6.922234848484846,0.25757575757575757,1.3636363636363635,0.4549857936070638,0.42973437262571457,0.0,0.0,6311.378787878788,145.22727272727272,0.0,191.4848484848485,0.0,2166.0757575757575,0.0,290.45454545454544,4701.045454545455,0.0,0.0,0.0,0.0,7793.333333333333
500,0.28022491523059023,0.27029787686468376,0.0812537743165777,0.07687014158859493,0.9770960733643648,0.977091143003457,34.0,32.0,239.52058823529413,214.59375,68.20630588235294,74.16100000000002,61.28097941176469,61.53479999999998,16.553970588235295,20.197968749999998,9.651515151515152,0.0,271.6969696969697,7328.30303030303,13646.09090909091,26.18636363636364,73.28303030303032,71.0934303030303,18.32075757575758,17.77335757575757,88.86678787878793,61.4040439393939,0.0,1.0,1.0,1.0,-0.27925091540404035,1.4848484848484849,0.0,0.0,8.63137121212121,0.22727272727272727,1.4242424242424243,0.4606283765466674,0.42921369537873866,0.0,0.0,5539.863636363636,143.63636363636363,0.0,191.42424242424244,0.0,2618.6363636363635,0.0,289.54545454545456,4709.666666666667,0.0,0.0,0.0,0.0,8106.227272727273
501,0.28022491523059023,0.27029787686468376,0.08147496022665232,0.07675207722508492,0.9771452443788659,0.977145979741657,33.0,33.0,223.6151515151515,234.57373737373737,75.04213333333334,70.96843636363637,61.133618181818164,59.61039999999998,18.82030303030303,17.241439393939395,9.893939393939394,0.0,270.6666666666667,7212.348484848485,13745.666666666666,23.745303030303027,72.12348484848488,73.00528484848486,18.03087121212122,18.251321212121212,91.25660606060606,60.37200909090905,0.0,1.0,1.0,1.0,-0.2577501893939393,1.5,0.0,0.0,5.39759545454545,0.24242424242424243,1.3636363636363635,0.4422025575761904,0.44230808975805763,0.0,0.0,6123.272727272727,147.93939393939394,0.0,196.22727272727272,0.0,2374.530303030303,0.0,296.8181818181818,4837.818181818182,0.0,0.0,0.0,0.0,7622.393939393939
502,0.28022491523059023,0.27029787686468376,0.08240221321001844,0.07771914837355541,0.9771949534909338,0.9771924290330424,34.0,33.0,244.90833333333333,223.8631313131313,65.13016470588236,77.2672,59.34966176470585,63.366027272727244,15.81375,18.77992424242424,9.507462686567164,0.0,273.2238805970149,6909.880597014925,14072.567164179105,21.864626865671642,69.09880597014923,71.10810746268653,17.274701492537307,17.77702686567163,88.88513432835819,61.32787164179101,0.0,1.0,1.0,1.0,-0.2776639925373133,1.492537313432836,0.0,0.0,7.49446567164179,0.23880597014925373,1.4328358208955223,0.45328554578158897,0.4325680699899376,0.0,0.0,6065.701492537313,142.61194029850745,0.0,188.71641791044777,0.0,2186.4626865671644,0.0,285.2238805970149,4723.417910447762,0.0,0.0,0.0,0.0,8006.865671641791
503,0.28022491523059023,0.27029787686468376,0.08282138734554381,0.07995474904535528,0.9772467503657538,0.9772467376635179,31.0,34.0,209.86129032258066,235.22254901960784,79.24851612903227,71.9977411764706,63.43749677419353,61.28042058823527,20.786774193548393,17.15426470588235,10.153846153846153,0.0,279.84615384615387,7554.676923076923,13387.63076923077,25.481538461538456,75.54676923076926,75.45580307692309,18.886692307692314,18.863950769230765,94.31975384615387,62.30917999999997,0.0,1.0,1.0,1.0,-0.29810791666666664,1.523076923076923,0.0,0.0,5.740069230769227,0.2153846153846154,1.476923076923077,0.42519433607475704,0.46269425075576714,0.0,0.0,5531.461538461538,151.09230769230768,0.0,200.98461538461538,0.0,2548.153846153846,0.0,304.61538461538464,5006.523076923077,0.0,0.0,0.0,0.0,7856.169230769231
504,0.28022491523059023,0.27029787686468376,0.08172273945672234,0.07893816341096292,0.9772946283369481,0.9772997128926809,34.0,34.0,228.57352941176472,246.89166666666668,72.9812705882353,66.94832941176472,61.54511764705879,59.65051470588234,18.12617647058823,15.49183823529412,9.441176470588236,0.0,272.47058823529414,6723.60294117647,14263.95588235294,20.837058823529418,67.23602941176472,69.96480000000004,16.80900735294118,17.491200000000006,87.45600000000002,60.597816176470545,0.0,1.0,1.0,1.0,-0.2624545036764704,1.5,0.0,0.0,7.442023529411762,0.29411764705882354,1.3088235294117647,0.442004301303806,0.4434573667654602,0.0,0.0,6251.558823529412,141.61764705882354,0.0,186.58823529411765,0.0,2083.705882352941,0.0,283.2352941176471,4639.89705882353,0.0,0.0,0.0,0.0,8012.39705882353
505,0.28022491523059023,0.2715538285889444,0.08127295613087655,0.08029662455284019,0.977349063010074,0.9773510903405445,34.0,32.0,219.92254901960783,236.35416666666666,75.8023529411765,69.025,62.37214705882351,61.22124374999997,19.32338235294117,17.017734375000003,9.924242424242424,0.0,260.22727272727275,7282.19696969697,13673.363636363636,24.85227272727272,72.82196969696972,72.51636363636364,18.20549242424243,18.12909090909091,90.64545454545454,61.81413333333331,0.0,1.0,1.0,1.0,-0.28779444444444435,1.4848484848484849,0.0,0.0,7.503262121212121,0.3181818181818182,1.378787878787879,0.44873265597821205,0.41749803357857534,0.0,0.0,5572.924242424242,148.86363636363637,0.0,196.84848484848484,0.0,2485.2272727272725,0.0,297.72727272727275,4796.969696969697,0.0,0.0,0.0,0.0,8100.439393939394
506,0.28022491523059023,0.2715538285889444,0.08247821168363943,0.07978151086987476,0.977401094365123,0.9774055958205513,36.0,31.0,244.3375,219.58548387096775,66.37280000000001,77.09873548387098,60.90656388888887,63.397780645161276,15.87638888888889,19.338225806451618,9.791044776119403,0.0,278.55223880597015,6991.253731343284,13973.10447761194,22.74880597014925,69.91253731343282,71.33554626865671,17.478134328358205,17.83388656716418,89.16943283582088,62.05921641791043,0.0,1.0,1.0,1.0,-0.29290034203980087,1.462686567164179,0.0,0.0,8.201804477611939,0.208955223880597,1.373134328358209,0.46898273015721065,0.416297845699113,0.0,0.0,6128.104477611941,146.86567164179104,0.0,194.044776119403,0.0,2274.8805970149256,0.0,293.7313432835821,4716.373134328358,0.0,0.0,0.0,0.0,7845.0
507,0.28022491523059023,0.2715538285889444,0.08308014533619998,0.08018380924332191,0.9774504750864524,0.9774605703976624,34.0,34.0,219.04460784313727,231.29901960784312,76.92630588235295,72.76762352941176,61.884964705882325,61.239405882352926,19.495000000000005,17.710220588235295,9.985294117647058,0.0,268.4117647058824,7441.044117647059,13510.308823529413,24.67338235294118,74.41044117647063,74.84696470588237,18.602610294117657,18.71174117647059,93.55870588235294,61.562185294117626,0.0,1.0,1.0,1.0,-0.2825455269607843,1.5,0.0,0.0,5.317830882352938,0.19117647058823528,1.4264705882352942,0.441430624480545,0.44318883222671496,0.0,0.0,5729.882352941177,149.77941176470588,0.0,198.30882352941177,0.0,2467.3382352941176,0.0,299.55882352941177,4973.705882352941,0.0,0.0,0.0,0.0,7780.426470588235
508,0.28022491523059023,0.2715538285889444,0.08283081356329537,0.07997212217006137,0.9774974594026052,0.9775140301780734,36.0,34.0,257.7634259259259,224.671568627451,61.30826666666667,75.29938823529412,59.03636944444443,62.78495294117647,13.986388888888891,18.61125,9.32857142857143,0.0,279.72857142857146,6493.1,14501.414285714285,19.887285714285724,64.93099999999998,68.10395428571431,16.232749999999996,17.025988571428567,85.12994285714286,60.85710999999997,0.0,1.0,1.0,1.0,-0.2678564583333332,1.4857142857142858,0.0,0.0,8.985905714285714,0.21428571428571427,1.4142857142857144,0.4568733937961502,0.43275164007533123,0.0,0.0,6332.342857142857,139.92857142857142,0.0,184.7,0.0,1988.7285714285715,0.0,279.85714285714283,4504.371428571429,0.0,0.0,0.0,0.0,8169.071428571428
509,0.28022491523059023,0.2715538285889444,0.0841735776139712,0.07899364740974979,0.9775522805475855,0.9775654443436527,31.0,36.0,220.76397849462364,234.4199074074074,74.41259354838712,71.65440000000001,61.26229354838708,61.195413888888865,19.18701612903226,17.26965277777778,10.029850746268657,0.0,278.76119402985074,7262.7164179104475,13686.089552238805,24.426268656716417,72.62716417910445,72.93057910447764,18.156791044776114,18.2326447761194,91.16322388059703,61.2263582089552,0.0,1.0,1.0,1.0,-0.27554912935323383,1.537313432835821,0.0,0.0,6.452570149253726,0.14925373134328357,1.4477611940298507,0.41717401181851305,0.4694815631163797,0.0,0.0,5883.20895522388,150.44776119402985,0.0,198.8507462686567,0.0,2442.626865671642,0.0,300.8955223880597,4820.089552238806,0.0,0.0,0.0,0.0,7802.880597014925
510,0.28022491523059023,0.2715538285889444,0.08282533916198435,0.07890472039405408,0.9776053293733387,0.977616717235199,33.0,36.0,232.37171717171717,244.0375,72.26259393939398,64.9512888888889,62.66157272727272,59.72375277777777,17.56068181818182,15.970902777777773,9.231884057971014,0.0,275.6231884057971,6692.492753623188,14307.492753623188,21.527826086956523,66.92492753623188,68.44800000000002,16.73123188405797,17.111999999999995,85.55999999999999,61.12879710144923,0.0,1.0,1.0,1.0,-0.27351660628019303,1.5217391304347827,0.0,0.0,9.412028985507243,0.3188405797101449,1.4057971014492754,0.42688555915231385,0.4579721745243045,0.0,0.0,5619.942028985507,138.47826086956522,0.0,183.57971014492753,0.0,2152.782608695652,0.0,276.95652173913044,4539.710144927536,0.0,0.0,0.0,0.0,8687.550724637682
511,0.2805469123996899,0.2715538285889444,0.08290885638350699,0.08169558515876946,0.9776523476760964,0.9776705834192433,33.0,32.0,221.21818181818182,232.79791666666668,75.9429818181818,69.77279999999999,62.02820909090908,60.12155312499998,19.168939393939397,17.547734375000005,9.8,0.0,278.4,7348.323076923077,13615.138461538461,25.100923076923085,73.48323076923079,72.90535384615384,18.370807692307697,18.22633846153846,91.13169230769232,61.08954769230767,0.0,1.0,1.0,1.0,-0.2726989102564102,1.4923076923076923,0.0,0.0,6.555001538461536,0.26153846153846155,1.4153846153846155,0.4452922048530783,0.42803610075378845,0.0,0.0,5752.861538461539,147.0,0.0,194.53846153846155,0.0,2510.0923076923077,0.0,294.0,4838.2307692307695,0.0,0.0,0.0,0.0,7862.276923076923
512,0.2805469123996899,0.2715538285889444,0.08607891473351051,0.08191673401247795,0.9777011099653311,0.9777176463818192,34.0,31.0,226.4313725490196,233.2295698924731,73.168,72.19654193548389,62.635685294117636,61.083890322580615,18.38632352941176,17.444032258064517,9.923076923076923,0.0,286.32307692307694,7174.7692307692305,13780.415384615384,23.62984615384615,71.74769230769232,72.70468923076926,17.93692307692308,18.176172307692312,90.88086153846155,61.89559846153843,0.0,1.0,1.0,1.0,-0.2894916346153846,1.476923076923077,0.0,0.0,7.127832307692304,0.2,1.3846153846153846,0.46129836305884475,0.4281500309663757,0.0,0.0,5973.953846153846,148.84615384615384,0.0,197.27692307692308,0.0,2362.9846153846156,0.0,297.6923076923077,4811.784615384616,0.0,0.0,0.0,0.0,7806.461538461538
513,0.2805469123996899,0.2715538285889444,0.08834039378335262,0.08160533319073869,0.9777500508318724,0.9777639485413016,36.0,31.0,241.2259259259259,213.28225806451613,69.02737777777777,78.04180645161293,60.160119444444426,62.87098064516128,16.290000000000003,20.283467741935485,9.970149253731343,0.0,284.92537313432837,7255.089552238806,13697.805970149253,24.08865671641791,72.5508955223881,73.19823283582092,18.137723880597026,18.299558208955222,91.49779104477611,61.41439850746266,0.0,1.0,1.0,1.0,-0.2794666355721392,1.462686567164179,0.0,0.0,6.353889552238803,0.2537313432835821,1.3582089552238805,0.47083812471774245,0.41759680121743986,0.0,0.0,5889.671641791045,149.55223880597015,0.0,197.44776119402985,0.0,2408.865671641791,0.0,299.1044776119403,4846.223880597015,0.0,0.0,0.0,0.0,7808.134328358209
514,0.2805469123996899,0.2715538285889444,0.08664294007845788,0.08108479273801002,0.9778037451686585,0.9778095296101386,35.0,34.0,238.50714285714284,239.8901960784314,70.91584000000002,66.97731764705883,61.649605714285684,61.042402941176455,16.677714285714288,16.541323529411763,9.304347826086957,0.0,276.2028985507246,6644.202898550725,14351.31884057971,20.696521739130436,66.44202898550725,68.97511884057974,16.610507246376812,17.243779710144928,86.21889855072465,61.350404347826085,0.0,1.0,1.0,1.0,-0.27813342391304335,1.4927536231884058,0.0,0.0,8.985792753623183,0.2028985507246377,1.4492753623188406,0.45169271468428335,0.43533569255579874,0.0,0.0,6411.449275362319,139.56521739130434,0.0,184.7826086956522,0.0,2069.6521739130435,0.0,279.1304347826087,4574.550724637681,0.0,0.0,0.0,0.0,7939.869565217391
515,0.2805469123996899,0.2715538285889444,0.08690238486215426,0.0801356529415529,0.9778570884534585,0.9778615386177727,34.0,32.0,236.71029411764707,214.13177083333332,69.58192941176472,77.7278,59.91697352941174,62.125178124999984,16.984632352941173,20.188124999999996,9.954545454545455,0.0,285.8181818181818,7415.136363636364,13545.787878787878,25.41515151515152,74.15136363636361,73.53144242424246,18.537840909090903,18.382860606060607,91.91430303030305,60.98761818181815,0.0,1.0,1.0,1.0,-0.27057537878787874,1.4848484848484849,0.0,0.0,5.994016666666665,0.22727272727272727,1.4242424242424243,0.4595294993122455,0.4328330211977703,0.0,0.0,5736.060606060606,142.1969696969697,0.0,197.24242424242425,0.0,2541.5151515151515,0.0,298.6363636363636,4873.621212121212,0.0,0.0,0.0,0.0,7809.727272727273
516,0.2805469123996899,0.2715538285889444,0.08594495769736962,0.08196548951829001,0.9779067903104974,0.9779105274387974,33.0,35.0,229.0888888888889,245.30333333333334,74.23883636363638,66.1346742857143,61.70806969696969,59.46019999999997,18.029393939393945,15.708571428571426,9.558823529411764,0.0,278.04411764705884,6733.941176470588,14246.073529411764,20.963088235294123,67.3394117647059,70.06757647058826,16.834852941176475,17.516894117647063,87.5844705882353,60.55107794117644,0.0,1.0,1.0,1.0,-0.2614807904411764,1.5147058823529411,0.0,0.0,7.3183544117647035,0.2647058823529412,1.3823529411764706,0.4353789668226504,0.45429825630895493,0.0,0.0,6093.779411764706,143.38235294117646,0.0,188.83823529411765,0.0,2096.3088235294117,0.0,286.7647058823529,4637.632352941177,0.0,0.0,0.0,0.0,8152.294117647059
517,0.2805469123996899,0.2715538285889444,0.08724480688806403,0.0830829953659776,0.9779583270311336,0.9779559104413298,34.0,33.0,240.45490196078433,233.27777777777777,69.41590588235294,71.13483636363638,61.63926470588233,62.12571818181817,16.39514705882353,17.44780303030303,9.537313432835822,0.0,278.2985074626866,6765.44776119403,14215.194029850747,21.107014925373136,67.65447761194027,70.2625432835821,16.913619402985066,17.565635820895526,87.82817910447763,61.87886119402982,0.0,1.0,1.0,1.0,-0.28914294154228853,1.492537313432836,0.0,0.0,8.529937313432832,0.2537313432835821,1.4477611940298507,0.44829732459511473,0.4394187792860558,0.0,0.0,5959.5970149253735,143.0597014925373,0.0,189.17910447761193,0.0,2110.7014925373132,0.0,286.1194029850746,4654.746268656716,0.0,0.0,0.0,0.0,8255.597014925374
518,0.2805469123996899,0.2715538285889444,0.0882074021888029,0.08285254842534254,0.978004217652421,0.9780051615939924,33.0,33.0,231.3459595959596,233.52626262626262,71.67398787878788,71.60223030303031,60.984381818181795,59.54244848484847,17.678939393939395,17.420530303030297,9.757575757575758,0.0,286.1060606060606,7019.893939393939,13946.166666666666,22.76954545454545,70.19893939393938,71.63810909090913,17.549734848484846,17.909527272727278,89.54763636363631,60.263415151515105,0.0,1.0,1.0,1.0,-0.25548781565656553,1.5,0.0,0.0,6.175040909090906,0.21212121212121213,1.393939393939394,0.4425524312049338,0.4403862837441179,0.0,0.0,5914.333333333333,146.36363636363637,0.0,193.84848484848484,0.0,2276.9545454545455,0.0,292.72727272727275,4742.939393939394,0.0,0.0,0.0,0.0,8031.833333333333
519,0.2805469123996899,0.2715538285889444,0.08683894357214397,0.08175064561498382,0.9780486142664984,0.9780550614904587,34.0,32.0,250.4107843137255,219.903125,64.34616470588236,77.635,59.26419999999998,62.316903124999996,15.010955882352944,19.304687500000004,9.636363636363637,0.0,283.92424242424244,6837.106060606061,14137.151515151516,21.498787878787873,68.37106060606061,70.78923636363636,17.092765151515152,17.69730909090908,88.48654545454542,60.74429848484845,0.0,1.0,1.0,1.0,-0.2655062184343434,1.4848484848484849,0.0,0.0,7.04782727272727,0.30303030303030304,1.303030303030303,0.45194170599889905,0.4313084291218974,0.0,0.0,6095.030303030303,144.54545454545453,0.0,191.1060606060606,0.0,2149.878787878788,0.0,289.09090909090907,4687.227272727273,0.0,0.0,0.0,0.0,8042.121212121212
520,0.2805469123996899,0.27261844201702307,0.09052200684022774,0.08034366981245944,0.9780947655560124,0.9780996526652201,31.0,35.0,212.96075268817202,248.47619047619048,78.91447741935484,65.45097142857145,62.164187096774185,59.79552571428568,20.341612903225812,15.256857142857143,9.803030303030303,0.0,265.8636363636364,7058.060606060606,13907.681818181818,23.08424242424241,70.58060606060603,71.77473939393941,17.645151515151507,17.943684848484853,89.71842424242422,60.90807878787876,0.0,1.0,1.0,1.0,-0.2689183080808079,1.5303030303030303,0.0,0.0,6.778490909090905,0.24242424242424243,1.393939393939394,0.42247603466235706,0.45244935047141227,0.0,0.0,6128.484848484848,144.22727272727272,0.0,194.93939393939394,0.0,2308.4242424242425,0.0,294.09090909090907,4749.636363636364,0.0,0.0,0.0,0.0,7779.19696969697
521,0.2805469123996899,0.27261844201702307,0.09203631392253335,0.07959109139628877,0.9781399619538046,0.9781487391928495,34.0,33.0,241.64509803921567,229.72171717171716,68.80000000000001,74.4531393939394,61.17584999999999,62.17082424242423,16.254485294117647,17.91583333333333,9.626865671641792,0.0,287.43283582089555,6829.104477611941,14146.34328358209,20.78925373134328,68.29104477611939,71.58438208955224,17.072761194029848,17.89609552238806,89.48047761194032,61.665911940298486,0.0,1.0,1.0,1.0,-0.2847064987562188,1.492537313432836,0.0,0.0,7.154291044776115,0.2537313432835821,1.3582089552238805,0.44640557956166793,0.4370454572907839,0.0,0.0,5804.925373134329,144.40298507462686,0.0,190.34328358208955,0.0,2078.9253731343283,0.0,288.8059701492537,4750.179104477612,0.0,0.0,0.0,0.0,8341.41791044776
522,0.2805469123996899,0.27261844201702307,0.09115220382894006,0.07774841503248886,0.9781921321722848,0.9781925618043884,32.0,34.0,212.37708333333333,226.11176470588234,80.43679999999999,73.37863529411767,63.689040625,61.47726470588232,20.436796874999995,18.486911764705884,10.151515151515152,0.0,280.06060606060606,7772.924242424242,13167.151515151516,26.611212121212123,77.7292424242424,76.80077575757575,19.4323106060606,19.200193939393937,96.0009696969697,62.549640909090904,0.0,1.0,1.0,1.0,-0.3031175189393938,1.5151515151515151,0.0,0.0,5.181175757575755,0.25757575757575757,1.378787878787879,0.4379929426766707,0.4539510816476147,0.0,0.0,5216.515151515152,152.27272727272728,0.0,202.1060606060606,0.0,2661.121212121212,0.0,304.54545454545456,5111.80303030303,0.0,0.0,0.0,0.0,7950.636363636364
523,0.2805469123996899,0.27261844201702307,0.0924930504337042,0.07805934854109121,0.9782410733830621,0.9782368663005575,35.0,34.0,251.59333333333333,229.353431372549,63.17092571428572,71.23369411764709,60.03161999999998,61.90768529411762,14.824428571428575,17.99764705882353,9.347826086956522,0.0,287.0289855072464,6555.217391304348,14438.072463768116,21.275362318840582,65.55217391304348,67.14388405797101,16.38804347826087,16.78597101449275,83.92985507246375,60.95605797101448,0.0,1.0,1.0,1.0,-0.26991787439613507,1.4927536231884058,0.0,0.0,10.200217391304346,0.2318840579710145,1.4057971014492754,0.44642621745123173,0.4361206194001039,0.0,0.0,6308.768115942029,140.2173913043478,0.0,185.05797101449275,0.0,2127.536231884058,0.0,280.4347826086956,4427.68115942029,0.0,0.0,0.0,0.0,8129.304347826087
524,0.2805469123996899,0.27261844201702307,0.09131493175281291,0.07736677100643714,0.9782866664646963,0.9782782265518318,32.0,34.0,235.13541666666666,227.24117647058821,71.55959999999999,75.03096470588235,61.19868124999997,62.38132058823529,17.16484375,18.269485294117647,9.878787878787879,0.0,287.8484848484849,7093.560606060606,13864.121212121212,22.276515151515163,70.93560606060608,73.34787878787877,17.73390151515152,18.336969696969692,91.68484848484846,61.80791969696966,0.0,1.0,1.0,1.0,-0.28766499368686854,1.5151515151515151,0.0,0.0,6.193942424242423,0.21212121212121213,1.393939393939394,0.4325990038696477,0.4505536478998893,0.0,0.0,6322.969696969697,148.1818181818182,0.0,196.77272727272728,0.0,2227.651515151515,0.0,296.3636363636364,4865.909090909091,0.0,0.0,0.0,0.0,7541.151515151515
525,0.2805469123996899,0.2727708825341253,0.09031478256588411,0.07851390257494056,0.9783337106270331,0.9783287352254176,32.0,35.0,215.29583333333332,248.39619047619047,77.5198,64.08374857142857,63.18780624999999,60.13255142857141,20.013515625000004,15.292285714285715,9.626865671641792,0.0,280.86567164179104,7018.880597014925,13955.223880597016,23.5334328358209,70.1888059701493,70.5009671641791,17.547201492537326,17.62524179104477,88.12620895522386,61.591777611940266,0.0,1.0,1.0,1.0,-0.2831620335820894,1.5223880597014925,0.0,0.0,8.638011940298506,0.2835820895522388,1.373134328358209,0.43035762177498993,0.4576404924981477,0.0,0.0,5677.701492537313,144.40298507462686,0.0,191.6865671641791,0.0,2353.3432835820895,0.0,288.8059701492537,4665.537313432836,0.0,0.0,0.0,0.0,8277.522388059702
526,0.2805469123996899,0.2727708825341253,0.0903824205597232,0.0786470447201702,0.978378879695744,0.9783751222501503,34.0,32.0,231.4671568627451,229.2828125,73.41383529411765,73.03460000000001,63.141514705882344,61.88176249999999,17.65338235294118,17.998203125,9.969696969696969,0.0,283.1515151515151,7128.227272727273,13824.484848484848,22.794848484848487,71.28227272727271,73.22996363636362,17.820568181818178,18.3074909090909,91.53745454545454,62.530725757575745,0.0,1.0,1.0,1.0,-0.30272345328282835,1.4848484848484849,0.0,0.0,7.121330303030301,0.2878787878787879,1.4242424242424243,0.4585034082423251,0.42371858512134114,0.0,0.0,5715.606060606061,149.54545454545453,0.0,197.65151515151516,0.0,2279.4848484848485,0.0,299.09090909090907,4848.742424242424,0.0,0.0,0.0,0.0,8108.878787878788
527,0.2805469123996899,0.2727708825341253,0.08970927076086563,0.07764622946277012,0.9784205657001089,0.9784172825843213,35.0,33.0,242.48333333333332,227.2540404040404,69.62011428571431,72.69294545454547,61.07076857142855,61.883409090909076,16.111857142857144,18.312348484848485,9.588235294117647,0.0,285.97058823529414,6871.89705882353,14105.558823529413,21.55294117647059,68.71897058823528,71.11134117647062,17.17974264705882,17.77783529411765,88.88917647058825,61.46513823529409,0.0,1.0,1.0,1.0,-0.28052371323529407,1.4852941176470589,0.0,0.0,7.53353970588235,0.27941176470588236,1.3676470588235294,0.45797332584367906,0.43077175156309294,0.0,0.0,6506.514705882353,143.8235294117647,0.0,190.0735294117647,0.0,2155.294117647059,0.0,287.6470588235294,4716.60294117647,0.0,0.0,0.0,0.0,7599.044117647059
528,0.2805469123996899,0.2727708825341253,0.0899534208279032,0.07774698178852817,0.978465223480662,0.9784572959898901,34.0,34.0,242.65392156862745,214.20245098039217,67.74964705882356,78.16301176470589,58.77470588235293,63.09335882352941,16.113014705882353,20.155588235294122,9.867647058823529,0.0,285.13235294117646,7253.720588235294,13705.691176470587,24.174264705882358,72.53720588235295,72.9563294117647,18.134301470588237,18.23908235294117,91.19541176470588,60.934032352941145,0.0,1.0,1.0,1.0,-0.26945900735294115,1.5,0.0,0.0,6.112004411764704,0.27941176470588236,1.3970588235294117,0.4466798306192481,0.44035867495904024,0.0,0.0,5907.073529411765,148.01470588235293,0.0,195.5441176470588,0.0,2417.426470588235,0.0,296.02941176470586,4836.294117647059,0.0,0.0,0.0,0.0,7798.617647058823
529,0.2805469123996899,0.2727708825341253,0.08884576169270572,0.07677739569639798,0.9785164698089542,0.9785025998775109,32.0,37.0,225.834375,240.29909909909912,73.0144,66.668972972973,61.79437499999998,59.545040540540526,18.480546874999998,16.47844594594595,9.565217391304348,0.0,289.60869565217394,6962.782608695652,14015.449275362318,23.613188405797086,69.62782608695655,69.61177971014496,17.406956521739136,17.40294492753623,87.01472463768118,60.58821014492753,0.0,1.0,1.0,1.0,-0.26225437801932366,1.536231884057971,0.0,0.0,8.383386956521736,0.18840579710144928,1.463768115942029,0.41902915858048506,0.4640903201824711,0.0,0.0,5798.376811594203,143.47826086956522,0.0,190.33333333333334,0.0,2361.31884057971,0.0,286.95652173913044,4601.463768115942,0.0,0.0,0.0,0.0,8217.072463768116
530,0.2805469123996899,0.2727708825341253,0.08624102958994671,0.07684355863205097,0.9785570882810035,0.9785543871470834,33.0,35.0,226.0651515151515,232.91285714285715,73.63006060606062,70.99264,60.24105454545454,60.14750285714283,18.481212121212117,17.500999999999994,9.764705882352942,0.0,288.63235294117646,7190.676470588235,13775.382352941177,23.98794117647058,71.90676470588235,72.27256470588237,17.976691176470588,18.06814117647059,90.34070588235294,60.19290294117644,0.0,1.0,1.0,1.0,-0.25401881127450965,1.5147058823529411,0.0,0.0,5.897029411764703,0.25,1.4558823529411764,0.43366468920588774,0.4424937387416691,0.0,0.0,6149.529411764706,146.47058823529412,0.0,193.52941176470588,0.0,2398.794117647059,0.0,292.94117647058823,4791.882352941177,0.0,0.0,0.0,0.0,7625.85294117647
531,0.2805469123996899,0.2727708825341253,0.08718764478462625,0.07731062330233626,0.9786085671240997,0.9785998076324292,34.0,35.0,235.03382352941176,237.92571428571426,70.0786823529412,70.48137142857142,61.025805882352934,60.93595714285713,17.21588235294118,16.76357142857143,9.478260869565217,0.0,291.42028985507244,6794.579710144928,14190.04347826087,21.330724637681154,67.94579710144926,70.2829449275362,16.986449275362315,17.57073623188405,87.8536811594203,60.980230434782584,0.0,1.0,1.0,1.0,-0.27042146739130424,1.5072463768115942,0.0,0.0,7.683734782608694,0.21739130434782608,1.4057971014492754,0.44073905911793493,0.44832974829072614,0.0,0.0,6331.768115942029,142.17391304347825,0.0,187.85507246376812,0.0,2133.072463768116,0.0,284.3478260869565,4661.507246376812,0.0,0.0,0.0,0.0,7858.275362318841
532,0.2805469123996899,0.2727708825341253,0.08640701296197799,0.07817720945845119,0.9786495001571912,0.9786485668199834,33.0,34.0,221.29848484848483,244.78676470588235,76.18986666666669,66.45044705882353,61.88849696969696,60.11300882352938,19.122575757575753,15.81941176470588,9.671641791044776,0.0,288.9850746268657,6978.537313432836,13993.074626865671,22.58597014925374,69.78537313432838,71.24747462686571,17.446343283582095,17.81186865671642,89.05934328358207,60.987502985074606,0.0,1.0,1.0,1.0,-0.27057297885572124,1.507462686567164,0.0,0.0,7.186371641791042,0.19402985074626866,1.4328358208955223,0.44183728256579097,0.44307824929881157,0.0,0.0,5962.7164179104475,144.7910447761194,0.0,192.44776119402985,0.0,2258.597014925373,0.0,290.14925373134326,4719.940298507463,0.0,0.0,0.0,0.0,8030.358208955224
533,0.2805469123996899,0.2727708825341253,0.08493319340338794,0.07939699478880295,0.9786946604045853,0.97869717206303,35.0,32.0,248.40190476190477,209.49322916666668,64.04205714285715,81.2878,59.6044714285714,63.327012499999995,15.369999999999997,20.783359375,9.686567164179104,0.0,300.3880597014925,7182.194029850746,13789.119402985074,23.82985074626865,71.82194029850746,72.27882985074626,17.955485074626864,18.06970746268656,90.34853731343287,61.382401492537284,0.0,1.0,1.0,1.0,-0.2788000310945273,1.4776119402985075,0.0,0.0,7.059056716417909,0.2537313432835821,1.3432835820895523,0.45755061030002747,0.4253998864788228,0.0,0.0,6108.164179104478,145.29850746268656,0.0,191.7910447761194,0.0,2382.9850746268658,0.0,290.5970149253731,4799.20895522388,0.0,0.0,0.0,0.0,7680.955223880597
534,0.2805469123996899,0.2739197519119765,0.085784386534541,0.07772130824410285,0.9787321576545754,0.9787451300091307,31.0,36.0,222.38602150537636,243.7736111111111,75.67298064516129,68.90346666666667,63.21756129032257,60.671688888888866,18.95145161290322,15.945902777777778,9.746268656716419,0.0,269.53731343283584,6934.611940298508,14032.671641791045,21.596268656716422,69.34611940298505,72.03562985074632,17.336529850746263,18.008907462686572,90.04453731343284,61.84962985074624,0.0,1.0,1.0,1.0,-0.2885339552238805,1.537313432835821,0.0,0.0,7.150529850746266,0.2835820895522388,1.3582089552238805,0.410528352125847,0.42927807159920334,0.0,0.0,6142.671641791045,146.19402985074626,0.0,193.13432835820896,0.0,2159.626865671642,0.0,292.3880597014925,4774.985074626866,0.0,0.0,0.0,0.0,7890.0
535,0.2805469123996899,0.2753100289912998,0.08414464345950794,0.07887714292494442,0.9787768516066616,0.9787861859923908,33.0,34.0,204.90050505050507,245.4764705882353,82.6738424242424,66.7113411764706,63.7304090909091,60.18842058823528,21.48295454545455,15.735661764705887,9.925373134328359,0.0,276.86567164179104,7426.567164179104,13529.477611940298,24.68985074626865,74.265671641791,74.57346865671646,18.56641791044775,18.643367164179114,93.21683582089554,61.93298208955221,0.0,1.0,1.0,1.0,-0.29027046019900504,1.507462686567164,0.0,0.0,5.9259313432835805,0.23880597014925373,1.3880597014925373,0.43852237504110625,0.4122033922114347,0.0,0.0,5592.0298507462685,148.2089552238806,0.0,196.98507462686567,0.0,2468.9850746268658,0.0,297.76119402985074,4957.582089552238,0.0,0.0,0.0,0.0,7937.44776119403
536,0.28097538443641973,0.2753853419663423,0.0838057559202425,0.07958571581562855,0.9788259383414402,0.9788343829797884,37.0,31.0,252.43513513513514,215.04408602150536,64.04203243243242,77.851664516129,59.940278378378366,63.15932903225804,14.708378378378379,20.056048387096777,9.602941176470589,0.0,291.52941176470586,6858.514705882353,14123.35294117647,22.036470588235293,68.58514705882351,70.33760000000002,17.146286764705877,17.584399999999995,87.92200000000004,61.40778676470585,0.0,1.0,1.0,1.0,-0.2793288909313725,1.4558823529411764,0.0,0.0,8.216473529411765,0.27941176470588236,1.3823529411764706,0.47653144359012306,0.4061090204152674,0.0,0.0,6288.294117647059,138.7941176470588,0.0,190.25,0.0,2203.6470588235293,0.0,288.0882352941176,4654.867647058823,0.0,0.0,0.0,0.0,7835.058823529412
537,0.28097538443641973,0.27544798226273065,0.08412872301425796,0.07919602178379505,0.9788674977564145,0.9788788740601982,34.0,34.0,241.40196078431373,246.02107843137256,68.44028235294118,65.87425882352942,60.61082058823529,59.790141176470556,16.25742647058824,15.610000000000003,9.294117647058824,0.0,289.63235294117646,6373.485294117647,14622.691176470587,19.400588235294116,63.73485294117645,67.15727058823529,15.933713235294112,16.789317647058823,83.9465882352941,60.200480882352906,0.0,1.0,1.0,1.0,-0.25417668504901947,1.5,0.0,0.0,8.976923529411762,0.3235294117647059,1.3235294117647058,0.4448248215602808,0.4413522145569759,0.0,0.0,6759.558823529412,139.41176470588235,0.0,184.58823529411765,0.0,1940.0588235294117,0.0,278.8235294117647,4433.426470588235,0.0,0.0,0.0,0.0,7863.132352941177
538,0.2810635005197376,0.27547988810671803,0.08481826975831246,0.07824861585484952,0.9789119739872528,0.978929056360426,33.0,32.0,235.59040404040402,218.44635416666668,70.84625454545454,80.64200000000001,61.02166060606058,64.963834375,17.055606060606056,19.483671875000002,10.323076923076924,0.0,282.0923076923077,7300.384615384615,13629.015384615384,22.9203076923077,73.00384615384617,75.66877538461537,18.250961538461542,18.91719384615384,94.58596923076925,62.96242307692306,0.0,1.0,1.0,1.0,-0.3117171474358975,1.4923076923076923,0.0,0.0,5.544609230769229,0.2153846153846154,1.3846153846153846,0.45139428523751585,0.43662187574288225,0.0,0.0,5450.3538461538465,154.84615384615384,0.0,205.06153846153848,0.0,2292.0307692307692,0.0,309.6923076923077,5008.3538461538465,0.0,0.0,0.0,0.0,8178.661538461539
539,0.2811489338331743,0.2754960584443211,0.08500071397991374,0.07684599109896482,0.9789530688700901,0.9789727894077551,34.0,35.0,231.10539215686273,238.8838095238095,73.80310588235295,69.67277714285714,61.05309117647057,60.9107257142857,17.70742647058823,16.690357142857142,9.565217391304348,0.0,282.7391304347826,6876.608695652174,14103.057971014492,21.113768115942023,68.76608695652178,71.7080115942029,17.191521739130444,17.92700289855072,89.63501449275363,60.98087681159417,0.0,1.0,1.0,1.0,-0.2704349335748791,1.5072463768115942,0.0,0.0,6.464386956521737,0.2463768115942029,1.4202898550724639,0.4286255859586421,0.44145068593334186,0.0,0.0,6312.753623188406,143.47826086956522,0.0,188.8985507246377,0.0,2111.376811594203,0.0,286.95652173913044,4765.231884057971,0.0,0.0,0.0,0.0,7790.304347826087
540,0.2811936014463624,0.2754960584443211,0.08378420666141188,0.07632477291219092,0.9789983843717285,0.9790186134800389,35.0,33.0,228.32904761904763,234.08636363636364,73.90848,68.63864242424245,60.62995714285713,60.24560909090906,18.17871428571429,17.319166666666668,9.661764705882353,0.0,296.3235294117647,7104.632352941177,13867.382352941177,23.75735294117648,71.04632352941178,71.35105882352939,17.761580882352945,17.837764705882346,89.1888235294118,60.44343529411761,0.0,1.0,1.0,1.0,-0.25923823529411755,1.4852941176470589,0.0,0.0,6.853957352941174,0.25,1.3970588235294117,0.4579929126058185,0.4299868093466962,0.0,0.0,5997.161764705882,144.9264705882353,0.0,192.2058823529412,0.0,2375.735294117647,0.0,289.8529411764706,4728.89705882353,0.0,0.0,0.0,0.0,7870.220588235294
541,0.2811936014463624,0.2754960584443211,0.0831299910303186,0.07765891258948664,0.9790447408702438,0.9790623819261177,35.0,33.0,245.41857142857143,234.25,65.37801142857144,69.70821818181821,59.60960285714283,61.015106060606044,15.739642857142854,17.28121212121212,9.308823529411764,0.0,292.04411764705884,6595.10294117647,14399.911764705883,21.377941176470593,65.95102941176472,67.47943529411764,16.48775735294118,16.869858823529405,84.34929411764706,60.2916852941176,0.0,1.0,1.0,1.0,-0.2560767769607841,1.4852941176470589,0.0,0.0,9.300007352941172,0.29411764705882354,1.3676470588235294,0.4531677670898141,0.4257496202468275,0.0,0.0,6694.676470588235,139.63235294117646,0.0,185.08823529411765,0.0,2137.794117647059,0.0,279.2647058823529,4457.308823529412,0.0,0.0,0.0,0.0,7705.235294117647
542,0.28120320262541926,0.2754960584443211,0.08411005736969454,0.07840219678408976,0.9790883013092908,0.9791050656200616,32.0,33.0,229.91197916666667,227.5590909090909,72.60960000000003,73.67117575757574,60.488978124999974,62.27160303030302,17.882031250000004,18.2655303030303,9.953846153846154,0.0,294.38461538461536,7230.692307692308,13723.046153846153,23.869230769230768,72.3069230769231,73.14855384615387,18.076730769230775,18.287138461538458,91.43569230769234,61.39400307692304,0.0,1.0,1.0,1.0,-0.2790417307692306,1.5076923076923077,0.0,0.0,6.322179999999999,0.27692307692307694,1.4,0.44271132020745135,0.44840897069234803,0.0,0.0,5992.307692307692,149.30769230769232,0.0,197.33846153846153,0.0,2386.923076923077,0.0,298.61538461538464,4843.7692307692305,0.0,0.0,0.0,0.0,7730.738461538462
543,0.28120320262541926,0.2754960584443211,0.08361363141419952,0.07809736594139118,0.9791333708833801,0.9791511570217105,33.0,34.0,233.75454545454548,238.83823529411765,71.02487272727271,66.74635294117648,61.22804545454544,61.38087941176468,17.368333333333336,16.69257352941176,9.402985074626866,0.0,302.07462686567163,6810.164179104478,14180.059701492537,22.537313432835813,68.10164179104478,68.8536835820896,17.025410447761196,17.213420895522397,86.06710447761193,61.30560298507459,0.0,1.0,1.0,1.0,-0.2772000621890546,1.507462686567164,0.0,0.0,9.477329850746267,0.23880597014925373,1.4328358208955223,0.4394722912035388,0.44514498456243196,0.0,0.0,5484.79104477612,141.044776119403,0.0,185.6417910447761,0.0,2253.731343283582,0.0,282.089552238806,4556.432835820896,0.0,0.0,0.0,0.0,8695.268656716418
544,0.28120320262541926,0.2754960584443211,0.08257734351103437,0.07873922279860222,0.9791786448063491,0.9791991267743443,33.0,32.0,228.50050505050507,231.19010416666666,71.79190303030305,72.51300000000002,60.03382727272725,61.47753125,18.124393939393936,17.733125,9.815384615384616,0.0,297.3538461538462,7172.707692307692,13789.476923076923,23.950769230769236,71.72707692307694,72.14690461538466,17.931769230769234,18.036726153846153,90.18363076923076,60.744573846153806,0.0,1.0,1.0,1.0,-0.2655119551282051,1.4923076923076923,0.0,0.0,6.529438461538459,0.24615384615384617,1.4615384615384615,0.44962718200344876,0.4353750568454475,0.0,0.0,6005.092307692307,147.23076923076923,0.0,195.12307692307692,0.0,2395.076923076923,0.0,294.46153846153845,4777.630769230769,0.0,0.0,0.0,0.0,7784.384615384615
545,0.28120320262541926,0.2754960584443211,0.08346550340572106,0.07850866102303054,0.979223489982147,0.9792446164580337,34.0,32.0,245.45833333333334,236.540625,66.03802352941176,70.31840000000003,59.1034176470588,60.62361562499999,15.76080882352941,16.913125,9.287878787878787,0.0,299.90909090909093,6527.80303030303,14468.075757575758,20.191363636363644,65.27803030303029,68.11335757575759,16.319507575757573,17.02833939393939,85.14169696969697,59.84048333333332,0.0,1.0,1.0,1.0,-0.24667673611111102,1.4848484848484849,0.0,0.0,8.046633333333332,0.2727272727272727,1.378787878787879,0.4560190591660545,0.43376854884154525,0.0,0.0,6274.893939393939,139.3181818181818,0.0,185.16666666666666,0.0,2019.1363636363637,0.0,278.6363636363636,4508.666666666667,0.0,0.0,0.0,0.0,8193.181818181818
546,0.28120320262541926,0.2754960584443211,0.08411154584213412,0.07806706673438657,0.9792648835860825,0.9792913340224743,31.0,33.0,218.59032258064516,228.4520202020202,76.9907612903226,72.1181090909091,63.61464193548386,60.57289999999998,19.51637096774193,18.175075757575755,10.015625,0.0,304.09375,7529.90625,13420.515625,25.8765625,75.2990625,74.47830000000003,18.824765625,18.619575,93.097875,62.046243749999974,0.0,1.0,1.0,1.0,-0.29263007812499986,1.515625,0.0,0.0,6.3927093749999955,0.203125,1.453125,0.43935360251368333,0.45553008771812253,0.0,0.0,5823.875,149.765625,0.0,198.34375,0.0,2587.65625,0.0,300.46875,4942.25,0.0,0.0,0.0,0.0,7596.640625
547,0.28120320262541926,0.2754960584443211,0.08382306280200295,0.07836690625473582,0.9793067215202165,0.9793344154851547,33.0,33.0,235.389898989899,225.95050505050506,70.31699393939397,72.66676363636365,61.38775454545453,61.31889393939393,17.104393939393944,18.494090909090914,9.848484848484848,0.0,302.7121212121212,7119.69696969697,13840.212121212122,23.96136363636363,71.19696969696973,71.4918787878788,17.799242424242433,17.872969696969694,89.36484848484847,61.35332424242421,0.0,1.0,1.0,1.0,-0.278194255050505,1.5,0.0,0.0,7.660687878787876,0.21212121212121213,1.4242424242424243,0.44533740555237644,0.44224631807446246,0.0,0.0,5765.742424242424,147.72727272727272,0.0,195.9090909090909,0.0,2396.1363636363635,0.0,295.45454545454544,4723.560606060606,0.0,0.0,0.0,0.0,8074.469696969697
548,0.28120320262541926,0.2754960584443211,0.08207659909783359,0.076828725859245,0.9793458234164318,0.9793796445938908,33.0,34.0,227.88131313131314,230.8279411764706,74.74773333333333,73.35341176470591,62.46054545454545,62.0201676470588,18.23348484848485,17.742205882352945,9.91044776119403,0.0,301.13432835820896,7193.671641791045,13762.597014925374,22.764477611940304,71.93671641791045,74.0401671641791,17.98417910447761,18.510041791044767,92.5502089552239,62.2370701492537,0.0,1.0,1.0,1.0,-0.2966056281094526,1.507462686567164,0.0,0.0,6.181082089552236,0.14925373134328357,1.462686567164179,0.44105344795475365,0.44199830388046407,0.0,0.0,5275.074626865671,148.65671641791045,0.0,196.76119402985074,0.0,2276.4477611940297,0.0,297.3134328358209,4917.223880597015,0.0,0.0,0.0,0.0,8487.522388059702
549,0.28120320262541926,0.2754960584443211,0.0845615588690991,0.07601457929643124,0.9793835175272777,0.9794196166771694,33.0,35.0,230.67424242424244,232.1657142857143,73.55190303030308,71.15392,60.956948484848475,61.75418571428571,17.786136363636363,17.601642857142853,9.808823529411764,0.0,299.20588235294116,7076.470588235294,13886.514705882353,22.849264705882348,70.76470588235294,72.31764705882351,17.691176470588236,18.079411764705878,90.39705882352942,61.36729117647058,0.0,1.0,1.0,1.0,-0.2784852328431372,1.5147058823529411,0.0,0.0,6.740820588235291,0.17647058823529413,1.4264705882352942,0.43695582246356374,0.44620179559860146,0.0,0.0,6132.661764705882,146.75,0.0,195.0,0.0,2284.926470588235,0.0,294.2647058823529,4791.544117647059,0.0,0.0,0.0,0.0,7753.85294117647
550,0.28120320262541926,0.2754960584443211,0.08410160899230247,0.07579583407406,0.979424508990145,0.9794613739193969,34.0,35.0,219.90196078431373,247.95285714285714,78.11557647058825,66.96173714285716,62.71433529411764,59.544068571428554,19.341470588235296,15.346571428571432,9.652173913043478,0.0,300.8985507246377,6926.028985507246,14047.840579710144,21.098260869565216,69.26028985507246,72.45783188405797,17.315072463768114,18.114457971014485,90.5722898550725,61.10622898550723,0.0,1.0,1.0,1.0,-0.27304643719806754,1.5072463768115942,0.0,0.0,5.963469565217388,0.2463768115942029,1.391304347826087,0.4436499756504573,0.4475952120633103,0.0,0.0,6141.0,144.7826086956522,0.0,190.7826086956522,0.0,2109.8260869565215,0.0,289.5652173913044,4816.202898550725,0.0,0.0,0.0,0.0,7906.840579710145
551,0.28120320262541926,0.2754960584443211,0.0835733629652778,0.07716271413500876,0.9794683020678356,0.9795011566806261,36.0,32.0,236.67731481481482,221.39479166666666,71.11946666666665,74.95580000000001,60.746774999999985,62.135806249999995,16.958819444444444,19.139375,9.794117647058824,0.0,306.2352941176471,7193.985294117647,13769.132352941177,23.537205882352936,71.93985294117647,72.9248,17.984963235294117,18.2312,91.15599999999998,61.400436764705866,0.0,1.0,1.0,1.0,-0.2791757659313725,1.4705882352941178,0.0,0.0,6.460599999999999,0.22058823529411764,1.3823529411764706,0.4647545637593427,0.41764475397847645,0.0,0.0,5910.367647058823,146.91176470588235,0.0,195.14705882352942,0.0,2353.720588235294,0.0,293.8235294117647,4840.264705882353,0.0,0.0,0.0,0.0,7858.764705882353
552,0.28120320262541926,0.2754960584443211,0.08509521571431578,0.0782543797216784,0.9795129592594465,0.9795409913338144,35.0,34.0,242.01000000000002,234.96323529411765,67.77380571428569,72.10522352941177,60.0538857142857,62.18019411764705,16.18707142857143,17.174044117647057,9.521739130434783,0.0,297.6376811594203,6669.36231884058,14312.260869565218,20.409420289855067,66.69362318840581,69.90812753623189,16.673405797101452,17.477031884057965,87.38515942028985,61.101631884057944,0.0,1.0,1.0,1.0,-0.27295066425120756,1.4927536231884058,0.0,0.0,7.866910144927534,0.2463768115942029,1.4492753623188406,0.4460004752176561,0.4303250811192381,0.0,0.0,6275.057971014493,142.82608695652175,0.0,188.8985507246377,0.0,2040.9420289855072,0.0,285.6521739130435,4628.420289855072,0.0,0.0,0.0,0.0,8037.202898550725
553,0.28120320262541926,0.2754960584443211,0.08531323823905884,0.0791152042904548,0.9795585708001383,0.9795855809574862,34.0,34.0,235.77009803921567,245.15049019607844,71.74437647058824,65.95595294117648,61.00911764705881,60.09483529411764,17.077279411764707,15.751176470588234,9.338235294117647,0.0,301.6470588235294,6565.691176470588,14427.617647058823,20.03867647058823,65.6569117647059,68.85016470588239,16.414227941176474,17.21254117647059,86.06270588235293,60.55197647058819,0.0,1.0,1.0,1.0,-0.26149950980392145,1.5,0.0,0.0,8.11603970588235,0.27941176470588236,1.4558823529411764,0.44623647540374867,0.4444717639244476,0.0,0.0,6372.955882352941,140.0735294117647,0.0,185.47058823529412,0.0,2003.8676470588234,0.0,280.1470588235294,4561.823529411765,0.0,0.0,0.0,0.0,8054.661764705882
554,0.28158932376405793,0.2754960584443211,0.08510308610801955,0.07892865240519387,0.9796022677927467,0.9796322163545546,34.0,32.0,242.48186274509806,212.96770833333332,67.7948235294118,77.48380000000002,58.916170588235275,61.06446249999998,16.15463235294118,20.332578125000005,9.803030303030303,0.0,300.6515151515151,7272.121212121212,13690.318181818182,24.664090909090906,72.72121212121212,72.49250909090908,18.18030303030303,18.123127272727263,90.61563636363636,59.95776666666663,0.0,1.0,1.0,1.0,-0.2491201388888889,1.4848484848484849,0.0,0.0,5.645560606060602,0.2878787878787879,1.4242424242424243,0.44970618022331715,0.4299946341723672,0.0,0.0,5821.030303030303,147.04545454545453,0.0,195.42424242424244,0.0,2466.409090909091,0.0,294.09090909090907,4805.712121212121,0.0,0.0,0.0,0.0,7869.287878787879
555,0.28158932376405793,0.2754960584443211,0.08626025506357973,0.07800068337899496,0.979644791223907,0.9796737906867341,32.0,35.0,222.9640625,246.90142857142857,74.9682,65.08288,61.750840624999974,59.05501142857139,18.919921875000007,15.489785714285716,9.567164179104477,0.0,300.4776119402985,6851.223880597015,14128.119402985074,22.348955223880605,68.51223880597017,69.80422686567165,17.128059701492543,17.451056716417913,87.25528358208955,60.34257164179101,0.0,1.0,1.0,1.0,-0.25713690920397986,1.5223880597014925,0.0,0.0,7.666404477611935,0.26865671641791045,1.3880597014925373,0.43094732823004406,0.45937746918295624,0.0,0.0,6063.238805970149,143.50746268656715,0.0,189.13432835820896,0.0,2234.89552238806,0.0,287.0149253731343,4616.328358208955,0.0,0.0,0.0,0.0,8064.880597014925
556,0.28158932376405793,0.27633483591678665,0.08738994809457427,0.07651803060111924,0.9796862722785817,0.9797140476989559,33.0,33.0,232.7010101010101,240.33939393939394,71.50642424242425,69.731296969697,59.98131818181817,59.89142121212118,17.535757575757575,16.375984848484848,9.651515151515152,0.0,289.04545454545456,6782.348484848485,14191.212121212122,21.09757575757575,67.82348484848482,70.61886060606061,16.955871212121206,17.65471515151515,88.27357575757576,59.936369696969656,0.0,1.0,1.0,1.0,-0.2486743686868686,1.5,0.0,0.0,6.273380303030298,0.30303030303030304,1.3333333333333333,0.4410018231776282,0.4158392077319629,0.0,0.0,6034.19696969697,144.77272727272728,0.0,191.12121212121212,0.0,2109.757575757576,0.0,289.54545454545456,4672.590909090909,0.0,0.0,0.0,0.0,8157.015151515152
557,0.28158932376405793,0.27633483591678665,0.08893276904557909,0.07543565700895911,0.9797240884676893,0.9797559608885095,33.0,33.0,225.32828282828282,244.33737373737372,75.29309090909092,66.00688484848486,61.13385757575756,61.78889696969695,18.527803030303037,15.87128787878788,9.696969696969697,0.0,312.1060606060606,6879.818181818182,14089.969696969696,22.08772727272727,68.79818181818182,70.6499878787879,17.199545454545454,17.66249696969697,88.31248484848483,61.46137727272724,0.0,1.0,1.0,1.0,-0.2804453598484848,1.5,0.0,0.0,8.010934848484847,0.2727272727272727,1.393939393939394,0.4366763766723994,0.43560150625437144,0.0,0.0,5755.348484848485,145.45454545454547,0.0,192.84848484848484,0.0,2208.7727272727275,0.0,290.90909090909093,4671.045454545455,0.0,0.0,0.0,0.0,8334.621212121212
558,0.28158932376405793,0.27633483591678665,0.08852769098949417,0.07440392935493073,0.9797636716425886,0.9797959148016037,35.0,31.0,241.39333333333335,235.48978494623654,67.94514285714286,70.84903225806451,60.67840571428569,59.71757741935481,16.28971428571429,17.111129032258066,9.424242424242424,0.0,317.6818181818182,6670.212121212121,14317.227272727272,20.800606060606057,66.70212121212123,69.3090909090909,16.675530303030307,17.32727272727272,86.63636363636364,60.22710757575753,0.0,1.0,1.0,1.0,-0.25473140782828263,1.4696969696969697,0.0,0.0,7.593546969696964,0.3181818181818182,1.3636363636363635,0.46531879200421983,0.4178562833882788,0.0,0.0,6326.181818181818,141.36363636363637,0.0,187.46969696969697,0.0,2080.060606060606,0.0,282.72727272727275,4590.151515151515,0.0,0.0,0.0,0.0,7991.045454545455
559,0.28158932376405793,0.27633483591678665,0.08718274588577123,0.07483010282213048,0.9798037216786899,0.9798362215537929,33.0,31.0,226.46919191919193,234.01290322580644,73.79646060606062,71.0397935483871,60.25541212121212,61.34268064516129,18.40810606060606,17.3408064516129,9.78125,0.0,309.96875,7156.453125,13807.390625,23.512812499999995,71.56453125,72.46120000000002,17.8911328125,18.115300000000005,90.57649999999998,60.782057812499964,0.0,1.0,1.0,1.0,-0.26629287109375,1.484375,0.0,0.0,6.211990624999998,0.171875,1.390625,0.45937929521885357,0.4329456451283618,0.0,0.0,6169.234375,146.71875,0.0,195.0,0.0,2351.28125,0.0,293.4375,4805.171875,0.0,0.0,0.0,0.0,7638.15625
560,0.28158932376405793,0.27633483591678665,0.08645629208974688,0.07424150870683065,0.9798390665961275,0.9798788197446379,34.0,31.0,235.89803921568628,214.1774193548387,69.0228705882353,80.90549677419354,60.62663529411763,64.06170645161289,17.067205882352944,20.100403225806442,10.184615384615384,0.0,313.7076923076923,7405.523076923077,13532.338461538462,24.615230769230774,74.05523076923082,74.68996923076925,18.513807692307704,18.67249230769231,93.36246153846156,62.26489999999997,0.0,1.0,1.0,1.0,-0.2971854166666666,1.476923076923077,0.0,0.0,6.088738461538457,0.2,1.4,0.4641049951409935,0.4237420825068831,0.0,0.0,5712.446153846154,152.76923076923077,0.0,202.83076923076922,0.0,2461.523076923077,0.0,305.53846153846155,4944.0,0.0,0.0,0.0,0.0,7819.892307692307
561,0.28158932376405793,0.27633483591678665,0.08530767671114807,0.07504697766029293,0.9798812202167321,0.9799185524370696,33.0,35.0,236.02222222222224,229.2409523809524,70.77740606060607,75.06066285714287,61.12717575757575,62.60860571428569,17.048257575757575,17.964428571428567,9.852941176470589,0.0,303.8382352941176,7007.926470588235,13951.911764705883,21.683382352941184,70.07926470588235,72.98202352941178,17.519816176470588,18.24550588235294,91.22752941176472,61.88967647058821,0.0,1.0,1.0,1.0,-0.2893682598039215,1.5147058823529411,0.0,0.0,6.427469117647058,0.19117647058823528,1.411764705882353,0.4321922972923654,0.45069191883122645,0.0,0.0,5852.411764705882,147.7941176470588,0.0,195.77941176470588,0.0,2168.3382352941176,0.0,295.5882352941176,4839.588235294118,0.0,0.0,0.0,0.0,8099.5
562,0.28158932376405793,0.27633483591678665,0.08588777079169735,0.07474428167965645,0.9799224037994181,0.9799584766738261,32.0,37.0,210.0984375,251.57972972972973,78.5072,62.13344864864864,63.11228437499999,59.58792432432431,20.766328124999998,14.9147972972973,9.347826086956522,0.0,309.536231884058,7051.420289855072,13940.521739130434,24.219275362318836,70.51420289855074,69.72707246376812,17.628550724637684,17.431768115942027,87.15884057971016,61.22241014492752,0.0,1.0,1.0,1.0,-0.2754668780193236,1.536231884057971,0.0,0.0,9.1238884057971,0.18840579710144928,1.434782608695652,0.420526056285914,0.46742598736873725,0.0,0.0,5854.753623188406,140.2173913043478,0.0,186.40579710144928,0.0,2421.927536231884,0.0,280.4347826086956,4629.492753623188,0.0,0.0,0.0,0.0,8085.768115942029
563,0.28158932376405793,0.27633483591678665,0.08555703318590609,0.07623463949221437,0.9799622217122231,0.9800004602131254,35.0,32.0,229.8852380952381,239.04739583333333,71.63410285714286,69.465,62.17653999999998,60.84523437499998,17.964785714285714,16.6321875,9.432835820895523,0.0,310.4029850746269,6931.328358208955,14055.671641791045,22.41223880597014,69.31328358208955,70.59811343283587,17.32832089552239,17.64952835820896,88.24764179104477,61.540692537313426,0.0,1.0,1.0,1.0,-0.2820977611940298,1.4776119402985075,0.0,0.0,8.270899999999997,0.3283582089552239,1.3880597014925373,0.46573556324106924,0.4239976883576695,0.0,0.0,5959.805970149254,141.49253731343285,0.0,187.52238805970148,0.0,2241.223880597015,0.0,282.9850746268657,4690.104477611941,0.0,0.0,0.0,0.0,8095.865671641791
564,0.28158932376405793,0.27633483591678665,0.08441088036075137,0.0749675003155027,0.980004361781223,0.9800374625173213,34.0,31.0,229.6656862745098,218.15752688172043,74.38964705882353,75.0470193548387,60.77272352941174,61.88409999999999,17.94257352941176,19.6041935483871,10.092307692307692,0.0,312.03076923076924,7494.015384615384,13450.63076923077,25.409076923076928,74.94015384615386,74.70316307692306,18.735038461538466,18.675790769230762,93.37895384615386,61.30276461538457,0.0,1.0,1.0,1.0,-0.27714092948717944,1.476923076923077,0.0,0.0,5.334639999999996,0.24615384615384617,1.4153846153846155,0.4648422729390461,0.4232011339249447,0.0,0.0,5448.276923076923,151.3846153846154,0.0,200.2,0.0,2540.9076923076923,0.0,302.7692307692308,4953.107692307693,0.0,0.0,0.0,0.0,8002.3538461538465
565,0.28158932376405793,0.27633483591678665,0.08385113664967139,0.07630039117044146,0.9800473461476057,0.9800751620484811,35.0,33.0,231.62714285714284,234.16262626262628,71.40754285714287,71.2128,61.98071714285713,60.12151818181816,17.677428571428567,17.28666666666667,9.75,0.0,313.94117647058823,6995.117647058823,13971.45588235294,22.769117647058827,69.95117647058824,71.31303529411764,17.48779411764706,17.82825882352941,89.14129411764708,61.07845882352937,0.0,1.0,1.0,1.0,-0.27246789215686257,1.4852941176470589,0.0,0.0,7.253217647058821,0.20588235294117646,1.4264705882352942,0.4572289156526247,0.4286317987941657,0.0,0.0,6167.882352941177,146.25,0.0,193.6764705882353,0.0,2276.9117647058824,0.0,292.5,4718.205882352941,0.0,0.0,0.0,0.0,7803.573529411765
566,0.28158932376405793,0.27633483591678665,0.08312937053275414,0.07697116476648526,0.9800811310728311,0.9801166230233445,35.0,33.0,235.39952380952383,223.4479797979798,70.14911999999998,76.47728484848484,60.02324857142855,63.31821818181816,17.168571428571433,18.793030303030303,9.882352941176471,0.0,310.54411764705884,7182.764705882353,13775.970588235294,23.271470588235296,71.82764705882353,73.22014117647059,17.956911764705882,18.305035294117644,91.52517647058825,61.622277941176435,0.0,1.0,1.0,1.0,-0.283797457107843,1.4852941176470589,0.0,0.0,6.359048529411766,0.23529411764705882,1.4264705882352942,0.45271651863903994,0.4279666354305584,0.0,0.0,5957.25,148.23529411764707,0.0,195.55882352941177,0.0,2327.1470588235293,0.0,296.47058823529414,4855.617647058823,0.0,0.0,0.0,0.0,7818.720588235294
567,0.28158932376405793,0.27633483591678665,0.08356293421812602,0.07526287590824828,0.9801173795910594,0.9801557573704607,34.0,35.0,212.2044117647059,258.2442857142857,79.11548235294117,60.16640000000003,62.356082352941165,58.93226285714284,20.44639705882353,13.941642857142856,9.391304347826088,0.0,313.1014492753623,6858.753623188406,14133.478260869566,22.505217391304353,68.58753623188406,69.50362898550723,17.146884057971015,17.375907246376805,86.87953623188402,60.61936231884055,0.0,1.0,1.0,1.0,-0.26290338164251187,1.5072463768115942,0.0,0.0,8.262617391304344,0.2898550724637681,1.4202898550724639,0.43737864972618856,0.4427629733193962,0.0,0.0,5911.115942028986,138.5072463768116,0.0,186.52173913043478,0.0,2250.521739130435,0.0,281.7391304347826,4608.231884057971,0.0,0.0,0.0,0.0,8222.36231884058
568,0.28158932376405793,0.27633483591678665,0.08082098727584835,0.07580416584134628,0.9801555826492178,0.9801948184727753,37.0,30.0,245.8400900900901,221.52833333333334,68.01435675675677,74.85354666666667,59.99145945945943,62.53804999999999,15.609797297297295,19.145,9.64179104477612,0.0,313.97014925373134,6877.089552238806,14097.253731343284,21.67880597014925,68.77089552238807,71.07668059701491,17.19272388059702,17.76917014925372,88.84585074626865,61.131723880596965,0.0,1.0,1.0,1.0,-0.27357758084577094,1.4477611940298507,0.0,0.0,7.2477671641791,0.2835820895522388,1.328358208955224,0.4803892646779766,0.3960897800528295,0.0,0.0,6311.537313432836,144.62686567164178,0.0,190.77611940298507,0.0,2167.8805970149256,0.0,289.25373134328356,4709.20895522388,0.0,0.0,0.0,0.0,7785.7164179104475
569,0.28158932376405793,0.27633483591678665,0.08049530977965835,0.07499280843028966,0.9801930305889252,0.9802345064168747,36.0,31.0,253.0175925925926,222.6032258064516,62.526755555555575,76.74446451612904,58.68710833333333,63.040848387096766,14.664166666666667,18.925645161290326,9.373134328358208,0.0,307.56716417910445,6654.358208955224,14336.716417910447,20.756716417910447,66.54358208955225,69.10509850746271,16.63589552238806,17.276274626865675,86.38137313432836,60.70152537313431,0.0,1.0,1.0,1.0,-0.26461511194029846,1.462686567164179,0.0,0.0,8.2323223880597,0.26865671641791045,1.4179104477611941,0.4688776349913548,0.413116641548154,0.0,0.0,6524.641791044776,140.59701492537314,0.0,186.13432835820896,0.0,2075.6716417910447,0.0,281.1940298507463,4578.686567164179,0.0,0.0,0.0,0.0,7812.074626865671
570,0.28158932376405793,0.27633483591678665,0.0795262201891428,0.0747558152288384,0.9802330682457766,0.9802717065879096,32.0,33.0,222.321875,233.77171717171717,74.00080000000001,72.71815757575757,60.530393749999995,61.024245454545444,19.03984375,17.326590909090914,9.923076923076923,0.0,326.7076923076923,7268.015384615384,13688.092307692308,24.05846153846154,72.68015384615383,73.34961230769233,18.170038461538457,18.33740307692308,91.68701538461542,60.78111846153843,0.0,1.0,1.0,1.0,-0.2662733012820513,1.5076923076923077,0.0,0.0,5.601544615384611,0.18461538461538463,1.4615384615384615,0.4385275949396276,0.4488594981403976,0.0,0.0,6171.215384615384,148.84615384615384,0.0,196.35384615384615,0.0,2405.846153846154,0.0,297.6923076923077,4862.169230769231,0.0,0.0,0.0,0.0,7516.876923076923
571,0.28158932376405793,0.27633483591678665,0.08121780881605285,0.0727080543069429,0.9802741024607364,0.9803101631862163,33.0,34.0,233.3131313131313,224.36372549019606,69.97003636363637,73.4144,60.096145454545436,61.50286176470587,17.453712121212117,18.728897058823534,9.746268656716419,0.0,324.3134328358209,7240.328358208955,13726.298507462687,24.901641791044778,72.40328358208954,71.71792238805972,18.100820895522386,17.929480597014926,89.64740298507463,60.81000149253729,0.0,1.0,1.0,1.0,-0.2668750310945272,1.507462686567164,0.0,0.0,7.192899999999999,0.19402985074626866,1.4328358208955223,0.43700889674775695,0.4451220633478453,0.0,0.0,5555.537313432836,146.0597014925373,0.0,193.92537313432837,0.0,2490.1641791044776,0.0,292.3880597014925,4750.164179104478,0.0,0.0,0.0,0.0,8170.761194029851
572,0.28158932376405793,0.27633483591678665,0.08075522858836019,0.07566838997738393,0.9803160607323028,0.9803460261517556,32.0,35.0,219.75729166666667,239.63095238095238,77.34960000000002,67.30441142857144,63.895528125000006,59.12401999999998,19.330078125,16.574428571428577,9.776119402985074,0.0,324.34328358208955,7156.223880597015,13808.34328358209,23.78656716417911,71.56223880597015,72.10211343283585,17.89055970149254,18.02552835820896,90.12764179104475,61.40294925373132,0.0,1.0,1.0,1.0,-0.2792281094527363,1.5223880597014925,0.0,0.0,7.191395522388058,0.23880597014925373,1.4328358208955223,0.42753611157544585,0.45844275043138555,0.0,0.0,5988.492537313433,146.6417910447761,0.0,194.50746268656715,0.0,2378.6567164179105,0.0,293.2835820895522,4777.567164179104,0.0,0.0,0.0,0.0,7819.850746268657
573,0.28158932376405793,0.27633483591678665,0.07874195619942133,0.07917147932142396,0.9803533656629377,0.9803828054413354,35.0,33.0,247.9352380952381,212.0368686868687,65.65485714285715,79.60572121212121,59.583368571428544,62.86992121212122,15.334785714285717,20.472878787878788,9.838235294117647,0.0,319.45588235294116,7131.308823529412,13830.838235294117,23.339411764705883,71.31308823529413,72.42512941176471,17.828272058823533,18.106282352941175,90.5314117647059,61.178313235294084,0.0,1.0,1.0,1.0,-0.2745481924019606,1.4852941176470589,0.0,0.0,6.581455882352938,0.19117647058823528,1.4264705882352942,0.4479269646323261,0.4315219718756072,0.0,0.0,5535.823529411765,146.55882352941177,0.0,195.14705882352942,0.0,2333.9411764705883,0.0,295.1470588235294,4797.367647058823,0.0,0.0,0.0,0.0,8295.014705882353
574,0.28158932376405793,0.27633483591678665,0.07919570569781174,0.07919907527451668,0.9803920744970283,0.9804238397663751,33.0,36.0,232.17727272727274,249.08472222222224,70.63001212121213,64.2433777777778,60.95633939393939,60.12287777777775,17.58984848484849,15.240416666666663,9.144927536231885,0.0,324.5652173913044,6545.623188405797,14459.91304347826,20.88159420289855,65.45623188405798,67.29785507246378,16.364057971014496,16.824463768115937,84.12231884057974,60.52148985507243,0.0,1.0,1.0,1.0,-0.26086437198067625,1.5217391304347827,0.0,0.0,9.587692753623188,0.2318840579710145,1.4202898550724639,0.42927890311378814,0.4544663749456272,0.0,0.0,6460.826086956522,137.17391304347825,0.0,181.94202898550725,0.0,2088.159420289855,0.0,274.3478260869565,4457.463768115942,0.0,0.0,0.0,0.0,7999.086956521739
575,0.28158932376405793,0.27633483591678665,0.07870543031879251,0.0794647794965231,0.9804303849178525,0.9804617412609992,33.0,32.0,231.12676767676766,232.12760416666666,71.44785454545456,71.1828,60.17423636363636,60.8493625,17.747045454545454,17.6175,9.707692307692307,0.0,339.0615384615385,7073.307692307692,13897.16923076923,23.510615384615384,70.73307692307694,71.31736615384615,17.683269230769234,17.829341538461534,89.1467076923077,60.50660615384613,0.0,1.0,1.0,1.0,-0.26055429487179493,1.4923076923076923,0.0,0.0,6.872509230769226,0.3076923076923077,1.4,0.44822917720154243,0.4370846387806542,0.0,0.0,6062.292307692308,145.15384615384616,0.0,192.13846153846154,0.0,2351.0615384615385,0.0,291.2307692307692,4722.246153846154,0.0,0.0,0.0,0.0,7834.876923076923
576,0.28158932376405793,0.27633483591678665,0.07835804072260907,0.07954404523874628,0.9804678614471622,0.9804989064863185,33.0,32.0,241.7979797979798,208.68020833333333,66.3590787878788,83.4032,59.361057575757556,65.6450625,16.234621212121215,20.8809375,10.184615384615384,0.0,313.32307692307694,7408.815384615385,13529.63076923077,24.601230769230764,74.08815384615387,74.75003076923078,18.522038461538468,18.687507692307687,93.43753846153844,62.454721538461506,0.0,1.0,1.0,1.0,-0.3011400320512821,1.4923076923076923,0.0,0.0,6.226729230769228,0.2923076923076923,1.4307692307692308,0.4459361746381816,0.4336125122534388,0.0,0.0,5727.6461538461535,152.76923076923077,0.0,202.24615384615385,0.0,2460.123076923077,0.0,305.53846153846155,4948.692307692308,0.0,0.0,0.0,0.0,7801.984615384616
577,0.28158932376405793,0.2760375701185047,0.0800129471289492,0.07888429292587912,0.9805058605623235,0.9805384815771849,31.0,37.0,219.66989247311827,239.91216216216216,77.65925161290325,64.06348108108106,63.871606451612884,58.81879459459458,19.335322580645162,15.146081081081084,9.544117647058824,0.0,325.70588235294116,6822.35294117647,13841.04411764706,21.68279411764706,68.22352941176472,70.26155294117646,17.05588235294118,17.565388235294115,87.82694117647056,61.12228235294115,0.0,1.0,1.0,1.0,-0.27338088235294106,1.5441176470588236,0.0,0.0,7.916611764705881,0.2647058823529412,1.4852941176470589,0.4076417238713363,0.4757768950780121,0.0,0.0,5516.308823529412,143.16176470588235,0.0,188.48529411764707,0.0,2168.279411764706,0.0,286.3235294117647,4654.073529411765,0.0,0.0,0.0,0.0,8642.367647058823
578,0.28158932376405793,0.2760375701185047,0.07919348425787458,0.0800809417560719,0.9805418926791372,0.9805735189858737,34.0,33.0,230.04166666666666,234.4590909090909,72.37590588235295,70.61934545454547,61.348235294117636,61.35793333333333,17.861470588235296,17.269621212121212,9.82089552238806,0.0,324.1044776119403,7027.985074626866,13933.044776119403,23.00537313432836,70.27985074626869,71.51073432835824,17.569962686567173,17.877683582089556,89.38841791044777,61.35301194029847,0.0,1.0,1.0,1.0,-0.2781877487562189,1.492537313432836,0.0,0.0,7.41224029850746,0.22388059701492538,1.3880597014925373,0.44988693008377456,0.4383656227626225,0.0,0.0,5943.7164179104475,147.3134328358209,0.0,196.02985074626866,0.0,2300.5373134328356,0.0,294.6268656716418,4727.44776119403,0.0,0.0,0.0,0.0,7989.328358208955
579,0.28158932376405793,0.2760375701185047,0.07897142499576253,0.07880748489924808,0.9805826093266669,0.9806129630635794,35.0,33.0,232.92000000000002,227.4151515151515,70.85750857142858,73.67292121212121,60.892311428571404,61.469381818181795,17.528500000000005,18.222575757575758,9.823529411764707,0.0,322.3970588235294,7146.132352941177,13814.911764705883,23.632058823529405,71.46132352941177,72.22381176470587,17.865330882352943,18.05595294117646,90.27976470588237,61.172360294117624,0.0,1.0,1.0,1.0,-0.27442417279411746,1.4852941176470589,0.0,0.0,6.813879411764702,0.22058823529411764,1.3823529411764706,0.45893795647335894,0.4298849552222816,0.0,0.0,5917.25,147.35294117647058,0.0,195.89705882352942,0.0,2363.205882352941,0.0,294.70588235294116,4782.926470588235,0.0,0.0,0.0,0.0,7897.661764705882
580,0.28158932376405793,0.2760375701185047,0.07881521499814924,0.07798060195577274,0.9806182359139237,0.9806503687402381,34.0,35.0,236.25735294117646,241.70952380952383,70.12178823529412,67.01348571428571,60.952864705882334,59.9396314285714,17.056911764705884,16.238214285714285,9.27536231884058,0.0,319.1159420289855,6656.652173913043,14341.376811594202,21.131594202898555,66.56652173913044,68.54511304347825,16.64163043478261,17.136278260869563,85.68139130434784,60.43890579710142,0.0,1.0,1.0,1.0,-0.2591438707729468,1.5072463768115942,0.0,0.0,8.535423188405794,0.2608695652173913,1.4202898550724639,0.43799292869474715,0.44636622754405136,0.0,0.0,6722.231884057971,139.1304347826087,0.0,183.57971014492753,0.0,2113.159420289855,0.0,278.2608695652174,4543.492753623188,0.0,0.0,0.0,0.0,7619.144927536232
581,0.28158932376405793,0.2760375701185047,0.07863259696952445,0.07888598199255249,0.9806527206099248,0.9806864396494787,33.0,33.0,223.3510101010101,236.9070707070707,76.70652121212122,69.67059393939394,61.94615454545453,60.29146666666665,18.841590909090908,16.903409090909093,9.893939393939394,0.0,321.09090909090907,7149.0,13807.742424242424,22.968636363636353,71.49000000000001,73.18855757575757,17.872500000000002,18.29713939393939,91.48569696969696,61.118810606060585,0.0,1.0,1.0,1.0,-0.27330855429292916,1.5,0.0,0.0,5.8027530303030295,0.24242424242424243,1.3636363636363635,0.4372418955337885,0.4427567608514102,0.0,0.0,6050.772727272727,148.4090909090909,0.0,197.03030303030303,0.0,2296.8636363636365,0.0,296.8181818181818,4852.136363636364,0.0,0.0,0.0,0.0,7756.969696969697
582,0.28158932376405793,0.2760375701185047,0.07876255895793617,0.07765584139613105,0.9806850131211118,0.9807225621946597,35.0,33.0,242.9061904761905,231.3651515151515,68.41636571428573,70.83655757575761,61.39417714285714,59.6489515151515,16.062785714285713,17.743257575757582,9.397058823529411,0.0,320.11764705882354,6751.323529411765,14238.323529411764,21.36779411764706,67.51323529411765,69.59087058823529,16.878308823529412,17.39771764705882,86.98858823529412,60.547229411764675,0.0,1.0,1.0,1.0,-0.261400612745098,1.4852941176470589,0.0,0.0,7.834667647058821,0.19117647058823528,1.4264705882352942,0.4500377627340531,0.42729898174349734,0.0,0.0,6231.838235294118,140.9558823529412,0.0,186.48529411764707,0.0,2136.779411764706,0.0,281.9117647058824,4614.544117647059,0.0,0.0,0.0,0.0,8006.485294117647
583,0.28158932376405793,0.2760375701185047,0.08088339853959177,0.07796597708295797,0.9807185781539506,0.9807590204985408,33.0,32.0,219.76262626262627,230.8046875,76.39253333333333,72.79620000000001,62.54481212121212,59.963706249999994,19.38613636363636,17.73265625,10.153846153846153,0.0,331.73846153846154,7428.846153846154,13511.923076923076,24.874615384615378,74.28846153846153,74.62203076923076,18.572115384615383,18.655507692307687,93.27753846153847,61.274113846153824,0.0,1.0,1.0,1.0,-0.2765440384615384,1.4923076923076923,0.0,0.0,5.224198461538459,0.23076923076923078,1.4,0.4519611776227475,0.4304917314900103,0.0,0.0,5449.830769230769,152.30769230769232,0.0,201.30769230769232,0.0,2487.4615384615386,0.0,304.61538461538464,4941.384615384615,0.0,0.0,0.0,0.0,8062.092307692307
584,0.28158932376405793,0.2760375701185047,0.08077643790182193,0.0779478548097157,0.9807575127695525,0.9807963118249069,34.0,34.0,239.95784313725488,236.50343137254902,69.7074823529412,69.2576,59.34337941176468,60.667488235294115,16.473529411764705,16.982132352941175,9.470588235294118,0.0,330.2352941176471,6691.132352941177,14293.838235294117,20.914852941176473,66.91132352941176,69.4825411764706,16.72783088235294,17.370635294117648,86.85317647058824,60.00543382352938,0.0,1.0,1.0,1.0,-0.25011320465686265,1.5,0.0,0.0,7.250723529411763,0.23529411764705882,1.411764705882353,0.443354109961877,0.44216425055906194,0.0,0.0,6280.720588235294,142.05882352941177,0.0,187.85294117647058,0.0,2091.485294117647,0.0,284.11764705882354,4599.64705882353,0.0,0.0,0.0,0.0,8013.117647058823
585,0.28158932376405793,0.2760375701185047,0.08182399912412891,0.07872236248203253,0.9807962421363124,0.980832974374221,33.0,33.0,233.7641414141414,232.64848484848483,70.83539393939395,69.51757575757576,60.302993939393936,58.98530606060604,17.38560606060606,17.569924242424243,9.5,0.0,323.6515151515151,6991.106060606061,13992.378787878788,23.39818181818181,69.9110606060606,70.17648484848488,17.47776515151515,17.5441212121212,87.72060606060609,59.64414999999996,0.0,1.0,1.0,1.0,-0.24258645833333325,1.5,0.0,0.0,6.945430303030297,0.24242424242424243,1.4090909090909092,0.44047686342327275,0.4452629237843105,0.0,0.0,5746.378787878788,141.65151515151516,0.0,188.86363636363637,0.0,2339.818181818182,0.0,285.0,4651.287878787879,0.0,0.0,0.0,0.0,8246.0
586,0.28158932376405793,0.2760375701185047,0.08311188561371559,0.07896928926216201,0.9808316697431886,0.9808686353126269,32.0,32.0,207.7078125,240.43385416666666,79.9606,69.0614,62.96524374999999,60.37197187499998,21.085625,16.388125,10.1875,0.0,328.59375,7494.75,13444.25,25.649843750000002,74.94750000000002,74.51100000000001,18.736875000000005,18.62775,93.13875000000004,61.668607812499964,0.0,1.0,1.0,1.0,-0.2847626627604167,1.5,0.0,0.0,5.894482812499999,0.25,1.40625,0.4363686040491476,0.4343684026458076,0.0,0.0,5489.734375,151.765625,0.0,202.609375,0.0,2564.984375,0.0,305.625,4929.765625,0.0,0.0,0.0,0.0,7954.515625
587,0.28158932376405793,0.2760375701185047,0.08163846615739406,0.07976287619427741,0.9808688192695476,0.9809049792763637,36.0,32.0,238.2861111111111,225.52083333333334,69.13422222222225,73.57420000000002,59.38050833333331,61.08445312499998,16.75444444444444,18.5646875,9.573529411764707,0.0,323.1764705882353,7042.529411764706,13936.735294117647,23.158676470588233,70.42529411764701,71.22362352941177,17.606323529411753,17.805905882352935,89.02952941176471,60.182364705882314,0.0,1.0,1.0,1.0,-0.25379926470588227,1.4705882352941178,0.0,0.0,6.565064705882351,0.27941176470588236,1.3823529411764706,0.4634801939932458,0.41662222808248517,0.0,0.0,5976.794117647059,143.60294117647058,0.0,188.9264705882353,0.0,2315.8676470588234,0.0,287.20588235294116,4726.661764705882,0.0,0.0,0.0,0.0,7959.941176470588
588,0.28158932376405793,0.2760375701185047,0.08355574259525964,0.07850772890238485,0.9809064539653746,0.9809377350177177,34.0,33.0,225.52009803921567,234.97121212121212,73.75623529411764,70.92693333333335,61.40600588235293,59.944490909090895,18.545955882352946,17.192954545454544,9.835820895522389,0.0,338.92537313432837,7151.820895522388,13810.507462686568,23.591194029850737,71.51820895522391,72.3626985074627,17.879552238805978,18.09067462686567,90.45337313432834,60.68615522388056,0.0,1.0,1.0,1.0,-0.26429490049751236,1.492537313432836,0.0,0.0,6.2030089552238765,0.26865671641791045,1.4328358208955223,0.4487196456156566,0.43778562412211747,0.0,0.0,5834.119402985075,146.19402985074626,0.0,195.40298507462686,0.0,2359.1194029850744,0.0,295.07462686567163,4792.701492537313,0.0,0.0,0.0,0.0,7976.388059701492
589,0.28158932376405793,0.2760375701185047,0.08348335427134933,0.07929956627099088,0.9809437055599871,0.98097073944543,35.0,33.0,243.20619047619047,224.9858585858586,67.59113142857143,75.37648484848485,60.49628285714284,61.48678484848484,15.9975,18.61787878787879,9.720588235294118,0.0,334.38235294117646,6907.661764705882,14061.838235294117,21.824852941176477,69.07661764705881,71.36931764705882,17.269154411764703,17.8423294117647,89.21164705882356,60.97696764705878,0.0,1.0,1.0,1.0,-0.2703534926470587,1.4852941176470589,0.0,0.0,6.876804411764703,0.22058823529411764,1.4264705882352942,0.44528671449763435,0.4325844570882681,0.0,0.0,5924.441176470588,145.80882352941177,0.0,192.0735294117647,0.0,2182.485294117647,0.0,291.61764705882354,4725.176470588235,0.0,0.0,0.0,0.0,8137.39705882353
590,0.28158932376405793,0.2760375701185047,0.08293366262480133,0.08022783629119717,0.980979118344027,0.9810077226107606,34.0,34.0,236.5578431372549,238.9970588235294,71.6608,69.1326117647059,61.253491176470575,60.815344117647044,16.931544117647057,16.64823529411765,9.514705882352942,0.0,332.38235294117646,6715.955882352941,14266.64705882353,20.4875,67.1595588235294,70.39670588235296,16.78988970588235,17.599176470588233,87.99588235294115,61.03441764705881,0.0,1.0,1.0,1.0,-0.27155036764705875,1.5,0.0,0.0,7.427601470588233,0.25,1.4264705882352942,0.44577546708001836,0.44092958850987324,0.0,0.0,6251.632352941177,142.72058823529412,0.0,188.23529411764707,0.0,2048.75,0.0,285.44117647058823,4667.205882352941,0.0,0.0,0.0,0.0,8015.014705882353
591,0.28158932376405793,0.2760375701185047,0.08280531898286622,0.081274572946238,0.9810156629894168,0.9810430394456717,34.0,32.0,242.39166666666668,217.34947916666667,66.99105882352941,78.19320000000002,59.970923529411735,62.635428125,16.133014705882353,19.672031250000003,9.93939393939394,0.0,323.0151515151515,7139.560606060606,13815.0,23.512575757575757,71.39560606060608,72.42240000000001,17.84890151515152,18.105600000000003,90.52800000000002,61.262804545454514,0.0,1.0,1.0,1.0,-0.2763084280303028,1.4848484848484849,0.0,0.0,6.689306060606059,0.2878787878787879,1.3484848484848484,0.45087693973857873,0.4230352562810943,0.0,0.0,5968.606060606061,149.0909090909091,0.0,197.16666666666666,0.0,2351.257575757576,0.0,298.1818181818182,4788.30303030303,0.0,0.0,0.0,0.0,7846.393939393939
592,0.28158932376405793,0.2764891067830055,0.08172725399383346,0.0789343860361674,0.9810546848666527,0.9810831352042321,33.0,35.0,228.07828282828282,243.56380952380954,73.14579393939394,67.54194285714287,61.75893333333333,60.70572571428569,18.175378787878785,16.000500000000006,9.470588235294118,0.0,331.0735294117647,6822.382352941177,14162.926470588236,21.618823529411763,68.22382352941177,70.2614588235294,17.055955882352944,17.565364705882345,87.82682352941178,61.21684117647058,0.0,1.0,1.0,1.0,-0.2753508578431371,1.5147058823529411,0.0,0.0,8.011338235294115,0.23529411764705882,1.411764705882353,0.4337266050617043,0.4462611915692256,0.0,0.0,6546.044117647059,142.05882352941177,0.0,187.51470588235293,0.0,2161.8823529411766,0.0,284.11764705882354,4660.5,0.0,0.0,0.0,0.0,7616.882352941177
593,0.28158932376405793,0.2764891067830055,0.08208950518502935,0.07831823491989227,0.9810885990031376,0.9811140202295728,34.0,33.0,244.68725490196078,219.50252525252526,67.4985411764706,74.23747878787881,60.19028529411762,61.92360606060605,15.790147058823527,19.474469696969702,9.567164179104477,0.0,326.7910447761194,7041.925373134329,13936.970149253732,23.464179104477612,70.41925373134326,70.81771940298506,17.604813432835815,17.704429850746262,88.52214925373138,61.04401044776115,0.0,1.0,1.0,1.0,-0.2717502176616914,1.492537313432836,0.0,0.0,7.831104477611938,0.23880597014925373,1.462686567164179,0.44958246292436294,0.43698905646131514,0.0,0.0,5535.567164179104,143.50746268656715,0.0,189.5820895522388,0.0,2346.417910447761,0.0,287.0149253731343,4695.507462686567,0.0,0.0,0.0,0.0,8401.402985074626
594,0.28158932376405793,0.2764891067830055,0.0824466773786436,0.07770573946928588,0.9811232326480311,0.9811463425334711,33.0,34.0,228.63232323232324,223.34068627450978,70.18298181818182,76.0958117647059,60.0216212121212,62.35455882352941,18.19189393939394,18.832720588235293,9.791044776119403,0.0,341.34328358208955,7406.835820895522,13556.820895522387,25.46089552238806,74.06835820895523,73.18352238805974,18.517089552238808,18.295880597014925,91.47940298507463,61.20549999999996,0.0,1.0,1.0,1.0,-0.27511458333333316,1.507462686567164,0.0,0.0,6.539067164179103,0.2835820895522388,1.4029850746268657,0.43411639477815606,0.44862233095921183,0.0,0.0,5600.417910447762,146.26865671641792,0.0,195.34328358208955,0.0,2546.089552238806,0.0,293.7313432835821,4860.746268656716,0.0,0.0,0.0,0.0,7956.4029850746265
595,0.28158932376405793,0.2764891067830055,0.0842278891052019,0.0767694011511028,0.9811549329243994,0.981182685254379,32.0,36.0,223.7890625,243.0736111111111,74.6362,68.61742222222225,61.16736249999998,59.95643333333331,18.77296875,16.04652777777778,9.676470588235293,0.0,318.97058823529414,6931.823529411765,14039.911764705883,21.965000000000007,69.31823529411763,71.44978823529414,17.329558823529407,17.862447058823523,89.31223529411764,60.526282352941145,0.0,1.0,1.0,1.0,-0.2609642156862743,1.5294117647058822,0.0,0.0,6.4060529411764655,0.22058823529411764,1.4264705882352942,0.4174386324068926,0.4652670347555508,0.0,0.0,6371.60294117647,145.14705882352942,0.0,191.8235294117647,0.0,2196.5,0.0,290.29411764705884,4735.323529411765,0.0,0.0,0.0,0.0,7668.308823529412
596,0.28158932376405793,0.2764891067830055,0.08471026293838985,0.07458391784259477,0.9811905619150358,0.9812186721780077,34.0,34.0,243.74950980392157,237.36470588235295,67.12150588235295,69.42776470588237,59.85480588235292,60.04204999999999,15.95345588235294,16.84625,9.352941176470589,0.0,327.45588235294116,6559.941176470588,14433.426470588236,20.443676470588237,65.59941176470588,68.27463529411767,16.39985294117647,17.068658823529415,85.34329411764709,59.94842794117643,0.0,1.0,1.0,1.0,-0.24892558210784296,1.5,0.0,0.0,8.073645588235289,0.27941176470588236,1.3970588235294117,0.44345301337092446,0.4418652681973031,0.0,0.0,6617.60294117647,140.2941176470588,0.0,184.75,0.0,2044.3676470588234,0.0,280.5882352941176,4515.573529411765,0.0,0.0,0.0,0.0,7815.823529411765
597,0.28158932376405793,0.2764891067830055,0.08427920572796946,0.07569716250444015,0.9812300423153508,0.9812488414670189,32.0,34.0,227.1921875,230.28725490196078,72.5758,74.23152941176471,60.58590624999999,61.70834705882351,18.364375000000003,17.868897058823528,9.696969696969697,0.0,332.06060606060606,7243.651515151515,13727.19696969697,23.555151515151515,72.43651515151515,73.42875151515153,18.109128787878788,18.357187878787872,91.78593939393939,61.16413333333331,0.0,1.0,1.0,1.0,-0.2742527777777778,1.5151515151515151,0.0,0.0,5.844510606060605,0.22727272727272727,1.4696969696969697,0.42783190910747876,0.4525291484898429,0.0,0.0,5913.818181818182,145.45454545454547,0.0,191.78787878787878,0.0,2355.5151515151515,0.0,290.90909090909093,4888.136363636364,0.0,0.0,0.0,0.0,7813.378787878788
598,0.28158932376405793,0.2764891067830055,0.08290145443965098,0.07488634343232647,0.981262520793276,0.9812827114733993,32.0,34.0,222.68177083333333,241.196568627451,78.41400000000002,69.75190588235296,63.50818125,60.75396470588233,18.891484374999997,16.247426470588234,10.075757575757576,0.0,335.0,7011.757575757576,13933.181818181818,21.159090909090903,70.11757575757574,73.95170909090909,17.529393939393934,18.48792727272727,92.43963636363634,62.089342424242396,0.0,1.0,1.0,1.0,-0.2935279671717171,1.5151515151515151,0.0,0.0,5.667027272727268,0.18181818181818182,1.4545454545454546,0.4311837674465996,0.4522463108145677,0.0,0.0,5930.484848484848,151.13636363636363,0.0,200.65151515151516,0.0,2115.909090909091,0.0,302.27272727272725,4895.848484848485,0.0,0.0,0.0,0.0,8002.69696969697
599,0.28158932376405793,0.2764891067830055,0.0823529168480384,0.07625720842502236,0.9812986097809911,0.981315031003448,35.0,34.0,238.98238095238096,246.56029411764706,69.33229714285716,65.17082352941176,60.58181714285712,59.615735294117634,16.636,15.554338235294116,9.173913043478262,0.0,338.30434782608694,6441.202898550725,14562.985507246376,19.875362318840583,64.41202898550723,67.281715942029,16.10300724637681,16.820428985507245,84.10214492753622,60.105776811594176,0.0,1.0,1.0,1.0,-0.252203683574879,1.4927536231884058,0.0,0.0,8.927068115942022,0.2318840579710145,1.3768115942028984,0.4495185344482071,0.43479535833748323,0.0,0.0,6510.028985507246,137.6086956521739,0.0,181.9855072463768,0.0,1987.536231884058,0.0,275.2173913043478,4453.666666666667,0.0,0.0,0.0,0.0,8052.95652173913
600,0.28158932376405793,0.2764891067830055,0.0830385555784669,0.0751005503602847,0.9813333129331396,0.9813486545893495,34.0,32.0,238.37892156862745,221.6046875,69.4840470588235,76.432,60.58277058823529,62.139053125000004,16.705441176470583,19.082500000000003,9.878787878787879,0.0,336.3181818181818,7143.181818181818,13814.757575757576,23.159545454545462,71.43181818181819,72.85275151515152,17.857954545454547,18.213187878787874,91.0659393939394,61.33733181818177,0.0,1.0,1.0,1.0,-0.27786107954545447,1.4848484848484849,0.0,0.0,6.342534848484846,0.22727272727272727,1.4090909090909092,0.4481176994324717,0.430429375974273,0.0,0.0,5552.575757575758,148.1818181818182,0.0,196.5151515151515,0.0,2315.9545454545455,0.0,296.3636363636364,4827.227272727273,0.0,0.0,0.0,0.0,8262.181818181818
601,0.28158932376405793,0.2764891067830055,0.08186292118882545,0.07394910236515283,0.9813659278470526,0.9813828850746318,33.0,34.0,229.74747474747474,230.9848039215686,73.7875393939394,72.36950588235295,61.468690909090896,62.41197647058822,17.897045454545452,17.817058823529415,9.761194029850746,0.0,342.3880597014925,7142.582089552238,13822.522388059702,22.882537313432838,71.4258208955224,73.06794029850748,17.8564552238806,18.266985074626863,91.33492537313433,61.94737313432833,0.0,1.0,1.0,1.0,-0.29057027363184074,1.507462686567164,0.0,0.0,6.735888059701489,0.1791044776119403,1.462686567164179,0.43701119902462676,0.4441945716730791,0.0,0.0,6007.805970149254,146.4179104477612,0.0,194.6417910447761,0.0,2288.2537313432836,0.0,292.8358208955224,4854.328358208955,0.0,0.0,0.0,0.0,7814.7164179104475
602,0.28158932376405793,0.2764891067830055,0.08334750031351437,0.07369546530057344,0.9814060562644579,0.9814187096705396,34.0,33.0,243.86323529411766,230.57272727272726,67.13430588235296,72.91597575757577,60.16939705882349,60.52732424242424,15.93455882352941,17.81507575757576,9.492537313432836,0.0,338.0,6744.313432835821,14239.029850746268,21.075671641791057,67.4431343283582,69.98199402985074,16.86078358208955,17.495498507462685,87.47749253731345,60.345689552238774,0.0,1.0,1.0,1.0,-0.2572018656716417,1.492537313432836,0.0,0.0,7.224479104477608,0.2537313432835821,1.4477611940298507,0.44861353618626526,0.4356238717502999,0.0,0.0,6184.44776119403,142.38805970149255,0.0,188.49253731343285,0.0,2107.5671641791046,0.0,284.7761194029851,4636.746268656716,0.0,0.0,0.0,0.0,8054.582089552238
603,0.28158932376405793,0.2764891067830055,0.08365370462624411,0.0718456442886994,0.981439286860804,0.9814524326563955,32.0,34.0,224.63489583333333,237.04754901960783,74.83100000000002,70.8999529411765,61.572178124999986,61.95212352941173,18.6453125,16.883382352941172,9.893939393939394,0.0,341.57575757575756,7095.060606060606,13861.757575757576,22.728181818181817,70.95060606060608,72.80591515151515,17.73765151515152,18.201478787878788,91.00739393939396,61.76790757575755,0.0,1.0,1.0,1.0,-0.2868314078282828,1.5151515151515151,0.0,0.0,6.699643939393938,0.22727272727272727,1.4393939393939394,0.43008802351139847,0.45278270558720224,0.0,0.0,6195.469696969697,148.4090909090909,0.0,196.95454545454547,0.0,2272.818181818182,0.0,296.8181818181818,4822.242424242424,0.0,0.0,0.0,0.0,7666.287878787879
604,0.28158932376405793,0.2764891067830055,0.0828515362671945,0.07251295791087965,0.9814767402043205,0.9814834220620796,34.0,34.0,234.49117647058821,230.9406862745098,71.67096470588235,72.85044705882353,61.60356764705881,61.14332647058823,17.252941176470586,17.768823529411772,9.764705882352942,0.0,336.8235294117647,7004.35294117647,13962.95588235294,22.1339705882353,70.04352941176471,72.26070588235291,17.510882352941177,18.065176470588224,90.32588235294119,61.3734470588235,0.0,1.0,1.0,1.0,-0.2786134803921567,1.5,0.0,0.0,6.623623529411761,0.23529411764705882,1.4264705882352942,0.44284504868101204,0.429949250222558,0.0,0.0,6066.838235294118,146.47058823529412,0.0,192.27941176470588,0.0,2213.3970588235293,0.0,292.94117647058823,4790.955882352941,0.0,0.0,0.0,0.0,7896.117647058823
605,0.28158932376405793,0.2764891067830055,0.08126544612457273,0.07213015093858549,0.9815112055605661,0.9815163638019603,34.0,34.0,236.17401960784312,238.95882352941177,71.21185882352945,69.25477647058824,61.716670588235274,60.354055882352924,16.995882352941177,16.64779411764706,9.514705882352942,0.0,339.1764705882353,6728.735294117647,14253.985294117647,20.742941176470595,67.28735294117648,70.23331764705883,16.82183823529412,17.558329411764703,87.79164705882354,61.03536323529408,0.0,1.0,1.0,1.0,-0.2715700674019607,1.5,0.0,0.0,7.623883823529409,0.20588235294117646,1.3970588235294117,0.43656772843996833,0.4398179406857775,0.0,0.0,6153.779411764706,142.72058823529412,0.0,188.11764705882354,0.0,2074.294117647059,0.0,285.44117647058823,4654.441176470588,0.0,0.0,0.0,0.0,8100.205882352941
606,0.28158932376405793,0.2764891067830055,0.08151824918421659,0.07152106213850593,0.9815442329457263,0.9815501579853028,34.0,33.0,237.0529411764706,221.89444444444445,68.69364705882354,75.99301818181819,60.4655882352941,63.68503636363636,16.900147058823528,19.054924242424242,9.850746268656716,0.0,345.02985074626866,7184.582089552238,13775.208955223881,23.989552238805963,71.8458208955224,72.28885970149257,17.9614552238806,18.072214925373135,90.36107462686567,62.05128656716414,0.0,1.0,1.0,1.0,-0.29273513681592017,1.492537313432836,0.0,0.0,7.723882089552235,0.2537313432835821,1.4328358208955223,0.4513675737932004,0.43578182780859825,0.0,0.0,5566.611940298508,147.76119402985074,0.0,195.92537313432837,0.0,2398.955223880597,0.0,295.5223880597015,4785.626865671642,0.0,0.0,0.0,0.0,8208.597014925374
607,0.28158932376405793,0.2764891067830055,0.08231356093357751,0.07303458187460006,0.9815799544266721,0.9815812272556309,33.0,35.0,251.75959595959597,232.30380952380952,62.330569696969704,72.71149714285717,59.47465757575755,62.262911428571414,14.867878787878785,17.552857142857142,9.161764705882353,0.0,332.9117647058824,6499.941176470588,14504.735294117647,20.14588235294117,64.9994117647059,67.67369411764707,16.249852941176474,16.91842352941176,84.59211764705886,60.90978823529408,0.0,1.0,1.0,1.0,-0.26895392156862724,1.5147058823529411,0.0,0.0,9.485947058823529,0.3088235294117647,1.3970588235294117,0.4302276157432364,0.44700782887447843,0.0,0.0,6232.014705882353,137.4264705882353,0.0,182.0441176470588,0.0,2014.5882352941176,0.0,274.8529411764706,4485.35294117647,0.0,0.0,0.0,0.0,8272.720588235294
608,0.28158932376405793,0.2764891067830055,0.08276788857068393,0.0750275136659735,0.9816130527880069,0.9816156192892016,29.0,36.0,214.53103448275863,246.58703703703705,76.03222068965519,65.76746666666669,61.90812758620688,59.68038888888886,20.18491379310345,15.552083333333334,9.492307692307692,0.0,347.24615384615385,7047.615384615385,13937.107692307693,23.823230769230776,70.47615384615385,70.34712615384618,17.619038461538462,17.586781538461537,87.93390769230773,60.67430307692304,0.0,1.0,1.0,1.0,-0.2640479807692306,1.5538461538461539,0.0,0.0,7.946215384615382,0.27692307692307694,1.476923076923077,0.39921212757933044,0.47997083149475483,0.0,0.0,5733.107692307693,141.12307692307692,0.0,188.3846153846154,0.0,2382.3230769230768,0.0,284.7692307692308,4665.292307692308,0.0,0.0,0.0,0.0,8204.0
609,0.28158932376405793,0.2764891067830055,0.08259432705478381,0.07480187855119112,0.9816459199003372,0.9816480948471336,30.0,33.0,215.69944444444445,235.1939393939394,79.25717333333334,71.13716363636364,62.57658333333333,59.77843939393937,19.902083333333337,17.172575757575757,10.11111111111111,0.0,355.6984126984127,7388.936507936508,13554.650793650793,24.13984126984127,73.88936507936509,75.00383492063493,18.472341269841273,18.75095873015873,93.75479365079367,61.11088888888885,0.0,1.0,1.0,1.0,-0.2731435185185185,1.5238095238095237,0.0,0.0,4.579395238095234,0.19047619047619047,1.4761904761904763,0.42122266441722395,0.46049616454584064,0.0,0.0,5882.746031746032,151.66666666666666,0.0,200.4126984126984,0.0,2413.9841269841268,0.0,303.3333333333333,4974.952380952381,0.0,0.0,0.0,0.0,7671.9047619047615
610,0.28158932376405793,0.2764891067830055,0.0817330553455644,0.07420495772387106,0.9816790800858187,0.981680417439077,33.0,32.0,222.9121212121212,230.23645833333333,73.71209696969699,71.72059999999999,61.40976363636363,61.429684374999994,18.92954545454546,17.907890625,9.830769230769231,0.0,347.4,7370.630769230769,13591.076923076924,25.486615384615384,73.70630769230769,72.73166769230771,18.426576923076922,18.182916923076927,90.91458461538464,61.41957076923073,0.0,1.0,1.0,1.0,-0.27957439102564086,1.4923076923076923,0.0,0.0,7.114479999999998,0.16923076923076924,1.4307692307692308,0.4459532724196003,0.4383760790622019,0.0,0.0,5856.984615384616,147.46153846153845,0.0,194.90769230769232,0.0,2548.6615384615384,0.0,294.9230769230769,4821.969230769231,0.0,0.0,0.0,0.0,7734.092307692307
611,0.28158932376405793,0.2764891067830055,0.08085148787322238,0.07369383608148136,0.9817140391206169,0.9817146407537305,34.0,32.0,229.603431372549,227.08802083333333,71.3492705882353,73.06540000000001,60.390638235294105,60.47091874999998,17.96977941176471,18.309140625,9.909090909090908,0.0,353.54545454545456,7253.727272727273,13703.030303030304,24.816060606060603,72.53727272727274,72.18133333333336,18.134318181818184,18.045333333333335,90.22666666666663,60.42956212121209,0.0,1.0,1.0,1.0,-0.2589492108585858,1.4848484848484849,0.0,0.0,6.382546969696966,0.2878787878787879,1.303030303030303,0.452866192952501,0.43168050185411533,0.0,0.0,6021.181818181818,148.63636363636363,0.0,196.33333333333334,0.0,2481.6060606060605,0.0,297.27272727272725,4772.121212121212,0.0,0.0,0.0,0.0,7681.848484848485
612,0.28158932376405793,0.2801648351337699,0.08037387105526225,0.07526212050141817,0.9817456585870801,0.9817470059442889,34.0,33.0,238.95147058823528,225.54545454545453,67.19887058823531,74.79214545454545,60.837197058823506,63.09741818181817,16.65794117647059,18.517500000000002,9.686567164179104,0.0,324.43283582089555,7029.537313432836,13940.910447761195,23.350149253731345,70.29537313432837,70.93884179104475,17.573843283582093,17.734710447761188,88.67355223880598,61.95044029850744,0.0,1.0,1.0,1.0,-0.29063417288557203,1.492537313432836,0.0,0.0,8.585441791044776,0.3283582089552239,1.328358208955224,0.4450253627761942,0.40379858393109647,0.0,0.0,6224.194029850746,145.29850746268656,0.0,192.65671641791045,0.0,2335.0149253731342,0.0,290.5970149253731,4694.522388059701,0.0,0.0,0.0,0.0,7716.7164179104475
613,0.28158932376405793,0.2801648351337699,0.07976026461127814,0.07513732117737991,0.9817765200010684,0.9817778498110552,32.0,34.0,240.48489583333333,235.70147058823528,69.91720000000002,69.45505882352941,59.86129062499998,60.508747058823516,16.40640625,17.0764705882353,9.515151515151516,0.0,337.54545454545456,6700.636363636364,14281.242424242424,20.89530303030303,67.00636363636364,69.67912727272729,16.75159090909091,17.419781818181814,87.09890909090909,60.194828787878755,0.0,1.0,1.0,1.0,-0.25405893308080796,1.5151515151515151,0.0,0.0,7.267292424242423,0.30303030303030304,1.4242424242424243,0.42440751034119073,0.45127555122832397,0.0,0.0,6842.69696969697,142.72727272727272,0.0,188.93939393939394,0.0,2089.530303030303,0.0,285.45454545454544,4611.106060606061,0.0,0.0,0.0,0.0,7438.545454545455
614,0.28158932376405793,0.2801648351337699,0.08015706351515599,0.07449605623340022,0.9818065453709123,0.981807203842494,31.0,34.0,212.94301075268817,240.19019607843137,80.69347096774194,68.8668235294118,63.284674193548376,61.43163529411763,20.283225806451615,16.446176470588235,10.123076923076923,0.0,342.4923076923077,7310.461538461538,13631.723076923077,23.753538461538458,73.10461538461539,74.50722461538463,18.276153846153846,18.62680615384615,93.13403076923076,62.31539230769227,0.0,1.0,1.0,1.0,-0.2982373397435897,1.523076923076923,0.0,0.0,6.084321538461537,0.24615384615384617,1.4153846153846155,0.420949857371041,0.4572736092183676,0.0,0.0,5999.092307692307,151.84615384615384,0.0,201.27692307692308,0.0,2375.353846153846,0.0,303.6923076923077,4935.107692307693,0.0,0.0,0.0,0.0,7632.630769230769
615,0.28158932376405793,0.2801648351337699,0.08170863126587526,0.07281364311633545,0.9818410739863414,0.9818402830152461,35.0,33.0,246.2895238095238,223.7429292929293,65.17833142857144,76.51025454545456,59.70859999999998,61.71783636363635,15.61107142857143,18.754621212121215,9.617647058823529,0.0,348.19117647058823,6854.64705882353,14120.867647058823,21.745000000000005,68.54647058823527,70.67764705882352,17.136617647058817,17.66941176470588,88.3470588235294,60.683670588235266,0.0,1.0,1.0,1.0,-0.2642431372549018,1.4852941176470589,0.0,0.0,7.142641176470586,0.22058823529411764,1.4411764705882353,0.45376535400380197,0.4298744558418049,0.0,0.0,6191.014705882353,144.26470588235293,0.0,190.69117647058823,0.0,2174.5,0.0,288.52941176470586,4680.14705882353,0.0,0.0,0.0,0.0,7929.85294117647
616,0.28158932376405793,0.2801648351337699,0.08288684959891893,0.07274762594610508,0.9818720672715586,0.9818710498979775,32.0,35.0,218.44010416666666,249.46714285714285,79.13119999999999,66.46381714285714,62.27194062499999,60.53996857142856,19.536718750000002,15.07671428571429,9.82089552238806,0.0,349.8358208955224,6882.746268656716,14078.89552238806,20.769253731343294,68.82746268656719,72.5139104477612,17.206865671641797,18.12847761194029,90.64238805970149,61.36717910447759,0.0,1.0,1.0,1.0,-0.27848289800995024,1.5223880597014925,0.0,0.0,6.060134328358205,0.26865671641791045,1.3582089552238805,0.42371365264203725,0.45639397866251297,0.0,0.0,6387.611940298508,147.3134328358209,0.0,195.4179104477612,0.0,2076.9253731343283,0.0,294.6268656716418,4805.820895522388,0.0,0.0,0.0,0.0,7691.2835820895525
617,0.28158932376405793,0.28024082763171343,0.08304662350292431,0.07165588875101676,0.9819034403111776,0.9819035139292432,34.0,33.0,244.6406862745098,233.2590909090909,68.70795294117647,69.16654545454544,60.70757647058822,60.15690606060604,15.79514705882353,17.458863636363635,9.447761194029852,0.0,346.2238805970149,6645.835820895522,14342.089552238805,20.87059701492538,66.45835820895525,68.93382686567165,16.61458955223881,17.233456716417912,86.1672835820896,60.43635074626864,0.0,1.0,1.0,1.0,-0.2590906405472636,1.492537313432836,0.0,0.0,8.117113432835819,0.2537313432835821,1.4029850746268657,0.44300234359209106,0.4340935825347768,0.0,0.0,6242.955223880597,141.71641791044777,0.0,185.92537313432837,0.0,2087.0597014925374,0.0,283.43283582089555,4558.776119402985,0.0,0.0,0.0,0.0,8099.134328358209
618,0.28158932376405793,0.28024082763171343,0.08471545466672509,0.07230309072235906,0.9819353908367016,0.9819345185110768,33.0,33.0,221.63535353535354,234.4489898989899,74.97037575757577,69.02186666666667,62.59311818181817,60.86427878787877,19.081287878787883,17.31909090909091,9.818181818181818,0.0,353.0151515151515,7280.075757575758,13682.530303030304,25.144696969696977,72.80075757575756,71.99612121212122,18.20018939393939,17.9990303030303,89.99515151515153,61.72869848484846,0.0,1.0,1.0,1.0,-0.28601455176767665,1.5,0.0,0.0,7.932766666666665,0.2727272727272727,1.3333333333333333,0.43538134193402633,0.44085999960964334,0.0,0.0,5670.19696969697,147.27272727272728,0.0,194.57575757575756,0.0,2514.469696969697,0.0,294.54545454545456,4765.606060606061,0.0,0.0,0.0,0.0,8012.333333333333
619,0.28158932376405793,0.28024082763171343,0.0872439962941142,0.07229737402678867,0.9819718698744476,0.9819657382124258,35.0,32.0,228.7642857142857,237.20677083333334,74.2498742857143,70.00580000000001,61.70505428571428,59.81118124999999,18.099714285714285,16.829375000000002,9.776119402985074,0.0,341.7910447761194,6997.194029850746,13967.791044776119,22.10194029850746,69.97194029850748,72.22285373134329,17.49298507462687,18.055713432835827,90.27856716417912,60.80051791044773,0.0,1.0,1.0,1.0,-0.26667745646766167,1.4776119402985075,0.0,0.0,6.070649253731339,0.26865671641791045,1.4179104477611941,0.46407250723302607,0.4237892881548838,0.0,0.0,6191.014925373134,146.6417910447761,0.0,194.08955223880596,0.0,2210.194029850746,0.0,293.2835820895522,4787.0,0.0,0.0,0.0,0.0,7776.776119402985
620,0.28158932376405793,0.28024082763171343,0.08930017721157273,0.07169258052024019,0.9820023645123868,0.9819991191678425,35.0,32.0,236.56238095238095,216.54947916666666,68.63725714285715,75.82820000000001,61.21015142857141,62.703440625000006,16.991357142857144,19.837421875000004,9.835820895522389,0.0,349.74626865671644,7340.268656716418,13620.23880597015,25.702985074626866,73.40268656716414,72.07173731343282,18.350671641791035,18.0179343283582,90.08967164179106,61.923364179104446,0.0,1.0,1.0,1.0,-0.2900700870646766,1.4776119402985075,0.0,0.0,8.202298507462682,0.2537313432835821,1.4029850746268657,0.46019587298124487,0.4244878344113374,0.0,0.0,5457.014925373134,147.53731343283582,0.0,195.88059701492537,0.0,2570.2985074626868,0.0,295.07462686567163,4769.9701492537315,0.0,0.0,0.0,0.0,8163.223880597015
621,0.28158932376405793,0.28024082763171343,0.08996194126059276,0.07291835158463505,0.9820333435768391,0.9820331699913553,34.0,34.0,237.87058823529412,233.33872549019605,71.05712941176473,67.9785411764706,60.212764705882314,60.985561764705864,16.77816176470588,17.526911764705883,9.279411764705882,0.0,354.9852941176471,6861.014705882353,14136.279411764706,22.41882352941176,68.61014705882354,69.51783529411765,17.152536764705886,17.379458823529408,86.89729411764706,60.5991632352941,0.0,1.0,1.0,1.0,-0.26248256740196074,1.5,0.0,0.0,8.23386470588235,0.25,1.3970588235294117,0.4434995435024031,0.4404561215257421,0.0,0.0,5979.485294117647,139.19117647058823,0.0,184.13235294117646,0.0,2241.8823529411766,0.0,278.38235294117646,4619.132352941177,0.0,0.0,0.0,0.0,8156.794117647059
622,0.28158932376405793,0.28024082763171343,0.08798158945393707,0.07446291600055689,0.9820658218209559,0.9820698627613207,33.0,32.0,215.77676767676766,253.0625,74.48746666666668,62.522200000000005,60.82582727272725,59.65703437499998,19.96106060606061,14.676562500000003,9.36923076923077,0.0,350.2,6943.784615384616,14047.969230769231,24.044615384615376,69.43784615384617,68.59687384615384,17.35946153846154,17.14921846153846,85.74609230769228,60.25042153846151,0.0,1.0,1.0,1.0,-0.25521711538461533,1.4923076923076923,0.0,0.0,9.013009230769228,0.3230769230769231,1.4153846153846155,0.44523139238355763,0.4367770875241163,0.0,0.0,5939.738461538462,139.84615384615384,0.0,186.3230769230769,0.0,2404.4615384615386,0.0,281.0769230769231,4539.323076923077,0.0,0.0,0.0,0.0,8108.2307692307695
623,0.28158932376405793,0.28024082763171343,0.08770273741561066,0.07501327781041706,0.9820979384894939,0.9821037357651009,35.0,28.0,232.34571428571428,206.3488095238095,73.43323428571429,81.46765714285718,60.53565999999999,62.22047499999998,17.528071428571426,21.25446428571429,10.46031746031746,0.0,364.58730158730157,7673.6984126984125,13247.492063492064,25.730317460317465,76.73698412698411,77.0040888888889,19.184246031746028,19.251022222222225,96.25511111111112,61.284466666666646,0.0,1.0,1.0,1.0,-0.2767597222222222,1.4444444444444444,0.0,0.0,3.464623809523806,0.19047619047619047,1.4126984126984128,0.4849778678708669,0.39960450822041504,0.0,0.0,5994.222222222223,156.9047619047619,0.0,207.0952380952381,0.0,2573.031746031746,0.0,313.8095238095238,5100.666666666667,0.0,0.0,0.0,0.0,7253.269841269841
624,0.28158932376405793,0.28024082763171343,0.08889069644254041,0.07421568734880675,0.9821300157088119,0.982136657958144,36.0,32.0,256.05462962962963,216.334375,62.22506666666666,76.6262,59.58107222222221,63.140546875,14.178611111111111,19.87953125,9.455882352941176,0.0,345.0882352941176,6744.558823529412,14241.764705882353,21.811617647058817,67.44558823529411,69.0020705882353,16.861397058823528,17.25051764705882,86.2525882352941,61.256119117647025,0.0,1.0,1.0,1.0,-0.27616914828431366,1.4705882352941178,0.0,0.0,9.11544558823529,0.2647058823529412,1.3970588235294117,0.46739786214156415,0.4228544428735591,0.0,0.0,6393.676470588235,141.83823529411765,0.0,187.16176470588235,0.0,2181.1617647058824,0.0,283.6764705882353,4563.39705882353,0.0,0.0,0.0,0.0,7848.088235294118
625,0.28158932376405793,0.28024082763171343,0.0890215728976165,0.07376162123737019,0.9821617465420432,0.982167427512434,32.0,34.0,228.8109375,245.38333333333333,72.0866,66.61891764705882,60.941621875,60.326029411764694,18.08984375,15.73625,9.363636363636363,0.0,354.0151515151515,6750.954545454545,14240.89393939394,21.585606060606057,67.50954545454547,69.26991515151514,16.87738636363637,17.31747878787878,86.58739393939393,60.62449848484845,0.0,1.0,1.0,1.0,-0.26301038510101005,1.5151515151515151,0.0,0.0,8.231969696969696,0.24242424242424243,1.4545454545454546,0.4273400773300848,0.4578063725211178,0.0,0.0,6175.727272727273,140.45454545454547,0.0,185.78787878787878,0.0,2158.560606060606,0.0,280.90909090909093,4592.393939393939,0.0,0.0,0.0,0.0,8065.166666666667
626,0.28158932376405793,0.28024082763171343,0.0871809165552773,0.07361144619347494,0.9821920836113862,0.9821972825112912,32.0,32.0,216.19270833333334,236.19479166666667,76.93599999999999,72.52940000000001,62.47793749999999,60.30256562499998,19.914609375,16.961328125000005,10.046875,0.0,358.578125,7375.1875,13571.625,24.157968749999995,73.751875,74.7327,18.43796875,18.683174999999995,93.41587500000004,61.39025156249998,0.0,1.0,1.0,1.0,-0.27896357421875,1.5,0.0,0.0,5.095520312499998,0.234375,1.40625,0.445564727705098,0.44627566779447186,0.0,0.0,6008.21875,150.703125,0.0,200.078125,0.0,2415.796875,0.0,301.40625,4959.390625,0.0,0.0,0.0,0.0,7563.40625
627,0.28158932376405793,0.28024082763171343,0.08721608938999678,0.07359350451122669,0.9822210699448465,0.9822301174337589,34.0,33.0,229.74754901960785,241.07020202020203,70.46644705882353,66.76635151515154,61.68077647058823,60.82633030303028,17.967573529411762,16.333333333333336,9.477611940298507,0.0,357.43283582089555,6865.059701492537,14119.462686567163,23.315373134328354,68.65059701492538,68.64401194029853,17.162649253731345,17.161002985074628,85.80501492537313,61.25992985074624,0.0,1.0,1.0,1.0,-0.2762485385572138,1.492537313432836,0.0,0.0,9.778567164179105,0.23880597014925373,1.4179104477611941,0.4441309855838623,0.42945032694407237,0.0,0.0,5429.641791044776,142.16417910447763,0.0,187.98507462686567,0.0,2331.5373134328356,0.0,284.32835820895525,4533.522388059701,0.0,0.0,0.0,0.0,8689.820895522387
628,0.28158932376405793,0.28024082763171343,0.08426283773984501,0.07495743499312474,0.9822529425665533,0.9822620511514327,34.0,32.0,232.24460784313726,240.590625,72.09129411764707,68.35659999999999,61.064485294117624,59.33309687499997,17.604117647058825,16.381406250000005,9.515151515151516,0.0,363.7878787878788,6804.515151515152,14177.469696969696,21.46424242424242,68.04515151515149,70.28053333333332,17.011287878787872,17.570133333333324,87.85066666666665,60.22502424242418,0.0,1.0,1.0,1.0,-0.2546880050505049,1.4848484848484849,0.0,0.0,6.955778787878784,0.24242424242424243,1.378787878787879,0.4571079936455655,0.43224216550326927,0.0,0.0,6343.439393939394,142.72727272727272,0.0,188.83333333333334,0.0,2146.4242424242425,0.0,285.45454545454544,4658.090909090909,0.0,0.0,0.0,0.0,7834.030303030303
629,0.28158932376405793,0.28024082763171343,0.08295850017889837,0.0748405081524523,0.9822846389913212,0.9822954211213931,34.0,31.0,240.5328431372549,207.86720430107528,68.69402352941178,82.40578064516131,60.69669705882352,64.90082903225806,16.37625,21.035241935483867,10.215384615384615,0.0,355.73846153846154,7439.292307692308,13497.23076923077,24.555230769230768,74.39292307692307,75.2334769230769,18.598230769230767,18.808369230769223,94.04184615384615,62.70174461538459,0.0,1.0,1.0,1.0,-0.30628634615384603,1.476923076923077,0.0,0.0,6.066498461538462,0.27692307692307694,1.3692307692307693,0.4579530661855944,0.423749078879214,0.0,0.0,5584.861538461539,153.23076923076923,0.0,202.7846153846154,0.0,2455.523076923077,0.0,306.46153846153845,4983.7692307692305,0.0,0.0,0.0,0.0,7912.369230769231
630,0.28158932376405793,0.28024082763171343,0.08392127199071218,0.07442319443480472,0.9823114014661961,0.9823272407478,33.0,35.0,219.81919191919192,238.67142857142855,76.13633939393941,69.14816000000002,61.84813030303029,60.85407999999999,19.32462121212121,16.707000000000004,9.852941176470589,0.0,359.4264705882353,7190.926470588235,13771.35294117647,23.859117647058817,71.90926470588238,72.53948235294118,17.977316176470595,18.13487058823529,90.6743529411765,61.33648676470585,0.0,1.0,1.0,1.0,-0.2778434742647058,1.5147058823529411,0.0,0.0,6.7743205882352875,0.2647058823529412,1.4264705882352942,0.4346479586300764,0.45385309411208946,0.0,0.0,5997.823529411765,145.33823529411765,0.0,195.7941176470588,0.0,2385.9117647058824,0.0,295.5882352941176,4805.014705882353,0.0,0.0,0.0,0.0,7773.529411764706
631,0.28158932376405793,0.28024082763171343,0.08185049942260583,0.07460060186488905,0.9823432242348509,0.982360149470326,36.0,33.0,247.96296296296296,240.11414141414141,64.6993777777778,69.32790303030303,60.12239444444442,60.18515454545452,15.363680555555558,16.481136363636367,9.072463768115941,0.0,357.4927536231884,6359.246376811594,14652.550724637682,19.25507246376812,63.592463768115934,66.9130202898551,15.898115942028983,16.728255072463767,83.64127536231884,60.152410144927515,0.0,1.0,1.0,1.0,-0.2531752113526569,1.4782608695652173,0.0,0.0,9.137505797101445,0.2608695652173913,1.3478260869565217,0.4502503783300689,0.42158180796658973,0.0,0.0,6111.072463768116,136.08695652173913,0.0,178.94202898550725,0.0,1925.5072463768115,0.0,272.17391304347825,4433.739130434783,0.0,0.0,0.0,0.0,8541.478260869566
632,0.28158932376405793,0.28024082763171343,0.08328938394209505,0.07455781066343567,0.9823721722712,0.9823922849911544,33.0,32.0,237.79141414141412,225.30833333333334,69.51292121212123,74.85340000000001,61.62590909090908,63.302249999999994,16.803181818181823,18.532734375000004,9.830769230769231,0.0,349.03076923076924,7061.861538461539,13898.753846153846,22.85953846153846,70.61861538461541,72.14208,17.654653846153852,18.035519999999998,90.1776,62.451184615384605,0.0,1.0,1.0,1.0,-0.30106634615384603,1.4923076923076923,0.0,0.0,7.9637584615384585,0.27692307692307694,1.4,0.4451718385290498,0.42647547505775246,0.0,0.0,5623.861538461539,147.46153846153845,0.0,196.0,0.0,2285.9538461538464,0.0,294.9230769230769,4775.907692307693,0.0,0.0,0.0,0.0,8274.892307692307
633,0.28158932376405793,0.28024082763171343,0.08274084655822547,0.07448158260910408,0.9824039978182788,0.9824231366021504,32.0,34.0,229.02135416666667,226.57598039215688,73.96800000000002,72.72357647058824,62.143581250000004,61.72199411764704,18.032031249999996,18.427352941176473,9.878787878787879,0.0,368.3181818181818,7294.272727272727,13665.69696969697,24.3,72.94272727272728,73.32693333333337,18.23568181818182,18.331733333333336,91.65866666666668,61.926399999999965,0.0,1.0,1.0,1.0,-0.29013333333333324,1.5151515151515151,0.0,0.0,6.835148484848481,0.13636363636363635,1.4545454545454546,0.4300249702535499,0.4573787328899348,0.0,0.0,5977.590909090909,146.66666666666666,0.0,196.0,0.0,2430.0,0.0,296.3636363636364,4864.272727272727,0.0,0.0,0.0,0.0,7688.106060606061
634,0.28158932376405793,0.28024082763171343,0.08222615452960325,0.07533152350884137,0.9824336540261375,0.9824529492983283,33.0,34.0,233.9560606060606,242.87990196078434,72.09987878787881,66.24150588235295,61.78809696969695,60.34636764705882,17.32545454545454,16.107205882352936,9.35820895522388,0.0,367.8059701492537,6682.895522388059,14309.074626865671,21.01194029850747,66.82895522388061,69.12697313432837,16.707238805970153,17.281743283582085,86.4087164179105,61.05647313432833,0.0,1.0,1.0,1.0,-0.272009856965174,1.507462686567164,0.0,0.0,8.636738805970147,0.208955223880597,1.4328358208955223,0.4376226461981253,0.45285522976949544,0.0,0.0,6335.328358208955,140.37313432835822,0.0,185.91044776119404,0.0,2101.194029850746,0.0,280.74626865671644,4581.701492537313,0.0,0.0,0.0,0.0,7973.746268656716
635,0.28158932376405793,0.28024082763171343,0.08281188289069387,0.07669729641832289,0.9824670189226171,0.9824831043709046,33.0,32.0,225.7479797979798,233.23385416666667,74.68412121212124,70.93000000000002,61.98288484848483,60.148718749999986,18.503712121212118,17.388046875,10.03076923076923,0.0,374.0615384615385,7181.784615384616,13766.0,23.691692307692303,71.81784615384616,72.83593846153846,17.95446153846154,18.208984615384615,91.04492307692307,61.07991076923072,0.0,1.0,1.0,1.0,-0.272498141025641,1.4923076923076923,0.0,0.0,6.198433846153845,0.2,1.4307692307692308,0.4438962433080754,0.43885098512893567,0.0,0.0,5993.861538461539,150.46153846153845,0.0,199.83076923076922,0.0,2369.1692307692306,0.0,300.9230769230769,4812.615384615385,0.0,0.0,0.0,0.0,7772.138461538461
636,0.28158932376405793,0.28024082763171343,0.08248735881413095,0.07755919823782725,0.9824961408189307,0.9825144089544849,34.0,33.0,234.89754901960785,224.87272727272727,71.72894117647058,72.67743030303033,61.64130882352939,60.81381212121211,17.19764705882353,18.676515151515154,9.716417910447761,0.0,363.23880597014926,7170.417910447762,13797.597014925374,23.802835820895524,71.7041791044776,72.19610746268656,17.9260447761194,18.04902686567164,90.24513432835819,61.23373582089549,0.0,1.0,1.0,1.0,-0.27570282960198994,1.492537313432836,0.0,0.0,6.9636731343283556,0.22388059701492538,1.4477611940298507,0.4468228855068035,0.43783828361384053,0.0,0.0,5730.328358208955,145.7462686567164,0.0,193.7462686567164,0.0,2380.283582089552,0.0,291.4925373134328,4790.134328358209,0.0,0.0,0.0,0.0,8067.268656716418
637,0.28158932376405793,0.28024082763171343,0.08226847237924244,0.07772964140208083,0.9825284304637971,0.9825432351974535,34.0,33.0,237.36127450980393,220.43181818181816,69.64122352941177,77.03466666666667,59.231655882352925,61.92630303030301,16.859632352941176,19.25212121212121,9.895522388059701,0.0,368.0,7215.20895522388,13741.373134328358,23.55850746268656,72.1520895522388,73.28277014925374,18.0380223880597,18.320692537313427,91.60346268656721,60.558870149253686,0.0,1.0,1.0,1.0,-0.26164312810945256,1.492537313432836,0.0,0.0,5.314122388059699,0.1791044776119403,1.4179104477611941,0.45174769976209567,0.43816688715266977,0.0,0.0,6096.79104477612,148.43283582089552,0.0,197.11940298507463,0.0,2355.8507462686566,0.0,296.86567164179104,4859.358208955224,0.0,0.0,0.0,0.0,7644.582089552238
638,0.28158932376405793,0.28024082763171343,0.08444746155397309,0.07800931752668831,0.9825581427159006,0.982572193818293,33.0,35.0,241.18232323232323,234.7042857142857,68.20635151515152,71.96361142857143,59.95199999999999,62.179445714285706,16.31128787878788,17.23035714285714,9.470588235294118,0.0,365.79411764705884,6713.735294117647,14270.882352941177,20.62705882352941,67.13735294117647,70.14023529411766,16.78433823529412,17.53505882352941,87.67529411764706,61.098479411764686,0.0,1.0,1.0,1.0,-0.27288498774509806,1.5147058823529411,0.0,0.0,7.742582352941176,0.23529411764705882,1.4264705882352942,0.4363658038451744,0.4516260345662967,0.0,0.0,6374.029411764706,142.05882352941177,0.0,188.2058823529412,0.0,2062.705882352941,0.0,284.11764705882354,4651.029411764706,0.0,0.0,0.0,0.0,7896.85294117647
639,0.28158932376405793,0.28024082763171343,0.08459325069811278,0.07923072703999474,0.9825885902685902,0.9826028387542657,32.0,35.0,234.24583333333334,242.81190476190477,71.80420000000001,67.14020571428573,61.49806249999999,59.41724285714284,17.263515625000004,16.0745,9.552238805970148,0.0,364.910447761194,6656.955223880597,14323.23880597015,20.73417910447761,66.56955223880598,69.36778507462685,16.642388059701496,17.341946268656713,86.70973134328356,60.41106716417906,0.0,1.0,1.0,1.0,-0.25856389925373124,1.5223880597014925,0.0,0.0,7.685670149253726,0.22388059701492538,1.4179104477611941,0.42380489464192167,0.4639342689100134,0.0,0.0,6431.089552238806,143.28358208955223,0.0,188.955223880597,0.0,2073.417910447761,0.0,286.56716417910445,4583.537313432836,0.0,0.0,0.0,0.0,7892.149253731343
640,0.28158932376405793,0.28024082763171343,0.08541896616353989,0.0793654841547373,0.9826199710590682,0.9826339000399551,32.0,34.0,222.9453125,218.7122549019608,73.95100000000001,77.58475294117649,61.13112812499998,63.4456588235294,18.910703125000005,19.526397058823534,10.212121212121213,0.0,372.030303030303,7691.151515151515,13245.878787878788,26.610454545454555,76.91151515151512,75.82293333333332,19.22787878787878,18.955733333333328,94.77866666666667,62.32346212121211,0.0,1.0,1.0,1.0,-0.2984054608585859,1.5151515151515151,0.0,0.0,5.728407575757574,0.22727272727272727,1.4545454545454546,0.43145695043037907,0.4577263145980711,0.0,0.0,5684.060606060606,153.1818181818182,0.0,202.42424242424244,0.0,2661.0454545454545,0.0,306.3636363636364,5030.106060606061,0.0,0.0,0.0,0.0,7561.818181818182
641,0.28158932376405793,0.28024082763171343,0.08525950439070253,0.07957044642199612,0.982649997718803,0.9826641007132497,34.0,36.0,244.88529411764705,241.76666666666668,65.37223529411764,67.96960000000001,59.54638823529409,60.652930555555535,15.806102941176471,16.21618055555556,9.185714285714285,0.0,372.0571428571429,6406.8,14596.885714285714,19.989857142857147,64.068,66.70802285714286,16.017,16.677005714285713,83.38502857142859,60.11546714285711,0.0,1.0,1.0,1.0,-0.25240556547619036,1.5142857142857142,0.0,0.0,9.424444285714284,0.2571428571428571,1.4285714285714286,0.431586186800047,0.45307691877395934,0.0,0.0,6232.971428571429,137.78571428571428,0.0,181.95714285714286,0.0,1998.9857142857143,0.0,275.57142857142856,4407.814285714286,0.0,0.0,0.0,0.0,8363.914285714285
642,0.28158932376405793,0.28024082763171343,0.0871167614661662,0.07925718027189135,0.9826782306188457,0.9826954992307364,32.0,35.0,196.39166666666668,254.27142857142857,83.63060000000002,63.85517714285713,63.605796874999996,59.23516285714283,22.73140625,14.456785714285713,9.865671641791044,0.0,372.2985074626866,7363.537313432836,13597.641791044776,25.00208955223881,73.63537313432838,73.3001552238806,18.408843283582094,18.32503880597015,91.62519402985073,61.32262985074623,0.0,1.0,1.0,1.0,-0.2775547885572139,1.5223880597014925,0.0,0.0,6.43131791044776,0.2835820895522388,1.4179104477611941,0.4259191065925114,0.4611469443809175,0.0,0.0,5847.611940298508,145.6865671641791,0.0,196.16417910447763,0.0,2500.208955223881,0.0,295.97014925373134,4863.328358208955,0.0,0.0,0.0,0.0,7750.0298507462685
643,0.28158932376405793,0.28024082763171343,0.08473904944921562,0.07955151245684908,0.9827102159163359,0.9827261720250074,37.0,31.0,262.50045045045044,224.22204301075269,59.241686486486486,75.59865806451614,58.0845297297297,62.63696774193548,13.315337837837843,18.652741935483867,9.205882352941176,0.0,368.8529411764706,6299.426470588235,14703.0,18.94117647058824,62.99426470588234,66.6985411764706,15.748566176470584,16.674635294117643,83.37317647058823,60.159905882352916,0.0,1.0,1.0,1.0,-0.25333137254901944,1.4558823529411764,0.0,0.0,9.209930882352937,0.29411764705882354,1.3970588235294117,0.46828146033980356,0.40994480476654943,0.0,0.0,6282.029411764706,138.08823529411765,0.0,182.30882352941177,0.0,1894.1176470588234,0.0,276.1764705882353,4405.308823529412,0.0,0.0,0.0,0.0,8420.970588235294
644,0.28158932376405793,0.28024082763171343,0.08383159807055626,0.07851416289991953,0.9827392019340568,0.9827565300420014,31.0,34.0,227.7032258064516,231.47450980392156,76.07205161290322,70.50221176470588,62.003899999999994,61.00712647058823,18.159032258064517,17.764044117647057,9.830769230769231,0.0,373.32307692307694,7180.969230769231,13780.553846153845,23.25646153846153,71.80969230769232,73.15859692307693,17.95242307692308,18.28964923076923,91.44824615384614,61.482510769230736,0.0,1.0,1.0,1.0,-0.280885641025641,1.523076923076923,0.0,0.0,6.276336923076923,0.26153846153846155,1.4153846153846155,0.4248209821893186,0.4534642245979839,0.0,0.0,5588.107692307693,147.46153846153845,0.0,195.09230769230768,0.0,2325.646153846154,0.0,294.9230769230769,4855.323076923077,0.0,0.0,0.0,0.0,8192.446153846155
645,0.28158932376405793,0.28024082763171343,0.0852806324461752,0.07805742209327925,0.9827677858090174,0.982785163608657,33.0,33.0,240.3580808080808,226.64949494949494,69.64576969696971,73.6345212121212,60.21554545454543,61.83463333333332,16.40113636363637,18.357348484848487,9.833333333333334,0.0,372.7121212121212,6951.69696969697,14010.227272727272,22.15227272727272,69.51696969696971,71.64014545454546,17.379242424242427,17.91003636363636,89.55018181818185,61.02508939393935,0.0,1.0,1.0,1.0,-0.2713560290404039,1.5,0.0,0.0,6.76418636363636,0.24242424242424243,1.393939393939394,0.43635562618133406,0.43608444842657795,0.0,0.0,6171.681818181818,147.5,0.0,194.57575757575756,0.0,2215.2272727272725,0.0,295.0,4736.469696969697,0.0,0.0,0.0,0.0,7838.545454545455
646,0.28158932376405793,0.28024082763171343,0.08590153027788729,0.0774427752818057,0.9828002910348357,0.9828129753134894,32.0,34.0,229.02135416666667,241.21519607843138,70.67240000000001,68.72997647058823,61.39409687499999,59.52215588235291,18.106640625000004,16.299191176470593,9.424242424242424,0.0,368.5,6870.212121212121,14118.181818181818,22.517272727272736,68.70212121212118,69.67175757575758,17.175530303030296,17.417939393939395,87.08969696969697,60.42976363636361,0.0,1.0,1.0,1.0,-0.258953409090909,1.5151515151515151,0.0,0.0,7.933536363636359,0.24242424242424243,1.4393939393939394,0.4312425641748985,0.45635764189826555,0.0,0.0,6052.212121212121,141.36363636363637,0.0,186.5151515151515,0.0,2251.7272727272725,0.0,282.72727272727275,4618.484848484848,0.0,0.0,0.0,0.0,8065.969696969697
647,0.28158932376405793,0.28024082763171343,0.08821866197714102,0.07672816008789575,0.9828282593983861,0.9828397521934729,31.0,33.0,213.64247311827958,226.31666666666666,78.39112258064516,72.23175757575758,62.956667741935476,61.534487878787864,20.239677419354845,18.44386363636364,10.21875,0.0,378.28125,7725.484375,13210.65625,27.434375000000006,77.25484374999999,75.2152,19.313710937499998,18.8038,94.01900000000003,62.22335624999997,0.0,1.0,1.0,1.0,-0.296319921875,1.515625,0.0,0.0,6.321867187499999,0.21875,1.4375,0.43649770549522826,0.45884224811863034,0.0,0.0,5479.515625,153.28125,0.0,203.015625,0.0,2743.4375,0.0,306.5625,4982.046875,0.0,0.0,0.0,0.0,7731.140625
648,0.28158932376405793,0.28024082763171343,0.08625744616545676,0.07789249260422522,0.982857554619147,0.9828683763770039,34.0,34.0,227.81470588235294,244.51176470588234,73.84357647058823,65.37298823529413,61.78327941176468,60.67172058823529,18.251176470588234,15.872058823529407,9.323529411764707,0.0,367.4852941176471,6824.64705882353,14169.79411764706,22.02308823529412,68.24647058823531,69.60828235294116,17.061617647058828,17.40207058823529,87.01035294117648,61.227499999999964,0.0,1.0,1.0,1.0,-0.2755729166666666,1.5,0.0,0.0,8.680835294117644,0.25,1.4411764705882353,0.4421219232349153,0.4427564941268938,0.0,0.0,6453.132352941177,139.85294117647058,0.0,185.0,0.0,2202.3088235294117,0.0,279.70588235294116,4622.338235294118,0.0,0.0,0.0,0.0,7716.661764705882
649,0.28158932376405793,0.28024082763171343,0.08463671727668935,0.07547762086956653,0.9828868714609641,0.9828977845065046,34.0,31.0,248.0872549019608,212.80860215053764,64.53082352941178,80.48887741935488,61.438297058823494,64.00052258064515,15.35610294117647,20.318790322580643,9.784615384615385,0.0,384.44615384615383,7089.169230769231,13875.723076923077,23.0926153846154,70.89169230769231,72.1415876923077,17.722923076923077,18.035396923076917,90.1769846153846,62.660281538461504,0.0,1.0,1.0,1.0,-0.305422532051282,1.476923076923077,0.0,0.0,8.241616923076924,0.2,1.3846153846153846,0.4604868451449363,0.4297130739789436,0.0,0.0,5626.830769230769,146.69230769230768,0.0,193.87692307692308,0.0,2309.2615384615383,0.0,293.53846153846155,4779.907692307693,0.0,0.0,0.0,0.0,8248.892307692307
650,0.28158932376405793,0.28075638452104146,0.08457720069935513,0.07543059375089213,0.982915565844909,0.9829242233513829,31.0,35.0,214.4768817204301,244.59238095238095,76.15545806451614,66.0161828571429,61.77929677419353,59.509934285714266,20.160322580645165,15.853357142857142,9.575757575757576,0.0,369.4848484848485,7150.530303030303,13826.833333333334,24.58833333333333,71.50530303030304,70.77856969696973,17.87632575757576,17.694642424242428,88.47321212121211,60.575846969696926,0.0,1.0,1.0,1.0,-0.2619968118686868,1.5303030303030303,0.0,0.0,7.673603030303027,0.3181818181818182,1.378787878787879,0.4231901486229899,0.46402616212658204,0.0,0.0,5971.060606060606,143.63636363636363,0.0,190.72727272727272,0.0,2458.8333333333335,0.0,287.27272727272725,4691.69696969697,0.0,0.0,0.0,0.0,7855.772727272727
651,0.28158932376405793,0.28075638452104146,0.08365445794189502,0.07615574505913773,0.9829461115522065,0.9829528824619073,33.0,32.0,221.9560606060606,239.01979166666666,75.50778181818184,68.3726,60.97056666666666,60.135059374999976,19.076666666666668,16.628906250000004,9.723076923076922,0.0,372.6,7148.6461538461535,13821.4,23.747999999999998,71.48646153846154,71.99507692307692,17.871615384615385,17.998769230769224,89.99384615384616,60.55923999999998,0.0,1.0,1.0,1.0,-0.2616508333333332,1.4923076923076923,0.0,0.0,6.435778461538457,0.24615384615384617,1.4307692307692308,0.44867617231058465,0.44028720817009964,0.0,0.0,5761.969230769231,144.23076923076923,0.0,193.03076923076924,0.0,2374.8,0.0,291.6923076923077,4773.846153846154,0.0,0.0,0.0,0.0,8059.430769230769
652,0.28158932376405793,0.28075638452104146,0.08376071167477442,0.07620872849089523,0.9829759126417699,0.9829802862573555,34.0,31.0,236.96029411764707,210.23225806451612,68.4926117647059,77.56077419354838,59.93202647058822,62.77030967741937,16.929852941176467,20.763145161290325,9.907692307692308,0.0,377.7230769230769,7503.215384615384,13452.784615384615,26.81276923076923,75.03215384615385,72.81742769230769,18.75803846153846,18.20435692307692,91.02178461538459,61.2856692307692,0.0,1.0,1.0,1.0,-0.2767847756410256,1.476923076923077,0.0,0.0,7.226279999999998,0.23076923076923078,1.4461538461538461,0.45684233209357616,0.426590353494484,0.0,0.0,5540.153846153846,148.3846153846154,0.0,197.3846153846154,0.0,2681.276923076923,0.0,297.2307692307692,4821.9384615384615,0.0,0.0,0.0,0.0,7912.630769230769
653,0.28158932376405793,0.28075638452104146,0.08401867439055223,0.07884190438832556,0.9830027631951047,0.9830100491509363,33.0,34.0,232.8050505050505,238.53333333333333,70.04140606060608,70.04630588235295,59.74517272727272,61.62688823529408,17.508257575757572,16.695735294117647,9.522388059701493,0.0,368.9850746268657,6838.373134328358,14142.716417910447,21.994029850746266,68.38373134328359,70.04389253731341,17.095932835820896,17.51097313432835,87.55486567164179,60.70007313432832,0.0,1.0,1.0,1.0,-0.2645848569651741,1.507462686567164,0.0,0.0,7.752113432835818,0.23880597014925373,1.4328358208955223,0.43818124645584994,0.45215930937621057,0.0,0.0,5979.149253731343,142.83582089552237,0.0,189.40298507462686,0.0,2199.402985074627,0.0,285.67164179104475,4638.9701492537315,0.0,0.0,0.0,0.0,8163.567164179104
654,0.28158932376405793,0.28075638452104146,0.08519882503617417,0.07816898320460215,0.9830316607112163,0.9830395608883059,33.0,33.0,249.9469696969697,226.8570707070707,65.04048484848485,73.85328484848483,59.46806969696967,61.72665454545454,15.06909090909091,18.329393939393935,9.5,0.0,374.22727272727275,6679.69696969697,14304.121212121212,20.854090909090907,66.7969696969697,69.44688484848487,16.699242424242424,17.36172121212121,86.80860606060605,60.59736212121208,0.0,1.0,1.0,1.0,-0.26244504419191905,1.5,0.0,0.0,7.849719696969694,0.24242424242424243,1.4090909090909092,0.4467553202975978,0.4491997007552131,0.0,0.0,6515.636363636364,142.5,0.0,187.6818181818182,0.0,2085.409090909091,0.0,285.0,4594.287878787879,0.0,0.0,0.0,0.0,7788.484848484848
655,0.28158932376405793,0.28075638452104146,0.08615741271924371,0.07747234223482069,0.9830633129618124,0.983066839596016,30.0,34.0,195.97777777777776,225.4848039215686,82.63082666666668,74.82465882352942,62.86779999999999,62.52380882352941,22.827833333333324,18.552500000000002,10.5,0.0,372.890625,8222.625,12699.203125,30.098281250000003,82.22625000000004,78.48380000000002,20.55656250000001,19.620949999999997,98.10475000000001,62.685054687499985,0.0,1.0,1.0,1.0,-0.30593863932291665,1.53125,0.0,0.0,4.757817187499998,0.25,1.375,0.4208646835788341,0.47198117227658853,0.0,0.0,5070.234375,152.75,0.0,209.421875,0.0,3009.828125,0.0,315.0,5212.796875,0.0,0.0,0.0,0.0,7628.96875
656,0.28158932376405793,0.2817645743708878,0.08531034979114228,0.07877595529740752,0.9830881920169139,0.98309540256752,34.0,35.0,241.87892156862745,237.27714285714285,67.24931764705882,65.03040000000003,60.697744117647034,59.80107999999999,16.221544117647063,15.434928571428571,9.028985507246377,0.0,361.81159420289856,6329.014492753623,14372.68115942029,19.531304347826087,63.29014492753624,66.12377971014492,15.82253623188406,16.53094492753623,82.65472463768116,60.24291449275359,0.0,1.0,1.0,1.0,-0.2550607185990336,1.5072463768115942,0.0,0.0,9.94167101449275,0.30434782608695654,1.4202898550724639,0.430165788716627,0.4355089300861004,0.0,0.0,6066.130434782609,135.43478260869566,0.0,177.97101449275362,0.0,1953.1304347826087,0.0,270.8695652173913,4375.884057971014,0.0,0.0,0.0,0.0,8619.579710144928
657,0.28158932376405793,0.2817645743708878,0.08554411226028828,0.07960799033360363,0.9831161551044256,0.9831215670091809,32.0,32.0,228.23854166666666,231.2953125,74.158,73.02120000000002,62.902418749999995,61.63664374999999,18.085937500000004,17.71,10.09375,0.0,380.71875,7159.1875,13786.015625,22.93203125,71.591875,73.58960000000002,17.89796875,18.3974,91.98700000000001,62.26953124999998,0.0,1.0,1.0,1.0,-0.29728190104166663,1.5,0.0,0.0,6.577899999999996,0.1875,1.4375,0.44122109381396324,0.43732874358029616,0.0,0.0,5877.28125,151.40625,0.0,199.578125,0.0,2293.203125,0.0,302.8125,4865.984375,0.0,0.0,0.0,0.0,7908.734375
658,0.28158932376405793,0.2817645743708878,0.08489704935290206,0.07869134887785453,0.9831448566133328,0.9831473130152912,34.0,32.0,239.3779411764706,229.89114583333333,67.2395294117647,73.14399999999999,61.171047058823525,62.16410624999998,16.630808823529406,17.853906249999998,9.606060606060606,0.0,379.74242424242425,6889.530303030303,14086.69696969697,22.533181818181802,68.89530303030303,70.10230303030306,17.223825757575757,17.52557575757576,87.62787878787887,61.65253030303027,0.0,1.0,1.0,1.0,-0.2844277146464645,1.4848484848484849,0.0,0.0,8.774053030303026,0.19696969696969696,1.393939393939394,0.44487425380498863,0.4316227898123394,0.0,0.0,5606.242424242424,144.0909090909091,0.0,190.5,0.0,2253.318181818182,0.0,288.1818181818182,4636.212121212121,0.0,0.0,0.0,0.0,8480.454545454546
659,0.28158932376405793,0.2817645743708878,0.08572993378542199,0.07652579867701821,0.9831725502206191,0.9831746850978651,32.0,34.0,213.39322916666666,238.2470588235294,78.0062,70.24545882352942,61.26244999999999,59.74454999999997,20.280703125,16.737132352941178,9.93939393939394,0.0,376.1666666666667,7382.090909090909,13571.80303030303,24.698939393939394,73.82090909090907,74.00824242424243,18.455227272727267,18.502060606060606,92.510303030303,60.48050151515148,0.0,1.0,1.0,1.0,-0.26001044823232305,1.5151515151515151,0.0,0.0,4.927486363636362,0.19696969696969696,1.4242424242424243,0.4335411667654946,0.45078844004793023,0.0,0.0,5769.439393939394,148.84848484848484,0.0,198.07575757575756,0.0,2469.8939393939395,0.0,298.1818181818182,4912.19696969697,0.0,0.0,0.0,0.0,7802.363636363636
660,0.28158932376405793,0.2817645743708878,0.08612308946240352,0.07718294229387865,0.9832022747035531,0.9832023768115619,35.0,33.0,241.92904761904762,218.76969696969698,67.95721142857144,75.98196363636363,60.75242285714282,61.711242424242414,16.21292857142857,19.51780303030302,9.720588235294118,0.0,382.9852941176471,7126.705882352941,13841.39705882353,23.638529411764708,71.26705882352942,71.85157647058824,17.816764705882356,17.962894117647053,89.81447058823532,61.21773235294115,0.0,1.0,1.0,1.0,-0.2753694240196078,1.4852941176470589,0.0,0.0,7.182920588235293,0.17647058823529413,1.3970588235294117,0.4592631404821083,0.4323082285271705,0.0,0.0,5966.573529411765,145.77941176470588,0.0,193.5,0.0,2363.8529411764707,0.0,291.61764705882354,4762.85294117647,0.0,0.0,0.0,0.0,7874.823529411765
661,0.28158932376405793,0.2817645743708878,0.08554865620853423,0.07840565848961119,0.9832313347293566,0.9832304285555883,33.0,35.0,238.44141414141413,239.91380952380953,68.82656969696968,69.79876571428571,60.15640303030301,61.577239999999996,16.73280303030303,16.443142857142853,9.455882352941176,0.0,377.0882352941176,6633.485294117647,14351.95588235294,20.44705882352941,66.33485294117646,69.32696470588235,16.583713235294116,17.331741176470583,86.65870588235296,60.88771617647055,0.0,1.0,1.0,1.0,-0.2684940870098038,1.5147058823529411,0.0,0.0,8.144464705882351,0.22058823529411764,1.4264705882352942,0.43826522068519386,0.45473036158581015,0.0,0.0,6335.073529411765,141.83823529411765,0.0,188.0441176470588,0.0,2044.7058823529412,0.0,283.6764705882353,4588.779411764706,0.0,0.0,0.0,0.0,8016.882352941177
662,0.28158932376405793,0.2817645743708878,0.0858618889322738,0.07838017267570443,0.9832603267927519,0.9832574192342284,32.0,35.0,211.94114583333334,238.17000000000002,79.4834,69.97065142857144,63.13165312499999,60.0106314285714,20.46171875,16.752357142857146,10.044776119402986,0.0,382.7014925373134,7409.5970149253735,13538.567164179105,24.671044776119402,74.09597014925373,74.5140537313433,18.523992537313433,18.62851343283582,93.1425671641791,61.50126865671639,0.0,1.0,1.0,1.0,-0.28127643034825867,1.5223880597014925,0.0,0.0,5.5112074626865635,0.22388059701492538,1.492537313432836,0.42682478100213184,0.4591050987027,0.0,0.0,6016.835820895522,150.07462686567163,0.0,199.4179104477612,0.0,2467.10447761194,0.0,301.34328358208955,4942.492537313433,0.0,0.0,0.0,0.0,7521.731343283582
663,0.28158932376405793,0.2817645743708878,0.08619171585809973,0.07855824338751805,0.9832883787027248,0.9832835033027358,36.0,34.0,244.8328703703704,245.27941176470588,66.31751111111112,66.26051764705882,59.42733611111109,59.03867352941174,15.840069444444445,15.769338235294114,8.842857142857143,0.0,384.45714285714286,6322.285714285715,14702.985714285714,19.17142857142857,63.22285714285716,66.28982857142857,15.80571428571429,16.57245714285714,82.86228571428572,59.23855714285711,0.0,1.0,1.0,1.0,-0.23413660714285706,1.4857142857142858,0.0,0.0,8.754442857142854,0.2,1.457142857142857,0.4511738476527938,0.42577273239117286,0.0,0.0,6655.185714285714,132.64285714285714,0.0,175.8,0.0,1917.142857142857,0.0,265.2857142857143,4405.142857142857,0.0,0.0,0.0,0.0,8047.8
664,0.28158932376405793,0.2817645743708878,0.0859572110865224,0.07813852649683549,0.9833155210470642,0.9833100449605938,33.0,31.0,226.32222222222222,222.19301075268817,72.55447272727272,75.88108387096776,59.81832727272727,61.10408064516128,18.481363636363636,18.980483870967745,10.03125,0.0,403.75,7489.25,13459.328125,25.727812500000002,74.89249999999997,74.16580000000002,18.723124999999992,18.541449999999998,92.70725000000002,60.441114062499985,0.0,1.0,1.0,1.0,-0.2591898763020833,1.484375,0.0,0.0,4.9984390624999975,0.234375,1.328125,0.4581306071574125,0.4357456799581596,0.0,0.0,5830.234375,150.46875,0.0,199.015625,0.0,2572.78125,0.0,300.9375,4916.46875,0.0,0.0,0.0,0.0,7629.09375
665,0.28158932376405793,0.2817645743708878,0.0865503446172341,0.07708862767933064,0.9833411431148547,0.9833344867724473,33.0,33.0,239.55656565656565,233.97777777777776,68.37294545454544,72.56688484848486,60.013678787878774,60.12379999999998,16.52136363636364,17.314696969696968,9.651515151515152,0.0,382.530303030303,6767.212121212121,14206.030303030304,21.062575757575758,67.67212121212121,70.46991515151517,16.918030303030303,17.617478787878785,88.08739393939395,60.06873939393937,0.0,1.0,1.0,1.0,-0.25143207070707063,1.5,0.0,0.0,6.516854545454539,0.24242424242424243,1.393939393939394,0.45120770815396644,0.44053289515302246,0.0,0.0,6165.5,144.3181818181818,0.0,191.8939393939394,0.0,2106.257575757576,0.0,289.54545454545456,4660.954545454545,0.0,0.0,0.0,0.0,8040.530303030303
666,0.28158932376405793,0.2817645743708878,0.08842270537393974,0.07773520167531645,0.9833679040523237,0.9833592731615619,32.0,33.0,232.94114583333334,235.99444444444444,73.24879999999999,70.60906666666665,61.09619062499998,61.25879696969697,17.467187499999998,17.035757575757575,9.723076923076922,0.0,382.38461538461536,6899.261538461538,14069.476923076923,21.32169230769231,68.99261538461538,71.9086276923077,17.248153846153844,17.97715692307692,89.88578461538464,61.17874461538458,0.0,1.0,1.0,1.0,-0.2745571794871794,1.5076923076923077,0.0,0.0,6.5182707692307655,0.2153846153846154,1.4307692307692308,0.4397689919520098,0.44869261037801345,0.0,0.0,5990.430769230769,145.84615384615384,0.0,192.72307692307692,0.0,2132.1692307692306,0.0,291.6923076923077,4767.092307692307,0.0,0.0,0.0,0.0,8079.046153846154
667,0.28158932376405793,0.2817645743708878,0.08742510587701653,0.07810223852871971,0.9833959363661995,0.9833869008830665,32.0,33.0,244.97916666666666,210.45858585858588,65.8014,78.50162424242426,59.39425312499997,61.208390909090895,15.746484375000001,20.698560606060607,9.984615384615385,0.0,379.7076923076923,7304.246153846154,13647.2,25.334307692307693,73.04246153846151,72.24920615384616,18.260615384615377,18.06230153846153,90.31150769230769,60.3152769230769,0.0,1.0,1.0,1.0,-0.2565682692307692,1.5076923076923077,0.0,0.0,6.32668615384615,0.2153846153846154,1.4,0.4458845450729731,0.45109815731704783,0.0,0.0,5995.476923076923,149.58461538461538,0.0,198.43076923076924,0.0,2533.4307692307693,0.0,299.53846153846155,4770.815384615385,0.0,0.0,0.0,0.0,7651.723076923077
668,0.28158932376405793,0.2817645743708878,0.08946050598104836,0.0767666341754,0.983422245306707,0.9834147478530656,31.0,36.0,216.10483870967744,240.14490740740743,77.45651612903227,66.3000888888889,61.778674193548376,59.98394444444443,19.85846774193548,16.51409722222222,9.761194029850746,0.0,393.7313432835821,7224.5970149253735,13741.313432835821,24.957313432835814,72.24597014925375,71.46201791044778,18.061492537313438,17.865504477611942,89.32752238805972,60.81434179104476,0.0,1.0,1.0,1.0,-0.26696545398009935,1.537313432835821,0.0,0.0,7.413816417910444,0.22388059701492538,1.4179104477611941,0.41538382373086596,0.4681696320968783,0.0,0.0,5621.059701492537,146.4179104477612,0.0,193.83582089552237,0.0,2495.731343283582,0.0,292.8358208955224,4728.865671641791,0.0,0.0,0.0,0.0,8120.253731343284
669,0.28158932376405793,0.2817645743708878,0.08874937693024595,0.07782975732048748,0.9834499028222454,0.983440679330606,34.0,33.0,211.13186274509806,226.32676767676767,82.50070588235296,70.82472727272727,65.24081470588234,59.91251818181815,20.56610294117647,18.497121212121215,10.253731343283581,0.0,391.2238805970149,7818.820895522388,13116.955223880597,27.199402985074624,78.18820895522387,76.74985074626866,19.547052238805968,19.187462686567162,95.93731343283582,62.61642985074626,0.0,1.0,1.0,1.0,-0.30450895522388044,1.492537313432836,0.0,0.0,5.413631343283581,0.1791044776119403,1.4029850746268657,0.45548000158752217,0.4398093115241017,0.0,0.0,5336.5970149253735,152.23880597014926,0.0,203.37313432835822,0.0,2719.9402985074626,0.0,307.6119402985075,5098.880597014925,0.0,0.0,0.0,0.0,7780.358208955224
670,0.28158932376405793,0.2817645743708878,0.08895557287410566,0.07999869937146423,0.9834789917936797,0.9834668807470401,38.0,33.0,252.26973684210526,212.3439393939394,62.82778947368423,80.5911272727273,58.78780263157892,63.655506060606044,14.783618421052626,20.43333333333333,9.464788732394366,0.0,392.5633802816901,6963.816901408451,14022.760563380281,22.38549295774648,69.63816901408451,71.08398873239437,17.409542253521128,17.77099718309859,88.85498591549295,61.05025633802814,0.0,1.0,1.0,1.0,-0.2718803403755868,1.4647887323943662,0.0,0.0,7.375809859154925,0.2535211267605634,1.3661971830985915,0.4686747388138618,0.4143539206724424,0.0,0.0,6004.915492957746,141.04225352112675,0.0,187.43661971830986,0.0,2238.549295774648,0.0,283.943661971831,4725.267605633803,0.0,0.0,0.0,0.0,8017.845070422535
671,0.28158932376405793,0.2817645743708878,0.08701046314937579,0.08437719508955237,0.9835049900056384,0.9834919113780995,33.0,36.0,229.48737373737373,251.69444444444443,73.27107878787879,62.528533333333336,62.76349999999998,59.95720277777775,17.952348484848486,14.840347222222224,9.289855072463768,0.0,387.2463768115942,6531.478260869565,14464.420289855072,20.579130434782616,65.31478260869564,67.66627246376812,16.32869565217391,16.916568115942024,84.58284057971014,61.29934492753623,0.0,1.0,1.0,1.0,-0.277069685990338,1.5217391304347827,0.0,0.0,9.96176811594203,0.2898550724637681,1.3623188405797102,0.42491127507167725,0.4595429001225097,0.0,0.0,6043.594202898551,139.34782608695653,0.0,185.05797101449275,0.0,2057.913043478261,0.0,278.69565217391306,4473.565217391304,0.0,0.0,0.0,0.0,8420.826086956522
672,0.28158932376405793,0.2819405091816467,0.08745789234750735,0.08301972971848987,0.9835336281726385,0.9835178890176516,34.0,32.0,245.07745098039217,232.85989583333333,67.36508235294119,71.6386,60.30085294117645,61.49131249999999,15.754338235294119,17.48015625,9.454545454545455,0.0,369.92424242424244,6636.439393939394,14349.227272727272,20.38939393939394,66.36439393939395,69.43709090909091,16.591098484848487,17.359272727272728,86.79636363636364,60.87804545454544,0.0,1.0,1.0,1.0,-0.26829261363636364,1.4848484848484849,0.0,0.0,8.032053030303025,0.2727272727272727,1.4090909090909092,0.4509744005175888,0.4262777237670567,0.0,0.0,6254.454545454545,141.8181818181818,0.0,187.87878787878788,0.0,2038.939393939394,0.0,283.6363636363636,4597.5,0.0,0.0,0.0,0.0,8094.772727272727
673,0.28158932376405793,0.2819405091816467,0.0872793434365398,0.0843733509913207,0.9835625016731924,0.983545563743025,32.0,32.0,223.52916666666667,224.0265625,75.8848,76.317,62.69889374999999,63.48042499999998,18.830703125000007,18.72609375,10.203125,0.0,382.96875,7511.359375,13426.671875,24.58749999999999,75.11359375,76.10090000000001,18.7783984375,19.025224999999995,95.12612500000002,63.08965937499996,0.0,1.0,1.0,1.0,-0.3143679036458332,1.5,0.0,0.0,5.767157812499998,0.234375,1.4375,0.4398126135677831,0.4411843174149167,0.0,0.0,5748.46875,153.046875,0.0,201.828125,0.0,2458.75,0.0,306.09375,5052.609375,0.0,0.0,0.0,0.0,7678.203125
674,0.28158932376405793,0.2819405091816467,0.08717945783829485,0.08228950912806005,0.9835895605443131,0.9835695169041059,33.0,34.0,240.16868686868688,227.82990196078433,68.67180606060606,75.31651764705886,60.35968484848483,62.314308823529394,16.46477272727273,18.18051470588236,9.73134328358209,0.0,401.2238805970149,6934.179104477612,14034.432835820895,21.57253731343284,69.34179104477612,72.04374925373133,17.33544776119403,18.010937313432827,90.05468656716417,61.351583582089525,0.0,1.0,1.0,1.0,-0.2781579912935322,1.507462686567164,0.0,0.0,6.643282089552235,0.26865671641791045,1.3880597014925373,0.4401553340481081,0.4513825953372213,0.0,0.0,6138.2835820895525,145.97014925373134,0.0,192.47761194029852,0.0,2157.2537313432836,0.0,291.94029850746267,4776.925373134329,0.0,0.0,0.0,0.0,7896.149253731343
675,0.28158932376405793,0.2819405091816467,0.08545122622836429,0.08315235567832102,0.983618563077702,0.9835973661803785,32.0,36.0,231.409375,240.01296296296294,71.4774,68.85671111111111,60.64284687499997,60.3354722222222,17.700468750000006,16.48979166666666,9.529411764705882,0.0,400.6764705882353,6823.808823529412,14157.85294117647,21.81852941176471,68.23808823529411,70.08997647058825,17.05952205882353,17.52249411764706,87.61247058823531,60.48011911764702,0.0,1.0,1.0,1.0,-0.2600024816176469,1.5294117647058822,0.0,0.0,7.449664705882349,0.22058823529411764,1.3970588235294117,0.41609431746310394,0.46470686840827624,0.0,0.0,5683.264705882353,142.72058823529412,0.0,188.73529411764707,0.0,2181.8529411764707,0.0,285.88235294117646,4641.955882352941,0.0,0.0,0.0,0.0,8474.588235294117
676,0.28158932376405793,0.2819405091816467,0.08424017390520007,0.08306409961757533,0.9836456579072553,0.9836233846040193,32.0,34.0,224.94947916666666,239.0063725490196,73.7358,69.49590588235297,61.53879062499997,60.18466470588233,18.648125,16.638308823529417,9.606060606060606,0.0,383.24242424242425,7045.106060606061,13931.454545454546,22.956666666666663,70.4510606060606,71.55161212121213,17.61276515151515,17.887903030303026,89.43951515151518,60.841210606060585,0.0,1.0,1.0,1.0,-0.2675252209595958,1.5151515151515151,0.0,0.0,6.902363636363634,0.25757575757575757,1.4090909090909092,0.4218118759457904,0.45352315731825804,0.0,0.0,6174.484848484848,144.0909090909091,0.0,190.16666666666666,0.0,2295.6666666666665,0.0,288.1818181818182,4749.439393939394,0.0,0.0,0.0,0.0,7756.969696969697
677,0.28158932376405793,0.2819405091816467,0.08449417137802788,0.08472247918474794,0.9836725726983389,0.9836496044551848,33.0,33.0,234.52828282828284,232.68232323232323,71.50642424242426,71.51243636363637,60.84224242424239,60.417175757575734,17.222424242424243,17.50265151515152,9.833333333333334,0.0,409.0,6945.015151515152,14016.318181818182,22.187575757575758,69.45015151515152,71.5094303030303,17.36253787878788,17.87735757575757,89.3867878787879,60.629709090909074,0.0,1.0,1.0,1.0,-0.26311893939393927,1.5,0.0,0.0,6.482816666666666,0.24242424242424243,1.4393939393939394,0.4446091879342814,0.4495321356813765,0.0,0.0,6221.636363636364,147.5,0.0,195.16666666666666,0.0,2218.757575757576,0.0,295.0,4726.257575757576,0.0,0.0,0.0,0.0,7794.681818181818
678,0.28158932376405793,0.2819405091816467,0.08567681993539238,0.0857145094996633,0.9836989341862643,0.9836749214916385,34.0,33.0,241.36127450980393,227.20555555555558,66.12103529411763,74.47292121212124,59.443226470588215,61.514706060606045,16.322279411764704,18.29840909090909,9.507462686567164,0.0,398.32835820895525,6918.238805970149,14063.34328358209,22.63059701492537,69.18238805970148,70.23465074626867,17.29559701492537,17.55866268656716,87.79331343283584,60.463507462686536,0.0,1.0,1.0,1.0,-0.25965640547263674,1.492537313432836,0.0,0.0,7.5244537313432796,0.23880597014925373,1.462686567164179,0.45176726224171254,0.4365556650888174,0.0,0.0,5793.2835820895525,142.61194029850745,0.0,189.5820895522388,0.0,2263.0597014925374,0.0,285.2238805970149,4655.179104477612,0.0,0.0,0.0,0.0,8270.059701492537
679,0.28158932376405793,0.2819405091816467,0.08448788909307468,0.08407119930967365,0.9837263490148003,0.983699900062097,32.0,34.0,223.67604166666666,243.9598039215686,76.20879999999998,66.36461176470591,63.927184374999996,59.939141176470564,18.774062500000003,15.92713235294118,9.696969696969697,0.0,408.6969696969697,6922.984848484848,14047.515151515152,22.138484848484854,69.22984848484847,71.1375515151515,17.30746212121212,17.78438787878787,88.92193939393937,61.87273787878785,0.0,1.0,1.0,1.0,-0.28901537247474735,1.5151515151515151,0.0,0.0,8.042648484848481,0.24242424242424243,1.4696969696969697,0.4316202868671398,0.45103628915883026,0.0,0.0,5843.590909090909,145.45454545454547,0.0,192.13636363636363,0.0,2213.848484848485,0.0,290.90909090909093,4709.136363636364,0.0,0.0,0.0,0.0,8203.924242424242
680,0.28158932376405793,0.2819405091816467,0.0844392407869301,0.08304194553991001,0.9837545824422357,0.9837264363756111,34.0,32.0,239.67450980392155,229.23020833333334,69.856,72.72580000000004,60.91398235294117,61.88690625,16.492720588235294,18.021640624999996,9.712121212121213,0.0,410.1818181818182,6893.606060606061,14076.636363636364,21.772121212121213,68.93606060606064,71.24741818181816,17.23401515151516,17.811854545454537,89.05927272727273,61.38570303030302,0.0,1.0,1.0,1.0,-0.2788688131313132,1.4848484848484849,0.0,0.0,7.372299999999998,0.24242424242424243,1.3333333333333333,0.4570604543063526,0.434336631105097,0.0,0.0,6269.19696969697,145.0,0.0,192.3939393939394,0.0,2177.212121212121,0.0,291.3636363636364,4716.393939393939,0.0,0.0,0.0,0.0,7807.439393939394
681,0.28158932376405793,0.2819405091816467,0.08669798256260916,0.08225027845043811,0.9837804373802145,0.9837549527673961,34.0,32.0,229.85539215686273,217.82708333333332,71.5081411764706,76.44239999999998,61.35144999999999,62.273712499999995,17.95757352941176,19.641406249999996,9.984848484848484,0.0,394.42424242424244,7509.590909090909,13441.40909090909,26.097878787878777,75.09590909090913,73.90050909090908,18.773977272727283,18.47512727272727,92.37563636363635,61.79860757575755,0.0,1.0,1.0,1.0,-0.2874709911616161,1.4848484848484849,0.0,0.0,6.672075757575754,0.24242424242424243,1.4242424242424243,0.45311154691760247,0.4283458472699247,0.0,0.0,5773.878787878788,149.54545454545453,0.0,198.9090909090909,0.0,2609.787878787879,0.0,299.54545454545456,4899.80303030303,0.0,0.0,0.0,0.0,7667.530303030303
682,0.28158932376405793,0.2819405091816467,0.08807660200306082,0.08180903704912945,0.9838053551318576,0.9837815560414396,34.0,34.0,238.26274509803923,248.821568627451,70.07002352941176,65.91755294117648,59.61942058823528,60.12792941176468,16.686985294117648,15.202205882352942,9.382352941176471,0.0,397.13235294117646,6377.838235294118,14612.529411764706,18.867794117647055,63.77838235294118,67.99378823529412,15.944595588235295,16.998447058823523,84.99223529411763,59.87367499999996,0.0,1.0,1.0,1.0,-0.24736822916666654,1.5,0.0,0.0,7.824482352941169,0.23529411764705882,1.4705882352941178,0.4465007299731598,0.4440299841575925,0.0,0.0,7007.205882352941,140.73529411764707,0.0,186.4264705882353,0.0,1886.7794117647059,0.0,281.47058823529414,4491.058823529412,0.0,0.0,0.0,0.0,7605.323529411765
683,0.28158932376405793,0.2819405091816467,0.08940958656864183,0.0803273097630387,0.9838326757968596,0.9838085199756057,34.0,32.0,241.35245098039215,213.6625,68.31002352941177,78.62080000000002,60.15649117647057,62.17681562499998,16.31139705882353,20.238593749999993,9.833333333333334,0.0,401.0151515151515,7286.19696969697,13675.621212121212,24.19333333333333,72.8619696969697,73.30918787878791,18.215492424242424,18.327296969696974,91.63648484848486,61.13604242424239,0.0,1.0,1.0,1.0,-0.27366755050505037,1.4848484848484849,0.0,0.0,6.0423469696969665,0.21212121212121213,1.4090909090909092,0.46074952948293174,0.434027919931434,0.0,0.0,6005.80303030303,146.93939393939394,0.0,195.24242424242425,0.0,2419.3333333333335,0.0,295.0,4866.863636363636,0.0,0.0,0.0,0.0,7669.818181818182
684,0.28158932376405793,0.2819405091816467,0.08923471389541517,0.08092208127615269,0.9838572806692987,0.9838340694157424,32.0,35.0,241.70052083333334,240.22238095238097,68.4616,67.7154742857143,60.67750312499999,59.783891428571415,16.220312499999995,16.485000000000003,9.238805970149254,0.0,401.2686567164179,6543.432835820896,14455.701492537313,20.337164179104477,65.43432835820894,68.07183283582087,16.358582089552236,17.017958208955218,85.08979104477612,60.210691044776084,0.0,1.0,1.0,1.0,-0.254389396766169,1.5223880597014925,0.0,0.0,8.497440298507463,0.22388059701492538,1.4776119402985075,0.4324395518512076,0.4638255405915566,0.0,0.0,6451.059701492537,138.5820895522388,0.0,184.11940298507463,0.0,2033.7164179104477,0.0,277.1641791044776,4509.7164179104475,0.0,0.0,0.0,0.0,8004.641791044776
685,0.28158932376405793,0.2819405091816467,0.08668963378020836,0.0797457301106419,0.9838807710973042,0.983860628388356,31.0,33.0,229.08225806451614,214.4560606060606,73.49925161290322,77.41750303030302,60.58181290322579,62.71993939393939,18.035241935483878,20.136666666666663,10.15625,0.0,411.09375,7647.515625,13292.4375,26.362187499999997,76.47515624999997,75.51960000000004,19.118789062499992,18.87990000000001,94.39949999999997,61.684284374999976,0.0,1.0,1.0,1.0,-0.28508925781249994,1.515625,0.0,0.0,5.283473437499998,0.21875,1.4375,0.4354573465332915,0.4568453901035474,0.0,0.0,5614.296875,152.34375,0.0,202.015625,0.0,2636.21875,0.0,304.6875,5011.296875,0.0,0.0,0.0,0.0,7678.140625
686,0.28158932376405793,0.2819405091816467,0.0855509516596463,0.08041173293941839,0.9839062184666715,0.9838876363537925,32.0,35.0,233.38229166666667,237.02809523809523,71.09040000000002,68.91977142857142,60.165368749999985,60.283208571428545,17.400078125,16.92678571428571,9.567164179104477,0.0,403.910447761194,6861.134328358209,14117.208955223881,22.329104477611935,68.61134328358207,69.9564895522388,17.15283582089552,17.4891223880597,87.44561194029849,60.2269268656716,0.0,1.0,1.0,1.0,-0.2547276430348257,1.5223880597014925,0.0,0.0,7.423273134328352,0.2537313432835821,1.3880597014925373,0.43066649150277586,0.4609597008489424,0.0,0.0,6224.671641791045,143.50746268656715,0.0,190.13432835820896,0.0,2232.910447761194,0.0,287.0149253731343,4628.223880597015,0.0,0.0,0.0,0.0,7892.537313432836
687,0.28158932376405793,0.28216517585264983,0.08602753811318296,0.0784573107890199,0.9839324737254264,0.9839128397800468,32.0,34.0,221.56822916666667,241.08970588235294,75.28920000000001,69.21468235294118,61.66659375,61.50636470588233,19.133124999999996,16.29463235294118,9.772727272727273,0.0,407.3181818181818,7068.348484848485,13897.484848484848,22.859696969696966,70.68348484848485,72.15990303030303,17.670871212121213,18.039975757575753,90.19987878787876,61.584051515151494,0.0,1.0,1.0,1.0,-0.28300107323232315,1.5151515151515151,0.0,0.0,7.095019696969695,0.25757575757575757,1.4393939393939394,0.4304409101711312,0.45022000515566685,0.0,0.0,6004.227272727273,146.5909090909091,0.0,193.3939393939394,0.0,2285.969696969697,0.0,293.1818181818182,4782.378787878788,0.0,0.0,0.0,0.0,7893.257575757576
688,0.28158932376405793,0.28216517585264983,0.08608578450988501,0.07694357269131075,0.9839578551539003,0.9839387168171274,33.0,33.0,226.07222222222222,249.92222222222225,73.16518787878789,64.93866666666668,61.6309121212121,59.493412121212096,18.503030303030307,15.053106060606058,9.363636363636363,0.0,407.25757575757575,6711.227272727273,14279.833333333334,21.358636363636364,67.11227272727274,69.05192727272728,16.778068181818185,17.262981818181817,86.3149090909091,60.5621621212121,0.0,1.0,1.0,1.0,-0.26171171085858574,1.5,0.0,0.0,8.288303030303029,0.19696969696969696,1.378787878787879,0.4448964206349679,0.44285368629567773,0.0,0.0,6371.712121212121,140.45454545454547,0.0,186.57575757575756,0.0,2135.8636363636365,0.0,280.90909090909093,4575.363636363636,0.0,0.0,0.0,0.0,7908.121212121212
689,0.28158932376405793,0.28216517585264983,0.08471401440491326,0.07574646517270428,0.9839840661950315,0.9839637114834204,33.0,31.0,238.6540404040404,228.76774193548388,67.76029090909093,73.79860645161293,61.013833333333324,61.15821612903225,16.6825,18.053145161290328,9.703125,0.0,407.296875,6938.5625,14031.921875,22.653125000000003,69.38562500000002,70.68509999999996,17.346406250000005,17.671274999999987,88.35637500000004,61.08376874999997,0.0,1.0,1.0,1.0,-0.2725785156249999,1.484375,0.0,0.0,7.745074999999997,0.3125,1.453125,0.4611952594057669,0.43123839430963823,0.0,0.0,6438.671875,145.546875,0.0,191.875,0.0,2265.3125,0.0,291.09375,4673.25,0.0,0.0,0.0,0.0,7593.25
690,0.28158932376405793,0.28216517585264983,0.08295040730245391,0.07591364621690644,0.9840082434659247,0.9839907709126249,32.0,32.0,223.38072916666667,226.36302083333334,77.50540000000001,74.05779999999999,62.81613749999998,61.808659375000005,18.824687499999996,18.36375,10.3125,0.0,414.90625,7437.6875,13492.3125,24.195937500000003,74.37687500000003,75.78160000000004,18.594218750000007,18.945400000000006,94.72700000000002,62.31239843749997,0.0,1.0,1.0,1.0,-0.29817496744791666,1.5,0.0,0.0,5.125017187499998,0.203125,1.4375,0.4419539997860247,0.4400533675849291,0.0,0.0,5764.484375,154.6875,0.0,204.9375,0.0,2419.59375,0.0,309.375,5018.09375,0.0,0.0,0.0,0.0,7727.828125
691,0.28158932376405793,0.28216517585264983,0.08319798318059306,0.07561042409581502,0.9840372166466653,0.9840152843422143,34.0,34.0,233.70049019607845,248.2107843137255,70.0992,66.44423529411766,61.21094117647058,60.63760588235292,17.413823529411765,15.27794117647059,9.308823529411764,0.0,398.5147058823529,6538.35294117647,14457.338235294117,20.191470588235298,65.3835294117647,68.27171764705884,16.345882352941175,17.06792941176471,85.33964705882354,60.924273529411735,0.0,1.0,1.0,1.0,-0.2692556985294116,1.5,0.0,0.0,8.998438235294111,0.23529411764705882,1.4264705882352942,0.43916417886831555,0.4415276637677871,0.0,0.0,6216.705882352941,139.63235294117646,0.0,184.41176470588235,0.0,2019.1470588235295,0.0,279.2647058823529,4519.205882352941,0.0,0.0,0.0,0.0,8240.632352941177
692,0.28158932376405793,0.28216517585264983,0.08495918224849737,0.076198295649896,0.984061025090644,0.9840411306491762,33.0,32.0,238.6858585858586,216.253125,69.58118787878789,77.57000000000002,59.881330303030275,61.59000624999998,16.6709090909091,19.855234375000002,9.938461538461539,0.0,419.04615384615386,7295.430769230769,13658.523076923077,24.21753846153846,72.95430769230772,73.51414153846154,18.23857692307693,18.378535384615382,91.89267692307695,60.722524615384586,0.0,1.0,1.0,1.0,-0.2650525961538461,1.4923076923076923,0.0,0.0,5.446959999999998,0.2153846153846154,1.4153846153846155,0.45710762314553804,0.43750489538007403,0.0,0.0,5896.861538461539,149.07692307692307,0.0,197.8153846153846,0.0,2421.753846153846,0.0,298.15384615384613,4873.676923076923,0.0,0.0,0.0,0.0,7761.661538461539
693,0.28158932376405793,0.28216517585264983,0.08295172842929838,0.07662942391970963,0.9840874210166851,0.9840672774434062,32.0,35.0,235.28177083333333,237.49333333333334,69.64660000000002,68.74752,60.84564374999999,60.34493999999998,17.1609375,16.84864285714286,9.462686567164178,0.0,407.8805970149254,6799.119402985075,14186.223880597016,22.2265671641791,67.99119402985075,69.17693134328361,16.997798507462687,17.294232835820896,86.47116417910448,60.58408208955221,0.0,1.0,1.0,1.0,-0.26216837686567157,1.5223880597014925,0.0,0.0,8.40494925373134,0.16417910447761194,1.462686567164179,0.43168897943349566,0.45955502140221743,0.0,0.0,6596.507462686567,141.9402985074627,0.0,187.83582089552237,0.0,2222.6567164179105,0.0,283.8805970149254,4576.462686567164,0.0,0.0,0.0,0.0,7589.7164179104475
694,0.28158932376405793,0.28216517585264983,0.08330723364967511,0.07736000935329009,0.9841120354694048,0.9840919646284033,32.0,34.0,223.04791666666668,233.99803921568628,76.26680000000003,71.90381176470589,62.83172187499998,62.601644117647055,18.907578125,17.316617647058823,9.893939393939394,0.0,410.530303030303,7235.19696969697,13721.333333333334,23.181666666666672,72.3519696969697,74.01919999999998,18.087992424242426,18.504799999999992,92.52399999999999,62.71319696969694,0.0,1.0,1.0,1.0,-0.30652493686868665,1.5151515151515151,0.0,0.0,6.781989393939391,0.19696969696969696,1.393939393939394,0.4342739511482521,0.45322443583523564,0.0,0.0,5845.848484848485,148.4090909090909,0.0,197.24242424242425,0.0,2318.1666666666665,0.0,296.8181818181818,4917.030303030303,0.0,0.0,0.0,0.0,7875.484848484848
695,0.28158932376405793,0.28345482115369064,0.08339939398319464,0.07685154525362335,0.9841380716984226,0.9841188462294468,33.0,34.0,233.0111111111111,251.0794117647059,73.5699393939394,61.824000000000005,61.58106969696968,59.125208823529384,17.39189393939394,14.959779411764707,9.328358208955224,0.0,406.8059701492537,6463.074626865671,14530.805970149253,19.973283582089557,64.63074626865671,67.60931343283582,16.157686567164177,16.90232835820895,84.51164179104475,60.33481194029848,0.0,1.0,1.0,1.0,-0.2569752487562188,1.507462686567164,0.0,0.0,8.883185074626864,0.22388059701492538,1.462686567164179,0.43175144681837363,0.43284688951177674,0.0,0.0,6357.895522388059,139.92537313432837,0.0,185.34328358208955,0.0,1997.3283582089553,0.0,279.85074626865674,4465.746268656716,0.0,0.0,0.0,0.0,8172.910447761194
696,0.28158932376405793,0.28345482115369064,0.08365646473996569,0.07648539698510182,0.9841640038031013,0.9841427259874235,35.0,30.0,245.15285714285713,201.75055555555554,66.18989714285713,82.21888,59.55148571428568,62.766913333333356,15.787857142857138,21.924333333333337,9.984615384615385,0.0,416.61538461538464,7448.030769230769,13507.261538461538,25.726307692307692,74.48030769230769,73.58788923076924,18.620076923076923,18.3969723076923,91.98486153846153,61.0355292307692,0.0,1.0,1.0,1.0,-0.27157352564102555,1.4615384615384615,0.0,0.0,6.067716923076919,0.27692307692307694,1.3384615384615384,0.46783152856864446,0.4134056977725061,0.0,0.0,5738.507692307692,146.3230769230769,0.0,197.84615384615384,0.0,2572.630769230769,0.0,299.53846153846155,4875.4,0.0,0.0,0.0,0.0,7768.753846153846
697,0.28158932376405793,0.28345482115369064,0.08430692675603269,0.07779780925856786,0.9841884034605195,0.9841669672771891,32.0,35.0,233.85104166666667,238.58857142857144,71.80460000000001,67.57942857142856,60.37587499999997,60.92376,17.35625,16.679071428571426,9.552238805970148,0.0,406.7164179104478,6801.0,14179.55223880597,21.995223880597024,68.00999999999999,69.59742089552239,17.002499999999998,17.399355223880598,86.996776119403,60.66208358208952,0.0,1.0,1.0,1.0,-0.26379340796019896,1.5223880597014925,0.0,0.0,8.067162686567164,0.2835820895522388,1.4328358208955223,0.4209164611406273,0.4582406068575619,0.0,0.0,6090.2835820895525,143.28358208955223,0.0,188.59701492537314,0.0,2199.5223880597014,0.0,286.56716417910445,4601.477611940299,0.0,0.0,0.0,0.0,8089.268656716418
698,0.28158932376405793,0.28345482115369064,0.08389396402300557,0.07872244484248041,0.9842120874612774,0.9841894844788207,32.0,34.0,228.93125,239.0936274509804,75.01240000000003,69.16668235294117,62.50347499999998,60.171702941176456,18.014765624999995,16.618455882352944,9.727272727272727,0.0,413.8787878787879,6918.181818181818,14049.984848484848,21.44242424242424,69.18181818181817,72.0009696969697,17.295454545454543,18.000242424242426,90.00121212121215,61.30225909090906,0.0,1.0,1.0,1.0,-0.2771303977272727,1.5151515151515151,0.0,0.0,6.596743939393937,0.30303030303030304,1.4242424242424243,0.439279034837243,0.4588376285548187,0.0,0.0,6284.439393939394,145.9090909090909,0.0,193.1060606060606,0.0,2144.242424242424,0.0,291.8181818181818,4773.939393939394,0.0,0.0,0.0,0.0,7765.545454545455
699,0.2822394121324991,0.28345482115369064,0.0854217408667416,0.0788600725477327,0.9842369205845815,0.9842153591843429,33.0,33.0,228.80252525252527,242.26868686868687,74.67636363636366,67.29774545454546,62.395115151515135,59.73456060606058,18.054393939393943,16.141742424242423,9.666666666666666,0.0,401.24242424242425,6839.227272727273,14132.136363636364,21.391969696969696,68.39227272727273,70.98705454545455,17.09806818181818,17.74676363636363,88.7338181818182,61.06483787878784,0.0,1.0,1.0,1.0,-0.2721841224747474,1.5,0.0,0.0,7.175851515151514,0.30303030303030304,1.3636363636363635,0.4429542618459568,0.4398176133237058,0.0,0.0,6566.878787878788,145.0,0.0,192.63636363636363,0.0,2139.1969696969695,0.0,290.0,4700.030303030303,0.0,0.0,0.0,0.0,7565.257575757576
700,0.2822394121324991,0.28345482115369064,0.08505530756243747,0.07818408583952391,0.9842626237157976,0.9842394102104454,34.0,32.0,224.42745098039217,231.428125,75.9508705882353,72.829,63.58240882352942,60.04347812499999,18.67970588235294,17.736796875,9.878787878787879,0.0,423.7878787878788,7289.015151515152,13669.30303030303,23.379999999999995,72.89015151515153,74.43723636363639,18.222537878787882,18.609309090909097,93.0465454545455,61.86656363636362,0.0,1.0,1.0,1.0,-0.2888867424242425,1.4848484848484849,0.0,0.0,5.651865151515148,0.22727272727272727,1.4242424242424243,0.4531939302217065,0.43081720587745076,0.0,0.0,6334.757575757576,148.1818181818182,0.0,196.13636363636363,0.0,2338.0,0.0,296.3636363636364,4951.015151515152,0.0,0.0,0.0,0.0,7334.545454545455
701,0.2822394121324991,0.28345482115369064,0.0869666791943487,0.08032625079492535,0.9842854584730535,0.984266502127236,36.0,32.0,245.9162037037037,240.87395833333332,66.92977777777777,65.70179999999999,59.57388611111109,58.94916562499998,15.612152777777778,16.39265625,9.191176470588236,0.0,413.8235294117647,6391.779411764706,14612.60294117647,20.12264705882353,63.91779411764707,66.35190588235297,15.979448529411767,16.587976470588238,82.93988235294118,59.27989999999996,0.0,1.0,1.0,1.0,-0.2349979166666665,1.4705882352941178,0.0,0.0,8.907442647058815,0.2647058823529412,1.3970588235294117,0.4625106737987322,0.42170164839144325,0.0,0.0,6488.029411764706,137.86764705882354,0.0,181.01470588235293,0.0,2012.264705882353,0.0,275.7352941176471,4379.514705882353,0.0,0.0,0.0,0.0,8124.573529411765
702,0.2822394121324991,0.28345482115369064,0.08746466647398929,0.0809976111757546,0.9843106875930415,0.9842949772353511,34.0,30.0,227.30147058823528,237.18277777777777,74.97637647058825,68.52629333333334,62.33410588235295,59.39042666666666,18.300661764705882,16.8845,9.703125,0.0,409.828125,7054.734375,13916.0,22.824374999999996,70.54734375,71.9529,17.6368359375,17.988224999999993,89.94112500000003,60.95425624999995,0.0,1.0,1.0,1.0,-0.2698803385416667,1.46875,0.0,0.0,6.638192187499996,0.265625,1.375,0.47179077969769767,0.41316905607205245,0.0,0.0,5910.828125,145.546875,0.0,191.625,0.0,2282.4375,0.0,291.09375,4772.296875,0.0,0.0,0.0,0.0,8005.171875
703,0.2822394121324991,0.28345482115369064,0.0874687375609166,0.08122104405903513,0.9843364122183641,0.9843197755270761,35.0,30.0,243.0157142857143,205.26277777777779,66.58870857142857,81.06837333333334,59.99585999999998,63.31672333333335,16.0745,21.436833333333336,9.984615384615385,0.0,410.15384615384613,7419.7692307692305,13535.476923076923,25.690769230769234,74.19769230769231,73.2716307692308,18.549423076923077,18.317907692307692,91.58953846153844,61.52856615384613,0.0,1.0,1.0,1.0,-0.2818451282051282,1.4615384615384615,0.0,0.0,6.8063584615384585,0.23076923076923078,1.4,0.46581849991981633,0.40641612577965053,0.0,0.0,5453.676923076923,146.76923076923077,0.0,197.44615384615383,0.0,2569.076923076923,0.0,299.53846153846155,4850.692307692308,0.0,0.0,0.0,0.0,8081.8
704,0.2822394121324991,0.28345482115369064,0.08842517876410712,0.08104335742104585,0.9843600769478938,0.9843440051943952,33.0,34.0,232.84141414141413,239.18235294117645,72.73561212121213,69.58795294117647,61.19361818181817,61.22497352941174,17.49356060606061,16.576470588235296,9.626865671641792,0.0,425.0,6811.268656716418,14163.55223880597,20.95940298507463,68.11268656716418,71.13829253731345,17.028171641791044,17.784573134328358,88.92286567164179,61.20952985074625,0.0,1.0,1.0,1.0,-0.2751985385572139,1.507462686567164,0.0,0.0,7.099408955223878,0.208955223880597,1.4029850746268657,0.44416267287442657,0.45128246869659483,0.0,0.0,5998.746268656716,144.40298507462686,0.0,190.97014925373134,0.0,2095.9402985074626,0.0,288.8059701492537,4715.328358208955,0.0,0.0,0.0,0.0,8164.805970149254
705,0.2822394121324991,0.28345482115369064,0.08654318911676655,0.08367311095623392,0.984386060072776,0.9843681831096341,33.0,33.0,230.67222222222225,233.2919191919192,72.94739393939395,71.86327272727274,61.27817575757574,62.22067575757574,17.766742424242423,17.44742424242424,9.818181818181818,0.0,424.43939393939394,7042.833333333333,13918.924242424242,22.45257575757576,70.42833333333333,72.40533333333336,17.607083333333332,18.101333333333336,90.50666666666666,61.74942575757573,0.0,1.0,1.0,1.0,-0.28644636994949485,1.5,0.0,0.0,6.951175757575754,0.19696969696969696,1.4090909090909092,0.44578407908674916,0.4430764287389782,0.0,0.0,5927.318181818182,147.27272727272728,0.0,195.42424242424244,0.0,2245.257575757576,0.0,294.54545454545456,4797.575757575758,0.0,0.0,0.0,0.0,7991.606060606061
706,0.2822394121324991,0.28345482115369064,0.08730934032574998,0.08409027488701364,0.9844102965115682,0.9843942251197711,34.0,33.0,245.6578431372549,227.12373737373736,66.00225882352942,73.89284848484849,59.43972647058822,62.55226363636364,15.689117647058826,18.325984848484854,9.447761194029852,0.0,413.67164179104475,6795.149253731343,14191.746268656716,21.617761194029853,67.95149253731341,69.8886686567164,16.987873134328353,17.472167164179098,87.3608358208955,60.97276716417907,0.0,1.0,1.0,1.0,-0.2702659825870645,1.492537313432836,0.0,0.0,8.071971641791043,0.23880597014925373,1.4179104477611941,0.4545352981444747,0.4373313091436011,0.0,0.0,6016.6567164179105,141.71641791044777,0.0,186.955223880597,0.0,2161.776119402985,0.0,283.43283582089555,4633.373134328358,0.0,0.0,0.0,0.0,8175.089552238806
707,0.2822394121324991,0.28345482115369064,0.08701055996543536,0.08298563892542549,0.9844337168813437,0.984418964114846,32.0,34.0,221.7171875,244.4,76.55780000000001,65.8228705882353,62.589603125,59.5558176470588,19.06359375,15.869044117647055,9.681818181818182,0.0,413.6666666666667,6967.166666666667,14004.136363636364,22.652878787878777,69.67166666666665,71.02768484848484,17.417916666666663,17.756921212121206,88.78460606060608,61.0267439393939,0.0,1.0,1.0,1.0,-0.27139049873737364,1.5151515151515151,0.0,0.0,7.416975757575754,0.2878787878787879,1.393939393939394,0.43702889276758666,0.45510262644796345,0.0,0.0,6143.545454545455,145.22727272727272,0.0,192.0151515151515,0.0,2265.287878787879,0.0,290.45454545454544,4701.878787878788,0.0,0.0,0.0,0.0,7860.590909090909
708,0.2822394121324991,0.28345482115369064,0.0874042720921374,0.08011215673251287,0.9844586923794304,0.9844452181337418,34.0,32.0,242.2142156862745,233.8328125,68.75087058823527,70.3544,60.18254999999999,62.658740624999986,16.148161764705883,17.360859375000004,9.5,0.0,408.8484848484849,6694.454545454545,14289.030303030304,20.938030303030303,66.94454545454545,69.5283393939394,16.736136363636362,17.382084848484848,86.91042424242428,61.38312727272724,0.0,1.0,1.0,1.0,-0.27881515151515135,1.4848484848484849,0.0,0.0,8.59092424242424,0.3333333333333333,1.378787878787879,0.45143204882184523,0.429911618927941,0.0,0.0,5851.818181818182,142.5,0.0,188.0151515151515,0.0,2093.8030303030305,0.0,285.0,4600.651515151515,0.0,0.0,0.0,0.0,8437.212121212122
709,0.2822394121324991,0.28345482115369064,0.0865275381885126,0.07836424103129444,0.9844837048424153,0.9844678389511313,33.0,32.0,232.1469696969697,237.46510416666666,72.2009212121212,71.02540000000002,60.57891818181817,61.37352499999999,17.602272727272727,16.77078125,9.8,0.0,415.84615384615387,6877.169230769231,14085.907692307692,21.39184615384615,68.7716923076923,71.6222030769231,17.192923076923076,17.905550769230768,89.52775384615384,60.970109230769175,0.0,1.0,1.0,1.0,-0.2702106089743588,1.4923076923076923,0.0,0.0,6.5408292307692255,0.23076923076923078,1.4153846153846155,0.44637819885852265,0.43512371745697037,0.0,0.0,6383.215384615384,147.0,0.0,194.92307692307693,0.0,2139.1846153846154,0.0,294.0,4737.984615384616,0.0,0.0,0.0,0.0,7702.692307692308
710,0.2822394121324991,0.28345482115369064,0.08533066556954023,0.07715091306945702,0.9845074531475159,0.9844932050002531,33.0,33.0,238.2510101010101,236.67878787878786,69.60349090909092,69.61570909090909,60.48524848484847,60.87843939393939,16.7210606060606,16.951893939393937,9.5,0.0,423.27272727272725,6734.590909090909,14247.89393939394,21.275909090909085,67.34590909090909,69.60960000000001,16.836477272727272,17.402400000000004,87.01199999999999,60.681843939393914,0.0,1.0,1.0,1.0,-0.26420508207070703,1.5,0.0,0.0,7.9087212121212085,0.24242424242424243,1.393939393939394,0.44023049598742037,0.44162119223603263,0.0,0.0,6195.712121212121,142.5,0.0,189.0151515151515,0.0,2127.590909090909,0.0,285.0,4607.0,0.0,0.0,0.0,0.0,8052.181818181818
711,0.2822394121324991,0.28345482115369064,0.08288742360401427,0.07952886628425697,0.9845312268506465,0.9845184521862441,32.0,32.0,239.56041666666667,210.21510416666666,68.7918,80.8244,60.905274999999975,62.61628749999999,16.52890625,20.699921874999998,10.171875,0.0,418.359375,7445.765625,13493.265625,24.91421875,74.45765625000001,74.80810000000001,18.614414062500003,18.702025,93.510125,61.76078124999998,0.0,1.0,1.0,1.0,-0.2866829427083332,1.5,0.0,0.0,5.567095312499996,0.25,1.40625,0.44734148848651256,0.44287041565627366,0.0,0.0,5795.140625,152.578125,0.0,202.234375,0.0,2491.421875,0.0,305.15625,4954.34375,0.0,0.0,0.0,0.0,7698.125
712,0.2822394121324991,0.28352447820523763,0.08412672418345275,0.0783180040237175,0.98455543290931,0.9845439602699261,31.0,36.0,220.13924731182797,242.84027777777777,75.89780645161291,67.75555555555557,62.02229677419355,60.28346111111109,19.32129032258065,16.09798611111111,9.597014925373134,0.0,410.7164179104478,7035.746268656716,13940.208955223881,22.877611940298504,70.35746268656717,71.5228656716418,17.589365671641794,17.880716417910442,89.40358208955226,61.08799701492534,0.0,1.0,1.0,1.0,-0.2726666044776118,1.537313432835821,0.0,0.0,7.154497014925372,0.208955223880597,1.4776119402985075,0.4176377423271571,0.4638216954981201,0.0,0.0,6171.940298507463,143.955223880597,0.0,191.17910447761193,0.0,2287.7611940298507,0.0,287.910447761194,4747.985074626866,0.0,0.0,0.0,0.0,7768.268656716418
713,0.2822394121324991,0.28352447820523763,0.08375093003717354,0.08098048477499054,0.9845795984680271,0.9845697918881814,33.0,34.0,232.3919191919192,237.68627450980392,72.50075151515153,69.472,62.15180909090907,59.91856176470586,17.537121212121214,16.827499999999997,9.611940298507463,0.0,420.8358208955224,6870.805970149254,14104.716417910447,21.678059701492536,68.70805970149253,70.96377313432838,17.177014925373133,17.74094328358209,88.70471641791043,61.01851940298505,0.0,1.0,1.0,1.0,-0.2712191542288556,1.507462686567164,0.0,0.0,7.231761194029849,0.2537313432835821,1.4328358208955223,0.4322100815147224,0.44149101027718296,0.0,0.0,6223.268656716418,144.17910447761193,0.0,190.9402985074627,0.0,2167.805970149254,0.0,288.35820895522386,4703.0,0.0,0.0,0.0,0.0,7881.44776119403
714,0.2822394121324991,0.28352447820523763,0.08357971140312324,0.08067482311424183,0.9846030700062454,0.9845939914562664,34.0,33.0,238.83382352941177,226.69949494949495,70.09411764705885,74.89512727272728,61.240761764705866,62.19953030303027,16.644632352941176,18.34204545454546,9.805970149253731,0.0,428.76119402985074,6992.268656716418,13971.432835820895,21.894477611940303,69.92268656716418,72.45879402985072,17.480671641791044,18.11469850746268,90.57349253731341,61.71299104477608,0.0,1.0,1.0,1.0,-0.28568731343283565,1.492537313432836,0.0,0.0,6.734868656716414,0.22388059701492538,1.3880597014925373,0.44304045235646095,0.4296961357191725,0.0,0.0,5993.641791044776,147.08955223880596,0.0,194.02985074626866,0.0,2189.4477611940297,0.0,294.17910447761193,4802.820895522388,0.0,0.0,0.0,0.0,7977.79104477612
715,0.2822394121324991,0.28352447820523763,0.08574133535523178,0.08099354249726666,0.9846249441578695,0.9846183897306393,33.0,35.0,235.62222222222223,233.6652380952381,69.71927272727275,72.33536000000001,60.29219999999999,61.6881114285714,17.149848484848484,17.380857142857142,9.470588235294118,0.0,431.0735294117647,6907.5,14076.89705882353,21.84161764705882,69.075,71.0657882352941,17.26875,17.766447058823523,88.83223529411765,61.01068382352937,0.0,1.0,1.0,1.0,-0.271055912990196,1.5147058823529411,0.0,0.0,7.213645588235292,0.19117647058823528,1.411764705882353,0.4304758101167774,0.45677003192750454,0.0,0.0,6246.338235294118,142.05882352941177,0.0,188.4264705882353,0.0,2184.1617647058824,0.0,284.11764705882354,4723.338235294118,0.0,0.0,0.0,0.0,7830.558823529412
716,0.2822394121324991,0.28352447820523763,0.0857259580712306,0.08241173437653693,0.9846495425960335,0.9846411044144634,32.0,35.0,206.03854166666667,236.76857142857142,81.878,70.00813714285712,64.34584375,60.9309857142857,21.319296875000003,16.919285714285714,10.253731343283581,0.0,420.8955223880597,7608.313432835821,13325.492537313432,25.932238805970155,76.08313432835821,75.67732537313434,19.020783582089553,18.919331343283577,94.59665671641793,62.56196268656715,0.0,1.0,1.0,1.0,-0.30337422263681585,1.5223880597014925,0.0,0.0,5.905420895522385,0.16417910447761194,1.462686567164179,0.430016839462579,0.4556599853951989,0.0,0.0,5668.149253731343,153.61194029850745,0.0,203.97014925373134,0.0,2593.223880597015,0.0,307.6119402985075,5015.089552238806,0.0,0.0,0.0,0.0,7657.3432835820895
717,0.2822394121324991,0.28352447820523763,0.08602754218593817,0.08436765159640366,0.9846727800436054,0.9846642580900017,36.0,35.0,244.21712962962962,252.65761904761905,67.42168888888891,63.870354285714306,60.17088055555551,59.4378514285714,15.896666666666667,14.723999999999998,8.788732394366198,0.0,421.85915492957747,6127.43661971831,14902.676056338029,17.659014084507042,61.27436619718308,65.67103098591552,15.31859154929577,16.417757746478877,82.08878873239438,59.80952816901406,0.0,1.0,1.0,1.0,-0.24603183685445984,1.4929577464788732,0.0,0.0,9.45708873239436,0.2676056338028169,1.3943661971830985,0.45103523948729835,0.4366090460936466,0.0,0.0,6595.985915492958,131.83098591549296,0.0,173.3943661971831,0.0,1765.9014084507041,0.0,263.6619718309859,4361.5352112676055,0.0,0.0,0.0,0.0,8306.69014084507
718,0.2822394121324991,0.28352447820523763,0.0882996295935805,0.08418809461069898,0.9846936184363386,0.9846877056312882,34.0,31.0,238.05147058823528,214.94408602150537,72.06701176470588,79.39076129032259,62.54250588235292,62.97927419354838,16.698161764705883,20.056370967741938,10.138461538461538,0.0,430.6307692307692,7319.907692307693,13621.861538461539,23.039076923076927,73.19907692307693,75.55987692307693,18.299769230769233,18.889969230769232,94.44984615384615,62.75081076923075,0.0,1.0,1.0,1.0,-0.3073085576923075,1.476923076923077,0.0,0.0,5.490703076923074,0.18461538461538463,1.4,0.46256586782037445,0.4299920151117559,0.0,0.0,5683.153846153846,152.07692307692307,0.0,201.0,0.0,2303.9076923076923,0.0,304.15384615384613,5016.0,0.0,0.0,0.0,0.0,7938.707692307692
719,0.2822394121324991,0.28352447820523763,0.08969992970387525,0.08542798932624918,0.9847160822331114,0.9847104283509931,34.0,34.0,247.6014705882353,241.58186274509805,65.87990588235294,66.48357647058823,60.46443823529409,60.38140588235294,15.429926470588233,16.253823529411765,9.044117647058824,0.0,426.6029411764706,6336.75,14675.5,19.576617647058825,63.3675,66.18174117647058,15.841875,16.54543529411764,82.72717647058823,60.42292205882351,0.0,1.0,1.0,1.0,-0.2588108762254901,1.5,0.0,0.0,10.083055882352939,0.23529411764705882,1.411764705882353,0.44144043045742043,0.4475655266824091,0.0,0.0,6296.64705882353,135.66176470588235,0.0,179.76470588235293,0.0,1957.6617647058824,0.0,271.3235294117647,4379.088235294118,0.0,0.0,0.0,0.0,8378.85294117647
720,0.2822394121324991,0.28352447820523763,0.09084854623910572,0.08454292907258301,0.9847390071137514,0.9847366448174513,31.0,33.0,228.0725806451613,240.93434343434345,74.86781935483874,70.70506666666667,61.00892903225806,60.674748484848465,18.11717741935484,16.290757575757578,9.96875,0.0,427.046875,6870.171875,14082.265625,20.610781249999995,68.70171875,72.7214,17.1754296875,18.180349999999994,90.90174999999998,60.83661718749997,0.0,1.0,1.0,1.0,-0.26742952473958337,1.515625,0.0,0.0,5.290646874999998,0.203125,1.421875,0.43637889166592086,0.4601244369611499,0.0,0.0,6162.046875,149.53125,0.0,197.96875,0.0,2061.078125,0.0,299.0625,4809.09375,0.0,0.0,0.0,0.0,7920.21875
721,0.2822394121324991,0.28352447820523763,0.09228314750644367,0.08193203961089486,0.9847612772753536,0.9847593038911988,33.0,33.0,226.72929292929294,250.9919191919192,74.1705696969697,64.6211878787879,61.31148484848483,59.239693939393916,18.346515151515145,14.918106060606062,9.469696969696969,0.0,431.6666666666667,6652.924242424242,14331.636363636364,20.599696969696968,66.52924242424241,69.39587878787883,16.632310606060603,17.348969696969704,86.7448484848485,60.27558939393935,0.0,1.0,1.0,1.0,-0.2557414457070706,1.5,0.0,0.0,7.51202121212121,0.22727272727272727,1.4090909090909092,0.4466895200940724,0.4450113943545976,0.0,0.0,6446.666666666667,142.04545454545453,0.0,188.3030303030303,0.0,2059.969696969697,0.0,284.09090909090907,4592.954545454545,0.0,0.0,0.0,0.0,7884.969696969697
722,0.2822394121324991,0.28352447820523763,0.09270719051867134,0.08168037008119557,0.9847821989367637,0.9847845833822543,34.0,30.0,250.85392156862744,202.34722222222223,63.67190588235295,84.45653333333334,59.391479411764685,64.44849666666667,14.96154411764706,21.813416666666665,9.921875,0.0,435.03125,7269.34375,13686.984375,24.019843749999993,72.69343749999997,73.41470000000004,18.173359374999993,18.35367500000001,91.76837500000002,61.76195624999997,0.0,1.0,1.0,1.0,-0.2867074218749999,1.46875,0.0,0.0,6.520615624999998,0.1875,1.40625,0.46750781057290325,0.4224286551686578,0.0,0.0,5987.6875,147.578125,0.0,197.4375,0.0,2401.984375,0.0,297.65625,4867.359375,0.0,0.0,0.0,0.0,7699.296875
723,0.2824701288357672,0.28352447820523763,0.09315985305979739,0.08261486470707809,0.9848049170212133,0.9848062883048655,30.0,35.0,216.30333333333334,231.31238095238095,77.0500266666667,70.37202285714285,62.45209666666665,60.39638571428569,19.8445,17.777642857142855,9.923076923076923,0.0,433.4769230769231,7492.630769230769,13463.107692307693,26.222923076923074,74.92630769230766,73.45417846153846,18.731576923076915,18.363544615384612,91.8177230769231,61.34517538461536,0.0,1.0,1.0,1.0,-0.27802448717948713,1.5384615384615385,0.0,0.0,6.622573846153844,0.24615384615384617,1.4615384615384615,0.4161550861016018,0.4773610250161584,0.0,0.0,5791.107692307693,148.84615384615384,0.0,196.72307692307692,0.0,2622.2923076923075,0.0,297.6923076923077,4870.338461538461,0.0,0.0,0.0,0.0,7672.0
724,0.28251030686525774,0.28352447820523763,0.09329492573047293,0.08255233261648735,0.9848292872580094,0.9848299215296952,33.0,34.0,215.41666666666666,245.24166666666667,76.64756363636364,63.30936470588235,63.05383939393939,61.25030294117646,19.984696969696962,15.81735294117647,9.537313432835822,0.0,435.2238805970149,7147.9701492537315,13833.10447761194,25.23194029850747,71.4797014925373,69.8789253731343,17.869925373134325,17.46973134328357,87.34865671641795,62.13861194029848,0.0,1.0,1.0,1.0,-0.29455441542288546,1.507462686567164,0.0,0.0,10.129611940298505,0.22388059701492538,1.4029850746268657,0.43473691383503504,0.4486104231324966,0.0,0.0,5510.925373134329,142.3582089552239,0.0,189.44776119402985,0.0,2523.194029850746,0.0,286.1194029850746,4624.776119402985,0.0,0.0,0.0,0.0,8322.179104477613
725,0.2825376117353382,0.28352447820523763,0.0929480952460473,0.08370550094284532,0.9848539161865776,0.9848516459276759,36.0,30.0,244.83796296296296,201.39166666666668,65.42400000000002,81.62922666666668,59.90626666666665,62.516870000000004,15.803541666666668,22.016333333333332,9.924242424242424,0.0,438.1363636363636,7451.015151515152,13505.378787878788,26.32666666666667,74.5101515151515,72.79001212121211,18.627537878787876,18.197503030303025,90.98751515151514,61.092904545454516,0.0,1.0,1.0,1.0,-0.27276884469696966,1.4545454545454546,0.0,0.0,6.930430303030302,0.19696969696969696,1.4242424242424243,0.4850981526598097,0.41195721432425186,0.0,0.0,5118.227272727273,147.96969696969697,0.0,196.9090909090909,0.0,2632.6666666666665,0.0,297.72727272727275,4818.348484848485,0.0,0.0,0.0,0.0,8387.151515151516
726,0.28254407518973873,0.28352447820523763,0.09127248228314681,0.08430589469825447,0.984876493608229,0.9848743712621955,34.0,34.0,228.7122549019608,235.61960784313726,72.76216470588236,69.5156705882353,61.52294705882352,60.003470588235274,18.11095588235294,17.10713235294118,9.632352941176471,0.0,434.36764705882354,7043.617647058823,13929.95588235294,23.28720588235294,70.43617647058824,71.13891764705882,17.60904411764706,17.7847294117647,88.92364705882353,60.76320882352938,0.0,1.0,1.0,1.0,-0.2659001838235294,1.5,0.0,0.0,7.233335294117644,0.25,1.4411764705882353,0.43898868492219384,0.44477996700132433,0.0,0.0,6049.058823529412,144.48529411764707,0.0,191.97058823529412,0.0,2328.720588235294,0.0,288.97058823529414,4714.89705882353,0.0,0.0,0.0,0.0,7880.89705882353
727,0.28254407518973873,0.28352447820523763,0.09068627361209199,0.08388944883377107,0.984899630215443,0.984896925992755,34.0,33.0,241.13676470588234,227.91060606060606,68.33788235294118,73.7702787878788,60.34439117647057,61.107096969696954,16.306176470588234,18.18886363636364,9.686567164179104,0.0,434.53731343283584,6893.388059701492,14077.34328358209,21.930298507462687,68.93388059701492,71.01354029850746,17.23347014925373,17.753385074626863,88.76692537313436,60.720052238805934,0.0,1.0,1.0,1.0,-0.2650010883084576,1.492537313432836,0.0,0.0,6.939982089552236,0.19402985074626866,1.3880597014925373,0.45448991979176195,0.4417779647154018,0.0,0.0,6136.119402985075,145.29850746268656,0.0,192.37313432835822,0.0,2193.0298507462685,0.0,290.5970149253731,4700.358208955224,0.0,0.0,0.0,0.0,7941.223880597015
728,0.28254407518973873,0.28352447820523763,0.08939603500759538,0.08234676947845344,0.9849232577184932,0.9849199288621581,33.0,34.0,228.789898989899,247.4519607843137,72.96911515151513,66.93364705882354,62.2239,59.80471176470586,18.073409090909095,15.388750000000002,9.552238805970148,0.0,427.86567164179104,6684.417910447762,14295.611940298508,20.58805970149254,66.84417910447759,69.90634029850749,16.711044776119397,17.476585074626865,87.38292537313437,60.996252238805944,0.0,1.0,1.0,1.0,-0.2707552549751243,1.507462686567164,0.0,0.0,7.800956716417908,0.23880597014925373,1.4477611940298507,0.442712319433524,0.4449016197065836,0.0,0.0,6311.104477611941,143.28358208955223,0.0,189.11940298507463,0.0,2058.805970149254,0.0,286.56716417910445,4625.611940298508,0.0,0.0,0.0,0.0,7984.507462686567
729,0.28254407518973873,0.28352447820523763,0.08995363907845805,0.08212826887519588,0.9849482701850536,0.9849436916958416,34.0,32.0,245.1171568627451,235.10208333333333,68.81562352941177,69.55300000000004,60.27414117647057,61.822321874999986,15.717647058823532,17.14515625,9.545454545454545,0.0,430.6363636363636,6563.909090909091,14415.681818181818,19.949848484848484,65.63909090909088,69.17313939393938,16.40977272727272,17.29328484848484,86.46642424242421,61.02477424242421,0.0,1.0,1.0,1.0,-0.27134946338383825,1.4848484848484849,0.0,0.0,8.26140757575757,0.24242424242424243,1.4393939393939394,0.4550942977364471,0.4334255352821198,0.0,0.0,6492.166666666667,143.1818181818182,0.0,189.86363636363637,0.0,1994.9848484848485,0.0,286.3636363636364,4568.924242424242,0.0,0.0,0.0,0.0,7923.515151515152
730,0.28254407518973873,0.28352447820523763,0.08849800213164619,0.08161591248210959,0.9849691859300775,0.9849659981912242,33.0,32.0,227.55555555555557,222.14270833333333,72.4125090909091,74.1328,60.79730303030299,60.632746874999995,18.30628787878788,19.014687499999997,9.953846153846154,0.0,441.53846153846155,7462.015384615384,13493.446153846155,26.09584615384615,74.62015384615383,73.25942153846151,18.655038461538457,18.314855384615377,91.57427692307692,60.71629076923074,0.0,1.0,1.0,1.0,-0.2649227243589742,1.4923076923076923,0.0,0.0,6.111907692307691,0.26153846153846155,1.3692307692307693,0.4492726904687903,0.4394180548362702,0.0,0.0,5775.430769230769,146.46153846153845,0.0,198.46153846153845,0.0,2609.5846153846155,0.0,298.61538461538464,4852.430769230769,0.0,0.0,0.0,0.0,7718.015384615384
731,0.28254407518973873,0.28352447820523763,0.08806702869258407,0.08227066680883459,0.9849905138831861,0.9849894730478528,33.0,34.0,236.18030303030304,251.06470588235294,71.6125090909091,62.982023529411755,60.712575757575756,58.764452941176444,17.018787878787883,14.925514705882351,9.134328358208956,0.0,428.4776119402985,6382.611940298508,14624.014925373134,19.292985074626873,63.826119402985064,67.23285970149256,15.956529850746266,16.80821492537314,84.04107462686567,59.72397611940295,0.0,1.0,1.0,1.0,-0.2442495024875622,1.507462686567164,0.0,0.0,8.447646268656714,0.26865671641791045,1.373134328358209,0.4371189195404227,0.4437960266322028,0.0,0.0,6487.0298507462685,137.01492537313433,0.0,181.32835820895522,0.0,1929.2985074626865,0.0,274.02985074626866,4453.313432835821,0.0,0.0,0.0,0.0,8136.985074626866
732,0.28254407518973873,0.28352447820523763,0.0884658808044123,0.08308369573700189,0.9850118313633831,0.9850126352424556,33.0,31.0,231.12979797979796,205.82096774193548,70.40640000000002,82.74642580645163,61.06773333333331,66.47320967741935,17.73090909090909,21.371612903225806,10.3125,0.0,425.40625,7797.75,13132.25,27.32625000000001,77.97749999999999,76.38359999999997,19.494374999999998,19.09589999999999,95.4795,63.68601093749997,0.0,1.0,1.0,1.0,-0.32679189453124996,1.484375,0.0,0.0,6.7967859375,0.28125,1.453125,0.4535279281878352,0.42420097645455934,0.0,0.0,5164.390625,154.6875,0.0,204.9375,0.0,2732.625,0.0,309.375,5065.125,0.0,0.0,0.0,0.0,7967.859375
733,0.28254407518973873,0.28352447820523763,0.08889518407318535,0.08294748409809084,0.9850329345387024,0.9850350660485039,34.0,34.0,243.80980392156863,235.1578431372549,66.34484705882353,70.67501176470587,60.38915294117645,60.532935294117635,15.940661764705885,17.191470588235294,9.294117647058824,0.0,437.61764705882354,6626.426470588235,14369.029411764706,20.873235294117645,66.26426470588238,68.5099294117647,16.566066176470596,17.127482352941172,85.6374117647059,60.46104411764703,0.0,1.0,1.0,1.0,-0.2596050857843136,1.5,0.0,0.0,8.517180882352939,0.27941176470588236,1.411764705882353,0.4463336657424185,0.4463615052197456,0.0,0.0,6626.411764705882,139.41176470588235,0.0,185.30882352941177,0.0,2087.323529411765,0.0,278.8235294117647,4539.10294117647,0.0,0.0,0.0,0.0,7742.617647058823
734,0.28254407518973873,0.28352447820523763,0.09011055400961675,0.08099655122293309,0.9850542872038646,0.985057659152454,32.0,33.0,228.00364583333334,223.26464646464646,73.94600000000001,75.35767272727276,61.06484062499999,62.34759999999997,18.199140625000002,18.831893939393943,10.107692307692307,0.0,434.10769230769233,7408.153846153846,13535.861538461539,24.59553846153846,74.08153846153846,74.66269538461538,18.520384615384614,18.665673846153844,93.32836923076921,61.71608769230767,0.0,1.0,1.0,1.0,-0.2857518269230769,1.5076923076923077,0.0,0.0,5.573776923076919,0.23076923076923078,1.4,0.4298846495396041,0.44692778395604815,0.0,0.0,5840.692307692308,151.27692307692308,0.0,200.47692307692307,0.0,2459.5538461538463,0.0,303.2307692307692,4948.6,0.0,0.0,0.0,0.0,7695.169230769231
735,0.28254407518973873,0.28352447820523763,0.08944428359961173,0.07984013144657987,0.9850759903741187,0.9850792316396094,33.0,35.0,231.53838383838382,234.99238095238096,73.29609696969698,69.18381714285717,61.383239393939384,59.3203057142857,17.62454545454546,17.258428571428578,9.676470588235293,0.0,438.75,6974.441176470588,13998.970588235294,22.60235294117647,69.74441176470587,71.17948235294118,17.43610294117647,17.79487058823529,88.97435294117646,60.3214352941176,0.0,1.0,1.0,1.0,-0.25669656862745094,1.5147058823529411,0.0,0.0,6.5780558823529365,0.27941176470588236,1.4411764705882353,0.43859250942732053,0.4537655590755255,0.0,0.0,6025.132352941177,143.98529411764707,0.0,191.30882352941177,0.0,2260.235294117647,0.0,290.29411764705884,4714.205882352941,0.0,0.0,0.0,0.0,7973.838235294118
736,0.28254407518973873,0.28352447820523763,0.0886526144717869,0.07946183086202552,0.9850955174972298,0.9851013202328401,34.0,33.0,233.94166666666666,226.67828282828285,70.47943529411765,73.20126060606063,61.86075882352939,63.45466666666665,17.38058823529412,18.385984848484842,9.671641791044776,0.0,441.64179104477614,7150.313432835821,13821.850746268658,23.85641791044778,71.50313432835821,71.82003582089553,17.875783582089554,17.955008955223878,89.77504477611939,62.64581791044773,0.0,1.0,1.0,1.0,-0.3051212064676616,1.492537313432836,0.0,0.0,8.70156567164179,0.26865671641791045,1.462686567164179,0.4495628200361188,0.4377113140831231,0.0,0.0,5478.805970149254,145.07462686567163,0.0,191.61194029850745,0.0,2385.6417910447763,0.0,290.14925373134326,4764.671641791045,0.0,0.0,0.0,0.0,8343.044776119403
737,0.28254407518973873,0.28352447820523763,0.08974139715668801,0.08009140624004361,0.9851176306917091,0.985124333949986,33.0,34.0,242.67979797979797,235.15441176470588,68.22516363636365,71.0068705882353,60.40961515151514,61.11936470588233,16.104469696969698,17.140735294117643,9.492537313432836,0.0,438.1940298507463,6652.134328358209,14331.65671641791,20.423582089552237,66.52134328358208,69.636776119403,16.63033582089552,17.40919402985074,87.04597014925376,60.769786567164154,0.0,1.0,1.0,1.0,-0.26603722014925363,1.507462686567164,0.0,0.0,7.763346268656712,0.2537313432835821,1.462686567164179,0.439636089207533,0.44562443669300883,0.0,0.0,6255.373134328358,142.38805970149255,0.0,188.044776119403,0.0,2042.358208955224,0.0,284.7761194029851,4609.776119402985,0.0,0.0,0.0,0.0,8076.2835820895525
738,0.28254407518973873,0.28352447820523763,0.08991381112979202,0.08048452199115097,0.9851387799808135,0.9851458925507888,31.0,34.0,220.68010752688173,245.4205882352941,77.09935483870969,67.19209411764706,61.97928064516129,59.907094117647055,19.22177419354839,15.668455882352944,9.815384615384616,0.0,451.0,6945.246153846154,14017.276923076923,21.8556923076923,69.45246153846155,71.9170953846154,17.363115384615387,17.97927384615385,89.89636923076921,60.89536769230767,0.0,1.0,1.0,1.0,-0.2686534935897436,1.523076923076923,0.0,0.0,6.341387692307688,0.26153846153846155,1.4,0.42835982398456074,0.46162235534116175,0.0,0.0,6205.784615384616,147.23076923076923,0.0,194.7846153846154,0.0,2185.5692307692307,0.0,294.46153846153845,4759.676923076923,0.0,0.0,0.0,0.0,7811.492307692308
739,0.28254407518973873,0.28352447820523763,0.0882604690925473,0.08113736063771046,0.9851611900859342,0.9851664236905016,33.0,33.0,231.560101010101,230.52323232323232,72.54981818181818,74.36877575757575,61.616372727272704,61.231024242424226,17.678636363636365,17.829696969696965,9.803030303030303,0.0,435.56060606060606,7101.666666666667,13862.5,22.20424242424242,71.01666666666665,73.45929696969696,17.754166666666663,18.364824242424234,91.82412121212121,61.42369848484845,0.0,1.0,1.0,1.0,-0.27966038510101,1.5,0.0,0.0,5.718568181818179,0.25757575757575757,1.4393939393939394,0.4400954499319221,0.44124075404565244,0.0,0.0,5974.909090909091,147.04545454545453,0.0,193.6969696969697,0.0,2220.4242424242425,0.0,294.09090909090907,4881.242424242424,0.0,0.0,0.0,0.0,7887.590909090909
740,0.28254407518973873,0.28352447820523763,0.08877571534112415,0.08207718323568552,0.9851835555395635,0.9851893435668283,33.0,33.0,233.8530303030303,229.56060606060606,69.52707878787879,69.48615757575757,59.3668424242424,59.78277575757574,17.37136363636364,18.003181818181815,9.590909090909092,0.0,447.75757575757575,7074.909090909091,13902.40909090909,24.839090909090913,70.74909090909091,69.5066181818182,17.687272727272727,17.376654545454546,86.88327272727274,59.574809090909056,0.0,1.0,1.0,1.0,-0.24114185606060595,1.5,0.0,0.0,7.7554636363636344,0.19696969696969696,1.4242424242424243,0.4489049241627469,0.44672610608962215,0.0,0.0,5735.348484848485,143.6060606060606,0.0,190.34848484848484,0.0,2483.909090909091,0.0,287.72727272727275,4591.0,0.0,0.0,0.0,0.0,8167.060606060606
741,0.28254407518973873,0.28352447820523763,0.08786479726468588,0.08185855258799343,0.9852045077658395,0.9852116513279466,32.0,33.0,240.4515625,223.54545454545453,68.94980000000001,79.16567272727275,60.26135937499999,64.0701818181818,16.392421875,18.729242424242422,10.107692307692307,0.0,442.95384615384614,7031.523076923077,13912.107692307693,21.24046153846154,70.3152307692308,74.13632000000003,17.5788076923077,18.534080000000007,92.67040000000001,62.1950692307692,0.0,1.0,1.0,1.0,-0.2957306089743589,1.5076923076923077,0.0,0.0,5.637556923076921,0.15384615384615385,1.4,0.438548742621153,0.45083164906873086,0.0,0.0,6386.846153846154,151.6153846153846,0.0,200.52307692307693,0.0,2124.0461538461536,0.0,303.2307692307692,4907.476923076923,0.0,0.0,0.0,0.0,7525.261538461538
742,0.28254407518973873,0.28352447820523763,0.08650909013568095,0.08070657503609112,0.9852270898058199,0.9852336332085007,31.0,36.0,215.86559139784947,257.2972222222222,77.93176774193549,61.834666666666685,61.84820967741934,58.94176111111108,19.883629032258067,14.047361111111112,9.462686567164178,0.0,436.0149253731343,6699.089552238806,14287.641791044776,21.143731343283594,66.99089552238804,69.28257910447762,16.74772388059701,17.3206447761194,86.60322388059701,60.28653582089549,0.0,1.0,1.0,1.0,-0.25596949626865667,1.537313432835821,0.0,0.0,7.751680597014922,0.22388059701492538,1.4477611940298507,0.42502132588929226,0.46700482746697025,0.0,0.0,6200.0298507462685,141.7910447761194,0.0,186.59701492537314,0.0,2114.373134328358,0.0,283.8805970149254,4584.7164179104475,0.0,0.0,0.0,0.0,8087.611940298508
743,0.28254407518973873,0.28352447820523763,0.08637104273099476,0.07990591379053978,0.9852515491558046,0.9852540452753888,34.0,31.0,236.1627450980392,229.98870967741934,70.13929411764707,72.30720000000002,62.12124999999998,60.162254838709664,17.01926470588235,17.88806451612903,9.76923076923077,0.0,443.38461538461536,6973.446153846154,13993.092307692308,22.678461538461537,69.73446153846153,71.17321846153844,17.433615384615383,17.79330461538461,88.96652307692308,61.18695999999997,0.0,1.0,1.0,1.0,-0.27472833333333324,1.476923076923077,0.0,0.0,7.447356923076918,0.23076923076923078,1.4,0.46166449523731323,0.4255070283775843,0.0,0.0,6012.430769230769,146.53846153846155,0.0,192.84615384615384,0.0,2267.846153846154,0.0,293.0769230769231,4705.6,0.0,0.0,0.0,0.0,7980.661538461539
744,0.28254407518973873,0.28352447820523763,0.08580762985726807,0.07937510864117506,0.9852739700707425,0.9852782574400304,34.0,32.0,241.97892156862744,228.5828125,68.61477647058823,73.05500000000002,60.23815294117647,60.78463437499998,16.189558823529417,18.063828124999997,9.742424242424242,0.0,449.0,6839.318181818182,14129.030303030304,21.630606060606056,68.3931818181818,70.76761212121211,17.09829545454545,17.691903030303024,88.45951515151516,60.5031136363636,0.0,1.0,1.0,1.0,-0.260481534090909,1.4848484848484849,0.0,0.0,6.833796969696965,0.15151515151515152,1.4545454545454546,0.4553881063361157,0.4330696578198697,0.0,0.0,6458.272727272727,146.13636363636363,0.0,192.24242424242425,0.0,2163.060606060606,0.0,292.27272727272725,4676.257575757576,0.0,0.0,0.0,0.0,7670.757575757576
745,0.28254407518973873,0.28352447820523763,0.0864765993852808,0.08029163417950848,0.9852957125268906,0.9853016503133122,33.0,34.0,249.10353535353536,233.97549019607843,63.501575757575765,72.78004705882354,60.302718181818165,60.932635294117624,15.217803030303031,17.30029411764706,9.313432835820896,0.0,463.13432835820896,6509.835820895522,14485.597014925374,19.958507462686573,65.09835820895523,68.2100537313433,16.274589552238808,17.05251343283582,85.2625671641791,60.62237761194024,0.0,1.0,1.0,1.0,-0.26296620024875605,1.507462686567164,0.0,0.0,8.686913432835823,0.26865671641791045,1.462686567164179,0.4335557926550733,0.4500426612070804,0.0,0.0,6132.507462686567,139.70149253731344,0.0,184.46268656716418,0.0,1995.8507462686566,0.0,279.4029850746269,4513.985074626866,0.0,0.0,0.0,0.0,8353.089552238805
746,0.28254407518973873,0.28352447820523763,0.0871844626232069,0.07948531744168104,0.985314971218839,0.9853226470537784,30.0,35.0,231.94055555555553,233.5909523809524,73.59232000000002,71.25888,60.710316666666635,62.20410285714286,17.588083333333334,17.37764285714286,9.861538461538462,0.0,440.0,6989.907692307693,13969.753846153846,22.015538461538455,69.89907692307693,72.3358523076923,17.474769230769233,18.083963076923073,90.41981538461538,61.51466307692306,0.0,1.0,1.0,1.0,-0.28155548076923065,1.5384615384615385,0.0,0.0,6.653579999999997,0.27692307692307694,1.3846153846153846,0.4150445991964642,0.4660765635976115,0.0,0.0,5768.446153846154,147.92307692307693,0.0,195.56923076923076,0.0,2201.5538461538463,0.0,295.84615384615387,4788.3538461538465,0.0,0.0,0.0,0.0,8201.307692307691
747,0.28254407518973873,0.2835848733105988,0.08754913664954823,0.08171231069314544,0.9853350275298746,0.9853435029057455,31.0,35.0,215.7752688172043,239.91238095238094,79.72562580645163,67.59113142857142,63.42672258064515,59.95472285714283,19.90008064516129,16.54042857142857,9.818181818181818,0.0,446.1060606060606,7247.378787878788,13714.515151515152,23.80636363636364,72.47378787878785,73.29066666666667,18.11844696969696,18.322666666666663,91.61333333333333,61.58551060606058,0.0,1.0,1.0,1.0,-0.2830314709595959,1.5303030303030303,0.0,0.0,6.4132909090909065,0.22727272727272727,1.4393939393939394,0.4237501971914662,0.46456135095063583,0.0,0.0,5923.348484848485,147.27272727272728,0.0,195.28787878787878,0.0,2380.6363636363635,0.0,294.54545454545456,4866.742424242424,0.0,0.0,0.0,0.0,7791.166666666667
748,0.28254407518973873,0.2835848733105988,0.08694309444248523,0.0818315896695624,0.9853560373669947,0.98536390206408,34.0,33.0,222.79852941176472,226.55959595959595,75.01157647058824,74.27859393939394,61.254194117647046,60.55367575757573,18.959044117647057,18.38840909090909,10.0,0.0,440.5970149253731,7471.194029850746,13479.059701492537,25.141194029850745,74.71194029850743,74.65055522388063,18.677985074626857,18.66263880597015,93.31319402985079,60.90916268656715,0.0,1.0,1.0,1.0,-0.2689408893034824,1.492537313432836,0.0,0.0,4.9365925373134285,0.22388059701492538,1.373134328358209,0.4543221142942465,0.4367044521644803,0.0,0.0,5909.567164179104,150.0,0.0,198.7462686567164,0.0,2514.1194029850744,0.0,300.0,4957.074626865671,0.0,0.0,0.0,0.0,7569.492537313433
749,0.28254407518973873,0.2835848733105988,0.0861326293052964,0.08286405870223376,0.9853763513763879,0.9853834116090902,35.0,34.0,249.98904761904762,231.65735294117647,64.50980571428572,69.52188235294119,59.315394285714255,60.271699999999996,15.045142857142858,17.727058823529408,9.173913043478262,0.0,439.3623188405797,6546.666666666667,14457.36231884058,21.166086956521735,65.4666666666667,66.97952463768115,16.366666666666674,16.744881159420288,83.72440579710147,59.78661739130431,0.0,1.0,1.0,1.0,-0.24555452898550703,1.4927536231884058,0.0,0.0,9.173759420289848,0.2463768115942029,1.4492753623188406,0.44725011329920583,0.43854074733621357,0.0,0.0,6277.144927536232,137.6086956521739,0.0,182.14492753623188,0.0,2116.608695652174,0.0,275.2173913043478,4430.057971014493,0.0,0.0,0.0,0.0,8180.217391304348
750,0.28254407518973873,0.2835848733105988,0.08632718571567174,0.08306132308359995,0.9853977739377261,0.9854058137619522,32.0,33.0,220.37864583333334,215.78434343434344,77.91920000000003,76.53469090909093,62.871621875,62.44575454545453,19.266406250000003,19.94401515151515,10.36923076923077,0.0,443.4769230769231,7844.169230769231,13082.76923076923,27.189538461538458,78.4416923076923,77.21629538461539,19.610423076923077,19.304073846153845,96.52036923076925,62.6554123076923,0.0,1.0,1.0,1.0,-0.30532108974358974,1.5076923076923077,0.0,0.0,5.049539999999998,0.2153846153846154,1.4153846153846155,0.44328211731717704,0.4499184126335266,0.0,0.0,5439.169230769231,154.23076923076923,0.0,206.75384615384615,0.0,2718.9538461538464,0.0,311.0769230769231,5125.215384615384,0.0,0.0,0.0,0.0,7643.6
751,0.28254407518973873,0.2835848733105988,0.08532413611386086,0.08477888471217714,0.9854185310026466,0.9854265833981927,34.0,35.0,233.32303921568626,244.05142857142857,70.34428235294119,65.51332571428573,60.84044117647057,59.76379999999998,17.43580882352941,15.922642857142858,9.333333333333334,0.0,443.5072463768116,6667.304347826087,14325.898550724638,21.797681159420286,66.67304347826088,67.89379710144928,16.66826086956522,16.97344927536232,84.86724637681158,60.29431884057967,0.0,1.0,1.0,1.0,-0.2561316425120771,1.5072463768115942,0.0,0.0,9.068782608695651,0.2608695652173913,1.4202898550724639,0.43993456824482274,0.4482901740189977,0.0,0.0,6532.724637681159,140.0,0.0,185.79710144927537,0.0,2179.768115942029,0.0,280.0,4487.536231884058,0.0,0.0,0.0,0.0,7793.173913043478
752,0.28254407518973873,0.2835848733105988,0.08448554774800403,0.08559421459561087,0.9854380060106618,0.9854454736608789,34.0,33.0,238.24656862745098,233.12070707070706,67.76790588235295,69.9801212121212,60.361535294117616,61.831866666666656,16.747720588235296,17.46636363636364,9.492537313432836,0.0,447.7164179104478,6840.671641791045,14143.313432835821,22.917761194029854,68.40671641791047,68.85750447761194,17.10167910447762,17.214376119402974,86.07188059701491,61.085728358208904,0.0,1.0,1.0,1.0,-0.2726193407960198,1.492537313432836,0.0,0.0,9.329902985074625,0.23880597014925373,1.4029850746268657,0.4554486471376615,0.4385268888714069,0.0,0.0,5667.223880597015,142.38805970149255,0.0,187.8507462686567,0.0,2291.776119402985,0.0,284.7761194029851,4548.895522388059,0.0,0.0,0.0,0.0,8476.089552238805
753,0.28254407518973873,0.2835848733105988,0.08439946285106716,0.08368356309370345,0.9854574395735957,0.9854644554748972,33.0,33.0,228.8429292929293,225.52929292929292,72.81105454545454,75.53415757575759,61.704396969696965,63.599518181818176,18.10287878787879,18.543030303030303,9.863636363636363,0.0,448.1363636363636,7329.181818181818,13631.166666666666,23.975151515151513,73.29181818181817,74.17260606060604,18.322954545454543,18.543151515151504,92.71575757575759,62.651957575757564,0.0,1.0,1.0,1.0,-0.3052491161616162,1.5,0.0,0.0,6.802306060606057,0.25757575757575757,1.378787878787879,0.44730616759024733,0.4483682717704198,0.0,0.0,5862.909090909091,147.95454545454547,0.0,194.78787878787878,0.0,2397.5151515151515,0.0,295.90909090909093,4931.666666666667,0.0,0.0,0.0,0.0,7768.257575757576
754,0.28254407518973873,0.2835848733105988,0.08580995481268244,0.08260736949811638,0.9854801083491945,0.9854860246242143,33.0,34.0,243.86565656565656,223.6220588235294,67.91156363636365,76.56169411764705,60.61492424242421,62.960829411764706,15.917651515151512,18.80448529411765,9.716417910447761,0.0,435.1641791044776,6953.044776119403,14015.567164179105,21.54701492537314,69.53044776119403,72.30118208955224,17.382611940298506,18.07529552238805,90.37647761194029,61.80538358208952,0.0,1.0,1.0,1.0,-0.28761215796019884,1.507462686567164,0.0,0.0,6.8868134328358215,0.23880597014925373,1.4179104477611941,0.43403306117882406,0.44882229566929543,0.0,0.0,6006.044776119403,145.7462686567164,0.0,193.1492537313433,0.0,2154.7014925373132,0.0,291.4925373134328,4798.3432835820895,0.0,0.0,0.0,0.0,8009.522388059701
755,0.28254407518973873,0.2835848733105988,0.085367870469612,0.08373863489593543,0.9855018507270615,0.9855055625585538,32.0,36.0,230.8796875,250.11712962962963,72.03340000000001,62.89280000000003,61.510590624999985,59.11520277777777,17.784531250000004,15.09243055555556,9.132352941176471,0.0,443.3235294117647,6543.720588235294,14463.85294117647,20.932500000000015,65.43720588235294,67.19425882352942,16.359301470588235,16.798564705882345,83.9928235294118,60.24244411764704,0.0,1.0,1.0,1.0,-0.2550509191176469,1.5294117647058822,0.0,0.0,9.407486764705876,0.2647058823529412,1.4264705882352942,0.42129886404806316,0.46642434701210495,0.0,0.0,6120.308823529412,136.98529411764707,0.0,180.47058823529412,0.0,2093.25,0.0,273.97058823529414,4450.470588235294,0.0,0.0,0.0,0.0,8343.54411764706
756,0.28254407518973873,0.2835848733105988,0.08719832019382162,0.08298713314651496,0.9855241554430287,0.9855272970206164,32.0,32.0,240.10364583333333,213.509375,69.58980000000001,76.8142,60.073174999999985,62.84538437499999,16.43765625,20.266953125000004,10.03125,0.0,466.46875,7340.921875,13608.390625,24.99750000000001,73.40921875,73.20200000000004,18.3523046875,18.300500000000003,91.50250000000001,61.45927968749996,0.0,1.0,1.0,1.0,-0.28040166015624995,1.5,0.0,0.0,6.609584374999998,0.171875,1.46875,0.4488465869511792,0.44410230986766086,0.0,0.0,6001.953125,150.0,0.0,198.75,0.0,2499.75,0.0,300.9375,4841.171875,0.0,0.0,0.0,0.0,7606.4375
757,0.28254407518973873,0.2835848733105988,0.08712889109523994,0.08359805935784995,0.9855446874133207,0.9855493724952903,32.0,35.0,234.30989583333334,238.25190476190477,69.525,69.56178285714287,61.13593749999998,59.89555714285712,17.2859375,16.740071428571433,9.507462686567164,0.0,464.5970149253731,6800.313432835821,14182.149253731342,21.990746268656718,68.00313432835821,69.54421492537313,17.000783582089554,17.386053731343278,86.93026865671642,60.48797761194026,0.0,1.0,1.0,1.0,-0.26016620024875614,1.5223880597014925,0.0,0.0,7.944546268656714,0.1791044776119403,1.4776119402985075,0.4322506474733888,0.4624900758280071,0.0,0.0,6045.641791044776,142.61194029850745,0.0,188.70149253731344,0.0,2199.0746268656717,0.0,285.2238805970149,4601.238805970149,0.0,0.0,0.0,0.0,8136.507462686567
758,0.28254407518973873,0.2835848733105988,0.08661054250042438,0.08131735190430048,0.9855645263326358,0.9855708340273545,32.0,34.0,230.86614583333332,231.11029411764704,72.84720000000002,71.84508235294118,60.96618749999998,60.97296764705881,17.787187499999998,17.73095588235294,9.803030303030303,0.0,458.6212121212121,7103.287878787879,13859.515151515152,23.101969696969697,71.03287878787876,72.33095757575758,17.75821969696969,18.082739393939395,90.41369696969701,60.96968030303027,0.0,1.0,1.0,1.0,-0.2702016729797979,1.5151515151515151,0.0,0.0,6.3969424242424235,0.22727272727272727,1.5151515151515151,0.42992398199126447,0.449928051573602,0.0,0.0,6297.287878787879,146.8181818181818,0.0,195.28787878787878,0.0,2310.1969696969695,0.0,294.09090909090907,4793.090909090909,0.0,0.0,0.0,0.0,7562.227272727273
759,0.28254407518973873,0.2835848733105988,0.08733977518166228,0.08083844111583821,0.9855850981604805,0.9855916516149418,32.0,34.0,231.18958333333333,238.3156862745098,70.23680000000002,70.4555294117647,60.99874999999999,62.27879117647058,17.768359374999996,16.718235294117648,9.5,0.0,462.54545454545456,6890.954545454545,14091.636363636364,22.26151515151515,68.90954545454547,70.34947878787878,17.227386363636366,17.587369696969695,87.9368484848485,61.65816515151512,0.0,1.0,1.0,1.0,-0.2845451073232323,1.5151515151515151,0.0,0.0,8.536072727272725,0.21212121212121213,1.4090909090909092,0.4319472412766944,0.457020196035564,0.0,0.0,6106.878787878788,142.5,0.0,188.9090909090909,0.0,2226.151515151515,0.0,285.0,4664.80303030303,0.0,0.0,0.0,0.0,7984.757575757576
760,0.28254407518973873,0.2835848733105988,0.08580233211068686,0.08140443307751007,0.9856062772432278,0.985610415665431,32.0,33.0,229.94479166666667,235.4378787878788,70.5012,70.7545212121212,60.43379374999997,60.33302424242422,17.934531250000006,17.107424242424244,9.692307692307692,0.0,471.96923076923076,7005.846153846154,13964.015384615384,23.359692307692313,70.05846153846151,70.62980923076924,17.51461538461538,17.65745230769231,88.28726153846152,60.382633846153816,0.0,1.0,1.0,1.0,-0.2579715384615382,1.5076923076923077,0.0,0.0,7.26744,0.2153846153846154,1.4307692307692308,0.4352454946707567,0.45019166021959484,0.0,0.0,5981.6461538461535,145.3846153846154,0.0,192.98461538461538,0.0,2335.9692307692308,0.0,290.7692307692308,4669.876923076923,0.0,0.0,0.0,0.0,7982.369230769231
761,0.28254407518973873,0.2835848733105988,0.08615855132963722,0.08090691673599526,0.9856268258145957,0.9856307421064169,32.0,33.0,225.0875,245.64040404040404,72.97460000000001,66.77430303030305,61.58151562499999,60.51332727272724,18.587890624999993,15.662575757575757,9.661538461538461,0.0,449.3076923076923,6841.092307692307,14131.323076923078,22.312615384615384,68.41092307692308,69.82675692307696,17.10273076923077,17.456689230769232,87.28344615384619,61.03920461538458,0.0,1.0,1.0,1.0,-0.27165009615384594,1.5076923076923077,0.0,0.0,8.315178461538459,0.2923076923076923,1.3384615384615384,0.4463427765930704,0.4493592713437739,0.0,0.0,6345.0615384615385,144.92307692307693,0.0,191.8153846153846,0.0,2231.2615384615383,0.0,289.84615384615387,4609.830769230769,0.0,0.0,0.0,0.0,7786.261538461538
762,0.28254407518973873,0.2835848733105988,0.08552847414913767,0.07975667786561652,0.9856475407742927,0.9856494977974757,34.0,31.0,234.75980392156862,216.93709677419355,71.09025882352942,76.66642580645161,60.789408823529385,61.05385483870966,17.2247794117647,19.762983870967744,10.03076923076923,0.0,438.9076923076923,7374.123076923077,13575.584615384616,24.901230769230764,73.74123076923078,73.74966153846158,18.435307692307696,18.437415384615388,92.1870769230769,60.91552923076921,0.0,1.0,1.0,1.0,-0.26907352564102555,1.476923076923077,0.0,0.0,5.601175384615383,0.26153846153846155,1.4,0.46031843556595875,0.422082288478084,0.0,0.0,6052.169230769231,149.44615384615383,0.0,198.92307692307693,0.0,2490.123076923077,0.0,300.9230769230769,4884.0,0.0,0.0,0.0,0.0,7523.415384615385
763,0.28254407518973873,0.2835848733105988,0.0851926413071377,0.08014180845929317,0.9856670094443153,0.9856711147097234,34.0,34.0,242.97549019607843,236.3220588235294,67.21430588235296,69.80178823529411,60.09355294117645,60.31014117647058,16.063382352941176,17.003235294117644,9.352941176470589,0.0,438.30882352941177,6613.323529411765,14378.926470588236,20.795147058823535,66.13323529411764,68.50804705882354,16.53330882352941,17.127011764705877,85.63505882352939,60.20184705882349,0.0,1.0,1.0,1.0,-0.25420514705882347,1.5,0.0,0.0,8.22710882352941,0.3382352941176471,1.4411764705882353,0.4424580566951434,0.4411655298200246,0.0,0.0,6195.823529411765,140.2941176470588,0.0,185.86764705882354,0.0,2079.514705882353,0.0,280.5882352941176,4533.808823529412,0.0,0.0,0.0,0.0,8183.10294117647
764,0.28254407518973873,0.2835848733105988,0.08566552291170947,0.07945645784325793,0.9856874570982213,0.98569307843804,32.0,33.0,223.240625,236.61363636363637,74.65259999999999,72.07583030303032,61.846424999999996,62.34910606060605,18.895234374999998,16.909393939393944,9.907692307692308,0.0,451.0769230769231,7154.815384615385,13801.8,22.91707692307693,71.54815384615388,73.34439384615388,17.88703846153847,18.33609846153846,91.68049230769229,62.10163230769228,0.0,1.0,1.0,1.0,-0.29378400641025637,1.5076923076923077,0.0,0.0,6.644276923076923,0.24615384615384617,1.4461538461538461,0.4357829011098829,0.4402161498756881,0.0,0.0,5821.738461538462,148.6153846153846,0.0,196.53846153846155,0.0,2291.7076923076925,0.0,297.2307692307692,4863.107692307693,0.0,0.0,0.0,0.0,7980.0615384615385
765,0.28254407518973873,0.2835848733105988,0.08493984414815603,0.08022158944806884,0.9857071189909692,0.9857133514289115,33.0,34.0,229.7580808080808,244.86176470588234,71.59641212121214,66.95472941176472,61.64099393939393,59.54654117647057,17.951363636363638,15.776764705882355,9.492537313432836,0.0,450.65671641791045,6739.134328358209,14245.358208955224,21.60283582089553,67.39134328358206,69.24093134328358,16.847835820895515,17.31023283582089,86.55116417910449,60.578137313432805,0.0,1.0,1.0,1.0,-0.26204452736318395,1.507462686567164,0.0,0.0,8.185041791044775,0.29850746268656714,1.4179104477611941,0.4359921729470324,0.44184707614938545,0.0,0.0,6073.223880597015,142.1044776119403,0.0,187.62686567164178,0.0,2160.283582089552,0.0,284.7761194029851,4578.850746268657,0.0,0.0,0.0,0.0,8172.134328358209
766,0.28254407518973873,0.2835848733105988,0.08489698145355387,0.08066935208776828,0.9857278866570952,0.9857332943805581,33.0,32.0,226.54040404040404,231.4453125,75.33808484848485,72.0128,62.4806515151515,60.873487499999996,18.376590909090908,17.73078125,9.846153846153847,0.0,469.24615384615385,7223.461538461538,13737.307692307691,23.271076923076922,72.23461538461538,73.70102153846157,18.058653846153845,18.42525538461539,92.12627692307692,61.689432307692286,0.0,1.0,1.0,1.0,-0.2851965064102563,1.4923076923076923,0.0,0.0,6.047064615384613,0.18461538461538463,1.4461538461538461,0.45265875158397606,0.4383022041116141,0.0,0.0,5935.3538461538465,147.69230769230768,0.0,195.15384615384616,0.0,2327.107692307692,0.0,295.38461538461536,4896.3538461538465,0.0,0.0,0.0,0.0,7801.953846153846
767,0.28254407518973873,0.2835848733105988,0.08440754484156247,0.07947290386170197,0.9857475189976422,0.9857519023944006,34.0,32.0,243.0156862745098,224.55729166666666,66.87774117647058,73.43379999999999,59.63264411764704,62.60384062499998,16.05889705882353,18.71859375,9.5,0.0,471.8484848484849,6939.378787878788,14043.969696969696,22.974696969696975,69.39378787878786,70.05643636363641,17.348446969696965,17.514109090909095,87.57054545454541,61.07322424242422,0.0,1.0,1.0,1.0,-0.27235883838383834,1.4848484848484849,0.0,0.0,8.365234848484846,0.21212121212121213,1.4090909090909092,0.46117198670331594,0.4345208828263265,0.0,0.0,5897.772727272727,142.5,0.0,188.15151515151516,0.0,2297.469696969697,0.0,285.0,4641.909090909091,0.0,0.0,0.0,0.0,8146.19696969697
768,0.28254407518973873,0.2835848733105988,0.08453808842965645,0.07982140944289302,0.985767822392264,0.985773125976383,32.0,32.0,245.78958333333333,220.440625,64.48320000000001,76.519,59.86057499999999,61.674703125,15.680546875000003,19.230234375000006,9.703125,0.0,452.375,6982.15625,13986.90625,23.232812499999998,69.82156249999998,70.50110000000002,17.455390624999996,17.625275,88.12637500000004,60.76763906249999,0.0,1.0,1.0,1.0,-0.26599248046875,1.5,0.0,0.0,7.7219296874999985,0.1875,1.453125,0.4515116697871248,0.44742834553824723,0.0,0.0,5844.0625,145.546875,0.0,193.296875,0.0,2323.28125,0.0,291.09375,4658.875,0.0,0.0,0.0,0.0,8142.84375
769,0.28254407518973873,0.2835848733105988,0.083831050285878,0.08241490889753748,0.9857881807049483,0.9857942428775082,30.0,34.0,206.52833333333334,234.4813725490196,81.34186666666668,69.69637647058823,62.88752,60.52564117647057,21.28666666666667,17.25066176470588,10.15625,0.0,473.09375,7657.015625,13282.703125,26.74187500000001,76.57015625,75.15519999999998,19.1425390625,18.78879999999999,93.944,61.63277187499997,0.0,1.0,1.0,1.0,-0.2840160807291666,1.53125,0.0,0.0,5.620110937499998,0.1875,1.46875,0.4247131492634479,0.46814232032557945,0.0,0.0,5975.046875,152.34375,0.0,202.25,0.0,2674.1875,0.0,304.6875,4982.828125,0.0,0.0,0.0,0.0,7307.65625
770,0.28254407518973873,0.2835848733105988,0.08553494551386848,0.08292910303616796,0.9858084489710417,0.9858167766045217,33.0,34.0,230.49747474747474,238.54215686274512,71.7399272727273,69.07915294117649,60.16980909090908,60.378067647058806,17.91583333333333,16.68639705882353,9.373134328358208,0.0,454.97014925373134,6916.776119402985,14074.791044776119,22.37731343283583,69.16776119402986,70.38968358208956,17.291940298507466,17.597420895522387,87.98710447761192,60.275492537313426,0.0,1.0,1.0,1.0,-0.2557394278606965,1.507462686567164,0.0,0.0,7.177749253731341,0.2835820895522388,1.3582089552238805,0.4363328162511259,0.45211807367921786,0.0,0.0,5986.417910447762,139.92537313432837,0.0,186.3134328358209,0.0,2237.731343283582,0.0,281.1940298507463,4679.044776119403,0.0,0.0,0.0,0.0,8088.373134328358
771,0.28254407518973873,0.2835848733105988,0.08601456444131332,0.08321319356227093,0.9858287038864141,0.985835702753358,32.0,33.0,239.4984375,225.45353535353536,68.9412,74.45178181818183,59.19047187499998,61.113442424242415,16.521875,18.5319696969697,9.876923076923077,0.0,455.5230769230769,7016.953846153846,13942.076923076924,22.765846153846155,70.16953846153845,71.73888000000001,17.542384615384613,17.934719999999995,89.67360000000002,60.16674923076921,0.0,1.0,1.0,1.0,-0.25347394230769227,1.5076923076923077,0.0,0.0,5.970253846153841,0.23076923076923078,1.4307692307692308,0.43474278615005263,0.45237833109759507,0.0,0.0,6043.984615384616,147.6769230769231,0.0,195.98461538461538,0.0,2276.5846153846155,0.0,296.3076923076923,4740.369230769231,0.0,0.0,0.0,0.0,7898.092307692307
772,0.28254407518973873,0.2835848733105988,0.08561492069243987,0.0826803402008469,0.9858470558019135,0.9858538403100018,32.0,35.0,234.5875,231.52380952380952,70.03800000000003,72.08667428571431,59.552915625,60.45425999999998,17.278515625,17.637714285714285,9.761194029850746,0.0,467.23880597014926,6986.462686567164,13979.223880597016,22.852388059701497,69.86462686567165,71.10820298507463,17.466156716417913,17.777050746268653,88.8852537313433,60.02376716417908,0.0,1.0,1.0,1.0,-0.25049514925373134,1.5223880597014925,0.0,0.0,6.381720895522386,0.2835820895522388,1.4029850746268657,0.43291356363039035,0.45932012364159513,0.0,0.0,5995.940298507463,146.4179104477612,0.0,194.0597014925373,0.0,2285.2388059701493,0.0,292.8358208955224,4701.223880597015,0.0,0.0,0.0,0.0,7983.2835820895525
773,0.28254407518973873,0.2835848733105988,0.08513434699421696,0.08269554943161683,0.985867127363226,0.9858731661682026,31.0,36.0,207.90376344086022,242.74398148148148,81.01656774193549,67.34328888888889,62.65033870967741,59.86379999999997,21.03951612903226,16.12993055555556,9.91044776119403,0.0,463.7910447761194,7360.611940298508,13597.432835820895,24.723283582089554,73.60611940298507,73.66973134328359,18.401529850746268,18.417432835820897,92.08716417910452,61.153094029850706,0.0,1.0,1.0,1.0,-0.274022792288557,1.537313432835821,0.0,0.0,5.88489253731343,0.22388059701492538,1.4328358208955223,0.4168973500846658,0.4717139840265436,0.0,0.0,5929.641791044776,147.16417910447763,0.0,196.47761194029852,0.0,2472.3283582089553,0.0,297.3134328358209,4888.2835820895525,0.0,0.0,0.0,0.0,7667.79104477612
774,0.28254407518973873,0.2835848733105988,0.08550736116963796,0.08681347570329263,0.9858849530210179,0.9858926206861844,35.0,33.0,248.8952380952381,241.5161616161616,65.87318857142859,68.06031515151514,59.9160257142857,60.74620909090909,15.254785714285715,16.227575757575757,9.088235294117647,0.0,454.9264705882353,6290.75,14718.85294117647,18.56705882352942,62.907499999999985,66.93458823529414,15.726874999999996,16.733647058823525,83.66823529411762,60.31890882352939,0.0,1.0,1.0,1.0,-0.2566439338235294,1.4852941176470589,0.0,0.0,9.111195588235288,0.3088235294117647,1.4264705882352942,0.46116207512295093,0.43510220744742123,0.0,0.0,6231.955882352941,136.3235294117647,0.0,180.4264705882353,0.0,1856.7058823529412,0.0,272.6470588235294,4434.044117647059,0.0,0.0,0.0,0.0,8486.89705882353
775,0.28254407518973873,0.2835848733105988,0.0853942373541225,0.08809150618358524,0.9859077696342939,0.9859126493359088,31.0,32.0,217.88440860215053,224.23541666666668,76.58921290322583,75.9852,61.899916129032235,63.021353125,19.634919354838704,18.679453125000002,10.365079365079366,0.0,460.4761904761905,7659.841269841269,13266.619047619048,26.072222222222234,76.59841269841272,76.28241269841268,19.14960317460318,19.070603174603168,95.35301587301586,62.469534920634885,0.0,1.0,1.0,1.0,-0.3014486441798941,1.507936507936508,0.0,0.0,5.336725396825394,0.2222222222222222,1.4444444444444444,0.4372632256259564,0.45675493158343794,0.0,0.0,5579.888888888889,155.47619047619048,0.0,206.11111111111111,0.0,2607.222222222222,0.0,310.95238095238096,5052.619047619048,0.0,0.0,0.0,0.0,7686.730158730159
776,0.28254407518973873,0.2835848733105988,0.08522157008249737,0.086930988547553,0.9859261744069886,0.9859330243019718,33.0,34.0,219.18232323232323,231.5014705882353,76.24688484848483,70.25374117647057,61.672027272727256,60.07617352941174,19.485,17.693602941176472,9.925373134328359,0.0,463.86567164179104,7430.373134328358,13526.029850746268,25.79656716417911,74.30373134328357,73.2055880597015,18.575932835820893,18.30139701492537,91.50698507462691,60.862191044776104,0.0,1.0,1.0,1.0,-0.2679623134328357,1.507462686567164,0.0,0.0,6.232535820895519,0.22388059701492538,1.4477611940298507,0.4294120603236496,0.445978432824161,0.0,0.0,5650.373134328358,147.43283582089552,0.0,197.40298507462686,0.0,2579.6567164179105,0.0,297.76119402985074,4850.7164179104475,0.0,0.0,0.0,0.0,7875.6567164179105
777,0.28254407518973873,0.2835848733105988,0.08348335561569888,0.08904005743464388,0.9859458882312272,0.9859517794192638,34.0,34.0,248.92696078431374,224.8156862745098,63.6361411764706,76.75312941176472,59.50784705882351,62.946373529411765,15.243676470588234,18.57316176470588,9.617647058823529,0.0,470.4117647058824,6763.367647058823,14212.279411764706,21.209558823529413,67.63367647058827,70.19463529411763,16.908419117647068,17.5486588235294,87.74329411764705,61.22711029411762,0.0,1.0,1.0,1.0,-0.2755647977941175,1.5,0.0,0.0,7.940894117647056,0.29411764705882354,1.3823529411764706,0.44816233324217636,0.4508755690028825,0.0,0.0,6040.029411764706,144.26470588235293,0.0,190.55882352941177,0.0,2120.955882352941,0.0,288.52941176470586,4642.411764705882,0.0,0.0,0.0,0.0,8172.25
778,0.28254407518973873,0.2841150472596708,0.08362019532719152,0.08709457251644259,0.9859668262050092,0.9859702096937091,31.0,37.0,214.44086021505376,245.24504504504506,80.60304516129032,67.59005405405406,64.27146774193547,60.157899999999984,20.077500000000004,15.723243243243243,9.911764705882353,0.0,454.0735294117647,7083.308823529412,13872.117647058823,22.06647058823529,70.83308823529411,73.52244705882353,17.70827205882353,18.380611764705883,91.90305882352942,62.03320294117645,0.0,1.0,1.0,1.0,-0.29235839460784296,1.5441176470588236,0.0,0.0,6.219027941176468,0.3088235294117647,1.4411764705882353,0.4126945989280993,0.47413463819700835,0.0,0.0,5868.89705882353,148.6764705882353,0.0,197.5441176470588,0.0,2206.6470588235293,0.0,297.3529411764706,4876.661764705882,0.0,0.0,0.0,0.0,8003.220588235294
779,0.28254407518973873,0.2841150472596708,0.08236555914311756,0.08469187583077542,0.985986440395875,0.9859904228898205,34.0,35.0,250.61568627450978,242.95619047619047,64.10672941176473,67.62825142857143,59.50038529411763,61.016417142857144,14.993235294117644,16.026642857142857,9.08695652173913,0.0,476.40579710144925,6206.971014492754,14803.826086956522,18.54188405797102,62.069710144927555,65.89300869565218,15.517427536231889,16.47325217391304,82.36626086956524,60.269386956521686,0.0,1.0,1.0,1.0,-0.2556122282608694,1.5072463768115942,0.0,0.0,9.893805797101445,0.2753623188405797,1.434782608695652,0.43974149806889284,0.4458968032361925,0.0,0.0,6457.695652173913,136.30434782608697,0.0,179.28985507246378,0.0,1854.1884057971015,0.0,272.60869565217394,4352.782608695652,0.0,0.0,0.0,0.0,8346.130434782608
780,0.28254407518973873,0.2841150472596708,0.0818360021089946,0.08599376896949686,0.9860051335160687,0.9860093177439022,31.0,34.0,218.01075268817203,246.85049019607843,75.9165935483871,66.02447058823529,60.458416129032244,60.58237058823528,19.59225806451613,15.515514705882353,9.692307692307692,0.0,462.6307692307692,6983.923076923077,13985.76923076923,23.052615384615386,69.83923076923075,70.74225230769231,17.459807692307688,17.68556307692307,88.4278153846154,60.52325384615382,0.0,1.0,1.0,1.0,-0.2609011217948716,1.523076923076923,0.0,0.0,7.240809230769227,0.27692307692307694,1.4461538461538461,0.4294793024357322,0.45766444993282257,0.0,0.0,6166.0,145.3846153846154,0.0,193.15384615384616,0.0,2305.2615384615383,0.0,290.7692307692308,4678.661538461539,0.0,0.0,0.0,0.0,7819.7692307692305
781,0.28254407518973873,0.2841150472596708,0.0846145096012574,0.08699994978299007,0.9860238709312776,0.9860284859414392,34.0,32.0,222.63970588235296,236.9203125,76.82145882352943,69.1518,61.35406764705881,59.98039687499998,18.921250000000004,16.977343749999996,9.772727272727273,0.0,474.25757575757575,7191.5,13773.818181818182,23.354545454545452,71.915,73.10283636363638,17.97875,18.27570909090909,91.37854545454546,60.688045454545424,0.0,1.0,1.0,1.0,-0.26433428030303024,1.4848484848484849,0.0,0.0,5.563959090909089,0.25757575757575757,1.393939393939394,0.45467247030311153,0.43454994578739076,0.0,0.0,6106.363636363636,146.5909090909091,0.0,193.9090909090909,0.0,2335.4545454545455,0.0,293.1818181818182,4856.045454545455,0.0,0.0,0.0,0.0,7667.454545454545
782,0.28254407518973873,0.2841150472596708,0.0837098689811892,0.08690124901465779,0.9860434069882662,0.9860481271228503,36.0,30.0,251.3050925925926,217.125,63.11911111111111,75.80352,59.826166666666644,61.71792999999999,14.886041666666664,19.747250000000005,9.484848484848484,0.0,458.7121212121212,6838.272727272727,14146.121212121212,22.865757575757584,68.38272727272728,68.88475151515152,17.09568181818182,17.221187878787877,86.10593939393944,60.686059090909055,0.0,1.0,1.0,1.0,-0.2642928977272727,1.4545454545454546,0.0,0.0,8.89698939393939,0.2878787878787879,1.4242424242424243,0.478004003631544,0.4142566366289211,0.0,0.0,5814.924242424242,142.27272727272728,0.0,187.78787878787878,0.0,2286.5757575757575,0.0,284.54545454545456,4551.69696969697,0.0,0.0,0.0,0.0,8331.19696969697
783,0.28254407518973873,0.2841150472596708,0.08216993832783359,0.08458761145327241,0.9860633729686009,0.9860683552001298,32.0,32.0,238.9515625,200.92552083333334,68.0308,83.39620000000001,59.849365624999976,63.896284375,16.68578125,22.05,10.140625,0.0,479.40625,7747.15625,13196.3125,27.19343749999999,77.47156249999999,75.71349999999998,19.367890624999998,18.928374999999996,94.641875,61.87282499999998,0.0,1.0,1.0,1.0,-0.28901718749999994,1.5,0.0,0.0,5.527215624999998,0.265625,1.390625,0.44317682724586743,0.44637109577913503,0.0,0.0,5695.9375,149.765625,0.0,201.546875,0.0,2719.34375,0.0,304.21875,5027.8125,0.0,0.0,0.0,0.0,7500.375
784,0.28254407518973873,0.2841150472596708,0.08139780663755786,0.08307141398267945,0.9860810296927681,0.9860890122576493,30.0,37.0,197.57166666666666,244.38378378378377,81.93002666666669,67.15035675675676,62.412803333333336,60.5052054054054,22.589000000000002,15.897027027027029,9.82089552238806,0.0,465.9850746268657,7557.373134328358,13405.388059701492,26.535671641791055,75.57373134328358,73.76811940298508,18.893432835820896,18.442029850746263,92.21014925373137,61.35935373134325,0.0,1.0,1.0,1.0,-0.278319869402985,1.5522388059701493,0.0,0.0,6.484667164179101,0.2835820895522388,1.507462686567164,0.4073794448404116,0.48157960590686283,0.0,0.0,5166.567164179104,146.29850746268656,0.0,195.3134328358209,0.0,2653.5671641791046,0.0,294.6268656716418,4903.805970149254,0.0,0.0,0.0,0.0,8238.820895522387
785,0.28254407518973873,0.2841150472596708,0.08024114798992094,0.08304834744640247,0.9861005844277798,0.9861081285805631,34.0,34.0,237.1392156862745,242.328431372549,69.26795294117649,68.43858823529412,60.929158823529406,60.59004999999998,16.91125,16.121470588235297,9.382352941176471,0.0,474.30882352941177,6606.544117647059,14384.029411764706,20.48338235294118,66.0654411764706,68.85327058823532,16.51636029411765,17.213317647058823,86.0665882352941,60.759604411764684,0.0,1.0,1.0,1.0,-0.2658250919117647,1.5,0.0,0.0,8.422694117647055,0.23529411764705882,1.3970588235294117,0.4391444493384392,0.44241747912093404,0.0,0.0,6027.808823529412,140.73529411764707,0.0,186.22058823529412,0.0,2048.3382352941176,0.0,281.47058823529414,4558.205882352941,0.0,0.0,0.0,0.0,8356.220588235294
786,0.28254407518973873,0.2841150472596708,0.08039116172297923,0.08297081533157177,0.9861201078790924,0.9861286467457223,33.0,33.0,235.57323232323233,243.0449494949495,69.59961212121212,68.73871515151517,60.58747272727271,60.76696666666665,17.139924242424243,15.98863636363637,9.469696969696969,0.0,476.1818181818182,6625.712121212121,14358.545454545454,20.50469696969697,66.2571212121212,69.16916363636363,16.5642803030303,17.292290909090905,86.46145454545459,60.67721969696966,0.0,1.0,1.0,1.0,-0.2641087436868686,1.5,0.0,0.0,8.07233636363636,0.3181818181818182,1.4696969696969697,0.44910752508646856,0.44674872676839616,0.0,0.0,6269.19696969697,142.04545454545453,0.0,188.6060606060606,0.0,2050.469696969697,0.0,284.09090909090907,4575.242424242424,0.0,0.0,0.0,0.0,8089.348484848485
787,0.28254407518973873,0.2841150472596708,0.07990085488179977,0.08263565826858706,0.9861393901765944,0.9861478866448669,32.0,33.0,226.79947916666666,213.57121212121214,72.32000000000004,80.032,60.27344687499997,63.60677878787878,18.365390624999996,20.23340909090908,10.292307692307693,0.0,459.9846153846154,7725.507692307692,13205.015384615384,26.701999999999998,77.25507692307694,76.2353230769231,19.313769230769235,19.05883076923077,95.29415384615385,61.965753846153824,0.0,1.0,1.0,1.0,-0.29095320512820494,1.5076923076923077,0.0,0.0,5.044199999999999,0.27692307692307694,1.4153846153846155,0.4377272428211034,0.4489793702725159,0.0,0.0,5187.907692307693,154.3846153846154,0.0,205.3230769230769,0.0,2670.2,0.0,308.7692307692308,5055.307692307692,0.0,0.0,0.0,0.0,8017.107692307693
788,0.28254407518973873,0.2841150472596708,0.08037439096886034,0.08303873400706668,0.9861581356030072,0.9861671402081355,33.0,36.0,231.09949494949493,247.8759259259259,73.8156606060606,65.98702222222224,60.50744242424241,60.17202777777774,17.753181818181815,15.333263888888885,9.434782608695652,0.0,463.9130434782609,6596.246376811594,14391.144927536232,19.740434782608688,65.96246376811597,69.73115362318845,16.49061594202899,17.432788405797105,87.1639420289855,60.33244347826085,0.0,1.0,1.0,1.0,-0.2569259057971013,1.5217391304347827,0.0,0.0,7.091905797101444,0.2028985507246377,1.391304347826087,0.42994036300964694,0.45898328466248317,0.0,0.0,6325.405797101449,141.52173913043478,0.0,187.04347826086956,0.0,1974.0434782608695,0.0,283.04347826086956,4622.202898550725,0.0,0.0,0.0,0.0,8065.739130434783
789,0.28254407518973873,0.2842998029513017,0.08088331358387714,0.08504880040203194,0.9861751078919718,0.9861877546755331,33.0,34.0,235.1848484848485,235.36127450980393,68.52169696969695,71.48197647058826,60.29876969696968,60.67402941176469,17.192121212121208,17.109558823529408,9.597014925373134,0.0,468.5820895522388,6860.089552238806,14116.462686567163,22.29208955223881,68.60089552238804,70.02392835820893,17.15022388059701,17.505982089552234,87.5299104477612,60.48919999999997,0.0,1.0,1.0,1.0,-0.2601916666666665,1.507462686567164,0.0,0.0,7.6154955223880565,0.29850746268656714,1.3582089552238805,0.4348883463752953,0.44886175621518004,0.0,0.0,6329.388059701492,143.955223880597,0.0,190.5820895522388,0.0,2229.208955223881,0.0,287.910447761194,4630.880597014925,0.0,0.0,0.0,0.0,7787.074626865671
790,0.28254407518973873,0.28467568960514655,0.08039862663258353,0.0858802564611564,0.9861935844021334,0.9862078762984453,32.0,34.0,216.53385416666666,251.21274509803922,78.39580000000001,62.11670588235295,62.80132812499998,59.501823529411745,19.76453125,14.980220588235293,9.515151515151516,0.0,445.3333333333333,6919.954545454545,14063.924242424242,22.830303030303035,69.19954545454546,70.00960000000003,17.299886363636364,17.5024,87.51200000000001,61.10158333333329,0.0,1.0,1.0,1.0,-0.27294965277777766,1.5151515151515151,0.0,0.0,8.391869696969692,0.3333333333333333,1.393939393939394,0.4289492565476788,0.44542076215416054,0.0,0.0,6074.954545454545,141.77272727272728,0.0,187.8939393939394,0.0,2283.030303030303,0.0,285.45454545454544,4636.924242424242,0.0,0.0,0.0,0.0,7988.969696969697
791,0.28254407518973873,0.28467568960514655,0.07990964398646523,0.08507301031413529,0.9862120735006602,0.986227686014403,36.0,29.0,248.72222222222223,205.19597701149425,65.21279999999997,82.04932413793104,59.475852777777746,63.15035172413792,15.231250000000005,21.42775862068966,9.907692307692308,0.0,467.0923076923077,7198.338461538461,13758.16923076923,23.83661538461539,71.98338461538462,72.72448,17.995846153846156,18.181119999999996,90.9056,61.11524461538458,0.0,1.0,1.0,1.0,-0.27323426282051266,1.4461538461538461,0.0,0.0,6.3866107692307645,0.2923076923076923,1.353846153846154,0.48132401974362476,0.40762152839068816,0.0,0.0,6090.4,148.6153846153846,0.0,196.64615384615385,0.0,2383.6615384615384,0.0,297.2307692307692,4814.676923076923,0.0,0.0,0.0,0.0,7667.7692307692305
792,0.28254407518973873,0.28467568960514655,0.0784833328524242,0.08516924924471862,0.9862320733341761,0.9862435925641577,33.0,33.0,242.07474747474745,231.78333333333333,68.6120727272727,71.14104242424243,59.60449999999999,59.87556666666665,16.190227272727274,17.64310606060606,9.515151515151516,0.0,464.75757575757575,6766.666666666667,14215.742424242424,21.401363636363634,67.66666666666669,69.87655757575759,16.91666666666667,17.46913939393939,87.34569696969697,59.740033333333294,0.0,1.0,1.0,1.0,-0.2445840277777777,1.5,0.0,0.0,6.7801424242424195,0.2878787878787879,1.4090909090909092,0.4447444689242943,0.44853448185320216,0.0,0.0,6365.227272727273,142.72727272727272,0.0,188.4090909090909,0.0,2140.1363636363635,0.0,285.45454545454544,4626.530303030303,0.0,0.0,0.0,0.0,7850.515151515152
793,0.28254407518973873,0.28467568960514655,0.07856512839150176,0.08549001493255219,0.9862517499532096,0.9862620675089504,32.0,33.0,223.40572916666667,242.4030303030303,76.32340000000002,66.78225454545453,61.54791875,59.14707878787877,18.802265625,16.153787878787874,9.76923076923077,0.0,476.18461538461537,6983.0615384615385,13983.030769230769,22.535384615384626,69.8306153846154,71.47943384615385,17.45765384615385,17.86985846153846,89.34929230769232,60.329030769230734,0.0,1.0,1.0,1.0,-0.2568548076923077,1.5076923076923077,0.0,0.0,6.307250769230764,0.23076923076923078,1.4153846153846155,0.44066944969339755,0.45179739593061014,0.0,0.0,6197.292307692308,146.53846153846155,0.0,193.2923076923077,0.0,2253.5384615384614,0.0,293.0769230769231,4729.523076923077,0.0,0.0,0.0,0.0,7785.738461538462
794,0.28254407518973873,0.28467568960514655,0.07939071584976981,0.08595844742972242,0.9862695825011332,0.9862804699230776,34.0,31.0,245.9970588235294,230.21505376344084,67.74550588235294,74.28769032258063,60.05427058823527,62.18268387096774,15.620955882352943,17.832500000000003,9.584615384615384,0.0,467.6461538461538,6670.276923076923,14308.215384615385,19.72553846153846,66.70276923076925,70.86562461538462,16.675692307692312,17.71640615384615,88.58203076923077,61.06935999999997,0.0,1.0,1.0,1.0,-0.2722783333333332,1.476923076923077,0.0,0.0,6.879427692307688,0.26153846153846155,1.4307692307692308,0.46794946674538457,0.4301423716244035,0.0,0.0,6322.3538461538465,143.76923076923077,0.0,189.2,0.0,1972.553846153846,0.0,287.53846153846155,4697.723076923077,0.0,0.0,0.0,0.0,7985.861538461539
795,0.28254407518973873,0.28467568960514655,0.0795133245583695,0.08423695721944387,0.9862886610077457,0.9862987915526928,32.0,32.0,243.7578125,222.30520833333333,67.72740000000002,78.34880000000001,61.27762812499997,64.08743125,15.9409375,18.951640624999996,9.859375,0.0,482.1875,6978.515625,13981.890625,21.351093749999997,69.78515625000001,73.0381,17.446289062500004,18.259524999999993,91.29762500000001,62.68252968749996,0.0,1.0,1.0,1.0,-0.3058860351562499,1.5,0.0,0.0,7.090718749999996,0.1875,1.4375,0.44792458978750765,0.43969407156678686,0.0,0.0,5852.453125,147.890625,0.0,194.921875,0.0,2135.109375,0.0,295.78125,4843.40625,0.0,0.0,0.0,0.0,8129.4375
796,0.28254407518973873,0.28467568960514655,0.07954435312053874,0.08591316367171231,0.986308222338422,0.986318444873365,30.0,35.0,207.72777777777776,245.91333333333333,80.15893333333337,66.40548571428575,63.07421666666666,59.29379714285711,21.0905,15.649642857142856,9.815384615384616,0.0,479.75384615384615,7264.323076923077,13697.353846153846,24.393230769230765,72.64323076923074,72.75323076923078,18.160807692307685,18.18830769230769,90.94153846153846,61.03860615384615,0.0,1.0,1.0,1.0,-0.27163762820512816,1.5384615384615385,0.0,0.0,6.446183076923075,0.2153846153846154,1.4461538461538461,0.41750504474848604,0.47663669608687964,0.0,0.0,5910.292307692308,147.23076923076923,0.0,195.63076923076923,0.0,2439.3230769230768,0.0,294.46153846153845,4825.0,0.0,0.0,0.0,0.0,7787.0615384615385
797,0.28254407518973873,0.28467568960514655,0.07883868340447579,0.08652662202847336,0.986326394473927,0.9863363617355317,33.0,32.0,233.32777777777775,235.88645833333334,70.99326060606063,70.69980000000001,60.13108787878787,61.120440624999986,17.432954545454542,17.018750000000004,9.753846153846155,0.0,470.4,6891.615384615385,14075.246153846154,22.10015384615384,68.91615384615383,70.84878769230772,17.229038461538458,17.712196923076924,88.56098461538463,60.61815384615382,0.0,1.0,1.0,1.0,-0.2628782051282051,1.4923076923076923,0.0,0.0,6.998404615384613,0.3230769230769231,1.4461538461538461,0.44879343759813767,0.44250943223960354,0.0,0.0,6349.338461538461,146.30769230769232,0.0,193.2153846153846,0.0,2210.0153846153844,0.0,292.61538461538464,4681.6,0.0,0.0,0.0,0.0,7725.907692307693
798,0.28254407518973873,0.28467568960514655,0.07896801406990231,0.08529921279684141,0.9863459349925432,0.9863534236938242,33.0,32.0,241.97171717171716,218.20260416666667,67.78356363636362,76.5086,59.90532727272726,62.81611249999999,16.184393939393942,19.562187499999997,9.938461538461539,0.0,488.9076923076923,7138.923076923077,13816.2,23.77369230769231,71.38923076923078,72.07896615384615,17.847307692307695,18.019741538461535,90.09870769230766,61.338329230769205,0.0,1.0,1.0,1.0,-0.277881858974359,1.4923076923076923,0.0,0.0,7.106670769230768,0.2153846153846154,1.4153846153846155,0.45452367957782347,0.4429420161805888,0.0,0.0,5763.476923076923,148.0,0.0,197.72307692307692,0.0,2377.369230769231,0.0,298.15384615384613,4761.553846153846,0.0,0.0,0.0,0.0,8052.723076923077
799,0.28254407518973873,0.28467568960514655,0.07822396569219582,0.08414043771206256,0.986364939408087,0.9863721612989622,32.0,35.0,228.73020833333334,256.8395238095238,70.8808,61.62486857142859,60.45344999999999,59.16162285714284,18.116171875,14.047785714285714,9.208955223880597,0.0,493.65671641791045,6396.358208955224,14604.850746268658,20.42328358208955,63.96358208955225,66.04561194029851,15.990895522388062,16.51140298507462,82.55701492537312,59.77861492537311,0.0,1.0,1.0,1.0,-0.24538781094527357,1.5223880597014925,0.0,0.0,9.723898507462684,0.23880597014925373,1.4029850746268657,0.42630127203474183,0.46091587191984784,0.0,0.0,6348.432835820896,138.13432835820896,0.0,183.38805970149255,0.0,2042.3283582089553,0.0,276.2686567164179,4354.0298507462685,0.0,0.0,0.0,0.0,8256.41791044776
800,0.28254407518973873,0.28467568960514655,0.07830316320145549,0.08509463156797638,0.9863833247404604,0.9863910796683609,32.0,32.0,217.64895833333333,229.92760416666667,76.34060000000002,74.062,61.254868749999986,60.98930937499998,19.667421875,17.905781249999997,10.140625,0.0,485.640625,7514.640625,13427.296875,25.268437499999994,75.14640624999998,75.2013,18.786601562499996,18.800325,94.00162500000003,61.12208906249997,0.0,1.0,1.0,1.0,-0.2733768554687499,1.5,0.0,0.0,4.707390624999998,0.234375,1.4375,0.4417159260472109,0.44541375317834975,0.0,0.0,5499.015625,151.5625,0.0,201.28125,0.0,2526.84375,0.0,304.21875,4987.796875,0.0,0.0,0.0,0.0,7928.28125
801,0.28254407518973873,0.28467568960514655,0.07859356453140856,0.08477627655738211,0.9864019115439971,0.9864093350236871,34.0,33.0,226.14558823529413,240.03282828282826,75.66983529411766,67.78938181818182,64.11544117647058,59.80837575757573,18.39492647058824,16.491212121212122,9.805970149253731,0.0,484.8059701492537,6982.910447761194,13979.134328358208,22.32462686567165,69.82910447761195,71.78841791044779,17.457276119402987,17.94710447761194,89.73552238805969,61.994050746268634,0.0,1.0,1.0,1.0,-0.29154272388059693,1.492537313432836,0.0,0.0,7.6629089552238785,0.23880597014925373,1.4029850746268657,0.44595614609016343,0.43990917746183783,0.0,0.0,6008.328358208955,147.08955223880596,0.0,195.6865671641791,0.0,2232.4626865671644,0.0,294.17910447761193,4750.44776119403,0.0,0.0,0.0,0.0,7970.805970149254
802,0.28254407518973873,0.28467568960514655,0.07885110044985501,0.08618432576817173,0.9864209163876647,0.9864270421792457,36.0,32.0,246.39166666666668,233.72291666666666,65.74773333333333,70.5802,59.74648888888888,61.83976562499998,15.60388888888889,17.373671875,9.235294117647058,0.0,480.6764705882353,6574.691176470588,14425.79411764706,20.68573529411765,65.74691176470587,68.02183529411768,16.436727941176468,17.005458823529413,85.02729411764709,60.73156029411763,0.0,1.0,1.0,1.0,-0.2652408394607842,1.4705882352941178,0.0,0.0,9.146452941176465,0.3088235294117647,1.3823529411764706,0.4617361906872957,0.4218920509740808,0.0,0.0,6059.85294117647,138.52941176470588,0.0,182.9264705882353,0.0,2068.573529411765,0.0,277.05882352941177,4506.117647058823,0.0,0.0,0.0,0.0,8365.941176470587
803,0.28254407518973873,0.28467568960514655,0.07929271781703193,0.08464215635405845,0.9864381354842253,0.9864468717207073,33.0,32.0,219.2131313131313,223.88072916666667,77.70240000000003,74.33440000000002,62.89253939393937,60.850468749999976,19.468787878787886,18.765156249999997,10.169230769230769,0.0,476.10769230769233,7648.953846153846,13290.661538461538,25.977999999999994,76.48953846153843,76.04430769230768,19.122384615384608,19.011076923076914,95.05538461538464,61.88721230769231,0.0,1.0,1.0,1.0,-0.28931692307692297,1.4923076923076923,0.0,0.0,4.965289230769229,0.26153846153846155,1.3692307692307693,0.4465106270966861,0.43782609244805876,0.0,0.0,5345.876923076923,152.07692307692307,0.0,202.23076923076923,0.0,2597.8,0.0,305.0769230769231,5051.153846153846,0.0,0.0,0.0,0.0,7944.784615384616
804,0.28254407518973873,0.28467568960514655,0.07910967873217079,0.08503553389307304,0.9864549409266289,0.9864649534615976,34.0,34.0,237.52107843137256,232.67598039215687,68.40244705882353,71.70710588235296,60.358982352941155,61.22497647058822,16.81375,17.511102941176464,9.676470588235293,0.0,471.3529411764706,6864.970588235294,14105.911764705883,22.386323529411765,68.6497058823529,70.05477647058825,17.162426470588226,17.513694117647056,87.5684705882353,60.79197941176467,0.0,1.0,1.0,1.0,-0.2664995710784312,1.5,0.0,0.0,7.899629411764704,0.23529411764705882,1.411764705882353,0.4464002814196326,0.4365399226921723,0.0,0.0,5915.794117647059,145.14705882352942,0.0,192.6764705882353,0.0,2238.6323529411766,0.0,290.29411764705884,4626.338235294118,0.0,0.0,0.0,0.0,8190.117647058823
805,0.28254407518973873,0.28467568960514655,0.08053931954241994,0.0844737793265421,0.9864730780268393,0.9864807319170897,34.0,34.0,230.88235294117646,256.07303921568626,71.87651764705883,60.810164705882364,60.61855882352938,58.74939117647055,17.7860294117647,14.216176470588234,9.117647058823529,0.0,496.8235294117647,6400.441176470588,14608.661764705883,20.151617647058828,64.00441176470589,66.3433411764706,16.001102941176473,16.585835294117647,82.92917647058826,59.683974999999975,0.0,1.0,1.0,1.0,-0.24341614583333318,1.5,0.0,0.0,9.341736764705878,0.2647058823529412,1.3970588235294117,0.4487693623789485,0.4454276551514137,0.0,0.0,6632.073529411765,136.76470588235293,0.0,179.60294117647058,0.0,2015.1617647058824,0.0,273.52941176470586,4385.279411764706,0.0,0.0,0.0,0.0,7976.588235294118
806,0.28254407518973873,0.28467568960514655,0.0813969422437955,0.08377288581479421,0.9864919105787378,0.9864978624874717,34.0,30.0,240.32450980392156,195.185,68.98465882352941,84.84245333333335,60.5637176470588,64.44681000000001,16.41125,22.887499999999996,10.34375,0.0,486.421875,7778.796875,13149.921875,27.137187500000007,77.78796874999999,76.41800000000003,19.446992187499998,19.1045,95.52250000000002,62.38391718749998,0.0,1.0,1.0,1.0,-0.29966494140625,1.46875,0.0,0.0,5.412909374999998,0.328125,1.34375,0.4622263139162171,0.4211932043308393,0.0,0.0,5564.203125,154.9375,0.0,205.03125,0.0,2713.71875,0.0,310.3125,5065.078125,0.0,0.0,0.0,0.0,7585.71875
807,0.28254407518973873,0.28467568960514655,0.0821090291078507,0.08434446001256786,0.9865108899547288,0.9865164746487335,33.0,35.0,248.47676767676768,236.8747619047619,65.21464242424246,69.88342857142857,58.93054848484846,60.71399999999998,15.306666666666667,16.907071428571424,9.205882352941176,0.0,479.1029411764706,6452.161764705882,14550.308823529413,19.7504411764706,64.52161764705882,67.61769411764708,16.130404411764705,16.904423529411762,84.52211764705883,59.8485014705882,0.0,1.0,1.0,1.0,-0.2468437806372547,1.5147058823529411,0.0,0.0,8.361211764705882,0.2647058823529412,1.3823529411764706,0.4364207077105749,0.45305369896207603,0.0,0.0,6664.676470588235,138.08823529411765,0.0,182.26470588235293,0.0,1975.0441176470588,0.0,276.1764705882353,4477.117647058823,0.0,0.0,0.0,0.0,7885.632352941177
808,0.28254407518973873,0.28467568960514655,0.08259799215336393,0.08724898709046183,0.9865279783295697,0.9865334758803206,30.0,35.0,210.56166666666667,253.73190476190476,79.21088,61.77298285714287,62.42391,58.130957142857106,20.66433333333333,14.579928571428574,9.476923076923077,0.0,485.5230769230769,6955.246153846154,14028.430769230768,23.296923076923083,69.55246153846156,69.82124307692311,17.38811538461539,17.455310769230774,87.27655384615383,60.112319999999954,0.0,1.0,1.0,1.0,-0.2523399999999999,1.5384615384615385,0.0,0.0,7.679192307692304,0.24615384615384617,1.4,0.41640950806776644,0.4731040134776572,0.0,0.0,6312.107692307693,142.15384615384616,0.0,188.86153846153846,0.0,2329.6923076923076,0.0,284.3076923076923,4625.553846153846,0.0,0.0,0.0,0.0,7716.323076923077
809,0.28254407518973873,0.28467568960514655,0.08364024852128013,0.08584818450340422,0.9865467432979556,0.9865516310566051,33.0,30.0,231.5040404040404,217.22055555555556,73.0612363636364,75.90229333333333,59.81123636363635,62.152023333333325,17.644924242424242,19.747250000000005,10.158730158730158,0.0,498.1746031746032,7458.412698412699,13482.142857142857,25.336984126984134,74.58412698412698,74.41412063492065,18.646031746031746,18.603530158730162,93.01765079365079,60.92589682539679,0.0,1.0,1.0,1.0,-0.26928951719576705,1.4761904761904763,0.0,0.0,5.157807936507935,0.1746031746031746,1.4444444444444444,0.4594349256192956,0.43110205732720447,0.0,0.0,5846.349206349207,152.38095238095238,0.0,201.3015873015873,0.0,2533.6984126984125,0.0,304.76190476190476,4924.714285714285,0.0,0.0,0.0,0.0,7635.793650793651
810,0.28254407518973873,0.28467568960514655,0.0847329816196884,0.08450561914123095,0.9865640675953751,0.9865698943781428,34.0,32.0,227.28872549019607,240.25208333333333,73.48649411764707,67.94240000000003,61.91109999999999,60.09467187499999,18.294926470588234,16.43015625,9.681818181818182,0.0,496.27272727272725,6956.318181818182,14014.439393939394,22.72348484848485,69.56318181818183,70.79844848484848,17.390795454545458,17.69961212121212,88.49806060606056,61.03040757575754,0.0,1.0,1.0,1.0,-0.27146682449494935,1.4848484848484849,0.0,0.0,7.6227545454545425,0.16666666666666666,1.393939393939394,0.4550932574960947,0.43598984558488524,0.0,0.0,5816.681818181818,145.22727272727272,0.0,192.56060606060606,0.0,2272.348484848485,0.0,290.45454545454544,4683.969696969697,0.0,0.0,0.0,0.0,8197.757575757576
811,0.28254407518973873,0.28467568960514655,0.08630795166253485,0.08464436914441675,0.9865813021032374,0.9865878157018009,35.0,31.0,232.23619047619047,227.25591397849465,71.88553142857144,75.62818064516131,62.188317142857144,61.41135483870966,17.62528571428571,18.215806451612906,9.93939393939394,0.0,493.2121212121212,7161.060606060606,13793.818181818182,22.77363636363636,71.61060606060605,73.64344242424241,17.90265151515151,18.4108606060606,92.05430303030306,61.823380303030305,0.0,1.0,1.0,1.0,-0.2879870896464647,1.4696969696969697,0.0,0.0,6.082589393939391,0.22727272727272727,1.378787878787879,0.4656397012794091,0.4266654681934279,0.0,0.0,6140.242424242424,149.0909090909091,0.0,196.84848484848484,0.0,2277.3636363636365,0.0,298.1818181818182,4883.69696969697,0.0,0.0,0.0,0.0,7653.575757575758
812,0.28254407518973873,0.28467568960514655,0.08551885139512827,0.08277905357029555,0.9865972099115687,0.9866052541095024,34.0,33.0,234.3735294117647,234.7010101010101,71.10851764705883,71.63384242424243,62.37824705882352,60.73032727272728,17.28375,17.211136363636367,9.671641791044776,0.0,484.7014925373134,6899.194029850746,14072.089552238805,21.698955223880606,68.99194029850746,71.36725970149256,17.247985074626865,17.841814925373132,89.20907462686567,61.56658507462685,0.0,1.0,1.0,1.0,-0.28263718905472623,1.492537313432836,0.0,0.0,7.447310447761192,0.2835820895522388,1.4029850746268657,0.45805426263149585,0.4335222438447823,0.0,0.0,6014.179104477612,145.07462686567163,0.0,192.49253731343285,0.0,2169.89552238806,0.0,290.14925373134326,4729.298507462687,0.0,0.0,0.0,0.0,8057.910447761194
813,0.28254407518973873,0.28467568960514655,0.0851196610305776,0.0820098711726345,0.9866144106053586,0.9866230872219682,34.0,33.0,232.44411764705882,224.67272727272726,74.4882823529412,76.13595151515153,61.634394117647055,62.70045757575755,17.546102941176475,18.632272727272728,10.014925373134329,0.0,493.4925373134328,7232.432835820896,13716.985074626866,22.25940298507463,72.32432835820894,75.2998208955224,18.081082089552236,18.824955223880597,94.124776119403,62.15947014925371,0.0,1.0,1.0,1.0,-0.2949889614427859,1.492537313432836,0.0,0.0,4.940731343283579,0.208955223880597,1.373134328358209,0.45433799478557585,0.4395825877713186,0.0,0.0,6375.2835820895525,150.22388059701493,0.0,198.91044776119404,0.0,2225.9402985074626,0.0,300.44776119402985,5006.492537313433,0.0,0.0,0.0,0.0,7341.701492537313
814,0.28254407518973873,0.28467568960514655,0.08711646647546595,0.08254205538062574,0.9866327716598439,0.9866408622682298,34.0,35.0,218.39509803921567,252.56619047619049,76.88828235294119,60.578194285714275,62.43118823529411,58.837897142857116,19.53698529411765,14.745071428571428,9.44927536231884,0.0,483.9710144927536,6842.521739130435,14143.695652173914,23.08782608695652,68.42521739130436,68.61504927536232,17.10630434782609,17.153762318840577,85.76881159420292,60.60850434782607,0.0,1.0,1.0,1.0,-0.26267717391304346,1.5072463768115942,0.0,0.0,9.099759420289855,0.2898550724637681,1.434782608695652,0.44450345409028175,0.44962278469223443,0.0,0.0,6410.057971014493,141.7391304347826,0.0,187.56521739130434,0.0,2308.782608695652,0.0,283.4782608695652,4533.739130434783,0.0,0.0,0.0,0.0,7733.63768115942
815,0.28254407518973873,0.28467568960514655,0.08777911297314872,0.0822204212630817,0.9866511650905792,0.9866591185623365,37.0,30.0,252.56756756756755,215.6572222222222,62.38322162162162,77.05493333333334,59.960978378378364,62.70835666666666,14.733378378378378,19.942999999999998,9.402985074626866,0.0,481.67164179104475,6826.417910447762,14162.432835820895,22.622537313432833,68.26417910447762,68.95264477611941,17.066044776119405,17.238161194029853,86.19080597014924,61.191147761193996,0.0,1.0,1.0,1.0,-0.27481557835820886,1.4477611940298507,0.0,0.0,9.304547761194025,0.3283582089552239,1.328358208955224,0.48789455120929626,0.39946195027914155,0.0,0.0,6034.686567164179,141.044776119403,0.0,187.01492537313433,0.0,2262.2537313432836,0.0,282.089552238806,4564.164179104478,0.0,0.0,0.0,0.0,8127.746268656716
816,0.28254407518973873,0.28467568960514655,0.08941840860447932,0.08000954106201201,0.9866679861725889,0.9866761872505083,32.0,32.0,232.76041666666666,235.32916666666668,71.90979999999999,69.39240000000002,61.89333437499999,60.69844062499999,17.487812499999997,17.165546875,9.640625,0.0,496.5,6930.671875,14042.6875,22.546093749999997,69.30671875,70.6511,17.3266796875,17.662775,88.31387500000002,61.295887499999964,0.0,1.0,1.0,1.0,-0.2769976562499999,1.5,0.0,0.0,7.971467187499997,0.234375,1.46875,0.4442815334080246,0.4397384934637265,0.0,0.0,6043.140625,144.609375,0.0,191.8125,0.0,2254.609375,0.0,289.21875,4676.0625,0.0,0.0,0.0,0.0,7999.546875
817,0.28254407518973873,0.28467568960514655,0.08913248727928667,0.07949376592657181,0.9866873502417935,0.9866928070196059,32.0,31.0,223.35885416666667,221.51451612903227,77.16700000000002,75.1477677419355,61.17415312499999,62.47343548387097,18.796406249999997,19.079354838709676,10.444444444444445,0.0,519.8412698412699,7574.253968253968,13347.079365079366,25.370952380952378,75.74253968253967,76.17340952380955,18.935634920634918,19.043352380952385,95.21676190476191,61.81348253968251,0.0,1.0,1.0,1.0,-0.28778088624338616,1.492063492063492,0.0,0.0,4.575707936507933,0.15873015873015872,1.4126984126984128,0.4514193782176943,0.4375106254823981,0.0,0.0,5731.920634920635,156.66666666666666,0.0,207.66666666666666,0.0,2537.095238095238,0.0,313.3333333333333,5037.158730158731,0.0,0.0,0.0,0.0,7615.158730158731
818,0.28254407518973873,0.28467568960514655,0.08731693738342469,0.07757755524210891,0.9867058782460265,0.9867097250489283,34.0,33.0,232.7607843137255,236.84242424242424,70.67632941176471,69.15801212121211,60.36732352941176,60.22999696969695,17.52786764705882,16.956439393939394,9.462686567164178,0.0,494.4179104477612,6898.567164179104,14086.268656716418,22.63388059701493,68.98567164179104,69.92850149253731,17.24641791044776,17.482125373134327,87.41062686567163,60.29968507462684,0.0,1.0,1.0,1.0,-0.2562434390547263,1.492537313432836,0.0,0.0,7.61760149253731,0.208955223880597,1.4477611940298507,0.4531177117606281,0.4363200142507188,0.0,0.0,6351.9701492537315,141.9402985074627,0.0,188.34328358208955,0.0,2263.3880597014927,0.0,283.8805970149254,4635.179104477612,0.0,0.0,0.0,0.0,7734.298507462687
819,0.28254407518973873,0.28467568960514655,0.08778129414066152,0.07740849004748922,0.9867232644426182,0.9867260881176051,34.0,32.0,239.053431372549,229.3125,70.04367058823533,71.3602,60.11193235294116,61.13539062499999,16.589411764705886,18.045312499999998,9.575757575757576,0.0,514.5454545454545,6918.121212121212,14059.833333333334,22.339696969696966,69.1812121212121,70.68198787878792,17.295303030303025,17.67049696969697,88.35248484848486,60.608154545454525,0.0,1.0,1.0,1.0,-0.26266988636363636,1.4848484848484849,0.0,0.0,7.221469696969692,0.21212121212121213,1.3636363636363635,0.45776915094173104,0.4337216014857592,0.0,0.0,6360.075757575758,143.63636363636363,0.0,190.13636363636363,0.0,2233.969696969697,0.0,287.27272727272725,4684.151515151515,0.0,0.0,0.0,0.0,7699.757575757576
820,0.28254407518973873,0.28467568960514655,0.08613337829425274,0.07690953325560429,0.9867412799468971,0.9867437167573919,34.0,32.0,249.79117647058823,217.60104166666667,64.72752941176472,79.42939999999999,58.97665882352938,64.57896249999999,15.053014705882353,19.622734375000004,9.878787878787879,0.0,491.0151515151515,6907.454545454545,14051.030303030304,21.581212121212115,69.07454545454544,71.85570909090913,17.26863636363636,17.963927272727275,89.81963636363639,61.69292727272723,0.0,1.0,1.0,1.0,-0.28526931818181794,1.4848484848484849,0.0,0.0,7.105854545454541,0.22727272727272727,1.393939393939394,0.45053150187377466,0.4302859050794111,0.0,0.0,6096.363636363636,148.1818181818182,0.0,195.96969696969697,0.0,2158.121212121212,0.0,296.3636363636364,4749.333333333333,0.0,0.0,0.0,0.0,7954.666666666667
821,0.28254407518973873,0.28467568960514655,0.08723528432995144,0.07685446456202345,0.9867587173954546,0.986760212651187,32.0,35.0,237.2421875,244.0342857142857,71.32420000000003,66.0655542857143,60.91237187499999,60.03406285714283,16.835156250000004,15.940142857142853,9.328358208955224,0.0,490.94029850746267,6547.044776119403,14447.41791044776,20.056865671641795,65.47044776119405,68.57714626865672,16.367611940298513,17.144286567164173,85.72143283582088,60.453553731343256,0.0,1.0,1.0,1.0,-0.2594490360696518,1.5223880597014925,0.0,0.0,8.244019402985074,0.29850746268656714,1.4179104477611941,0.4289555962158127,0.4606542113988324,0.0,0.0,6285.985074626866,139.92537313432837,0.0,184.76119402985074,0.0,2005.686567164179,0.0,279.85074626865674,4541.358208955224,0.0,0.0,0.0,0.0,8161.432835820896
822,0.28254407518973873,0.28467568960514655,0.08616159061968143,0.07592994833746249,0.986777435857296,0.9867764824878584,32.0,32.0,234.0328125,227.74947916666667,70.47279999999999,73.1562,60.27576249999997,60.98636562499998,17.310312500000002,18.186484375,9.953125,0.0,528.640625,7099.359375,13853.46875,23.597499999999997,70.99359375,71.81450000000002,17.7483984375,17.953624999999995,89.76812500000003,60.631064062499966,0.0,1.0,1.0,1.0,-0.2631471679687499,1.5,0.0,0.0,6.5649624999999965,0.28125,1.375,0.4447904519567123,0.4370252476590929,0.0,0.0,6045.03125,149.296875,0.0,198.28125,0.0,2359.75,0.0,298.59375,4739.609375,0.0,0.0,0.0,0.0,7808.4375
823,0.28254407518973873,0.28467568960514655,0.084797867118274,0.07672686355709873,0.9867956806602194,0.9867941812440835,32.0,34.0,239.21770833333332,229.29362745098038,69.66600000000001,69.91736470588235,60.06290312499998,60.6463676470588,16.537265625,18.04058823529412,9.696969696969697,0.0,481.95454545454544,6924.681818181818,14046.318181818182,23.2039393939394,69.24681818181817,69.7954909090909,17.311704545454543,17.448872727272725,87.24436363636362,60.36347575757572,0.0,1.0,1.0,1.0,-0.25757241161616146,1.5151515151515151,0.0,0.0,7.879689393939393,0.25757575757575757,1.4242424242424243,0.43054131217863123,0.4543409127170245,0.0,0.0,6140.151515151515,144.86363636363637,0.0,192.22727272727272,0.0,2320.3939393939395,0.0,290.90909090909093,4604.287878787879,0.0,0.0,0.0,0.0,7906.166666666667
824,0.28254407518973873,0.28467568960514655,0.0843547826552682,0.07629922163730686,0.9868128719361916,0.9868115821611242,32.0,34.0,226.7359375,229.30196078431374,73.4302,74.29025882352941,61.527356250000004,61.56770588235293,18.411093750000006,17.98735294117647,9.848484848484848,0.0,502.25757575757575,7277.121212121212,13683.469696969696,23.675151515151523,72.77121212121213,73.87326060606058,18.192803030303033,18.468315151515146,92.34157575757575,61.5481424242424,0.0,1.0,1.0,1.0,-0.28225296717171716,1.5151515151515151,0.0,0.0,5.867684848484845,0.2727272727272727,1.4090909090909092,0.4327369939881619,0.4541549592038665,0.0,0.0,5592.090909090909,147.72727272727272,0.0,195.22727272727272,0.0,2367.5151515151515,0.0,295.45454545454544,4909.606060606061,0.0,0.0,0.0,0.0,8091.378787878788
825,0.28254407518973873,0.28467568960514655,0.08479085416643456,0.07520251842834895,0.9868290598351953,0.9868287474059951,32.0,35.0,239.37552083333333,246.03476190476192,70.99360000000001,65.92822857142856,60.48275312499999,59.80455714285712,16.556171875,15.632857142857143,9.238805970149254,0.0,501.6268656716418,6429.537313432836,14571.253731343284,18.982835820895527,64.29537313432836,68.34751044776122,16.07384328358209,17.0868776119403,85.43438805970152,60.12847164179102,0.0,1.0,1.0,1.0,-0.2526764925373133,1.5223880597014925,0.0,0.0,7.85480447761194,0.26865671641791045,1.4328358208955223,0.4322258487177489,0.45738240366275523,0.0,0.0,6307.985074626866,138.5820895522388,0.0,182.46268656716418,0.0,1898.2835820895523,0.0,277.1641791044776,4531.253731343284,0.0,0.0,0.0,0.0,8263.268656716418
826,0.28254407518973873,0.28467568960514655,0.08736958173985603,0.0766544468339687,0.9868451645995671,0.9868452913194372,31.0,32.0,231.28172043010753,231.5421875,72.9911741935484,71.75800000000001,60.96025806451613,61.04431249999999,17.712983870967737,17.667578125,9.88888888888889,0.0,514.8095238095239,7075.9682539682535,13884.84126984127,22.87746031746032,70.75968253968254,72.36480000000002,17.689920634920636,18.091199999999997,90.45599999999997,61.00295238095235,0.0,1.0,1.0,1.0,-0.2708948412698412,1.507936507936508,0.0,0.0,6.328073015873013,0.20634920634920634,1.4126984126984128,0.443792013582531,0.4508537236745377,0.0,0.0,5978.619047619048,145.61904761904762,0.0,195.9047619047619,0.0,2287.746031746032,0.0,296.6666666666667,4788.222222222223,0.0,0.0,0.0,0.0,7906.222222222223
827,0.28254407518973873,0.28467568960514655,0.08640748784105912,0.07647321484788083,0.986862326369041,0.9868628538314629,32.0,33.0,226.06197916666667,234.2510101010101,73.30099999999999,73.55520000000001,61.976078125,61.543721212121206,18.485000000000007,17.2314393939394,9.96923076923077,0.0,508.4153846153846,7139.430769230769,13813.16923076923,22.750153846153843,71.39430769230769,73.43005538461543,17.848576923076923,18.357513846153854,91.78756923076925,61.75657384615383,0.0,1.0,1.0,1.0,-0.2865952884615384,1.5076923076923077,0.0,0.0,6.175095384615382,0.2923076923076923,1.3846153846153846,0.43709813531959396,0.4453075940797203,0.0,0.0,6236.123076923077,149.53846153846155,0.0,197.7846153846154,0.0,2275.0153846153844,0.0,299.0769230769231,4864.415384615385,0.0,0.0,0.0,0.0,7577.046153846154
828,0.28254407518973873,0.28467568960514655,0.08759061299245406,0.07679831160019263,0.9868778194166574,0.9868804172182964,33.0,34.0,230.18131313131315,230.76666666666668,71.73760000000001,72.10522352941176,61.678427272727255,61.776241176470556,17.883484848484848,17.833897058823524,9.671641791044776,0.0,489.9850746268657,7143.328358208955,13828.701492537313,23.70522388059701,71.43328358208956,71.9241552238806,17.85832089552239,17.98103880597014,89.90519402985075,61.72806417910446,0.0,1.0,1.0,1.0,-0.2860013370646765,1.507462686567164,0.0,0.0,7.662229850746266,0.3283582089552239,1.3582089552238805,0.4380389418851073,0.440711672384805,0.0,0.0,5923.0,145.07462686567163,0.0,191.7462686567164,0.0,2370.5223880597014,0.0,290.14925373134326,4772.805970149254,0.0,0.0,0.0,0.0,7905.701492537313
829,0.28254407518973873,0.28488697248652967,0.08552933318452512,0.07704685137209187,0.9868953366261661,0.9868978150366737,33.0,34.0,250.32626262626263,235.25392156862745,64.28334545454547,72.34992941176472,60.83325454545454,60.98303235294115,15.009090909090908,17.10169117647059,9.432835820895523,0.0,485.6865671641791,6428.4029850746265,14560.65671641791,19.11835820895523,64.28402985074628,68.37683582089554,16.07100746268657,17.094208955223884,85.4710447761194,60.909261194029796,0.0,1.0,1.0,1.0,-0.2689429415422883,1.507462686567164,0.0,0.0,8.603432835820893,0.3283582089552239,1.4328358208955223,0.43702459129962445,0.441969654979142,0.0,0.0,6533.044776119403,141.49253731343285,0.0,185.46268656716418,0.0,1911.8358208955224,0.0,282.9850746268657,4516.567164179104,0.0,0.0,0.0,0.0,8027.611940298508
830,0.28254407518973873,0.28488697248652967,0.08513754280583732,0.07695975402267638,0.9869132877780273,0.9869155487301069,30.0,35.0,217.87722222222223,224.4847619047619,75.50741333333335,73.17467428571429,62.516809999999985,60.79438285714283,19.62466666666667,18.705357142857142,10.2,0.0,503.89230769230767,7651.861538461539,13286.107692307693,27.43476923076923,76.51861538461539,74.25132307692309,19.129653846153847,18.562830769230764,92.81415384615383,61.589349230769194,0.0,1.0,1.0,1.0,-0.2831114423076923,1.5384615384615385,0.0,0.0,6.467679999999999,0.23076923076923078,1.4615384615384615,0.41762320749151455,0.47106654101393,0.0,0.0,5261.261538461538,152.8923076923077,0.0,202.13846153846154,0.0,2743.476923076923,0.0,306.0,4908.384615384615,0.0,0.0,0.0,0.0,8024.846153846154
831,0.28254407518973873,0.28488697248652967,0.08695453890557175,0.07677202183689291,0.9869295440141889,0.9869321457183076,32.0,36.0,229.78229166666668,251.5023148148148,74.0486,63.448888888888895,60.84201562499999,59.42874722222221,17.893671875,14.87756944444444,9.308823529411764,0.0,498.1470588235294,6518.764705882353,14476.867647058823,19.86647058823529,65.18764705882354,68.43698823529411,16.296911764705886,17.109247058823524,85.54623529411768,60.09381470588232,0.0,1.0,1.0,1.0,-0.2519544730392156,1.5294117647058822,0.0,0.0,7.953738235294114,0.25,1.4264705882352942,0.41709041352654247,0.4544928578709745,0.0,0.0,6221.720588235294,139.63235294117646,0.0,184.47058823529412,0.0,1986.6470588235295,0.0,279.2647058823529,4532.117647058823,0.0,0.0,0.0,0.0,8255.14705882353
832,0.28254407518973873,0.28488697248652967,0.08596487235707422,0.07687269993502792,0.9869473229355796,0.9869496062523091,33.0,32.0,224.5550505050505,233.9921875,74.92363636363639,72.761,61.15675757575756,62.36321562499999,18.637045454545458,17.320859374999994,10.03076923076923,0.0,507.5076923076923,7195.630769230769,13752.061538461538,23.03092307692308,71.95630769230773,73.85895384615385,17.989076923076933,18.464738461538463,92.32369230769231,61.750706153846124,0.0,1.0,1.0,1.0,-0.28647304487179476,1.4923076923076923,0.0,0.0,5.880829230769228,0.23076923076923078,1.3692307692307693,0.4539076577288468,0.4350549646459425,0.0,0.0,6072.984615384616,150.46153846153845,0.0,199.92307692307693,0.0,2303.0923076923077,0.0,300.9230769230769,4892.538461538462,0.0,0.0,0.0,0.0,7679.076923076923
833,0.28254407518973873,0.28488697248652967,0.08785897463183134,0.07796358610533966,0.986963193337352,0.9869655451163862,35.0,32.0,232.76190476190476,230.63541666666666,69.21069714285713,72.4792,60.93959142857141,61.696559374999985,17.592428571428574,17.769531249999996,9.611940298507463,0.0,508.8059701492537,7070.805970149254,13904.776119402984,23.82805970149254,70.70805970149254,70.77177313432834,17.677014925373136,17.692943283582085,88.46471641791048,61.30112835820892,0.0,1.0,1.0,1.0,-0.27710684079601977,1.4776119402985075,0.0,0.0,8.20637014925373,0.19402985074626866,1.4328358208955223,0.4545974108883802,0.423227213016344,0.0,0.0,5967.731343283582,144.17910447761193,0.0,190.88059701492537,0.0,2382.805970149254,0.0,288.35820895522386,4688.0,0.0,0.0,0.0,0.0,7937.044776119403
834,0.28254407518973873,0.28488697248652967,0.08759874087478593,0.0789110372142025,0.9869813878109076,0.9869811728318809,33.0,33.0,220.48131313131313,230.87070707070706,77.61047272727275,70.5801696969697,63.56484242424241,60.706772727272714,19.28106060606061,17.800303030303034,9.909090909090908,0.0,507.7121212121212,7416.272727272727,13540.560606060606,24.946212121212127,74.16272727272728,74.0953212121212,18.54068181818182,18.523830303030294,92.61915151515153,62.13580757575755,0.0,1.0,1.0,1.0,-0.29449599116161596,1.5,0.0,0.0,6.581168181818179,0.21212121212121213,1.393939393939394,0.44317058406301196,0.4379579402668954,0.0,0.0,5927.818181818182,148.1818181818182,0.0,196.71212121212122,0.0,2494.621212121212,0.0,297.27272727272725,4921.651515151515,0.0,0.0,0.0,0.0,7612.742424242424
835,0.28254407518973873,0.28488697248652967,0.08545813682178649,0.0795985617447585,0.9869992325635709,0.9869977858479632,34.0,33.0,228.7529411764706,226.91262626262628,74.72752941176473,72.9462303030303,61.98521176470587,60.710172727272706,18.056250000000006,18.34227272727272,10.014925373134329,0.0,497.97014925373134,7278.850746268657,13670.791044776119,23.856119402985072,72.78850746268657,73.85017313432834,18.197126865671642,18.462543283582082,92.31271641791045,61.35720746268654,0.0,1.0,1.0,1.0,-0.27827515547263676,1.492537313432836,0.0,0.0,5.704161194029849,0.208955223880597,1.4179104477611941,0.4406366602985596,0.42682391404705883,0.0,0.0,5950.313432835821,150.22388059701493,0.0,198.6865671641791,0.0,2385.6119402985073,0.0,300.44776119402985,4893.238805970149,0.0,0.0,0.0,0.0,7720.477611940299
836,0.28254407518973873,0.28488697248652967,0.08808948471826597,0.07866735238016438,0.987016310859034,0.987014367904267,35.0,34.0,248.34714285714287,230.44411764705882,64.94793142857141,71.71068235294119,60.19317142857142,60.497870588235294,15.299642857142857,17.85095588235294,9.318840579710145,0.0,507.768115942029,6622.724637681159,14371.521739130434,21.0372463768116,66.22724637681158,68.2803014492754,16.556811594202895,17.070075362318835,85.3503768115942,60.34331304347824,0.0,1.0,1.0,1.0,-0.25715235507246376,1.4927536231884058,0.0,0.0,8.619823188405793,0.21739130434782608,1.4202898550724639,0.4461471885472035,0.4371407477687479,0.0,0.0,6150.782608695652,139.7826086956522,0.0,185.40579710144928,0.0,2103.7246376811595,0.0,279.5652173913044,4519.0,0.0,0.0,0.0,0.0,8220.739130434782
837,0.28254407518973873,0.28488697248652967,0.08807736101449264,0.08077839874627514,0.9870331446330332,0.9870315112458017,32.0,34.0,219.53229166666668,240.59901960784313,76.90899999999999,67.65703529411765,62.23345624999998,59.318785294117625,19.38765625,16.398382352941184,9.803030303030303,0.0,511.24242424242425,7139.090909090909,13823.09090909091,23.606969696969692,71.39090909090912,72.14283636363635,17.84772727272728,18.03570909090908,90.17854545454544,60.73195909090906,0.0,1.0,1.0,1.0,-0.26524914772727265,1.5151515151515151,0.0,0.0,6.436849999999996,0.18181818181818182,1.4545454545454546,0.4341555534891566,0.4593207990171441,0.0,0.0,6082.984848484848,147.04545454545453,0.0,195.6818181818182,0.0,2360.6969696969695,0.0,294.09090909090907,4778.393939393939,0.0,0.0,0.0,0.0,7740.106060606061
838,0.28254407518973873,0.28488697248652967,0.0900081191447435,0.07963437466761387,0.9870504254514914,0.987047576908857,34.0,33.0,246.01911764705883,221.91363636363636,67.05072941176472,77.7815272727273,60.58975,63.29135454545453,15.591764705882353,19.03545454545454,9.791044776119403,0.0,527.4776119402985,6915.164179104478,14048.776119402984,21.206268656716418,69.15164179104477,72.33604776119402,17.287910447761192,18.0840119402985,90.42005970149256,61.92039104477609,0.0,1.0,1.0,1.0,-0.2900081467661691,1.492537313432836,0.0,0.0,6.872253731343282,0.1791044776119403,1.4029850746268657,0.45844466748620516,0.43946972522597605,0.0,0.0,6374.701492537313,146.86567164179104,0.0,194.46268656716418,0.0,2120.626865671642,0.0,293.7313432835821,4794.537313432836,0.0,0.0,0.0,0.0,7674.074626865671
839,0.28254407518973873,0.28488697248652967,0.08909342630330666,0.0804044412061158,0.9870664564555035,0.9870642719661502,32.0,35.0,234.10572916666666,243.55095238095237,71.7804,66.51721142857143,61.86295937499999,59.24621999999998,17.301015625000005,16.000285714285713,9.373134328358208,0.0,512.6567164179105,6648.611940298508,14342.388059701492,20.75716417910448,66.48611940298507,69.03097313432839,16.621529850746267,17.25774328358209,86.28871641791045,60.49600597014924,0.0,1.0,1.0,1.0,-0.26033345771144256,1.5223880597014925,0.0,0.0,8.086562686567161,0.2537313432835821,1.4328358208955223,0.4289406132935149,0.45016241733289486,0.0,0.0,6325.626865671642,140.59701492537314,0.0,186.2089552238806,0.0,2075.716417910448,0.0,281.1940298507463,4572.895522388059,0.0,0.0,0.0,0.0,8016.761194029851
840,0.28254407518973873,0.28488697248652967,0.08924556285302197,0.07911743028062544,0.9870831757436149,0.9870807216907526,32.0,33.0,236.26145833333334,232.3030303030303,68.6516,73.79723636363637,60.41035312499997,62.63524545454544,17.016640625000004,17.56795454545455,9.646153846153846,0.0,519.1846153846154,6918.615384615385,14055.107692307693,21.951538461538455,69.18615384615384,71.26400000000001,17.29653846153846,17.816,89.07999999999997,61.53991384615379,0.0,1.0,1.0,1.0,-0.2820815384615383,1.5076923076923077,0.0,0.0,7.572452307692304,0.2153846153846154,1.4615384615384615,0.4374694518826094,0.4482839400160537,0.0,0.0,6061.553846153846,144.69230769230768,0.0,191.2,0.0,2195.153846153846,0.0,289.38461538461536,4723.461538461538,0.0,0.0,0.0,0.0,7993.553846153846
841,0.28254407518973873,0.28488697248652967,0.09004551862086405,0.07963088096684022,0.9871000327243468,0.9870975826927062,31.0,33.0,216.5989247311828,240.6469696969697,78.76170322580644,67.84290909090912,63.512419354838684,60.67599393939391,19.781935483870967,16.395151515151515,9.953125,0.0,521.59375,7214.25,13739.921875,23.71734375000001,72.14249999999998,73.13170000000001,18.035624999999996,18.282924999999995,91.41462499999997,62.04988749999999,0.0,1.0,1.0,1.0,-0.2927059895833332,1.515625,0.0,0.0,6.953812499999998,0.25,1.375,0.4381599540583171,0.45585716037175467,0.0,0.0,6006.609375,149.296875,0.0,196.9375,0.0,2371.734375,0.0,298.59375,4842.515625,0.0,0.0,0.0,0.0,7733.3125
842,0.28254407518973873,0.28488697248652967,0.09010941453171917,0.07967860662683764,0.9871155461055274,0.9871158058787902,34.0,32.0,234.8936274509804,227.60052083333332,70.10710588235295,75.60500000000002,60.434649999999976,62.281059375,17.183161764705883,18.252734375,9.833333333333334,0.0,511.40909090909093,7080.69696969697,13881.454545454546,22.557424242424243,70.80696969696969,72.77275151515153,17.701742424242422,18.193187878787874,90.96593939393942,61.32987878787877,0.0,1.0,1.0,1.0,-0.2777058080808081,1.4848484848484849,0.0,0.0,6.258869696969693,0.22727272727272727,1.4090909090909092,0.4547840746888163,0.4296474111933698,0.0,0.0,6114.454545454545,147.21212121212122,0.0,194.63636363636363,0.0,2255.742424242424,0.0,295.0,4824.954545454545,0.0,0.0,0.0,0.0,7767.0
843,0.28254407518973873,0.28488697248652967,0.08945922846692987,0.0789339419183915,0.9871319819876098,0.9871315286078244,34.0,33.0,243.21960784313725,224.1989898989899,66.47171764705884,75.96664242424242,59.673394117647035,62.49175454545454,16.03014705882353,18.69454545454546,9.73134328358209,0.0,521.1044776119403,6936.985074626866,14031.074626865671,22.30014925373134,69.36985074626867,71.14832238805973,17.342462686567167,17.78708059701493,88.93540298507465,61.06154179104474,0.0,1.0,1.0,1.0,-0.2721154539800995,1.492537313432836,0.0,0.0,7.255682089552238,0.23880597014925373,1.3880597014925373,0.45184974590133453,0.4366664104831685,0.0,0.0,5817.671641791045,145.97014925373134,0.0,193.02985074626866,0.0,2230.0149253731342,0.0,291.94029850746267,4706.9701492537315,0.0,0.0,0.0,0.0,8213.402985074626
844,0.28254407518973873,0.28488697248652967,0.09025966171340967,0.07982962277381488,0.9871483084367755,0.9871463760178147,32.0,35.0,209.6734375,238.56142857142856,78.64860000000002,69.7186742857143,62.890818749999994,60.93653999999998,20.839296875,16.730428571428565,9.835820895522389,0.0,513.2985074626865,7477.149253731343,13485.850746268658,25.578059701492542,74.77149253731342,73.98371343283584,18.692873134328355,18.495928358208957,92.47964179104477,61.869926865671616,0.0,1.0,1.0,1.0,-0.28895680970149246,1.5223880597014925,0.0,0.0,6.579086567164177,0.26865671641791045,1.4328358208955223,0.4305886744747082,0.4572392425527012,0.0,0.0,5546.20895522388,145.43283582089552,0.0,195.49253731343285,0.0,2557.805970149254,0.0,295.07462686567163,4919.3432835820895,0.0,0.0,0.0,0.0,7939.641791044776
845,0.28254407518973873,0.28488697248652967,0.09054398651092029,0.07896662210240463,0.9871658647484586,0.9871618257563506,35.0,33.0,241.6209523809524,224.9459595959596,67.7778285714286,74.90016969696968,61.358105714285685,60.91558787878787,16.299785714285708,18.576060606060608,9.647058823529411,0.0,533.0441176470588,6961.779411764706,14011.720588235294,22.407205882352944,69.61779411764705,71.23425882352942,17.404448529411763,17.808564705882347,89.04282352941175,61.14335441176466,0.0,1.0,1.0,1.0,-0.2738198835784312,1.4852941176470589,0.0,0.0,7.313544117647057,0.22058823529411764,1.3823529411764706,0.4565688316316776,0.43243505897753026,0.0,0.0,5896.441176470588,143.8235294117647,0.0,192.26470588235293,0.0,2240.720588235294,0.0,289.4117647058824,4721.058823529412,0.0,0.0,0.0,0.0,8115.279411764706
846,0.28254407518973873,0.28488697248652967,0.09050822458333255,0.07848166645074907,0.987182033572744,0.9871794838696526,32.0,35.0,220.21197916666668,254.67238095238096,76.691,61.647542857142874,62.94913124999998,58.58262571428569,19.235390625000004,14.422142857142864,9.522388059701493,0.0,509.4179104477612,6688.4029850746265,14292.820895522387,21.44074626865672,66.88402985074629,68.83247761194032,16.721007462686572,17.208119402985076,86.04059701492534,60.66812089552234,0.0,1.0,1.0,1.0,-0.26391918532338293,1.5223880597014925,0.0,0.0,8.556650746268657,0.3283582089552239,1.4179104477611941,0.43262719771298747,0.46022748031196353,0.0,0.0,6652.179104477612,142.83582089552237,0.0,189.26865671641792,0.0,2144.0746268656717,0.0,285.67164179104475,4544.328358208955,0.0,0.0,0.0,0.0,7640.641791044776
847,0.28254407518973873,0.28488697248652967,0.09177205195210693,0.07745457204406474,0.9871976110520958,0.9871954873312991,35.0,31.0,234.34285714285716,233.67096774193547,71.94258285714287,72.1158193548387,61.61080857142857,60.227916129032245,17.2825,17.343306451612904,9.772727272727273,0.0,520.1212121212121,6924.424242424242,14041.636363636364,21.52666666666666,69.24424242424243,72.02395151515152,17.311060606060607,18.005987878787874,90.02993939393937,60.96126818181816,0.0,1.0,1.0,1.0,-0.2700264204545455,1.4696969696969697,0.0,0.0,6.248377272727269,0.21212121212121213,1.4090909090909092,0.4721222482691116,0.41167503166162817,0.0,0.0,6107.272727272727,146.5909090909091,0.0,193.16666666666666,0.0,2152.6666666666665,0.0,293.1818181818182,4771.757575757576,0.0,0.0,0.0,0.0,7934.363636363636
848,0.28254407518973873,0.28488697248652967,0.09112807107881833,0.07694085967559774,0.9872140882387815,0.9872105334716295,35.0,32.0,245.38142857142856,235.73020833333334,66.84562285714287,67.7312,60.60439142857141,59.417356249999976,15.689928571428572,17.116015625,9.313432835820896,0.0,529.2835820895523,6548.417910447762,14446.313432835821,21.079850746268654,65.48417910447763,67.26858507462687,16.37104477611941,16.81714626865671,84.08573134328354,60.0374492537313,0.0,1.0,1.0,1.0,-0.25078019278606956,1.4776119402985075,0.0,0.0,9.139908955223873,0.208955223880597,1.3582089552238805,0.4625476468465971,0.42450919929054776,0.0,0.0,6443.462686567164,139.70149253731344,0.0,185.16417910447763,0.0,2107.9850746268658,0.0,279.4029850746269,4440.432835820896,0.0,0.0,0.0,0.0,8002.850746268657
849,0.28254407518973873,0.28488697248652967,0.09052970910525542,0.07932347553823846,0.9872298783442723,0.9872273717335777,33.0,31.0,243.5131313131313,207.66290322580645,67.75544242424242,82.02859354838712,60.142642424242396,63.70913225806452,15.998333333333335,21.062903225806455,10.03125,0.0,535.609375,7380.59375,13568.890625,24.248125,73.80593749999997,74.66900000000003,18.451484374999993,18.66725,93.33624999999998,61.87016093749998,0.0,1.0,1.0,1.0,-0.2889616861979166,1.484375,0.0,0.0,5.652645312499999,0.265625,1.375,0.4637009238837833,0.4321206875974263,0.0,0.0,5565.5625,149.828125,0.0,198.75,0.0,2424.8125,0.0,300.9375,4955.78125,0.0,0.0,0.0,0.0,8003.328125
850,0.28254407518973873,0.28488697248652967,0.08809114124442019,0.0784991278167277,0.9872455655613556,0.987243759416866,31.0,35.0,231.605376344086,238.0052380952381,72.98498064516129,68.95542857142857,61.52084838709675,60.47093142857141,17.62161290322581,16.804857142857138,9.621212121212121,0.0,516.9090909090909,6875.393939393939,14099.954545454546,21.822424242424237,68.7539393939394,70.848096969697,17.18848484848485,17.712024242424246,88.5601212121212,60.9640742424242,0.0,1.0,1.0,1.0,-0.2700848800505049,1.5303030303030303,0.0,0.0,7.304462121212119,0.2727272727272727,1.4393939393939394,0.4216409988967346,0.46481273137609896,0.0,0.0,6331.363636363636,144.3181818181818,0.0,190.6969696969697,0.0,2182.242424242424,0.0,288.6363636363636,4693.151515151515,0.0,0.0,0.0,0.0,7768.590909090909
851,0.28254407518973873,0.28488697248652967,0.08676250723219063,0.07754029018150907,0.9872621794264473,0.9872586642121637,32.0,33.0,221.56614583333334,243.45757575757577,75.79440000000001,68.07272727272728,61.35595312499999,59.9075515151515,19.109296874999995,15.968863636363633,9.753846153846155,0.0,503.4153846153846,7005.969230769231,13960.815384615385,22.442615384615372,70.05969230769232,71.87416615384618,17.51492307692308,17.968541538461537,89.84270769230771,60.62061076923074,0.0,1.0,1.0,1.0,-0.26292939102564095,1.5076923076923077,0.0,0.0,6.26136769230769,0.2923076923076923,1.3846153846153846,0.437311959957435,0.4463909284609421,0.0,0.0,6338.723076923077,146.30769230769232,0.0,193.2923076923077,0.0,2244.2615384615383,0.0,292.61538461538464,4761.707692307692,0.0,0.0,0.0,0.0,7622.092307692307
852,0.28254407518973873,0.28488697248652967,0.08576351257694848,0.07772628427283275,0.9872790531266636,0.987275209571323,34.0,32.0,225.85539215686273,235.8078125,75.43661176470587,69.77740000000003,62.22514117647058,61.65209062499999,18.495588235294118,17.081718750000004,9.787878787878787,0.0,520.0757575757576,7124.030303030303,13840.848484848484,23.013484848484847,71.24030303030304,72.6927515151515,17.81007575757576,18.17318787878787,90.8659393939394,61.94729848484845,0.0,1.0,1.0,1.0,-0.2905687184343434,1.4848484848484849,0.0,0.0,7.064622727272724,0.22727272727272727,1.3636363636363635,0.45909358723051613,0.4274454486679007,0.0,0.0,6057.318181818182,146.36363636363637,0.0,194.12121212121212,0.0,2301.348484848485,0.0,293.6363636363636,4822.681818181818,0.0,0.0,0.0,0.0,7783.530303030303
853,0.28254407518973873,0.28488697248652967,0.08573890427828362,0.07774852182963456,0.9872954250559219,0.9872883868376924,35.0,32.0,247.9152380952381,227.5953125,65.59414857142859,72.52860000000003,60.96580571428569,61.331706249999975,15.374714285714285,18.222421874999995,9.447761194029852,0.0,517.8805970149253,6693.925373134329,14292.611940298508,21.373134328358205,66.93925373134329,68.90612537313432,16.73481343283582,17.226531343283572,86.13265671641793,61.14056417910445,0.0,1.0,1.0,1.0,-0.2737617537313432,1.4776119402985075,0.0,0.0,8.96925223880597,0.31343283582089554,1.3582089552238805,0.459653267653065,0.4236227131050112,0.0,0.0,5990.701492537313,141.71641791044777,0.0,187.3134328358209,0.0,2137.313432835821,0.0,283.43283582089555,4556.611940298508,0.0,0.0,0.0,0.0,8301.910447761195
854,0.28254407518973873,0.28488697248652967,0.08817657234954324,0.07678900558643044,0.9873124953947738,0.9873059142461251,32.0,33.0,226.02760416666666,243.65050505050507,74.41240000000002,66.10385454545455,61.453981249999984,59.80606666666666,18.44171875,15.996136363636362,9.569230769230769,0.0,516.3384615384615,6880.046153846154,14098.476923076923,22.33430769230769,68.80046153846155,70.19421538461539,17.200115384615387,17.54855384615384,87.74276923076926,60.61734769230766,0.0,1.0,1.0,1.0,-0.2628614102564102,1.5076923076923077,0.0,0.0,7.6232476923076895,0.27692307692307694,1.4153846153846155,0.4365516895841928,0.445306730307915,0.0,0.0,6054.138461538461,143.53846153846155,0.0,189.86153846153846,0.0,2233.4307692307693,0.0,287.0769230769231,4646.615384615385,0.0,0.0,0.0,0.0,8044.338461538461
855,0.28254407518973873,0.28488697248652967,0.09081868587142514,0.07640338744294793,0.9873270455960719,0.9873202945487884,34.0,31.0,242.671568627451,210.59623655913978,68.21778823529412,79.13847741935486,59.25946176470586,62.572319354838704,16.133602941176473,20.67588709677419,9.815384615384616,0.0,515.276923076923,7319.969230769231,13642.446153846155,24.424,73.19969230769232,73.42611692307693,18.29992307692308,18.356529230769222,91.78264615384616,60.83943999999997,0.0,1.0,1.0,1.0,-0.2674883333333333,1.476923076923077,0.0,0.0,5.7132461538461525,0.2153846153846154,1.4153846153846155,0.45990100236568865,0.41941282984125555,0.0,0.0,5898.092307692307,147.23076923076923,0.0,194.8923076923077,0.0,2442.4,0.0,294.46153846153845,4877.569230769231,0.0,0.0,0.0,0.0,7744.3538461538465
856,0.28254407518973873,0.28488697248652967,0.09111579757561566,0.07673109621604397,0.9873424856003767,0.9873360455555086,32.0,34.0,223.1265625,236.62892156862745,75.3032,71.57703529411769,61.39013749999998,61.295449999999995,18.855468750000004,16.94389705882353,9.954545454545455,0.0,526.030303030303,7148.287878787879,13804.939393939394,22.862121212121213,71.4828787878788,73.3836606060606,17.8707196969697,18.34591515151515,91.72957575757574,61.34135909090905,0.0,1.0,1.0,1.0,-0.277944981060606,1.5151515151515151,0.0,0.0,5.828418181818179,0.21212121212121213,1.4242424242424243,0.43749970253534326,0.4453341124039147,0.0,0.0,6238.272727272727,149.3181818181818,0.0,197.8181818181818,0.0,2286.212121212121,0.0,298.6363636363636,4862.075757575758,0.0,0.0,0.0,0.0,7566.666666666667
857,0.28254407518973873,0.28488697248652967,0.09148099721639291,0.07707231307066369,0.9873583766896474,0.9873501897153103,34.0,34.0,244.85882352941178,219.2651960784314,66.02691764705885,75.22974117647061,60.52017941176467,62.11352647058822,15.810808823529412,19.482794117647053,9.529411764705882,0.0,515.2647058823529,7058.720588235294,13923.720588235294,23.7470588235294,70.58720588235295,70.6283294117647,17.646801470588237,17.65708235294117,88.28541176470587,61.31685294117645,0.0,1.0,1.0,1.0,-0.27743443627450964,1.5,0.0,0.0,8.335324999999997,0.25,1.4264705882352942,0.4427345472927042,0.4407657709051029,0.0,0.0,5838.588235294118,141.01470588235293,0.0,189.66176470588235,0.0,2374.705882352941,0.0,285.88235294117646,4684.014705882353,0.0,0.0,0.0,0.0,8085.132352941177
858,0.28254407518973873,0.28488697248652967,0.09265139012846825,0.07673135483750058,0.9873737016325049,0.9873650110276648,32.0,35.0,207.72760416666668,247.32666666666668,78.58519999999999,64.98724571428573,60.52882812499998,58.882314285714266,21.087421874999997,15.493285714285713,9.686567164179104,0.0,529.179104477612,7266.044776119403,13704.820895522387,25.291044776119403,72.66044776119402,71.48179104477613,18.165111940298505,17.870447761194033,89.35223880597016,59.66870895522385,0.0,1.0,1.0,1.0,-0.24309810323383077,1.5223880597014925,0.0,0.0,6.3520298507462645,0.23880597014925373,1.4328358208955223,0.43169523185464836,0.4545105011963681,0.0,0.0,5831.179104477612,144.4179104477612,0.0,193.11940298507463,0.0,2529.10447761194,0.0,290.5970149253731,4736.940298507463,0.0,0.0,0.0,0.0,7873.641791044776
859,0.28254407518973873,0.28488697248652967,0.09100157892360305,0.07693044067140402,0.9873899271922474,0.9873796127318076,36.0,31.0,259.9944444444444,198.08387096774194,59.40355555555558,83.56335483870967,58.18874166666663,64.07192903225807,13.673263888888888,22.4675,9.686567164179104,0.0,524.3134328358209,7096.895522388059,13880.955223880597,24.302537313432843,70.9689552238806,70.58197014925373,17.74223880597015,17.64549253731343,88.2274626865672,60.91081343283579,0.0,1.0,1.0,1.0,-0.26897527985074615,1.462686567164179,0.0,0.0,8.07108208955224,0.29850746268656714,1.3432835820895523,0.4734497408995603,0.4100181438074278,0.0,0.0,5642.089552238806,138.46268656716418,0.0,192.08955223880596,0.0,2430.2537313432836,0.0,290.5970149253731,4666.641791044776,0.0,0.0,0.0,0.0,8238.865671641792
860,0.28254407518973873,0.28488697248652967,0.09003617356782166,0.07677369937510672,0.9874062617269382,0.9873958995170249,30.0,36.0,220.0677777777778,246.11111111111111,76.1984,65.43697777777777,62.19252666666667,59.433047222222186,19.267333333333333,15.635902777777776,9.681818181818182,0.0,521.9848484848485,6914.621212121212,14056.39393939394,22.673636363636373,69.14621212121212,70.32853333333335,17.28655303030303,17.58213333333333,87.91066666666664,60.687356060606035,0.0,1.0,1.0,1.0,-0.2643199179292928,1.5454545454545454,0.0,0.0,7.645375757575754,0.2727272727272727,1.4545454545454546,0.41242908230711645,0.4739911456644772,0.0,0.0,6182.015151515152,145.22727272727272,0.0,192.3030303030303,0.0,2267.3636363636365,0.0,290.45454545454544,4647.257575757576,0.0,0.0,0.0,0.0,7874.378787878788
861,0.28254407518973873,0.28488697248652967,0.08999605500116922,0.0778108785401159,0.9874218905856609,0.987410724475443,33.0,33.0,229.93636363636364,242.82424242424244,73.61047272727274,65.60795151515153,62.55795151515151,61.26785757575755,17.906439393939397,16.104469696969698,9.469696969696969,0.0,524.1666666666666,6802.181818181818,14182.818181818182,21.925606060606057,68.02181818181818,69.60921212121214,17.005454545454544,17.402303030303024,87.01151515151516,61.91290454545452,0.0,1.0,1.0,1.0,-0.2898521780303029,1.5,0.0,0.0,9.309146969696966,0.21212121212121213,1.4545454545454546,0.4424756868480699,0.43866131800596503,0.0,0.0,5658.166666666667,142.04545454545453,0.0,187.86363636363637,0.0,2192.560606060606,0.0,284.09090909090907,4609.621212121212,0.0,0.0,0.0,0.0,8524.651515151516
862,0.28254407518973873,0.28488697248652967,0.08964513956376755,0.076968677280669,0.9874380198164787,0.9874271047029316,34.0,31.0,237.90980392156862,205.8193548387097,67.9188705882353,80.50559999999999,60.93247352941175,62.481290322580655,16.831176470588236,21.39459677419355,9.96923076923077,0.0,532.723076923077,7603.030769230769,13356.307692307691,27.001999999999995,76.03030769230766,73.9217723076923,19.007576923076915,18.48044307692307,92.40221538461545,61.67113999999997,0.0,1.0,1.0,1.0,-0.2848154166666666,1.476923076923077,0.0,0.0,6.756944615384614,0.23076923076923078,1.4,0.460626874596604,0.42850530553174115,0.0,0.0,5005.046153846154,143.12307692307692,0.0,197.46153846153845,0.0,2700.2,0.0,299.0769230769231,4902.830769230769,0.0,0.0,0.0,0.0,8351.261538461538
863,0.28254407518973873,0.28488697248652967,0.08939856501554058,0.07816272735931902,0.9874541554274985,0.9874409403590951,32.0,35.0,238.428125,241.9804761904762,69.75540000000001,68.99821714285713,61.30855624999998,60.97694285714285,16.738359374999998,16.15207142857143,9.388059701492537,0.0,531.8059701492538,6572.835820895522,14417.029850746268,19.75552238805971,65.72835820895524,69.35985671641794,16.43208955223881,17.339964179104477,86.6998208955224,61.13532537313431,0.0,1.0,1.0,1.0,-0.27365261194029855,1.5223880597014925,0.0,0.0,8.207558208955222,0.23880597014925373,1.4328358208955223,0.43120728117273394,0.45982521361043993,0.0,0.0,6229.014925373134,140.82089552238807,0.0,186.67164179104478,0.0,1975.55223880597,0.0,281.64179104477614,4597.2835820895525,0.0,0.0,0.0,0.0,8188.014925373134
864,0.28254407518973873,0.28488697248652967,0.0881562069028502,0.07723187110775279,0.987469349700714,0.9874559084587946,30.0,34.0,212.46055555555554,233.65441176470588,80.52266666666668,70.53910588235294,62.99184333333333,60.200958823529376,20.42283333333334,17.393014705882347,10.046875,0.0,535.1875,7525.296875,13423.1875,25.279218750000002,75.25296874999997,75.2189,18.81324218749999,18.804724999999998,94.023625,61.50918593749998,0.0,1.0,1.0,1.0,-0.2814413736979166,1.53125,0.0,0.0,5.103528124999997,0.265625,1.46875,0.4288155192787681,0.46286487570715346,0.0,0.0,5532.875,150.703125,0.0,198.40625,0.0,2527.921875,0.0,301.40625,4997.375,0.0,0.0,0.0,0.0,7890.3125
865,0.28254407518973873,0.28488697248652967,0.08678210195226356,0.07774611251169755,0.9874863883040943,0.9874720437657067,33.0,34.0,242.0429292929293,228.42647058823528,69.18749090909093,73.03077647058825,60.586448484848454,61.44029117647059,16.147045454545456,18.138455882352943,9.671641791044776,0.0,531.955223880597,6863.044776119403,14107.985074626866,21.516716417910445,68.63044776119402,71.13781492537312,17.157611940298505,17.784453731343273,88.92226865671643,61.01974179104474,0.0,1.0,1.0,1.0,-0.271244620646766,1.507462686567164,0.0,0.0,7.039538805970145,0.31343283582089554,1.4179104477611941,0.4392067883937435,0.4460529579574991,0.0,0.0,6077.567164179104,145.07462686567163,0.0,192.7462686567164,0.0,2151.6716417910447,0.0,290.14925373134326,4711.373134328358,0.0,0.0,0.0,0.0,8030.417910447762
866,0.28254407518973873,0.28488697248652967,0.08701827572176195,0.07658197398406297,0.9875014006719848,0.9874875795610527,32.0,34.0,231.76458333333332,247.16911764705884,72.5086,65.96856470588237,60.777031249999986,60.17897058823527,17.636640625,15.426617647058826,9.530303030303031,0.0,519.3636363636364,6599.257575757576,14382.015151515152,20.316363636363636,65.99257575757578,69.13949090909091,16.498143939393945,17.284872727272724,86.42436363636364,60.468939393939365,0.0,1.0,1.0,1.0,-0.2597695707070705,1.5151515151515151,0.0,0.0,7.82759242424242,0.30303030303030304,1.3636363636363635,0.4286283218931799,0.4500445048934931,0.0,0.0,6558.80303030303,142.95454545454547,0.0,188.86363636363637,0.0,2031.6363636363637,0.0,285.90909090909093,4567.621212121212,0.0,0.0,0.0,0.0,7823.212121212121
867,0.28254407518973873,0.28488697248652967,0.085525535743648,0.07556613530069624,0.9875173208047916,0.9875010097304032,32.0,32.0,210.43229166666666,221.91822916666666,78.88900000000001,75.32400000000001,63.980703124999984,61.76266562499997,20.696093750000003,19.027968750000003,10.546875,0.0,519.765625,7944.8125,12970.515625,28.437187499999997,79.44812499999996,77.10650000000004,19.86203124999999,19.276625000000006,96.38312499999998,62.871684374999965,0.0,1.0,1.0,1.0,-0.30982675781249985,1.5,0.0,0.0,5.627215624999998,0.265625,1.4375,0.4445713267807148,0.4375661714442271,0.0,0.0,5504.0625,156.921875,0.0,210.34375,0.0,2843.71875,0.0,316.40625,5101.09375,0.0,0.0,0.0,0.0,7466.453125
868,0.28254407518973873,0.28488697248652967,0.08667667618325109,0.07508108338424074,0.9875324779159915,0.9875172183750028,35.0,34.0,237.53571428571428,234.95588235294116,69.07776,71.10230588235295,61.08342571428568,60.15457647058822,16.852642857142857,17.193897058823534,9.478260869565217,0.0,519.8405797101449,6808.31884057971,14175.869565217392,21.630289855072462,68.08318840579712,70.07536231884059,17.02079710144928,17.518840579710144,87.59420289855075,60.625731884057934,0.0,1.0,1.0,1.0,-0.26303608091787434,1.4927536231884058,0.0,0.0,7.571166666666663,0.2898550724637681,1.3623188405797102,0.4487483735845513,0.42856281321993306,0.0,0.0,6391.376811594203,142.17391304347825,0.0,188.28985507246378,0.0,2163.0289855072465,0.0,284.3478260869565,4645.289855072464,0.0,0.0,0.0,0.0,7784.492753623188
869,0.28254407518973873,0.28488697248652967,0.08615842589570204,0.07684347892395905,0.9875477066329518,0.9875324398320618,34.0,34.0,245.28676470588235,246.88676470588234,65.69298823529414,66.6281411764706,60.01379117647057,60.7174,15.725661764705887,15.49860294117647,9.088235294117647,0.0,529.2058823529412,6244.85294117647,14765.20588235294,18.712794117647057,62.44852941176472,66.16056470588236,15.61213235294118,16.540141176470588,82.70070588235293,60.365595588235266,0.0,1.0,1.0,1.0,-0.2576165747549019,1.5,0.0,0.0,9.817163235294112,0.3088235294117647,1.3088235294117647,0.44906543748064953,0.4440532971641577,0.0,0.0,6721.470588235294,136.3235294117647,0.0,179.97058823529412,0.0,1871.2794117647059,0.0,272.6470588235294,4373.573529411765,0.0,0.0,0.0,0.0,8043.735294117647
870,0.28254407518973873,0.2849804032363089,0.0853730366456353,0.08011306350597809,0.987562022119599,0.9875470939372419,32.0,32.0,211.2046875,240.359375,78.5862,69.67680000000001,63.16788125,61.76838437499998,20.60875000000001,16.401171875000003,10.015625,0.0,524.40625,7401.984375,13546.921875,24.868281250000006,74.01984375000002,74.1315,18.504960937500005,18.532874999999997,92.66437499999999,62.46813281249997,0.0,1.0,1.0,1.0,-0.30141943359375,1.5,0.0,0.0,6.841593749999998,0.265625,1.484375,0.4514535544408496,0.4417330210997241,0.0,0.0,5553.328125,150.09375,0.0,199.53125,0.0,2486.828125,0.0,300.46875,4915.15625,0.0,0.0,0.0,0.0,7993.59375
871,0.28254407518973873,0.2849804032363089,0.08477180518776734,0.07953367763462946,0.9875771653652196,0.9875617756895019,35.0,31.0,242.8909523809524,231.51129032258066,68.14208,72.12841290322582,60.72556857142857,60.91378387096773,16.046357142857143,17.64725806451613,9.666666666666666,0.0,539.6363636363636,6719.318181818182,14252.757575757576,20.95272727272727,67.19318181818181,70.01444848484851,16.798295454545453,17.503612121212125,87.5180606060606,60.8139727272727,0.0,1.0,1.0,1.0,-0.26695776515151504,1.4696969696969697,0.0,0.0,7.597819696969694,0.21212121212121213,1.393939393939394,0.46431660654943724,0.4128214637432751,0.0,0.0,5981.257575757576,145.0,0.0,191.92424242424244,0.0,2095.2727272727275,0.0,290.0,4624.045454545455,0.0,0.0,0.0,0.0,8271.5
872,0.28254407518973873,0.2849804032363089,0.08455726419025972,0.07855330522285464,0.9875910615370158,0.9875761064836547,34.0,32.0,248.1014705882353,236.6078125,65.4496,72.5718,59.528655882352915,61.35967187499998,15.307573529411767,16.947656249999994,9.363636363636363,0.0,546.5757575757576,6441.106060606061,14551.727272727272,18.7739393939394,64.4110606060606,68.90278787878786,16.10276515151515,17.225696969696966,86.12848484848483,60.41642121212118,0.0,1.0,1.0,1.0,-0.25867544191919184,1.4848484848484849,0.0,0.0,7.616398484848482,0.24242424242424243,1.378787878787879,0.4542823795019332,0.42550436232385735,0.0,0.0,6721.030303030303,140.45454545454547,0.0,184.8030303030303,0.0,1877.3939393939395,0.0,280.90909090909093,4563.712121212121,0.0,0.0,0.0,0.0,7830.69696969697
873,0.28254407518973873,0.2849804032363089,0.08500756923418151,0.07963727058201811,0.9876062416434452,0.9875913991989723,32.0,32.0,228.32864583333333,211.890625,75.18079999999999,78.42120000000001,61.445615624999995,62.13730624999999,18.073828125,20.46734375,10.53125,0.0,547.953125,7708.234375,13206.578125,26.296406249999997,77.08234374999998,76.80100000000003,19.270585937499995,19.200250000000004,96.00124999999998,61.79146093749997,0.0,1.0,1.0,1.0,-0.2873221028645833,1.5,0.0,0.0,4.261046874999998,0.25,1.453125,0.4476019986314294,0.4449517840561778,0.0,0.0,5334.171875,157.96875,0.0,210.28125,0.0,2629.640625,0.0,315.9375,5078.59375,0.0,0.0,0.0,0.0,7872.40625
874,0.28254407518973873,0.2849804032363089,0.08616563276189415,0.08040349349343474,0.9876220626754069,0.9876065076240167,34.0,35.0,231.1857843137255,245.40380952380954,70.57129411764707,68.25728000000001,60.46728823529409,61.52617999999997,17.76558823529411,15.677142857142854,9.44927536231884,0.0,526.927536231884,6682.492753623188,14303.869565217392,20.876231884057972,66.8249275362319,69.39751884057972,16.706231884057974,17.349379710144927,86.74689855072464,61.00440724637678,0.0,1.0,1.0,1.0,-0.27092515096618336,1.5072463768115942,0.0,0.0,8.31312028985507,0.30434782608695654,1.3768115942028984,0.4406658287472251,0.4399324421309402,0.0,0.0,6122.884057971014,141.7391304347826,0.0,187.42028985507247,0.0,2087.623188405797,0.0,283.4782608695652,4594.869565217391,0.0,0.0,0.0,0.0,8180.985507246377
875,0.28254407518973873,0.2849804032363089,0.08513851941088836,0.07849973606027143,0.9876380232847076,0.9876218397885165,34.0,34.0,242.60882352941178,246.52450980392157,67.49722352941178,65.56781176470588,60.1720176470588,59.37896764705881,16.08294117647059,15.565514705882356,9.176470588235293,0.0,530.0147058823529,6329.691176470588,14674.0,19.347794117647055,63.29691176470586,66.53251764705882,15.824227941176465,16.633129411764706,83.16564705882354,59.77549264705878,0.0,1.0,1.0,1.0,-0.2453227634803921,1.5,0.0,0.0,9.067202941176468,0.3382352941176471,1.3529411764705883,0.4467233307629573,0.4428608251934631,0.0,0.0,6285.735294117647,137.64705882352942,0.0,182.36764705882354,0.0,1934.7794117647059,0.0,275.29411764705884,4394.911764705882,0.0,0.0,0.0,0.0,8388.264705882353
876,0.28254407518973873,0.2849804032363089,0.085635332118919,0.07920240755173602,0.9876511054665157,0.9876370950047709,33.0,32.0,221.0419191919192,226.2265625,77.03680000000003,75.754,61.246721212121216,61.34499999999998,19.15121212121213,18.421640625000002,10.292307692307693,0.0,532.4461538461538,7516.815384615385,13415.661538461538,24.4823076923077,75.16815384615384,76.40526769230769,18.79203846153846,19.101316923076915,95.50658461538465,61.29510461538459,0.0,1.0,1.0,1.0,-0.27698134615384606,1.4923076923076923,0.0,0.0,3.6818753846153833,0.24615384615384617,1.323076923076923,0.4517095322927988,0.43549362105701006,0.0,0.0,6075.369230769231,154.01538461538462,0.0,203.73846153846154,0.0,2448.230769230769,0.0,308.7692307692308,5068.584615384615,0.0,0.0,0.0,0.0,7340.292307692308
877,0.28254407518973873,0.2849804032363089,0.08431044744700827,0.08061464559235286,0.9876656225869691,0.9876526089012817,36.0,33.0,243.2949074074074,222.8838383838384,67.99875555555559,75.92436363636364,60.46674166666665,62.55855151515149,16.05722222222222,18.918712121212117,9.507246376811594,0.0,522.0144927536232,6970.304347826087,14011.985507246376,21.936521739130438,69.70304347826088,71.78926376811594,17.42576086956522,17.94731594202898,89.7365797101449,61.467172463768094,0.0,1.0,1.0,1.0,-0.280566092995169,1.4782608695652173,0.0,0.0,7.103669565217389,0.2608695652173913,1.434782608695652,0.457819547141692,0.4231250794178798,0.0,0.0,6141.014492753623,142.6086956521739,0.0,188.8840579710145,0.0,2193.6521739130435,0.0,285.2173913043478,4776.652173913043,0.0,0.0,0.0,0.0,7870.971014492754
878,0.28254407518973873,0.2849804032363089,0.08349589270983307,0.08404553185432412,0.9876793461954324,0.9876668348023108,33.0,34.0,262.139898989899,221.31911764705882,58.44712727272727,76.79096470588237,58.465596969696946,62.741773529411766,13.382196969696972,19.091544117647064,9.283582089552239,0.0,557.1194029850747,6511.79104477612,14485.492537313432,20.306716417910447,65.1179104477612,67.7559402985075,16.2794776119403,16.938985074626867,84.69492537313435,60.635597014925345,0.0,1.0,1.0,1.0,-0.2632416044776118,1.507462686567164,0.0,0.0,9.159134328358208,0.26865671641791045,1.462686567164179,0.43347254658325335,0.44592702262792006,0.0,0.0,6621.567164179104,139.2537313432836,0.0,183.955223880597,0.0,2030.6716417910447,0.0,278.5074626865672,4481.119402985075,0.0,0.0,0.0,0.0,7863.925373134329
879,0.28254407518973873,0.2849804032363089,0.08298362285365192,0.082534214128563,0.9876946831184977,0.9876816949118689,27.0,37.0,167.83827160493826,255.64684684684684,90.95869629629632,60.19545945945945,65.4824888888889,58.840759459459434,26.880555555555556,14.319324324324326,9.953125,0.0,539.453125,7847.4375,13116.15625,30.016406250000003,78.474375,73.1737,19.61859375,18.293424999999996,91.46712499999997,61.642739062499984,0.0,1.0,1.0,1.0,-0.28422373046874994,1.578125,0.0,0.0,8.087632812499997,0.265625,1.484375,0.38724243810555636,0.49808573596227973,0.0,0.0,5426.921875,140.0,0.0,196.8125,0.0,3001.640625,0.0,298.59375,4845.796875,0.0,0.0,0.0,0.0,7689.234375
880,0.28254407518973873,0.2849804032363089,0.0836420869710892,0.08213758262596388,0.9877080482670663,0.9876962724576831,34.0,32.0,242.3892156862745,221.54479166666667,67.03171764705883,75.5094,60.57572647058822,60.689265624999976,16.152794117647062,19.110468750000003,9.681818181818182,0.0,540.0757575757576,7034.727272727273,13936.969696969696,23.239090909090905,70.34727272727272,71.1421090909091,17.58681818181818,17.785527272727276,88.92763636363635,60.63077575757573,0.0,1.0,1.0,1.0,-0.2631411616161615,1.4848484848484849,0.0,0.0,7.075484848484843,0.22727272727272727,1.393939393939394,0.45612897889101395,0.4275555300584791,0.0,0.0,6284.212121212121,145.22727272727272,0.0,191.62121212121212,0.0,2323.909090909091,0.0,290.45454545454544,4710.818181818182,0.0,0.0,0.0,0.0,7652.757575757576
881,0.28254407518973873,0.2849804032363089,0.08504813325802538,0.08309181419865987,0.9877222652525607,0.9877113140699108,32.0,34.0,229.41197916666667,245.16911764705884,74.6336,66.49976470588236,61.67733124999999,61.12937058823527,17.941875000000003,15.745441176470592,9.606060606060606,0.0,540.6515151515151,6724.151515151515,14251.757575757576,20.61287878787879,67.24151515151517,70.44344242424245,16.810378787878793,17.610860606060612,88.05430303030306,61.39504848484846,0.0,1.0,1.0,1.0,-0.27906351010101,1.5151515151515151,0.0,0.0,7.761984848484844,0.22727272727272727,1.4545454545454546,0.4389484767142241,0.4570457619458323,0.0,0.0,6647.348484848485,144.0909090909091,0.0,190.8181818181818,0.0,2061.287878787879,0.0,288.1818181818182,4662.863636363636,0.0,0.0,0.0,0.0,7604.409090909091
882,0.28254407518973873,0.2849804032363089,0.08435168227423778,0.08501096232551869,0.9877367762070848,0.9877263374749629,33.0,32.0,243.3530303030303,213.62864583333334,68.4528484848485,80.59260000000002,60.20758484848483,63.851453125000006,15.998939393939391,20.203828125,9.984615384615385,0.0,554.4,7227.615384615385,13723.16923076923,22.864769230769227,72.27615384615383,74.42934153846154,18.069038461538458,18.607335384615386,93.03667692307695,62.0014892307692,0.0,1.0,1.0,1.0,-0.2916976923076922,1.4923076923076923,0.0,0.0,5.641186153846146,0.24615384615384617,1.4153846153846155,0.4505311491606871,0.43398591706395867,0.0,0.0,5765.6,149.53846153846155,0.0,199.13846153846154,0.0,2286.476923076923,0.0,299.53846153846155,4941.138461538461,0.0,0.0,0.0,0.0,7957.569230769231
883,0.28254407518973873,0.2849804032363089,0.0837952356560499,0.08456886663393715,0.9877496814989175,0.9877392754904535,31.0,36.0,225.28279569892473,239.7976851851852,73.75545806451615,68.79360000000003,61.97497096774192,60.183294444444414,18.60120967741935,16.515138888888895,9.597014925373134,0.0,530.4029850746268,6992.134328358209,13984.910447761195,22.78014925373134,69.9213432835821,71.08938507462686,17.480335820895526,17.77234626865671,88.86173134328358,61.01227910447756,0.0,1.0,1.0,1.0,-0.2710891480099502,1.537313432835821,0.0,0.0,7.403229850746266,0.19402985074626866,1.462686567164179,0.41594661311572617,0.47262433805580173,0.0,0.0,6249.0298507462685,143.955223880597,0.0,190.08955223880596,0.0,2278.0149253731342,0.0,287.910447761194,4714.119402985075,0.0,0.0,0.0,0.0,7735.880597014925
884,0.28254407518973873,0.2849804032363089,0.08338154079097809,0.08575863288932747,0.987764884262115,0.9877531195774959,32.0,35.0,219.10833333333332,242.99571428571429,77.07240000000002,66.06793142857144,61.94958749999998,60.85312857142855,19.46625,16.087571428571433,9.626865671641792,0.0,542.4925373134329,7080.507462686567,13895.208955223881,23.506865671641798,70.80507462686566,71.32379701492538,17.701268656716415,17.830949253731337,89.15474626865677,61.376810447761166,0.0,1.0,1.0,1.0,-0.27868355099502473,1.5223880597014925,0.0,0.0,7.754282089552237,0.2537313432835821,1.4477611940298507,0.4267598422525858,0.46251784778901955,0.0,0.0,5974.776119402985,143.28358208955223,0.0,191.19402985074626,0.0,2350.686567164179,0.0,288.8059701492537,4729.820895522388,0.0,0.0,0.0,0.0,7920.432835820896
885,0.28254407518973873,0.2849804032363089,0.08324969066501757,0.08562933217356081,0.987781233597279,0.9877682482030086,34.0,32.0,241.6578431372549,231.99427083333333,68.06305882352942,72.97720000000002,60.80826764705881,62.58378749999998,16.23926470588235,17.56453125,9.681818181818182,0.0,540.4848484848485,6752.727272727273,14218.348484848484,20.96318181818182,67.52727272727272,70.44567272727271,16.88181818181818,17.611418181818173,88.05709090909092,61.66912575757573,0.0,1.0,1.0,1.0,-0.28477345328282827,1.4848484848484849,0.0,0.0,8.10527121212121,0.3333333333333333,1.3636363636363635,0.450775104238474,0.43093761065057734,0.0,0.0,5973.848484848485,145.22727272727272,0.0,192.24242424242425,0.0,2096.318181818182,0.0,290.45454545454544,4656.409090909091,0.0,0.0,0.0,0.0,8244.5
886,0.28254407518973873,0.2849804032363089,0.08341627333702126,0.08671222072533634,0.9877960141860178,0.9877829464158816,33.0,33.0,226.78030303030303,240.8909090909091,74.43452121212123,69.37406060606061,62.65121515151515,60.483130303030286,18.328333333333337,16.31939393939394,9.863636363636363,0.0,534.1969696969697,6929.545454545455,14030.136363636364,21.75090909090909,69.29545454545458,71.9042909090909,17.323863636363644,17.976072727272726,89.88036363636365,61.5671727272727,0.0,1.0,1.0,1.0,-0.28264943181818175,1.5,0.0,0.0,6.986745454545454,0.3787878787878788,1.3333333333333333,0.4442945128167558,0.4360277119377282,0.0,0.0,5866.090909090909,147.5,0.0,195.9090909090909,0.0,2175.090909090909,0.0,295.90909090909093,4754.454545454545,0.0,0.0,0.0,0.0,8164.045454545455
887,0.28254407518973873,0.2849804032363089,0.0847526706077907,0.08642504965519464,0.9878100756765531,0.987796460882664,35.0,32.0,232.03238095238098,217.6171875,72.00585142857142,75.3786,61.49224285714282,60.97918437499998,17.62485714285714,19.741718749999997,9.835820895522389,0.0,528.044776119403,7454.358208955224,13508.850746268658,25.636865671641793,74.54358208955225,73.61671641791044,18.63589552238806,18.404179104477603,92.02089552238807,61.247199999999985,0.0,1.0,1.0,1.0,-0.2759833333333332,1.4776119402985075,0.0,0.0,6.26637910447761,0.26865671641791045,1.4029850746268657,0.45657097536013463,0.4184942831144924,0.0,0.0,5488.164179104478,145.49253731343285,0.0,195.22388059701493,0.0,2563.686567164179,0.0,295.07462686567163,4890.671641791045,0.0,0.0,0.0,0.0,8020.686567164179
888,0.28254407518973873,0.2849804032363089,0.08394712410837547,0.08737986231172848,0.9878244836981402,0.9878112558186894,35.0,33.0,230.25,249.91161616161617,72.03273142857142,62.1385696969697,62.00836285714284,59.2078333333333,17.87007142857143,15.155378787878789,9.102941176470589,0.0,555.1470588235294,6621.058823529412,14387.5,21.65132352941177,66.21058823529411,67.23115294117648,16.552647058823528,16.807788235294115,84.03894117647056,60.64928235294114,0.0,1.0,1.0,1.0,-0.26352671568627434,1.4852941176470589,0.0,0.0,9.97077647058824,0.27941176470588236,1.411764705882353,0.4558106914201183,0.4333780323513541,0.0,0.0,6083.985294117647,136.5441176470588,0.0,180.80882352941177,0.0,2165.1323529411766,0.0,273.0882352941176,4455.926470588235,0.0,0.0,0.0,0.0,8303.514705882353
889,0.28254407518973873,0.2849804032363089,0.08348209018552541,0.0872852626305169,0.987840858467937,0.9878251293559805,35.0,29.0,258.76095238095235,186.21724137931037,59.037805714285724,86.87558620689654,58.62717999999998,64.58133793103448,13.872857142857141,24.186982758620687,9.78125,0.0,552.390625,7418.578125,13553.375,26.766406250000003,74.18578125,71.6518,18.5464453125,17.912949999999995,89.56475000000002,61.325157812499974,0.0,1.0,1.0,1.0,-0.27760745442708334,1.453125,0.0,0.0,8.219803124999999,0.296875,1.34375,0.47895132980947647,0.41090258507774596,0.0,0.0,5959.125,139.1875,0.0,194.421875,0.0,2676.640625,0.0,293.4375,4741.9375,0.0,0.0,0.0,0.0,7594.25
890,0.28254407518973873,0.2849804032363089,0.08187630059743739,0.08465544340373064,0.9878552640100287,0.9878403689349947,29.0,35.0,209.74425287356323,244.52523809523808,79.43944827586209,67.48818285714283,62.32534482758621,60.6427914285714,20.770000000000003,15.806857142857146,10.03125,0.0,554.328125,7222.3125,13725.90625,24.04453125,72.223125,72.90360000000003,18.05578125,18.225900000000003,91.1295,61.405198437499976,0.0,1.0,1.0,1.0,-0.27927496744791663,1.546875,0.0,0.0,6.557379687499997,0.171875,1.453125,0.416634872930656,0.48150945617597535,0.0,0.0,5867.09375,149.828125,0.0,200.015625,0.0,2404.453125,0.0,300.9375,4817.859375,0.0,0.0,0.0,0.0,7858.8125
891,0.28254407518973873,0.2849804032363089,0.0851680705586828,0.08435264096336523,0.9878700949001881,0.9878546492935673,33.0,34.0,221.72878787878787,247.52843137254902,78.52974545454545,65.61148235294118,63.56284545454544,59.37492941176467,19.022424242424247,15.417132352941177,9.761194029850746,0.0,544.1940298507462,6877.149253731343,14089.268656716418,21.082686567164185,68.77149253731342,71.97420895522389,17.192873134328355,17.993552238805965,89.9677611940299,61.43763432835816,0.0,1.0,1.0,1.0,-0.27995071517412917,1.507462686567164,0.0,0.0,6.656298507462686,0.29850746268656714,1.4477611940298507,0.44125825041668604,0.4507570489766136,0.0,0.0,6124.0298507462685,146.4179104477612,0.0,193.32835820895522,0.0,2108.268656716418,0.0,292.8358208955224,4768.880597014925,0.0,0.0,0.0,0.0,7965.238805970149
892,0.2830187616140988,0.2849804032363089,0.08305017238743913,0.0855422088049408,0.9878837846007328,0.9878681571233412,36.0,32.0,250.5837962962963,229.60729166666667,62.721244444444466,71.66480000000001,59.939219444444426,60.86554062499999,14.995000000000001,17.988046875,9.191176470588236,0.0,547.7647058823529,6561.39705882353,14442.75,21.367205882352938,65.6139705882353,66.92997647058826,16.403492647058826,16.73249411764706,83.6624705882353,60.37513529411761,0.0,1.0,1.0,1.0,-0.25781531862745094,1.4705882352941178,0.0,0.0,9.84865147058823,0.2647058823529412,1.4264705882352942,0.45973149714180406,0.4254605873040687,0.0,0.0,6379.411764705882,137.22058823529412,0.0,181.89705882352942,0.0,2136.720588235294,0.0,275.7352941176471,4424.676470588235,0.0,0.0,0.0,0.0,8063.338235294118
893,0.2830187616140988,0.2849804032363089,0.08129561334009683,0.08544211264385808,0.9878990145362215,0.9878810493911386,32.0,32.0,230.5265625,230.590625,74.703,72.73520000000002,62.333321874999996,60.586287499999976,17.809453125,17.78640625,9.953125,0.0,555.96875,7119.171875,13833.515625,22.30765625,71.19171874999999,73.71910000000005,17.797929687499998,18.429775,92.148875,61.459804687499975,0.0,1.0,1.0,1.0,-0.28041259765624993,1.5,0.0,0.0,5.538634374999997,0.171875,1.421875,0.4452689829178274,0.4477992628731168,0.0,0.0,6099.1875,149.296875,0.0,198.421875,0.0,2230.765625,0.0,298.59375,4888.40625,0.0,0.0,0.0,0.0,7734.328125
894,0.2830187616140988,0.2849804032363089,0.07998511423982267,0.08557542315824562,0.9879123106115132,0.9878951121705151,33.0,33.0,236.1459595959596,237.98080808080806,70.77391515151517,69.51427878787878,59.92639393939392,60.26491818181816,16.991590909090913,16.752651515151516,9.651515151515152,0.0,566.7272727272727,6748.848484848485,14223.80303030303,21.133484848484848,67.48848484848486,70.14409696969699,16.872121212121215,17.53602424242424,87.68012121212125,60.09565606060601,0.0,1.0,1.0,1.0,-0.25199283459595945,1.5,0.0,0.0,6.8236803030303,0.21212121212121213,1.4242424242424243,0.4432871393060085,0.44859911804132,0.0,0.0,6357.666666666667,144.77272727272728,0.0,192.03030303030303,0.0,2113.348484848485,0.0,289.54545454545456,4635.5,0.0,0.0,0.0,0.0,7866.136363636364
895,0.2830187616140988,0.2849804032363089,0.07832820446515902,0.08575409821460794,0.9879250188415896,0.9879082847860566,33.0,32.0,234.42727272727274,228.82552083333334,70.67306666666667,75.73800000000001,60.52432727272727,64.19766875,17.258333333333336,18.0378125,9.907692307692308,0.0,567.9846153846154,7056.830769230769,13900.16923076923,22.076153846153836,70.56830769230771,73.16657230769233,17.642076923076928,18.291643076923076,91.4582153846154,62.332741538461526,0.0,1.0,1.0,1.0,-0.2985987820512821,1.4923076923076923,0.0,0.0,6.808246153846151,0.23076923076923078,1.4307692307692308,0.44582404730206204,0.4401043273171451,0.0,0.0,5840.569230769231,148.6153846153846,0.0,196.15384615384616,0.0,2207.6153846153848,0.0,297.2307692307692,4849.215384615384,0.0,0.0,0.0,0.0,8059.6
896,0.2830187616140988,0.2849804032363089,0.07700705584307918,0.08749703889572766,0.9879399893256039,0.9879227926553071,33.0,33.0,235.2641414141414,233.26161616161616,69.78831515151516,70.83616969696972,59.91106666666665,61.3928727272727,17.17340909090909,17.448560606060607,9.530303030303031,0.0,550.560606060606,6924.393939393939,14055.772727272728,22.651515151515156,69.2439393939394,70.31224242424243,17.31098484848485,17.578060606060596,87.89030303030303,60.651969696969644,0.0,1.0,1.0,1.0,-0.26358270202020195,1.5,0.0,0.0,7.650712121212118,0.25757575757575757,1.4393939393939394,0.44936684228066004,0.44351629187800834,0.0,0.0,5987.575757575758,142.95454545454547,0.0,189.96969696969697,0.0,2265.151515151515,0.0,285.90909090909093,4659.242424242424,0.0,0.0,0.0,0.0,8068.19696969697
897,0.2830187616140988,0.2849804032363089,0.07496946590203776,0.08915835037372619,0.987953218935671,0.9879362713447982,32.0,33.0,244.39114583333333,230.58181818181816,66.96900000000001,72.50269090909092,60.803784374999964,61.10591515151515,15.831328125,17.808863636363633,9.584615384615384,0.0,567.6,6734.123076923077,14242.815384615385,21.21338461538461,67.34123076923078,69.7784123076923,16.835307692307694,17.44460307692307,87.22301538461541,60.95717384615383,0.0,1.0,1.0,1.0,-0.26994112179487173,1.5076923076923077,0.0,0.0,8.014069230769229,0.23076923076923078,1.3692307692307693,0.4370780500135892,0.4553118162732978,0.0,0.0,5958.015384615384,143.76923076923077,0.0,190.75384615384615,0.0,2121.3384615384616,0.0,287.53846153846155,4612.784615384616,0.0,0.0,0.0,0.0,8284.8
898,0.2830187616140988,0.2849804032363089,0.07314642529387928,0.09002813563052299,0.9879667642074053,0.9879493610805581,31.0,34.0,206.53548387096774,239.9455882352941,80.8365419354839,68.43143529411765,62.87901290322581,59.58885588235291,21.257419354838706,16.49669117647059,10.03076923076923,0.0,547.7846153846153,7506.876923076923,13440.692307692309,25.761538461538454,75.06876923076923,74.34771692307692,18.76719230769231,18.586929230769226,92.93464615384612,61.15800769230768,0.0,1.0,1.0,1.0,-0.27412516025641015,1.523076923076923,0.0,0.0,5.577483076923075,0.26153846153846155,1.4461538461538461,0.4242023372959907,0.4576623911850271,0.0,0.0,5751.153846153846,150.46153846153845,0.0,200.04615384615386,0.0,2576.153846153846,0.0,300.9230769230769,4930.723076923077,0.0,0.0,0.0,0.0,7689.538461538462
899,0.2830187616140988,0.2849804032363089,0.07425446668107974,0.08910169292795408,0.9879820927700449,0.9879637120069544,35.0,33.0,248.1809523809524,239.7641414141414,64.77366857142857,69.8509575757576,59.5262257142857,60.46683939393937,15.320357142857143,16.48424242424242,9.235294117647058,0.0,550.2205882352941,6354.073529411765,14645.779411764706,19.092205882352943,63.54073529411767,67.23764705882353,15.885183823529417,16.809411764705878,84.04705882352943,59.982699999999966,0.0,1.0,1.0,1.0,-0.24963958333333316,1.4852941176470589,0.0,0.0,8.630236764705879,0.29411764705882354,1.3823529411764706,0.4544681021820658,0.4343872250538458,0.0,0.0,6686.029411764706,138.52941176470588,0.0,183.55882352941177,0.0,1909.2205882352941,0.0,277.05882352941177,4444.85294117647,0.0,0.0,0.0,0.0,7959.75
900,0.2830187616140988,0.2849804032363089,0.07468181781635207,0.08811613365198102,0.9879961988448426,0.987976388171748,32.0,32.0,236.39479166666666,220.80833333333334,70.59560000000002,76.12159999999999,61.78513124999999,63.071384374999994,16.969453125,19.192109374999998,10.03125,0.0,553.390625,7232.3125,13716.09375,23.7890625,72.32312499999998,73.3586,18.080781249999994,18.339649999999995,91.69825,62.428257812499965,0.0,1.0,1.0,1.0,-0.30058870442708335,1.5,0.0,0.0,7.150439062499997,0.203125,1.453125,0.44503880452725736,0.44878138589490857,0.0,0.0,6104.421875,150.46875,0.0,199.1875,0.0,2378.90625,0.0,300.9375,4853.40625,0.0,0.0,0.0,0.0,7611.671875
901,0.2830187616140988,0.2849804032363089,0.07208024828697658,0.08746992280171247,0.9880108034943289,0.9879917125979206,32.0,34.0,225.67291666666668,230.69117647058823,73.33920000000003,74.89524705882353,61.238809374999974,63.72114999999999,18.5534375,17.788235294117648,9.863636363636363,0.0,565.530303030303,7263.69696969697,13695.484848484848,23.345151515151503,72.6369696969697,74.14079999999998,18.159242424242425,18.535199999999996,92.676,62.51759090909087,0.0,1.0,1.0,1.0,-0.30244981060606047,1.5151515151515151,0.0,0.0,6.53603333333333,0.2727272727272727,1.4090909090909092,0.43556029353222864,0.4587296518556239,0.0,0.0,5736.227272727273,147.95454545454547,0.0,195.95454545454547,0.0,2334.5151515151515,0.0,295.90909090909093,4929.181818181818,0.0,0.0,0.0,0.0,7959.257575757576
902,0.2830187616140988,0.2849804032363089,0.07262963406706699,0.08766240979988879,0.9880252535111549,0.9880064846253466,32.0,35.0,230.05052083333334,243.1238095238095,71.27500000000002,66.98185142857142,62.389062499999994,61.09249142857141,17.901875000000004,16.062714285714286,9.402985074626866,0.0,549.5373134328358,6776.44776119403,14212.791044776119,22.060597014925374,67.76447761194028,69.0323104477612,16.94111940298507,17.258077611940294,86.2903880597015,61.711749253731305,0.0,1.0,1.0,1.0,-0.28566144278606953,1.5223880597014925,0.0,0.0,9.62055820895522,0.26865671641791045,1.3582089552238805,0.4158459064689201,0.4586763446242758,0.0,0.0,6374.9701492537315,141.044776119403,0.0,186.62686567164178,0.0,2206.0597014925374,0.0,282.089552238806,4570.388059701492,0.0,0.0,0.0,0.0,7837.820895522388
903,0.2830187616140988,0.2849804032363089,0.07210829378683588,0.087809092547565,0.9880382826247636,0.9880209891150806,32.0,33.0,238.36041666666668,230.55050505050505,70.88780000000001,72.15166060606059,60.704218749999995,61.98031212121209,16.687421875000005,17.793484848484848,9.8,0.0,533.6769230769231,6899.584615384615,14063.723076923077,21.688461538461546,68.99584615384614,71.5294523076923,17.248961538461536,17.88236307692307,89.41181538461538,61.35208153846152,0.0,1.0,1.0,1.0,-0.27816836538461537,1.5076923076923077,0.0,0.0,7.071590769230767,0.3384615384615385,1.4,0.4329181366833647,0.44987458439695194,0.0,0.0,6106.984615384616,146.98461538461538,0.0,194.7076923076923,0.0,2168.846153846154,0.0,294.0,4730.738461538462,0.0,0.0,0.0,0.0,7956.738461538462
904,0.2830187616140988,0.2849804032363089,0.07150720419328914,0.0882117641797416,0.9880510309672337,0.9880370477215696,32.0,34.0,226.74375,237.62549019607843,72.7502,69.55971764705883,61.54684374999999,61.08861764705881,18.368359375,16.81044117647059,9.742424242424242,0.0,572.5757575757576,7026.318181818182,13940.969696969696,23.235757575757575,70.26318181818185,71.1066181818182,17.565795454545462,17.77665454545455,88.88327272727273,61.31078787878786,0.0,1.0,1.0,1.0,-0.2773080808080808,1.5151515151515151,0.0,0.0,7.769965151515151,0.22727272727272727,1.5,0.4277485949478599,0.4591644721766066,0.0,0.0,5583.060606060606,146.13636363636363,0.0,193.3030303030303,0.0,2323.5757575757575,0.0,292.27272727272725,4702.742424242424,0.0,0.0,0.0,0.0,8357.90909090909
905,0.2830187616140988,0.2849804032363089,0.07205704173147,0.08772844170241292,0.9880657636466897,0.9880503451734753,33.0,33.0,239.5929292929293,226.0580808080808,69.38550303030303,75.31694545454546,59.981684848484825,62.714957575757566,16.53310606060606,18.442727272727268,9.787878787878787,0.0,560.8787878787879,6995.166666666667,13969.530303030304,21.991666666666674,69.9516666666667,72.35122424242425,17.487916666666674,18.08780606060606,90.43903030303031,61.34832121212118,0.0,1.0,1.0,1.0,-0.27809002525252513,1.5,0.0,0.0,6.485013636363632,0.25757575757575757,1.393939393939394,0.43866565290915194,0.44303628142517076,0.0,0.0,6155.545454545455,146.8181818181818,0.0,193.84848484848484,0.0,2199.1666666666665,0.0,293.6363636363636,4796.0,0.0,0.0,0.0,0.0,7813.984848484848
906,0.2830187616140988,0.2849804032363089,0.07279541031499576,0.09105293337348087,0.988080383451623,0.9880623837256418,32.0,34.0,225.1703125,229.18676470588235,74.45020000000001,72.42898823529413,62.490834375,61.75990294117645,18.59328125,18.01963235294118,9.93939393939394,0.0,551.8484848484849,7319.106060606061,13634.363636363636,24.537272727272732,73.1910606060606,73.4089696969697,18.29776515151515,18.352242424242426,91.76121212121215,62.11429393939393,0.0,1.0,1.0,1.0,-0.29404779040404033,1.5151515151515151,0.0,0.0,7.003089393939392,0.21212121212121213,1.4090909090909092,0.4256204653591508,0.4583631548264557,0.0,0.0,5714.893939393939,149.0909090909091,0.0,198.25757575757575,0.0,2453.7272727272725,0.0,298.1818181818182,4865.378787878788,0.0,0.0,0.0,0.0,7919.469696969697
907,0.2830187616140988,0.2849804032363089,0.07545919506421596,0.09011403389206502,0.9880918874433293,0.9880755200051372,33.0,34.0,246.4969696969697,222.42892156862746,65.34962424242424,75.99905882352941,59.768196969696945,61.742694117647034,15.592121212121214,18.94757352941176,9.611940298507463,0.0,556.8805970149253,6917.955223880597,14057.0,22.31358208955224,69.17955223880598,70.7538149253731,17.294888059701496,17.688453731343277,88.44226865671644,60.77018059701488,0.0,1.0,1.0,1.0,-0.2660454291044774,1.507462686567164,0.0,0.0,7.311253731343281,0.19402985074626866,1.4179104477611941,0.44236151095878584,0.4514733013556277,0.0,0.0,6296.895522388059,144.17910447761193,0.0,191.50746268656715,0.0,2231.3582089552237,0.0,288.35820895522386,4686.5970149253735,0.0,0.0,0.0,0.0,7760.104477611941
908,0.2830187616140988,0.2849804032363089,0.07507162858924883,0.08999432981086372,0.9881047138072097,0.9880891155913513,30.0,36.0,194.25444444444443,250.1115740740741,83.74613333333335,64.92746666666666,63.47211333333332,60.21408611111109,23.068416666666668,15.071597222222222,9.863636363636363,0.0,551.530303030303,7482.606060606061,13483.318181818182,26.049393939393937,74.82606060606058,73.48140606060609,18.706515151515145,18.370351515151516,91.85175757575759,61.695007575757536,0.0,1.0,1.0,1.0,-0.28531265782828275,1.5454545454545454,0.0,0.0,6.920116666666662,0.21212121212121213,1.4696969696969697,0.4077856935531492,0.4806983473350702,0.0,0.0,5532.0,140.83333333333334,0.0,196.33333333333334,0.0,2604.939393939394,0.0,295.90909090909093,4877.666666666667,0.0,0.0,0.0,0.0,7951.318181818182
909,0.2830187616140988,0.2849804032363089,0.07524717478005187,0.08767596941845363,0.9881187281290663,0.9881033271961731,35.0,32.0,233.9842857142857,235.9203125,71.87199999999999,71.4426,60.75545142857141,61.45241249999998,17.31785714285715,17.025625,9.776119402985074,0.0,550.7313432835821,6871.313432835821,14094.537313432837,21.277462686567173,68.71313432835824,71.66691343283584,17.17828358208956,17.916728358208953,89.58364179104478,61.08832835820891,0.0,1.0,1.0,1.0,-0.2726735074626865,1.4776119402985075,0.0,0.0,6.599698507462686,0.23880597014925373,1.4328358208955223,0.4569620385757741,0.4267055473476807,0.0,0.0,6319.940298507463,146.6417910447761,0.0,193.22388059701493,0.0,2127.7462686567164,0.0,293.2835820895522,4743.567164179104,0.0,0.0,0.0,0.0,7774.5970149253735
910,0.2830187616140988,0.2849804032363089,0.07405754221022594,0.08808422664856455,0.9881322601543989,0.9881173180016609,35.0,32.0,253.01857142857142,218.30625,62.453028571428575,77.99680000000001,59.90057999999998,62.051118749999986,14.691642857142856,19.517343749999995,9.462686567164178,0.0,559.0,6798.582089552238,14186.373134328358,21.674328358208957,67.9858208955224,69.8769194029851,16.9964552238806,17.469229850746263,87.34614925373137,60.9277029850746,0.0,1.0,1.0,1.0,-0.26932714552238785,1.4776119402985075,0.0,0.0,8.04723880597015,0.3582089552238806,1.3582089552238805,0.4528727295767039,0.42769717347611086,0.0,0.0,6283.238805970149,141.71641791044777,0.0,188.44776119402985,0.0,2167.4328358208954,0.0,283.8805970149254,4631.149253731343,0.0,0.0,0.0,0.0,7903.134328358209
911,0.2830187616140988,0.2849804032363089,0.07433675972917232,0.08833018264120676,0.9881465589553193,0.9881313893115533,30.0,35.0,219.9638888888889,252.3004761904762,75.41717333333334,63.99487999999999,62.939236666666666,59.64379142857141,19.293833333333332,14.760642857142855,9.507692307692308,0.0,555.0923076923077,6741.153846153846,14242.553846153845,21.616153846153846,67.41153846153846,69.26670769230769,16.852884615384614,17.31667692307692,86.58338461538463,61.16476615384613,0.0,1.0,1.0,1.0,-0.2742659615384614,1.5384615384615385,0.0,0.0,8.750943076923075,0.27692307692307694,1.4153846153846155,0.4110337293777313,0.46410980653015205,0.0,0.0,6325.369230769231,142.6153846153846,0.0,187.44615384615383,0.0,2161.6153846153848,0.0,285.2307692307692,4579.538461538462,0.0,0.0,0.0,0.0,7917.184615384615
912,0.2830187616140988,0.2849804032363089,0.07466096539772654,0.08890208403556761,0.9881611056957829,0.9881443641192773,33.0,31.0,229.61464646464646,238.0225806451613,71.60727272727273,69.44887741935484,59.53628484848482,60.95362903225805,17.996742424242427,16.699758064516132,9.71875,0.0,555.53125,6947.40625,14021.234375,22.851562499999996,69.4740625,70.56180000000003,17.368515625,17.64045,88.20225000000005,60.22281093749996,0.0,1.0,1.0,1.0,-0.25464189453124997,1.484375,0.0,0.0,7.0295265624999965,0.3125,1.390625,0.4537635710136711,0.4363867250562125,0.0,0.0,6123.453125,145.734375,0.0,193.0625,0.0,2285.15625,0.0,291.5625,4662.25,0.0,0.0,0.0,0.0,7897.78125
913,0.2830187616140988,0.2849804032363089,0.07428651030476828,0.0871044774782674,0.9881743790503198,0.9881572831373897,33.0,32.0,231.4929292929293,237.79114583333333,71.76533333333334,70.67960000000002,61.45213333333331,59.63794687499998,17.68007575757576,16.74953125,9.784615384615385,0.0,575.2923076923076,6888.784615384616,14075.615384615385,21.800307692307697,68.88784615384616,71.23081846153849,17.22196153846154,17.807704615384615,89.03852307692304,60.55899538461534,0.0,1.0,1.0,1.0,-0.261645737179487,1.4923076923076923,0.0,0.0,6.5501384615384595,0.24615384615384617,1.476923076923077,0.44784326307164,0.4338243884442527,0.0,0.0,6182.153846153846,146.76923076923077,0.0,194.2923076923077,0.0,2180.0307692307692,0.0,293.53846153846155,4708.753846153846,0.0,0.0,0.0,0.0,7893.461538461538
914,0.2830187616140988,0.2849804032363089,0.0732910177931443,0.08590299166235281,0.9881875446868864,0.9881686244606519,33.0,32.0,230.5409090909091,235.08697916666668,74.25629090909092,71.2054,61.27998787878788,61.48189374999999,17.776212121212126,17.156875,9.923076923076923,0.0,566.4923076923077,6988.523076923077,13966.738461538462,21.728615384615388,69.88523076923077,72.75431384615386,17.471307692307693,18.188578461538466,90.94289230769233,61.37938769230766,0.0,1.0,1.0,1.0,-0.27873724358974356,1.4923076923076923,0.0,0.0,6.0963815384615385,0.2153846153846154,1.4,0.44335335204285287,0.4423551739864557,0.0,0.0,6054.676923076923,148.84615384615384,0.0,197.2,0.0,2172.8615384615387,0.0,297.6923076923077,4815.661538461539,0.0,0.0,0.0,0.0,7912.0615384615385
915,0.2830187616140988,0.2849804032363089,0.07249146109661678,0.08619718433310489,0.9882016862680816,0.9881824926827992,34.0,32.0,234.4421568627451,233.42552083333334,70.82616470588236,71.1678,61.29407352941174,60.15386249999998,17.277058823529416,17.364140625,9.772727272727273,0.0,576.4545454545455,6927.712121212121,14036.954545454546,22.365909090909085,69.2771212121212,70.99180606060605,17.3192803030303,17.747951515151513,88.73975757575761,60.741243939393904,0.0,1.0,1.0,1.0,-0.2654425820707069,1.4848484848484849,0.0,0.0,7.068718181818179,0.2727272727272727,1.4090909090909092,0.4456429280954972,0.4335015167518096,0.0,0.0,6229.484848484848,146.5909090909091,0.0,194.56060606060606,0.0,2236.590909090909,0.0,293.1818181818182,4691.121212121212,0.0,0.0,0.0,0.0,7807.469696969697
916,0.2830187616140988,0.2849804032363089,0.07435046154899018,0.0861161209887463,0.9882139092563471,0.988195669820794,34.0,33.0,236.90490196078431,228.0550505050505,67.6948705882353,72.75345454545456,59.77594411764703,60.756490909090886,16.970441176470587,18.185378787878786,9.552238805970148,0.0,566.2537313432836,7027.537313432836,13952.76119402985,23.80044776119403,70.27537313432835,70.18641194029851,17.568843283582087,17.54660298507462,87.73301492537311,60.258899999999976,0.0,1.0,1.0,1.0,-0.2553937499999999,1.492537313432836,0.0,0.0,7.641331343283577,0.29850746268656714,1.373134328358209,0.4476889631786445,0.4440858354616482,0.0,0.0,5877.149253731343,143.28358208955223,0.0,188.8507462686567,0.0,2380.044776119403,0.0,286.56716417910445,4647.492537313433,0.0,0.0,0.0,0.0,8075.611940298508
917,0.2830187616140988,0.2849804032363089,0.07287561782672297,0.0864801243772093,0.9882259567587043,0.9882101406867828,32.0,34.0,224.10520833333334,238.26813725490194,76.3892,68.47943529411765,63.32732499999997,60.42912941176468,18.711015625000005,16.76602941176471,9.742424242424242,0.0,565.5454545454545,7083.621212121212,13884.075757575758,22.86515151515152,70.83621212121211,72.31447272727274,17.70905303030303,18.07861818181818,90.39309090909087,61.83431515151512,0.0,1.0,1.0,1.0,-0.28821489898989894,1.5151515151515151,0.0,0.0,7.228895454545451,0.25757575757575757,1.393939393939394,0.4284143315965826,0.45620055660673065,0.0,0.0,6023.045454545455,145.9848484848485,0.0,193.04545454545453,0.0,2286.5151515151515,0.0,292.27272727272725,4797.106060606061,0.0,0.0,0.0,0.0,7861.030303030303
918,0.2830187616140988,0.2849804032363089,0.07261099405258573,0.08591615343544065,0.9882384845146751,0.9882235444725046,34.0,32.0,235.65196078431373,215.8234375,72.14927058823532,76.4012,61.75164411764704,62.733684375,17.105661764705886,19.929609375000002,9.984848484848484,0.0,573.6818181818181,7389.939393939394,13562.287878787878,24.65893939393939,73.89939393939395,74.21081212121214,18.474848484848486,18.55270303030303,92.76351515151512,62.22778484848484,0.0,1.0,1.0,1.0,-0.29641218434343436,1.4848484848484849,0.0,0.0,6.49182121212121,0.2727272727272727,1.4090909090909092,0.4533154443769748,0.4378694336603473,0.0,0.0,5406.439393939394,149.54545454545453,0.0,197.6818181818182,0.0,2465.8939393939395,0.0,299.54545454545456,4924.045454545455,0.0,0.0,0.0,0.0,8155.848484848485
919,0.2830187616140988,0.2849804032363089,0.07316420100522371,0.0876795654145827,0.9882517321661369,0.9882366146028613,34.0,34.0,225.4328431372549,252.8343137254902,75.28263529411768,62.49675294117647,63.07529117647059,58.75547647058821,18.50661764705882,14.698161764705882,9.397058823529411,0.0,544.0,6640.955882352941,14348.014705882353,20.811911764705883,66.40955882352941,68.88969411764708,16.602389705882352,17.222423529411763,86.11211764705882,60.91538382352939,0.0,1.0,1.0,1.0,-0.2690704963235293,1.5,0.0,0.0,8.628079411764705,0.27941176470588236,1.411764705882353,0.44167404495400175,0.4411311782115802,0.0,0.0,6066.279411764706,140.9558823529412,0.0,187.16176470588235,0.0,2081.1911764705883,0.0,281.9117647058824,4559.764705882353,0.0,0.0,0.0,0.0,8281.735294117647
920,0.2830187616140988,0.2849804032363089,0.07454104122044168,0.0862061206017353,0.988262635365386,0.9882504947757937,36.0,30.0,250.63703703703703,218.00055555555554,64.50364444444445,76.45333333333332,59.438408333333314,62.63542666666668,14.964305555555557,19.575083333333335,9.666666666666666,0.0,568.030303030303,6824.045454545455,14148.136363636364,22.061818181818175,68.24045454545454,69.93532121212122,17.060113636363635,17.483830303030306,87.41915151515153,60.89159848484845,0.0,1.0,1.0,1.0,-0.2685749684343435,1.4545454545454546,0.0,0.0,8.016390909090909,0.21212121212121213,1.3484848484848484,0.47268084462160587,0.4136749876835018,0.0,0.0,6259.363636363636,145.0,0.0,191.8181818181818,0.0,2206.181818181818,0.0,290.0,4617.863636363636,0.0,0.0,0.0,0.0,7888.772727272727
921,0.2830187616140988,0.2849804032363089,0.07574612872353155,0.08570392911183186,0.9882743676834597,0.988263475360454,33.0,33.0,249.3080808080808,229.9878787878788,63.54831515151516,74.13604848484852,58.809090909090884,62.668290909090885,15.14106060606061,17.876515151515143,9.5,0.0,581.9242424242424,6603.515151515152,14378.878787878788,20.564696969696968,66.03515151515153,68.84218181818183,16.50878787878788,17.21054545454545,86.05272727272728,60.73869090909087,0.0,1.0,1.0,1.0,-0.2653893939393938,1.5,0.0,0.0,8.405296969696968,0.22727272727272727,1.4090909090909092,0.4427117438989667,0.44794327389792565,0.0,0.0,6390.257575757576,142.5,0.0,189.1060606060606,0.0,2056.469696969697,0.0,285.0,4547.045454545455,0.0,0.0,0.0,0.0,7988.621212121212
922,0.2830187616140988,0.2849804032363089,0.07888520681314162,0.08578218074144224,0.9882862378965527,0.988276320560147,31.0,34.0,216.7295698924731,253.4313725490196,76.88051612903227,63.307294117647054,62.39382258064515,59.86042941176468,19.78346774193549,14.610367647058824,9.446153846153846,0.0,583.6923076923077,6831.015384615384,14155.646153846154,22.05938461538462,68.31015384615387,69.78067692307694,17.077538461538467,17.445169230769235,87.22584615384613,61.06866307692304,0.0,1.0,1.0,1.0,-0.2722638141025641,1.523076923076923,0.0,0.0,8.365524615384613,0.27692307692307694,1.3692307692307693,0.4218950728899247,0.45917458456722765,0.0,0.0,5830.830769230769,141.55384615384617,0.0,187.4,0.0,2205.9384615384615,0.0,283.38461538461536,4625.076923076923,0.0,0.0,0.0,0.0,8324.815384615385
923,0.2830187616140988,0.2849804032363089,0.0774701052368198,0.08546052362305043,0.9883004520675689,0.9882891123617342,34.0,30.0,232.8514705882353,215.5,69.29788235294119,77.95733333333334,60.23810588235293,62.88624666666666,17.553750000000004,19.959333333333333,9.9375,0.0,569.0,7472.546875,13483.078125,26.110625,74.72546874999999,73.35700000000003,18.681367187499998,18.339250000000003,91.69624999999998,61.479421874999964,0.0,1.0,1.0,1.0,-0.2808212890624999,1.46875,0.0,0.0,6.803789062499997,0.234375,1.4375,0.4620790048945322,0.42400455511045715,0.0,0.0,5538.34375,148.0,0.0,197.25,0.0,2611.0625,0.0,298.125,4861.484375,0.0,0.0,0.0,0.0,7944.734375
924,0.2830187616140988,0.2849804032363089,0.07698078018409298,0.08505000751072846,0.9883136342849227,0.9883018605549105,33.0,33.0,251.2929292929293,221.3949494949495,63.677284848484845,76.0329696969697,59.57759090909088,63.30304848484847,14.9394696969697,19.105681818181825,9.43939393939394,0.0,579.060606060606,6809.030303030303,14180.636363636364,21.77545454545454,68.09030303030302,69.85512727272727,17.022575757575755,17.463781818181808,87.31890909090912,61.440319696969674,0.0,1.0,1.0,1.0,-0.2800066603535353,1.5,0.0,0.0,8.607768181818177,0.24242424242424243,1.4090909090909092,0.44228587426995697,0.44679421483196186,0.0,0.0,6337.878787878788,139.93939393939394,0.0,186.21212121212122,0.0,2177.5454545454545,0.0,283.1818181818182,4631.484848484848,0.0,0.0,0.0,0.0,7842.757575757576
925,0.2830187616140988,0.2849804032363089,0.07978290164994238,0.08537807564321605,0.9883261198623849,0.9883146227780317,29.0,36.0,191.33103448275864,245.69166666666666,85.34708965517243,62.91893333333334,64.26051379310346,59.639341666666645,23.42887931034483,15.768750000000002,9.846153846153847,0.0,580.5538461538462,7674.538461538462,13286.307692307691,28.387846153846148,76.74538461538462,72.92534153846155,19.186346153846156,18.231335384615384,91.15667692307699,61.701095384615364,0.0,1.0,1.0,1.0,-0.2854394871794872,1.5538461538461539,0.0,0.0,7.962099999999999,0.3076923076923077,1.476923076923077,0.40476750982181364,0.4871402261433366,0.0,0.0,5470.415384615385,147.27692307692308,0.0,195.4923076923077,0.0,2838.7846153846153,0.0,295.38461538461536,4835.753846153846,0.0,0.0,0.0,0.0,7815.892307692307
926,0.2830187616140988,0.2849804032363089,0.07798446329657277,0.08579313093982271,0.9883378271821054,0.9883295695751748,34.0,32.0,240.9848039215686,231.33072916666666,69.04658823529411,71.4778,60.062608823529395,61.63638749999998,16.335,17.724296875000004,9.530303030303031,0.0,566.9242424242424,6803.439393939394,14178.242424242424,21.509848484848483,68.03439393939395,70.2253575757576,17.008598484848488,17.556339393939396,87.78169696969698,60.825653030302995,0.0,1.0,1.0,1.0,-0.2672011047979797,1.4848484848484849,0.0,0.0,7.608893939393937,0.22727272727272727,1.4242424242424243,0.45832789484630915,0.43342841747244465,0.0,0.0,6383.984848484848,142.8939393939394,0.0,188.5151515151515,0.0,2150.9848484848485,0.0,285.90909090909093,4652.454545454545,0.0,0.0,0.0,0.0,7794.257575757576
927,0.2830187616140988,0.2849804032363089,0.07728409413116846,0.08518275947800648,0.9883505643600229,0.9883417568442019,33.0,32.0,223.45454545454547,234.69322916666667,74.18356363636364,72.32720000000002,61.41258484848483,61.88399999999999,18.834545454545456,17.172734375,10.076923076923077,0.0,582.7538461538461,7206.569230769231,13739.246153846154,23.64107692307692,72.06569230769229,73.26966153846155,18.016423076923072,18.317415384615384,91.58707692307692,61.64466615384613,0.0,1.0,1.0,1.0,-0.2842638782051282,1.4923076923076923,0.0,0.0,6.39142769230769,0.2153846153846154,1.4153846153846155,0.453072310507065,0.4437244123616884,0.0,0.0,5790.246153846154,151.15384615384616,0.0,199.72307692307692,0.0,2364.107692307692,0.0,302.3076923076923,4842.461538461538,0.0,0.0,0.0,0.0,7949.0
928,0.2830187616140988,0.2849804032363089,0.07856654131127783,0.08480357632081562,0.9883635910611571,0.9883548131379708,34.0,33.0,226.2093137254902,237.2989898989899,75.43378823529412,67.8198303030303,63.262423529411734,59.99838181818179,18.413676470588243,16.881363636363638,9.791044776119403,0.0,580.2089552238806,7063.582089552238,13900.283582089553,23.200149253731343,70.63582089552237,71.68362985074627,17.658955223880593,17.920907462686568,89.60453731343284,61.65476119402982,0.0,1.0,1.0,1.0,-0.2844741915422885,1.492537313432836,0.0,0.0,7.630086567164176,0.22388059701492538,1.4029850746268657,0.45181669206722663,0.4376169636322798,0.0,0.0,5898.820895522388,146.86567164179104,0.0,194.53731343283582,0.0,2320.0149253731342,0.0,293.7313432835821,4743.567164179104,0.0,0.0,0.0,0.0,8001.462686567164
929,0.2830187616140988,0.2849804032363089,0.07941351765367143,0.08447572972006051,0.9883762376161854,0.9883691995547471,36.0,32.0,242.08425925925926,209.77395833333333,67.95253333333335,77.32280000000002,59.61165833333332,63.714324999999974,16.194236111111113,20.838359375000003,9.779411764705882,0.0,583.7352941176471,7351.882352941177,13612.764705882353,25.54294117647058,73.51882352941175,72.3620705882353,18.379705882352937,18.09051764705882,90.45258823529412,61.54232499999997,0.0,1.0,1.0,1.0,-0.2821317708333333,1.4705882352941178,0.0,0.0,7.559960294117644,0.27941176470588236,1.338235294117647,0.4612049090425129,0.4248109787389311,0.0,0.0,5876.75,146.69117647058823,0.0,194.27941176470588,0.0,2554.294117647059,0.0,293.38235294117646,4797.588235294118,0.0,0.0,0.0,0.0,7736.014705882353
930,0.2830187616140988,0.2849804032363089,0.07877877096917266,0.08651803704698235,0.9883883840710957,0.9883823050762629,34.0,34.0,238.66176470588235,243.23088235294117,69.69562352941178,66.83369411764706,59.749197058823505,58.85998823529409,16.654705882352943,16.03352941176471,9.323529411764707,0.0,573.3970588235294,6537.64705882353,14456.779411764706,20.202794117647066,65.3764705882353,68.26465882352942,16.344117647058827,17.06616470588235,85.33082352941179,59.3045926470588,0.0,1.0,1.0,1.0,-0.2355123468137254,1.5,0.0,0.0,7.38405147058823,0.23529411764705882,1.411764705882353,0.4367923067184551,0.4384155142233597,0.0,0.0,6545.926470588235,139.85294117647058,0.0,185.01470588235293,0.0,2020.2794117647059,0.0,279.70588235294116,4517.367647058823,0.0,0.0,0.0,0.0,7910.85294117647
931,0.2830187616140988,0.2849804032363089,0.07881617941117593,0.08422756649872155,0.9884015338562829,0.9883954659810175,33.0,32.0,251.3161616161616,217.5890625,64.47282424242425,78.18020000000001,60.33035757575756,61.8541125,14.897045454545456,19.554218750000004,9.892307692307693,0.0,586.4615384615385,6875.923076923077,14082.723076923077,21.773538461538458,68.75923076923077,71.22107076923075,17.189807692307692,17.805267692307684,89.02633846153847,61.08051384615384,0.0,1.0,1.0,1.0,-0.2725107051282051,1.4923076923076923,0.0,0.0,7.049250769230768,0.2153846153846154,1.4,0.44424021902285854,0.43440831462347784,0.0,0.0,5971.584615384615,147.23076923076923,0.0,196.35384615384615,0.0,2177.353846153846,0.0,296.7692307692308,4698.569230769231,0.0,0.0,0.0,0.0,8111.138461538461
932,0.2830187616140988,0.285045137224569,0.07908700768358652,0.08439612592958123,0.9884158549521121,0.9884075337831476,30.0,37.0,213.54500000000002,250.38873873873874,79.23498666666667,64.29197837837837,63.24172666666666,58.951959459459445,20.190416666666668,15.027162162162162,9.73134328358209,0.0,576.6417910447761,6935.626865671642,14033.492537313432,22.415820895522394,69.35626865671642,70.98287761194034,17.339067164179106,17.745719402985078,88.72859701492538,60.87275074626862,0.0,1.0,1.0,1.0,-0.2681823072139303,1.5522388059701493,0.0,0.0,7.2289402985074585,0.22388059701492538,1.3880597014925373,0.4013543192511619,0.4848363162168834,0.0,0.0,5927.238805970149,144.29850746268656,0.0,193.6417910447761,0.0,2241.582089552239,0.0,291.94029850746267,4694.044776119403,0.0,0.0,0.0,0.0,8106.253731343284
933,0.2830187616140988,0.2850895164986023,0.07919622107152988,0.08683196261814709,0.9884293384856602,0.9884215343239106,34.0,33.0,224.39411764705883,249.84343434343432,72.67557647058824,64.16484848484848,59.9730764705882,59.59405151515149,18.741470588235295,15.071515151515149,9.417910447761194,0.0,565.3134328358209,6773.55223880597,14215.731343283582,22.473283582089557,67.73552238805968,68.48372537313433,16.93388059701492,17.120931343283573,85.60465671641794,59.78639253731338,0.0,1.0,1.0,1.0,-0.24554984452736306,1.492537313432836,0.0,0.0,8.236547761194029,0.2537313432835821,1.4029850746268657,0.43798277905960686,0.4391746412015222,0.0,0.0,6023.164179104478,141.26865671641792,0.0,185.91044776119404,0.0,2247.3283582089553,0.0,282.53731343283584,4526.223880597015,0.0,0.0,0.0,0.0,8192.567164179105
934,0.2830187616140988,0.2850895164986023,0.07965262058326285,0.0882203792264629,0.9884433851469541,0.9884345680075453,34.0,31.0,237.33186274509805,214.75591397849465,70.40320000000003,78.24743225806453,60.38141764705883,61.96754838709676,16.813235294117646,20.103870967741933,10.061538461538461,0.0,577.6,7353.046153846154,13593.892307692307,24.40907692307692,73.53046153846157,74.14429538461542,18.38261538461539,18.53607384615384,92.6803692307692,61.13787999999998,0.0,1.0,1.0,1.0,-0.2737058333333333,1.476923076923077,0.0,0.0,5.376199999999998,0.26153846153846155,1.4,0.45862595354246505,0.42002818556511956,0.0,0.0,5952.0,150.92307692307693,0.0,199.2923076923077,0.0,2440.9076923076923,0.0,301.84615384615387,4912.138461538461,0.0,0.0,0.0,0.0,7641.892307692307
935,0.2830187616140988,0.2850895164986023,0.0812423029687307,0.08626565085117642,0.9884535337116741,0.9884457852955396,34.0,33.0,245.23333333333332,223.26818181818183,65.94051764705883,75.87006060606063,59.83821176470587,62.447778787878754,15.790000000000001,18.83030303030303,9.552238805970148,0.0,568.6417910447761,6914.985074626866,14064.880597014926,22.171194029850753,69.14985074626867,70.83118805970152,17.287462686567167,17.707797014925372,88.5389850746269,61.123520895522354,0.0,1.0,1.0,1.0,-0.2734066853233829,1.492537313432836,0.0,0.0,7.579795522388057,0.26865671641791045,1.4477611940298507,0.44570492605555867,0.43515030035883817,0.0,0.0,6031.388059701492,143.28358208955223,0.0,189.28358208955223,0.0,2217.1194029850744,0.0,286.56716417910445,4697.865671641791,0.0,0.0,0.0,0.0,8033.492537313433
936,0.2830187616140988,0.2850895164986023,0.079474955712324,0.08533394233050201,0.9884689895842413,0.9884577410811866,31.0,35.0,219.15591397849462,246.46238095238095,75.08665806451612,64.80493714285716,62.682683870967736,59.50935999999998,19.481612903225805,15.581499999999998,9.5,0.0,592.9242424242424,6965.348484848485,14018.19696969697,23.56424242424243,69.65348484848487,69.63423030303028,17.413371212121216,17.408557575757566,87.04278787878793,60.99986060606058,0.0,1.0,1.0,1.0,-0.2708304292929292,1.5303030303030303,0.0,0.0,8.779001515151512,0.21212121212121213,1.4393939393939394,0.4199724772218191,0.46845157791884845,0.0,0.0,6196.772727272727,141.5909090909091,0.0,188.86363636363637,0.0,2356.4242424242425,0.0,285.0,4608.924242424242,0.0,0.0,0.0,0.0,7821.424242424242
937,0.2830187616140988,0.2850895164986023,0.08109750580351333,0.08395472019432779,0.9884804314689167,0.9884687132310753,32.0,32.0,224.0703125,243.8671875,78.7308,67.21180000000001,63.481649999999995,59.49696874999999,18.673828124999996,15.880390624999997,10.015625,0.0,590.484375,6910.84375,14038.125,20.863281249999996,69.10843750000001,72.97129999999997,17.277109375000002,18.242824999999982,91.214125,61.48930937499997,0.0,1.0,1.0,1.0,-0.28102727864583327,1.5,0.0,0.0,5.795118749999997,0.234375,1.375,0.44307139060031303,0.44709947833465846,0.0,0.0,6327.078125,150.234375,0.0,199.328125,0.0,2086.328125,0.0,300.46875,4824.515625,0.0,0.0,0.0,0.0,7711.046875
938,0.2830187616140988,0.2850895164986023,0.08407276268124407,0.08340396222631057,0.9884916998513934,0.9884816992383259,35.0,31.0,249.2347619047619,203.4989247311828,63.62185142857145,80.27086451612905,60.13973999999997,62.802309677419366,15.213071428571432,21.72701612903225,9.636363636363637,0.0,581.7575757575758,7309.060606060606,13665.166666666666,25.70848484848484,73.09060606060605,71.44184242424242,18.272651515151512,17.860460606060602,89.30230303030302,61.39034090909087,0.0,1.0,1.0,1.0,-0.2789654356060605,1.4696969696969697,0.0,0.0,8.221149999999996,0.3333333333333333,1.303030303030303,0.4636394248035177,0.41604037438082453,0.0,0.0,5707.833333333333,143.92424242424244,0.0,191.75757575757575,0.0,2570.848484848485,0.0,289.09090909090907,4738.212121212121,0.0,0.0,0.0,0.0,7957.333333333333
939,0.2830187616140988,0.2850895164986023,0.08267829132686622,0.0838068803964012,0.9885042760781012,0.9884933695468355,31.0,34.0,229.11666666666667,226.4127450980392,72.27003870967744,74.95811764705883,60.87273225806451,62.30778529411765,18.006532258064517,18.411691176470587,10.015384615384615,0.0,572.1692307692308,7287.384615384615,13662.138461538461,24.07784615384615,72.87384615384617,73.67611076923077,18.218461538461543,18.419027692307687,92.09513846153848,61.62337538461535,0.0,1.0,1.0,1.0,-0.2838203205128205,1.523076923076923,0.0,0.0,6.165726153846152,0.26153846153846155,1.4153846153846155,0.4236824705166147,0.4561510349322716,0.0,0.0,5742.092307692307,150.23076923076923,0.0,198.7846153846154,0.0,2407.7846153846153,0.0,300.46153846153845,4879.6,0.0,0.0,0.0,0.0,7920.046153846154
940,0.2830187616140988,0.2850895164986023,0.08397781622362124,0.08472272349778764,0.9885177954854657,0.9885045915212219,32.0,35.0,225.42135416666667,254.31761904761905,76.21520000000001,62.35648,64.0967125,58.84027714285712,18.489296875000004,14.480142857142857,9.402985074626866,0.0,592.6716417910447,6557.985074626866,14430.985074626866,19.92029850746269,65.57985074626866,68.97557014925374,16.394962686567165,17.243892537313428,86.21946268656714,61.35081343283579,0.0,1.0,1.0,1.0,-0.2781419465174129,1.5223880597014925,0.0,0.0,8.770205970149254,0.208955223880597,1.4179104477611941,0.4293748456611843,0.4643729342152038,0.0,0.0,6417.194029850746,141.044776119403,0.0,186.8955223880597,0.0,1992.0298507462687,0.0,282.089552238806,4565.955223880597,0.0,0.0,0.0,0.0,8013.79104477612
941,0.2830187616140988,0.2850895164986023,0.08378090447927876,0.08635405951784439,0.9885312139203022,0.9885176396909676,34.0,31.0,231.49264705882354,243.84086021505377,73.04470588235296,66.4898064516129,61.31034411764705,59.50910645161289,17.662205882352943,15.945322580645161,9.538461538461538,0.0,596.5846153846154,6737.3538461538465,14242.907692307692,21.095846153846164,67.37353846153846,69.91852307692308,16.843384615384615,17.47963076923077,87.39815384615382,60.45129230769227,0.0,1.0,1.0,1.0,-0.25940192307692306,1.476923076923077,0.0,0.0,7.376153846153843,0.2923076923076923,1.3692307692307693,0.4596129765881657,0.4303893389258474,0.0,0.0,6490.307692307692,142.84615384615384,0.0,189.73846153846154,0.0,2109.5846153846155,0.0,286.15384615384613,4627.7692307692305,0.0,0.0,0.0,0.0,7752.6
942,0.2830187616140988,0.2850895164986023,0.08222794970822939,0.08707990561821026,0.9885432866366307,0.9885303178920831,35.0,29.0,253.93476190476193,185.64827586206897,63.008548571428584,88.19420689655175,58.66419999999998,65.11738620689655,14.501000000000003,24.25939655172414,10.09375,0.0,586.4375,7569.109375,13379.546875,26.381874999999994,75.69109374999998,74.42079999999999,18.922773437499995,18.605199999999993,93.02599999999998,61.58829999999999,0.0,1.0,1.0,1.0,-0.28308958333333323,1.453125,0.0,0.0,6.090273437499997,0.328125,1.3125,0.4815592490397563,0.41298738373793703,0.0,0.0,5706.4375,146.875,0.0,200.65625,0.0,2638.1875,0.0,302.8125,4930.921875,0.0,0.0,0.0,0.0,7673.109375
943,0.2830187616140988,0.28659851959402455,0.08148042947142523,0.08615268274231816,0.9885547969614454,0.9885416832720398,31.0,35.0,216.75268817204304,244.66238095238094,77.52278709677421,64.53248,61.63856774193546,60.979368571428544,19.764032258064514,15.834142857142856,9.772727272727273,0.0,552.1515151515151,7072.0,13893.19696969697,24.088333333333335,70.72000000000001,70.63398787878789,17.680000000000003,17.65849696969697,88.29248484848485,61.28899242424239,0.0,1.0,1.0,1.0,-0.2768540088383837,1.5303030303030303,0.0,0.0,8.335004545454545,0.3181818181818182,1.4545454545454546,0.42351271082574493,0.4610418952972314,0.0,0.0,5532.863636363636,146.33333333333334,0.0,194.28787878787878,0.0,2408.8333333333335,0.0,293.1818181818182,4663.166666666667,0.0,0.0,0.0,0.0,8360.333333333334
944,0.2830187616140988,0.28659851959402455,0.08265534921465799,0.08867837998152492,0.9885660670660623,0.9885550061217994,34.0,33.0,251.1705882352941,223.8358585858586,61.24875294117646,75.87626666666668,58.33642352941173,63.186390909090896,14.937941176470588,18.7744696969697,9.328358208955224,0.0,600.7910447761194,6731.0298507462685,14262.432835820895,21.993432835820894,67.31029850746272,68.45334925373133,16.82757462686568,17.113337313432833,85.5666865671642,60.72521343283578,0.0,1.0,1.0,1.0,-0.26510861318407947,1.492537313432836,0.0,0.0,9.099438805970147,0.1791044776119403,1.492537313432836,0.4500821992916377,0.4427734301692257,0.0,0.0,6130.9701492537315,139.92537313432837,0.0,185.76119402985074,0.0,2199.3432835820895,0.0,279.85074626865674,4531.686567164179,0.0,0.0,0.0,0.0,8131.462686567164
945,0.2830187616140988,0.28659851959402455,0.08305681120786973,0.08734119758889859,0.9885764356227792,0.9885681451523838,30.0,34.0,227.275,239.33088235294116,73.22666666666667,68.06870588235294,60.55443333333332,60.79010294117646,18.275583333333337,16.55411764705882,9.765625,0.0,592.9375,6944.421875,14020.78125,22.9215625,69.44421875,70.4865,17.3610546875,17.621624999999995,88.10812500000003,60.67963281249997,0.0,1.0,1.0,1.0,-0.2641590169270833,1.53125,0.0,0.0,7.554187499999996,0.265625,1.421875,0.42021079175735293,0.4642404149253812,0.0,0.0,6023.21875,146.484375,0.0,194.34375,0.0,2292.15625,0.0,292.96875,4652.265625,0.0,0.0,0.0,0.0,7997.5625
946,0.2830187616140988,0.28659851959402455,0.08214532372674835,0.08843985943955665,0.988588661798419,0.9885820552944632,31.0,33.0,208.46075268817202,232.59444444444443,80.96660645161292,70.22603636363635,62.929512903225806,59.93703636363635,20.978870967741937,17.557196969696967,10.140625,0.0,597.609375,7685.828125,13254.28125,26.80281250000001,76.85828125,75.4285,19.2145703125,18.857125,94.285625,61.38651718749998,0.0,1.0,1.0,1.0,-0.27888577473958337,1.515625,0.0,0.0,5.172587499999997,0.28125,1.375,0.4334174708801219,0.45720522144895764,0.0,0.0,5674.40625,152.109375,0.0,202.5625,0.0,2680.28125,0.0,304.21875,5005.546875,0.0,0.0,0.0,0.0,7579.875
947,0.2830187616140988,0.28659851959402455,0.08372909067969056,0.08819745846251274,0.9885993624020111,0.9885939984791478,34.0,32.0,239.52941176470588,232.396875,68.35877647058824,72.0858,59.88789117647057,60.802506249999986,16.6075,17.523046875000002,9.469696969696969,0.0,601.8636363636364,6820.560606060606,14164.272727272728,21.674545454545456,68.20560606060606,70.1658181818182,17.051401515151515,17.541454545454542,87.70727272727272,60.33134090909089,0.0,1.0,1.0,1.0,-0.25690293560606053,1.4848484848484849,0.0,0.0,7.216924242424241,0.21212121212121213,1.4242424242424243,0.4578177910837777,0.43539050273327495,0.0,0.0,6303.636363636364,142.04545454545453,0.0,188.03030303030303,0.0,2167.4545454545455,0.0,284.09090909090907,4653.106060606061,0.0,0.0,0.0,0.0,7860.636363636364
948,0.2830187616140988,0.28659851959402455,0.08260936979566282,0.08931906571952485,0.9886104434139696,0.9886065673662068,32.0,33.0,228.0859375,232.0449494949495,73.76920000000001,72.47418181818182,61.64769999999999,62.6369818181818,18.143203125000003,17.583257575757575,10.015384615384615,0.0,596.9846153846154,7143.569230769231,13805.753846153846,23.08061538461539,71.43569230769232,73.11172923076924,17.85892307692308,18.2779323076923,91.38966153846154,62.14995076923075,0.0,1.0,1.0,1.0,-0.29479064102564095,1.5076923076923077,0.0,0.0,6.897144615384613,0.24615384615384617,1.4,0.437733011077514,0.4554293200209702,0.0,0.0,5574.553846153846,150.23076923076923,0.0,198.98461538461538,0.0,2308.0615384615385,0.0,300.46153846153845,4835.507692307692,0.0,0.0,0.0,0.0,8231.2
949,0.2830187616140988,0.28659851959402455,0.08340826933826978,0.08989084183217726,0.9886210719417741,0.9886175304894739,33.0,34.0,232.1939393939394,235.0029411764706,71.67689696969697,70.08432941176471,61.350112121212106,61.279702941176474,17.594242424242424,17.20772058823529,9.597014925373134,0.0,573.4925373134329,6959.238805970149,14017.164179104477,22.623582089552233,69.5923880597015,70.86872835820895,17.398097014925376,17.71718208955224,88.58591044776117,61.314382089552204,0.0,1.0,1.0,1.0,-0.2773829601990048,1.507462686567164,0.0,0.0,7.843750746268653,0.23880597014925373,1.4477611940298507,0.4400849544517428,0.45330403029491145,0.0,0.0,5971.134328358209,143.955223880597,0.0,190.73134328358208,0.0,2262.3582089552237,0.0,287.910447761194,4696.880597014925,0.0,0.0,0.0,0.0,8046.0298507462685
950,0.2830187616140988,0.28659851959402455,0.08405494728448576,0.08888634673488893,0.9886321887343665,0.9886306844158465,33.0,33.0,237.57929292929293,221.73131313131313,68.5286787878788,78.46632727272728,60.14450606060604,62.48608787878788,16.79121212121212,19.056742424242426,10.015151515151516,0.0,602.7121212121212,7169.590909090909,13779.318181818182,23.039242424242435,71.6959090909091,73.49750303030301,17.923977272727274,18.374375757575745,91.87187878787879,61.31529696969694,0.0,1.0,1.0,1.0,-0.27740202020202015,1.5,0.0,0.0,5.741771212121211,0.22727272727272727,1.4090909090909092,0.4419138187781745,0.44766522417809973,0.0,0.0,6221.136363636364,150.22727272727272,0.0,199.4090909090909,0.0,2303.9242424242425,0.0,300.45454545454544,4865.666666666667,0.0,0.0,0.0,0.0,7558.181818181818
951,0.2830187616140988,0.28659851959402455,0.08660326261997203,0.08844187586492076,0.9886434129674653,0.9886406234777486,33.0,35.0,233.2540404040404,237.6247619047619,71.5165090909091,69.24617142857144,61.143460606060586,61.32277714285713,17.474318181818184,16.81542857142857,9.485294117647058,0.0,601.8235294117648,6854.073529411765,14130.220588235294,21.88102941176471,68.54073529411765,70.3479529411765,17.135183823529413,17.586988235294115,87.93494117647057,61.235755882352926,0.0,1.0,1.0,1.0,-0.2757449142156862,1.5147058823529411,0.0,0.0,8.022986764705879,0.22058823529411764,1.4264705882352942,0.4336895648009276,0.45673993461988494,0.0,0.0,6105.764705882353,142.27941176470588,0.0,187.86764705882354,0.0,2188.1029411764707,0.0,284.55882352941177,4665.970588235294,0.0,0.0,0.0,0.0,8024.455882352941
952,0.2830187616140988,0.28659851959402455,0.08697443465999202,0.08919372713532217,0.9886559705974317,0.9886524026113929,32.0,34.0,226.803125,237.4813725490196,73.10760000000002,69.80536470588237,61.94929999999998,60.708999999999996,18.364765625,16.84316176470588,9.681818181818182,0.0,603.9848484848485,7032.363636363636,13938.242424242424,23.00893939393939,70.32363636363635,71.40644848484848,17.58090909090909,17.851612121212113,89.25806060606061,61.31035757575755,0.0,1.0,1.0,1.0,-0.2772991161616161,1.5151515151515151,0.0,0.0,7.484818181818178,0.3181818181818182,1.393939393939394,0.4306867237225631,0.45767281227084305,0.0,0.0,5737.121212121212,145.22727272727272,0.0,192.71212121212122,0.0,2300.8939393939395,0.0,290.45454545454544,4731.469696969697,0.0,0.0,0.0,0.0,8201.121212121212
953,0.2830187616140988,0.28659851959402455,0.08554187901018956,0.09156741269402786,0.9886687642415926,0.988663660027183,33.0,33.0,227.80656565656565,242.46161616161618,74.42094545454547,66.544096969697,60.788751515151496,59.25250303030301,18.207121212121216,16.116818181818182,9.651515151515152,0.0,577.5757575757576,6864.787878787879,14108.045454545454,22.028484848484865,68.6478787878788,70.4825212121212,17.1619696969697,17.620630303030296,88.10315151515155,60.02062727272724,0.0,1.0,1.0,1.0,-0.25042973484848474,1.5,0.0,0.0,6.700075757575755,0.2878787878787879,1.4090909090909092,0.4449588864905626,0.4401249895914104,0.0,0.0,6565.469696969697,144.77272727272728,0.0,191.84848484848484,0.0,2202.848484848485,0.0,289.54545454545456,4661.939393939394,0.0,0.0,0.0,0.0,7542.575757575758
954,0.2830187616140988,0.28659851959402455,0.08502537637318078,0.09064784242835693,0.9886796431028866,0.9886752816777965,34.0,32.0,235.53823529411767,225.19270833333334,71.82531764705885,75.37160000000002,61.33653823529409,60.72859062499999,17.08044117647059,18.586015625,9.909090909090908,0.0,601.8484848484849,7124.166666666667,13831.333333333334,22.455303030303025,71.24166666666666,73.5447272727273,17.810416666666665,18.386181818181818,91.9309090909091,61.04177575757573,0.0,1.0,1.0,1.0,-0.2717036616161616,1.4848484848484849,0.0,0.0,5.30746515151515,0.25757575757575757,1.378787878787879,0.45961199006029424,0.43391786736158733,0.0,0.0,5789.681818181818,148.63636363636363,0.0,197.5909090909091,0.0,2245.530303030303,0.0,297.27272727272725,4878.636363636364,0.0,0.0,0.0,0.0,8041.651515151515
955,0.2830187616140988,0.28659851959402455,0.08491129202058842,0.09106493900495258,0.988692287454735,0.9886849097606155,34.0,33.0,220.44264705882355,241.2161616161616,76.73976470588235,66.71127272727276,62.57798529411763,59.63898181818182,19.272352941176475,16.29969696969697,9.791044776119403,0.0,599.0746268656717,7123.2835820895525,13840.462686567163,23.705970149253734,71.23283582089553,71.8003582089552,17.808208955223883,17.950089552238797,89.75044776119407,61.130416417910425,0.0,1.0,1.0,1.0,-0.27355034203980094,1.492537313432836,0.0,0.0,7.1382671641791,0.23880597014925373,1.4477611940298507,0.44788092290975295,0.44375097302698985,0.0,0.0,5813.701492537313,146.86567164179104,0.0,194.65671641791045,0.0,2370.597014925373,0.0,293.7313432835821,4752.686567164179,0.0,0.0,0.0,0.0,8026.761194029851
956,0.2830187616140988,0.28659851959402455,0.08400034274242651,0.09019455251493942,0.9887010910403149,0.9886945800573419,36.0,32.0,238.26064814814814,233.73541666666668,68.62702222222224,71.217,61.331497222222225,60.82284374999998,16.778055555555557,17.37,9.382352941176471,0.0,596.1617647058823,6822.64705882353,14167.867647058823,21.868970588235292,68.22647058823532,69.84583529411765,17.05661764705883,17.461458823529412,87.30729411764706,61.092130882352905,0.0,1.0,1.0,1.0,-0.27275272671568623,1.4705882352941178,0.0,0.0,8.302913235294113,0.17647058823529413,1.4411764705882353,0.46250126767257727,0.42337951673664415,0.0,0.0,6164.25,140.73529411764707,0.0,186.27941176470588,0.0,2186.8970588235293,0.0,281.47058823529414,4635.75,0.0,0.0,0.0,0.0,8003.617647058823
957,0.2830187616140988,0.28659851959402455,0.08350105876849366,0.08939177151955553,0.9887124055914228,0.9887049217496346,34.0,32.0,246.1705882352941,227.49739583333334,65.81816470588237,72.78340000000003,61.18921764705882,61.040928124999986,15.621617647058823,18.233281249999997,9.515151515151516,0.0,614.4090909090909,6755.151515151515,14227.015151515152,21.81848484848485,67.55151515151515,69.19524848484849,16.887878787878787,17.29881212121212,86.49406060606061,61.11731969696967,0.0,1.0,1.0,1.0,-0.2732774936868686,1.4848484848484849,0.0,0.0,8.809949999999999,0.22727272727272727,1.393939393939394,0.45511045246981624,0.43641031357114135,0.0,0.0,6044.863636363636,142.72727272727272,0.0,188.65151515151516,0.0,2181.848484848485,0.0,285.45454545454544,4573.30303030303,0.0,0.0,0.0,0.0,8182.151515151515
958,0.2830187616140988,0.28659851959402455,0.08135755714083023,0.08822768029191211,0.9887239557217032,0.9887167728504457,32.0,33.0,224.71927083333333,254.860101010101,76.61520000000002,59.36911515151517,62.24374687499999,59.576145454545426,18.633671875,14.431439393939398,9.23076923076923,0.0,606.276923076923,6600.092307692307,14401.292307692307,21.062615384615377,66.00092307692309,67.85949538461539,16.50023076923077,16.964873846153843,84.82436923076922,60.88942615384612,0.0,1.0,1.0,1.0,-0.2685297115384613,1.5076923076923077,0.0,0.0,9.530161538461536,0.26153846153846155,1.4307692307692308,0.4361408407729487,0.45430614595015884,0.0,0.0,5850.246153846154,138.46153846153845,0.0,182.23076923076923,0.0,2106.2615384615383,0.0,276.9230769230769,4493.830769230769,0.0,0.0,0.0,0.0,8551.046153846153
959,0.2830187616140988,0.28659851959402455,0.08389045171064037,0.08829010818220068,0.9887356026275584,0.9887279828956338,34.0,28.0,233.61176470588234,207.61428571428573,71.37280000000001,80.89920000000002,60.438261764705885,63.33151071428572,17.381102941176472,21.048125000000002,10.35483870967742,0.0,632.4032258064516,7614.870967741936,13312.258064516129,26.08806451612904,76.14870967741938,75.67504516129034,19.037177419354844,18.918761290322585,94.59380645161289,61.74489032258062,0.0,1.0,1.0,1.0,-0.28635188172043013,1.4516129032258065,0.0,0.0,5.107022580645159,0.22580645161290322,1.3548387096774193,0.48443230931181347,0.4156984525522369,0.0,0.0,5612.532258064516,155.32258064516128,0.0,205.90322580645162,0.0,2608.8064516129034,0.0,310.64516129032256,5006.064516129032,0.0,0.0,0.0,0.0,7699.725806451613
960,0.2830187616140988,0.28659851959402455,0.08328758396271488,0.0888299647223395,0.9887457945426528,0.9887383879607542,34.0,32.0,239.08823529411765,236.57604166666667,69.5785411764706,69.7308,60.58922352941175,60.15074999999998,16.59801470588235,16.93046875,9.606060606060606,0.0,590.2727272727273,6703.681818181818,14272.212121212122,21.02621212121212,67.03681818181816,69.65236363636365,16.75920454545454,17.413090909090904,87.06545454545453,60.37663030303026,0.0,1.0,1.0,1.0,-0.2578464646464645,1.4848484848484849,0.0,0.0,7.483471212121211,0.25757575757575757,1.393939393939394,0.44736136544418487,0.4349554758537918,0.0,0.0,6505.590909090909,144.0909090909091,0.0,190.83333333333334,0.0,2102.621212121212,0.0,288.1818181818182,4601.060606060606,0.0,0.0,0.0,0.0,7766.621212121212
961,0.2830187616140988,0.28659851959402455,0.0835047684438837,0.08978831298517848,0.9887572852196582,0.9887497052685532,33.0,32.0,238.82626262626263,240.3265625,68.7315393939394,67.9324,61.60836363636361,60.452371875,16.66992424242424,16.435624999999998,9.307692307692308,0.0,614.876923076923,6621.830769230769,14373.892307692307,20.973384615384607,66.2183076923077,68.33811692307692,16.554576923076926,17.084529230769228,85.42264615384613,61.039259999999956,0.0,1.0,1.0,1.0,-0.2716512499999999,1.4923076923076923,0.0,0.0,9.255719999999995,0.24615384615384617,1.4,0.4500723874827031,0.44185724645427227,0.0,0.0,5810.538461538462,139.6153846153846,0.0,184.43076923076924,0.0,2097.3384615384616,0.0,279.2307692307692,4524.492307692308,0.0,0.0,0.0,0.0,8563.353846153846
962,0.2830187616140988,0.28659851959402455,0.08241224246800426,0.08914174973972612,0.9887681563984507,0.9887602587489863,32.0,31.0,217.81197916666667,230.16451612903225,78.583,72.41145806451614,63.021178125,61.21569677419354,19.588828125,17.911290322580644,10.19047619047619,0.0,615.7142857142857,7505.349206349207,13433.412698412698,24.949682539682545,75.05349206349206,75.54620952380954,18.763373015873015,18.88655238095238,94.43276190476188,62.13276666666664,0.0,1.0,1.0,1.0,-0.2944326388888888,1.492063492063492,0.0,0.0,5.349930158730157,0.20634920634920634,1.4285714285714286,0.44565031883860073,0.4411237819732066,0.0,0.0,5773.142857142857,152.85714285714286,0.0,201.66666666666666,0.0,2494.968253968254,0.0,305.7142857142857,5010.380952380952,0.0,0.0,0.0,0.0,7660.269841269841
963,0.2830187616140988,0.28659851959402455,0.08284762527344852,0.08932785971589284,0.9887794523501221,0.9887723353275447,35.0,31.0,240.56619047619049,234.00268817204304,68.30518857142856,73.04402580645163,60.05366857142856,61.04923225806449,16.40285714285715,17.260080645161295,9.681818181818182,0.0,622.1666666666666,6722.19696969697,14249.0,20.591212121212134,67.2219696969697,70.53100606060607,16.805492424242424,17.632751515151515,88.16375757575757,60.52128181818179,0.0,1.0,1.0,1.0,-0.2608600378787878,1.4696969696969697,0.0,0.0,6.795768181818178,0.21212121212121213,1.4393939393939394,0.46486684254011823,0.42349299075930497,0.0,0.0,6372.848484848485,145.22727272727272,0.0,192.12121212121212,0.0,2059.121212121212,0.0,290.45454545454544,4663.075757575758,0.0,0.0,0.0,0.0,7876.151515151515
964,0.2830187616140988,0.28659851959402455,0.08289433210317602,0.08804213648183555,0.9887893767380115,0.9887839852742825,34.0,32.0,248.86274509803923,232.60208333333333,64.7008,72.57760000000002,60.04251470588232,61.74677499999998,15.222794117647064,17.4959375,9.409090909090908,0.0,608.8333333333334,6529.969696969697,14458.727272727272,20.001515151515154,65.29969696969694,68.51985454545455,16.324924242424235,17.129963636363637,85.64981818181823,60.8688227272727,0.0,1.0,1.0,1.0,-0.2681004734848483,1.4848484848484849,0.0,0.0,8.673892424242425,0.22727272727272727,1.4545454545454546,0.4491864284295368,0.43246567058083707,0.0,0.0,6351.348484848485,141.13636363636363,0.0,186.8939393939394,0.0,2000.1515151515152,0.0,282.27272727272725,4529.818181818182,0.0,0.0,0.0,0.0,8107.378787878788
965,0.2830187616140988,0.28659851959402455,0.07994926500516777,0.08700464708918801,0.9888004165399685,0.9887951358804726,31.0,33.0,229.07688172043012,224.71262626262626,72.07907096774194,75.63830303030304,60.91677096774193,61.350187878787864,18.052983870967743,18.63704545454545,9.984375,0.0,608.03125,7341.65625,13609.59375,24.40734375,73.4165625,73.91430000000003,18.354140625,18.478575000000003,92.39287500000002,61.14025156249996,0.0,1.0,1.0,1.0,-0.27375524088541664,1.515625,0.0,0.0,5.580092187499998,0.234375,1.40625,0.4309771902496446,0.4588481250848575,0.0,0.0,5724.78125,149.765625,0.0,198.453125,0.0,2440.734375,0.0,299.53125,4900.921875,0.0,0.0,0.0,0.0,7884.8125
966,0.2830187616140988,0.28659851959402455,0.0788396700016899,0.0873264408938295,0.9888093325738132,0.9888062345296212,31.0,35.0,228.8306451612903,243.3347619047619,71.77950967741936,69.27177142857145,61.676358064516116,61.28825714285713,18.062741935483874,15.960500000000005,9.696969696969697,0.0,604.6515151515151,6779.166666666667,14191.333333333334,21.237727272727273,67.79166666666666,70.4496484848485,16.947916666666664,17.612412121212117,88.0620606060606,61.47054696969693,0.0,1.0,1.0,1.0,-0.2806363952020202,1.5303030303030303,0.0,0.0,7.968815151515149,0.30303030303030304,1.4242424242424243,0.4190173449958707,0.4616750977862562,0.0,0.0,6286.545454545455,145.45454545454547,0.0,192.13636363636363,0.0,2123.7727272727275,0.0,290.90909090909093,4655.393939393939,0.0,0.0,0.0,0.0,7904.787878787879
967,0.2830187616140988,0.28659851959402455,0.07972719048301351,0.0869880457641114,0.9888206553948626,0.9888166386195025,32.0,34.0,229.04583333333332,245.79117647058823,73.9116,64.49543529411763,61.98470312499999,60.01751176470586,18.04703125,15.697720588235294,9.303030303030303,0.0,593.1363636363636,6734.712121212121,14260.333333333334,21.53348484848485,67.3471212121212,69.06084848484849,16.8367803030303,17.26521212121212,86.32606060606065,60.971301515151474,0.0,1.0,1.0,1.0,-0.27023544823232315,1.5151515151515151,0.0,0.0,8.74723333333333,0.3181818181818182,1.4090909090909092,0.42378715158835867,0.4532804695980064,0.0,0.0,6208.651515151515,139.54545454545453,0.0,185.3181818181818,0.0,2153.348484848485,0.0,279.09090909090907,4581.363636363636,0.0,0.0,0.0,0.0,8051.681818181818
968,0.2830187616140988,0.28659851959402455,0.07730552538023906,0.08542522135170995,0.9888323476115966,0.988824592261753,32.0,31.0,224.51822916666666,227.55752688172043,73.5618,72.57496774193551,60.186459374999984,60.78862258064514,18.728359375000004,18.196129032258064,10.063492063492063,0.0,618.2063492063492,7386.587301587301,13560.825396825398,25.58063492063492,73.86587301587302,73.07621587301588,18.466468253968255,18.269053968253967,91.34526984126988,60.482761904761865,0.0,1.0,1.0,1.0,-0.26005753968253953,1.492063492063492,0.0,0.0,5.873014285714281,0.25396825396825395,1.3968253968253967,0.4468667064817399,0.43993431798896665,0.0,0.0,5946.0,149.55555555555554,0.0,200.12698412698413,0.0,2558.063492063492,0.0,301.9047619047619,4828.523809523809,0.0,0.0,0.0,0.0,7614.825396825397
969,0.2830187616140988,0.28659851959402455,0.07779884740085652,0.08474401065175481,0.988842437906715,0.9888364253555773,32.0,33.0,216.034375,232.27929292929292,76.58060000000002,72.82404848484849,61.69807499999998,62.63882121212121,19.913671875,17.614924242424248,9.938461538461539,0.0,604.0461538461539,7498.6461538461535,13456.907692307692,25.344,74.98646153846154,74.67342769230771,18.746615384615385,18.66835692307692,93.34178461538463,62.17568461538459,0.0,1.0,1.0,1.0,-0.29532676282051273,1.5076923076923077,0.0,0.0,6.248872307692305,0.27692307692307694,1.4153846153846155,0.43837847271214153,0.45214410286930207,0.0,0.0,5481.046153846154,147.69230769230768,0.0,197.6,0.0,2534.4,0.0,298.15384615384613,4964.246153846154,0.0,0.0,0.0,0.0,7975.861538461539
970,0.2830187616140988,0.28659851959402455,0.07686747845703859,0.0846348664101448,0.9888537350944645,0.9888471871400238,34.0,32.0,239.80882352941177,223.41458333333333,69.73251764705883,76.79720000000003,59.82322352941175,63.60111874999998,16.48110294117647,18.809531250000003,9.909090909090908,0.0,595.8787878787879,7044.015151515152,13911.60606060606,21.95606060606061,70.4401515151515,73.15781818181816,17.610037878787875,18.289454545454536,91.4472727272727,61.65493030303028,0.0,1.0,1.0,1.0,-0.28447771464646454,1.4848484848484849,0.0,0.0,6.107149999999999,0.3787878787878788,1.2727272727272727,0.4518093933650987,0.4324199511027139,0.0,0.0,6127.590909090909,148.63636363636363,0.0,197.46969696969697,0.0,2195.6060606060605,0.0,297.27272727272725,4848.409090909091,0.0,0.0,0.0,0.0,7784.015151515152
971,0.2830187616140988,0.28804629008233235,0.07755138151487893,0.08396743623099213,0.9888644144682195,0.9888547592571558,33.0,34.0,240.55656565656565,246.84019607843138,69.00053333333334,65.68527058823528,60.233339393939396,60.10941470588233,16.379772727272726,15.499044117647058,9.26865671641791,0.0,566.2388059701492,6373.134328358209,14624.716417910447,19.249104477611947,63.73134328358209,67.31816119402984,15.932835820895523,16.829540298507457,84.14770149253734,60.17045223880594,0.0,1.0,1.0,1.0,-0.25355108830845763,1.507462686567164,0.0,0.0,8.785126865671637,0.3283582089552239,1.3880597014925373,0.4299798407806928,0.427481504344799,0.0,0.0,6984.074626865671,139.02985074626866,0.0,184.0597014925373,0.0,1924.910447761194,0.0,278.05970149253733,4448.223880597015,0.0,0.0,0.0,0.0,7640.641791044776
972,0.2830187616140988,0.28804629008233235,0.07813777285589561,0.0850068404440284,0.9888725013379829,0.9888659909785179,32.0,32.0,231.8328125,247.02083333333334,71.247,65.2848,60.56717812499999,59.39118124999999,17.615625,15.484140624999998,9.453125,0.0,600.296875,6619.953125,14365.609375,21.13828124999999,66.19953124999999,68.26589999999999,16.549882812499998,17.06647499999999,85.332375,59.97917968749997,0.0,1.0,1.0,1.0,-0.24956624348958326,1.5,0.0,0.0,8.263162499999995,0.25,1.390625,0.4354807912435347,0.44338347390170496,0.0,0.0,6169.75,141.796875,0.0,188.046875,0.0,2113.828125,0.0,283.59375,4506.125,0.0,0.0,0.0,0.0,8195.859375
973,0.2830187616140988,0.28804629008233235,0.07889123337877707,0.08525389779562306,0.9888823182393248,0.9888780436630042,33.0,30.0,231.42121212121214,228.9022222222222,72.32484848484849,72.08810666666668,60.97388181818182,60.26430999999997,17.675530303030307,18.077,9.841269841269842,0.0,593.3968253968254,7146.68253968254,13813.301587301587,23.66222222222222,71.46682539682539,72.21211428571429,17.866706349206346,18.053028571428566,90.26514285714286,60.63599047619044,0.0,1.0,1.0,1.0,-0.2632498015873016,1.4761904761904763,0.0,0.0,6.290582539682536,0.2698412698412698,1.4126984126984128,0.46255625088463287,0.4257726361844114,0.0,0.0,5797.126984126984,147.61904761904762,0.0,196.15873015873015,0.0,2366.222222222222,0.0,295.23809523809524,4780.460317460317,0.0,0.0,0.0,0.0,8016.174603174603
974,0.2830187616140988,0.28804629008233235,0.07879923964741191,0.08490290161827757,0.988893247947212,0.9888878777214687,34.0,30.0,230.396568627451,233.05444444444444,71.29543529411765,70.55082666666667,61.95196176470587,59.835206666666664,17.853088235294116,17.467750000000002,9.75,0.0,632.09375,7068.984375,13898.546875,23.794218749999995,70.68984375,70.9464,17.6724609375,17.736599999999996,88.683,60.95973281249996,0.0,1.0,1.0,1.0,-0.26999443359375,1.46875,0.0,0.0,7.68579375,0.171875,1.421875,0.46486899336444404,0.4264054052327841,0.0,0.0,5998.4375,146.25,0.0,192.71875,0.0,2379.421875,0.0,292.5,4689.5625,0.0,0.0,0.0,0.0,7900.109375
975,0.2830187616140988,0.28804629008233235,0.07821319458577926,0.0836830178422957,0.9889042112879715,0.9888985343326746,34.0,30.0,235.93774509803922,212.46666666666667,72.18748235294119,76.23296000000002,60.6110470588235,61.92024666666666,16.98683823529412,20.426499999999997,10.25,0.0,620.1875,7439.671875,13496.140625,25.4875,74.39671875000002,74.08380000000001,18.599179687500005,18.520949999999996,92.60474999999998,61.224734374999976,0.0,1.0,1.0,1.0,-0.2755152994791667,1.46875,0.0,0.0,5.740114062499997,0.203125,1.40625,0.46319657742336806,0.42385785971830364,0.0,0.0,5692.4375,152.21875,0.0,203.46875,0.0,2548.75,0.0,307.5,4890.921875,0.0,0.0,0.0,0.0,7803.703125
976,0.2830187616140988,0.28804629008233235,0.07997075234697548,0.08530393770005988,0.988914444764454,0.9889066190109568,35.0,33.0,252.44857142857143,243.7520202020202,64.22765714285714,67.29367272727274,61.6827714285714,59.619354545454534,14.698785714285714,15.946136363636366,9.0,0.0,623.6176470588235,6121.64705882353,14893.691176470587,17.751176470588234,61.21647058823531,65.71557647058825,15.304117647058828,16.428894117647058,82.14447058823532,60.68140735294114,0.0,1.0,1.0,1.0,-0.26419598651960774,1.4852941176470589,0.0,0.0,10.269948529411762,0.29411764705882354,1.3823529411764706,0.45154781857265314,0.4256446116254253,0.0,0.0,6227.132352941177,135.0,0.0,178.66176470588235,0.0,1775.1176470588234,0.0,270.0,4346.529411764706,0.0,0.0,0.0,0.0,8666.558823529413
977,0.2830187616140988,0.28804629008233235,0.0805272221303381,0.08497306790406847,0.9889256243029547,0.9889168984119476,32.0,31.0,225.14270833333333,208.33709677419355,75.55140000000002,81.18276129032262,62.218746874999994,63.96448709677421,18.566953124999998,20.948951612903226,10.634920634920634,0.0,618.7142857142857,7895.619047619048,13012.396825396825,27.07238095238095,78.95619047619047,78.3223873015873,19.739047619047618,19.580596825396825,97.90298412698415,63.07776190476189,0.0,1.0,1.0,1.0,-0.31412003968253976,1.492063492063492,0.0,0.0,4.49442222222222,0.1746031746031746,1.4444444444444444,0.44886806229000054,0.4344562702515513,0.0,0.0,5281.238095238095,159.52380952380952,0.0,212.4126984126984,0.0,2707.2380952380954,0.0,319.04761904761904,5188.380952380952,0.0,0.0,0.0,0.0,7731.158730158731
978,0.2830187616140988,0.28804629008233235,0.07995500540156297,0.08443503078876759,0.9889359750728169,0.9889266561501858,34.0,35.0,230.46617647058824,255.7942857142857,71.92263529411764,61.518811428571425,61.137967647058815,58.372831428571395,17.878161764705887,14.201214285714286,9.18840579710145,0.0,615.8985507246376,6405.217391304348,14598.826086956522,20.025362318840582,64.0521739130435,66.64533333333334,16.013043478260876,16.66133333333333,83.30666666666666,59.73536231884054,0.0,1.0,1.0,1.0,-0.24448671497584518,1.5072463768115942,0.0,0.0,9.103072463768115,0.2318840579710145,1.434782608695652,0.4404443687578959,0.4447983454734323,0.0,0.0,6601.115942028986,137.82608695652175,0.0,181.47826086956522,0.0,2002.536231884058,0.0,275.6521739130435,4402.68115942029,0.0,0.0,0.0,0.0,7997.710144927536
979,0.2830187616140988,0.28804629008233235,0.08107802713402215,0.0831329691224973,0.9889482528087928,0.988937099526469,34.0,32.0,230.0642156862745,221.97239583333334,72.08225882352941,76.3822,62.15446176470588,62.0276375,17.875367647058816,19.0309375,10.121212121212121,0.0,620.5,7374.257575757576,13568.454545454546,24.65560606060606,73.74257575757576,74.16707878787881,18.43564393939394,18.541769696969688,92.70884848484847,62.09297121212119,0.0,1.0,1.0,1.0,-0.293603566919192,1.4848484848484849,0.0,0.0,6.361536363636361,0.24242424242424243,1.4393939393939394,0.4509743349518436,0.4331904662720586,0.0,0.0,5535.060606060606,151.8181818181818,0.0,200.83333333333334,0.0,2465.560606060606,0.0,303.6363636363636,4908.69696969697,0.0,0.0,0.0,0.0,8033.393939393939
980,0.2830187616140988,0.28804629008233235,0.08186258115016704,0.082232323538221,0.9889570134669095,0.9889464155646328,35.0,34.0,245.20285714285714,231.24166666666667,66.21988571428571,73.0177882352941,59.852385714285695,62.45376176470586,15.763785714285717,17.724191176470587,9.376811594202898,0.0,583.2753623188406,6691.913043478261,14299.40579710145,20.77260869565218,66.91913043478262,69.56957681159422,16.729782608695654,17.392394202898554,86.96197101449272,61.13422318840578,0.0,1.0,1.0,1.0,-0.27362964975845405,1.4927536231884058,0.0,0.0,8.294428985507245,0.2898550724637681,1.3768115942028984,0.43828707469342854,0.4284761835893033,0.0,0.0,6240.942028985507,140.65217391304347,0.0,185.7246376811594,0.0,2077.2608695652175,0.0,281.30434782608694,4614.652173913043,0.0,0.0,0.0,0.0,8058.463768115942
981,0.2830187616140988,0.28804629008233235,0.08113878779320943,0.08307577299113658,0.9889655634164065,0.9889576048587625,32.0,34.0,232.50364583333334,240.3740196078431,70.40640000000002,68.69270588235294,60.320750000000004,59.66091764705881,17.571171875,16.415294117647058,9.484848484848484,0.0,617.530303030303,6790.287878787879,14193.484848484848,21.886818181818185,67.90287878787875,69.52358787878788,16.975719696969687,17.380896969696966,86.90448484848486,59.980836363636314,0.0,1.0,1.0,1.0,-0.24960075757575745,1.5151515151515151,0.0,0.0,7.43296818181818,0.21212121212121213,1.4696969696969697,0.43257607858587194,0.4582238393473575,0.0,0.0,6211.30303030303,142.27272727272728,0.0,188.4090909090909,0.0,2188.681818181818,0.0,284.54545454545456,4601.606060606061,0.0,0.0,0.0,0.0,7982.181818181818
982,0.2830187616140988,0.28804629008233235,0.08121405036698574,0.08321775606783682,0.988974555490239,0.9889667686448997,32.0,33.0,219.028125,239.51363636363638,77.86140000000002,68.64601212121214,62.81228124999999,61.02906969696967,19.40453125,16.578939393939393,9.953846153846154,0.0,629.6769230769231,7188.0,13765.707692307693,23.41553846153846,71.87999999999995,73.18281846153843,17.969999999999988,18.2957046153846,91.47852307692311,61.906958461538416,0.0,1.0,1.0,1.0,-0.28972830128205124,1.5076923076923077,0.0,0.0,6.6941399999999955,0.2,1.4,0.4410450722962189,0.44896968242905116,0.0,0.0,5929.969230769231,149.30769230769232,0.0,197.36923076923077,0.0,2341.5538461538463,0.0,298.61538461538464,4846.446153846154,0.0,0.0,0.0,0.0,7835.738461538462
983,0.2830187616140988,0.28804629008233235,0.08316063884254227,0.08221380907984259,0.988985831971911,0.9889786214301765,35.0,31.0,247.10142857142858,215.3758064516129,64.3785142857143,78.26374193548388,60.056019999999975,61.943041935483876,15.497714285714281,19.984112903225803,9.636363636363637,0.0,618.0151515151515,7041.984848484848,13932.0,23.46075757575757,70.4198484848485,70.90036363636364,17.604962121212125,17.725090909090905,88.62545454545457,60.94234848484845,0.0,1.0,1.0,1.0,-0.26963226010101,1.4696969696969697,0.0,0.0,7.646946969696968,0.25757575757575757,1.4090909090909092,0.4659008558710085,0.414304015377083,0.0,0.0,6251.015151515152,144.3181818181818,0.0,191.6060606060606,0.0,2346.0757575757575,0.0,289.09090909090907,4695.909090909091,0.0,0.0,0.0,0.0,7680.984848484848
984,0.2830187616140988,0.28804629008233235,0.08071180964171994,0.0848938536233139,0.9889951744155286,0.9889874709849039,32.0,34.0,220.01041666666666,233.9622549019608,75.9616,73.36903529411764,61.746112499999974,60.95095294117647,19.353125000000002,17.32632352941176,9.924242424242424,0.0,613.7878787878788,7323.606060606061,13631.863636363636,23.618181818181828,73.23606060606059,74.62603636363639,18.309015151515148,18.65650909090909,93.28254545454547,61.33648484848484,0.0,1.0,1.0,1.0,-0.2778434343434342,1.5151515151515151,0.0,0.0,5.019463636363634,0.21212121212121213,1.4242424242424243,0.42680437816833383,0.4539559681330863,0.0,0.0,5932.030303030303,148.86363636363637,0.0,196.93939393939394,0.0,2361.818181818182,0.0,297.72727272727275,4961.787878787879,0.0,0.0,0.0,0.0,7699.833333333333
985,0.2830187616140988,0.28804629008233235,0.08300850997743428,0.08487724417854599,0.9890037269236126,0.9889979499138115,33.0,34.0,252.31818181818184,243.2279411764706,62.69866666666667,66.62136470588234,59.2823121212121,60.14176176470587,14.754318181818185,16.006102941176472,8.955223880597014,0.0,603.6567164179105,6155.820895522388,14862.313432835821,18.8555223880597,61.55820895522386,64.68928955223885,15.389552238805965,16.17232238805971,80.86161194029853,59.7184507462686,0.0,1.0,1.0,1.0,-0.24413439054726352,1.507462686567164,0.0,0.0,10.418713432835819,0.2537313432835821,1.4477611940298507,0.4403653743314062,0.45135120155396474,0.0,0.0,6171.119402985075,134.32835820895522,0.0,177.88059701492537,0.0,1885.55223880597,0.0,268.65671641791045,4270.268656716418,0.0,0.0,0.0,0.0,8691.194029850747
986,0.2830187616140988,0.28804629008233235,0.08100887740199068,0.08793315266720651,0.9890127145012362,0.9890071547686614,29.0,33.0,210.00862068965517,234.8020202020202,80.33169655172415,69.6944484848485,64.43898275862068,60.00153636363635,20.73336206896552,17.182651515151516,10.306451612903226,0.0,648.0967741935484,7537.387096774193,13392.306451612903,26.056129032258067,75.37387096774192,74.66993548387099,18.84346774193548,18.667483870967743,93.33741935483872,62.07711612903225,0.0,1.0,1.0,1.0,-0.29327325268817195,1.532258064516129,0.0,0.0,6.25064838709677,0.22580645161290322,1.4193548387096775,0.4252722018279623,0.4736170157896325,0.0,0.0,5344.6612903225805,154.59677419354838,0.0,205.51612903225808,0.0,2605.6129032258063,0.0,309.19354838709677,4931.774193548387,0.0,0.0,0.0,0.0,8047.645161290323
987,0.2830187616140988,0.28804629008233235,0.081917869020518,0.08861073426661474,0.9890236312184464,0.989017059310581,32.0,33.0,227.5046875,223.17575757575756,74.90740000000001,74.0086303030303,61.59086249999998,61.395187878787866,18.205859375,18.924999999999997,10.061538461538461,0.0,622.276923076923,7428.384615384615,13518.415384615384,24.922769230769234,74.28384615384618,74.45110153846156,18.570961538461546,18.612775384615382,93.06387692307695,61.491519999999966,0.0,1.0,1.0,1.0,-0.28107333333333334,1.5076923076923077,0.0,0.0,5.611379999999999,0.23076923076923078,1.4461538461538461,0.4367056006574087,0.45371125604005524,0.0,0.0,5980.2,150.55384615384617,0.0,199.8,0.0,2492.276923076923,0.0,301.84615384615387,4936.107692307693,0.0,0.0,0.0,0.0,7538.215384615384
988,0.2830187616140988,0.28804629008233235,0.08192403917336037,0.08713268561478438,0.9890324401000951,0.9890272032315386,34.0,34.0,229.26274509803923,237.06764705882355,74.25656470588234,68.70418823529411,61.2753382352941,58.94392647058821,18.024779411764705,16.95492647058823,9.455882352941176,0.0,619.7205882352941,6995.941176470588,13989.911764705883,22.389264705882358,69.95941176470588,71.48037647058824,17.48985294117647,17.870094117647056,89.35047058823531,60.109632352941134,0.0,1.0,1.0,1.0,-0.25228400735294104,1.5,0.0,0.0,6.119108823529409,0.20588235294117646,1.4411764705882353,0.44032319932801783,0.4371080498376396,0.0,0.0,6305.117647058823,141.83823529411765,0.0,187.63235294117646,0.0,2238.926470588235,0.0,283.6764705882353,4757.014705882353,0.0,0.0,0.0,0.0,7684.794117647059
989,0.2830187616140988,0.28804629008233235,0.08313753487510339,0.08771220835581967,0.9890413473394583,0.9890383863834746,34.0,32.0,228.24558823529412,248.10364583333333,72.97618823529415,64.8424,61.30366470588234,59.19056875,18.178308823529413,15.321953125000004,9.393939393939394,0.0,635.939393939394,6717.363636363636,14272.424242424242,21.461666666666673,67.17363636363635,69.03253333333333,16.793409090909087,17.25813333333333,86.2906666666667,60.2791333333333,0.0,1.0,1.0,1.0,-0.25581527777777774,1.4848484848484849,0.0,0.0,8.040009090909088,0.24242424242424243,1.4242424242424243,0.44545742723239606,0.43561144325915635,0.0,0.0,6240.454545454545,140.9090909090909,0.0,186.4848484848485,0.0,2146.1666666666665,0.0,281.8181818181818,4571.19696969697,0.0,0.0,0.0,0.0,8031.969696969697
990,0.2830187616140988,0.28804629008233235,0.0832683566892673,0.08933170291068708,0.9890517235782542,0.9890466414807997,34.0,30.0,243.08137254901962,223.79611111111112,65.5401411764706,75.08352,59.32001176470585,60.971386666666646,16.067867647058822,18.729416666666662,9.71875,0.0,632.71875,6926.1875,14042.484375,23.06765625,69.261875,70.01360000000001,17.31546875,17.5034,87.51700000000001,60.094093749999956,0.0,1.0,1.0,1.0,-0.2519602864583332,1.46875,0.0,0.0,7.395962499999995,0.25,1.421875,0.45960086184548965,0.42436239602216647,0.0,0.0,6108.53125,145.78125,0.0,192.984375,0.0,2306.765625,0.0,291.5625,4619.421875,0.0,0.0,0.0,0.0,7933.953125
991,0.2830187616140988,0.28804629008233235,0.08347141218520425,0.08641069120630064,0.989063552201603,0.989057747111077,32.0,32.0,229.3703125,216.08697916666668,72.43820000000002,78.39720000000001,61.29617812499999,62.91053749999998,17.953984375000005,19.905546875000002,10.234375,0.0,646.203125,7571.90625,13363.71875,25.754062499999996,75.71906250000002,75.41770000000001,18.929765625000005,18.854425,94.272125,62.103357812499965,0.0,1.0,1.0,1.0,-0.2938199544270833,1.5,0.0,0.0,5.6154234375000005,0.203125,1.40625,0.44587080014050706,0.44770466757216065,0.0,0.0,5803.34375,153.515625,0.0,202.828125,0.0,2575.40625,0.0,307.03125,4996.5,0.0,0.0,0.0,0.0,7560.375
992,0.2830187616140988,0.28804629008233235,0.08254448190011238,0.08707109984671924,0.9890710408538839,0.9890657251260778,33.0,34.0,236.99747474747474,232.8372549019608,68.84111515151515,72.13590588235296,59.128639393939366,60.79539999999999,16.964772727272724,17.46830882352941,9.522388059701493,0.0,612.1940298507462,6888.119402985075,14093.179104477613,22.12492537313433,68.88119402985072,70.51309850746273,17.22029850746268,17.628274626865675,88.14137313432835,59.97445820895518,0.0,1.0,1.0,1.0,-0.24946787935323375,1.507462686567164,0.0,0.0,6.68165820895522,0.22388059701492538,1.4328358208955223,0.43882957633005576,0.44144433150827406,0.0,0.0,6152.985074626866,142.83582089552237,0.0,189.19402985074626,0.0,2212.492537313433,0.0,285.67164179104475,4675.626865671642,0.0,0.0,0.0,0.0,7940.194029850746
993,0.2830187616140988,0.28804629008233235,0.08186436839252846,0.08831698992096974,0.9890768303097535,0.9890751263344698,31.0,35.0,228.61935483870968,247.39761904761906,72.2167741935484,63.11606857142858,60.623732258064514,59.55565428571426,18.101774193548387,15.46964285714286,9.272727272727273,0.0,631.1515151515151,6682.378787878788,14314.651515151516,22.28848484848485,66.8237878787879,67.39064242424242,16.705946969696974,16.847660606060604,84.23830303030304,60.05732727272725,0.0,1.0,1.0,1.0,-0.25119431818181803,1.5303030303030303,0.0,0.0,9.372631818181816,0.2727272727272727,1.4696969696969697,0.42450928561679724,0.4701353139464525,0.0,0.0,6046.212121212121,139.0909090909091,0.0,184.6969696969697,0.0,2228.848484848485,0.0,278.1818181818182,4453.530303030303,0.0,0.0,0.0,0.0,8268.439393939394
994,0.2830187616140988,0.28804629008233235,0.07975677851381936,0.08648168675825155,0.989087020701764,0.9890829601571344,32.0,32.0,214.50729166666667,236.31614583333334,75.7538,70.549,61.72852499999998,60.43638749999998,20.162187499999998,16.98734375,9.9375,0.0,617.875,7429.90625,13524.703125,25.844843749999995,74.2990625,73.15140000000004,18.574765625,18.28785,91.43925000000002,61.08245624999997,0.0,1.0,1.0,1.0,-0.27255117187499983,1.5,0.0,0.0,6.505821874999997,0.28125,1.453125,0.44441027922334947,0.4377618204431722,0.0,0.0,5472.0625,149.0625,0.0,197.203125,0.0,2584.484375,0.0,298.125,4845.421875,0.0,0.0,0.0,0.0,8052.640625
995,0.2830187616140988,0.28804629008233235,0.0795196504917333,0.08693380323673924,0.9890971628983489,0.9890904336250814,34.0,32.0,229.83627450980393,231.06822916666667,71.59021176470587,74.029,61.35984999999999,61.510431249999996,17.94529411764706,17.699453125,9.909090909090908,0.0,642.8636363636364,7130.439393939394,13826.015151515152,23.12121212121212,71.30439393939395,72.77265454545454,17.826098484848487,18.193163636363636,90.96581818181821,61.432859090909055,0.0,1.0,1.0,1.0,-0.279851231060606,1.4848484848484849,0.0,0.0,6.48630303030303,0.18181818181818182,1.4090909090909092,0.45164509480113596,0.434164500455062,0.0,0.0,6078.015151515152,148.63636363636363,0.0,196.63636363636363,0.0,2312.121212121212,0.0,297.27272727272725,4818.318181818182,0.0,0.0,0.0,0.0,7748.0
996,0.2830187616140988,0.28804629008233235,0.08024152927946768,0.08543154913037201,0.9891055107799173,0.9890971886782683,34.0,33.0,239.19019607843137,232.33939393939394,71.4624,71.26846060606061,61.04743529411763,60.604169696969684,16.548970588235292,17.59545454545454,9.64179104477612,0.0,631.8656716417911,6825.761194029851,14148.955223880597,20.938805970149257,68.2576119402985,71.3668776119403,17.064402985074626,17.841719402985074,89.20859701492539,60.82911044776116,0.0,1.0,1.0,1.0,-0.2672731343283581,1.492537313432836,0.0,0.0,6.52663582089552,0.2537313432835821,1.373134328358209,0.44986951007770193,0.4429820789108069,0.0,0.0,6163.164179104478,144.62686567164178,0.0,190.40298507462686,0.0,2093.8805970149256,0.0,289.25373134328356,4731.880597014925,0.0,0.0,0.0,0.0,7985.79104477612
997,0.2830187616140988,0.28804629008233235,0.07994862648516966,0.08469543803026186,0.9891176431062547,0.9891072188084027,34.0,33.0,239.1485294117647,237.4530303030303,69.35981176470588,69.69386666666668,60.69087352941175,60.43383636363635,16.571544117647058,16.821742424242426,9.597014925373134,0.0,604.9253731343283,6677.910447761194,14298.805970149253,20.860597014925375,66.77910447761194,69.52434626865671,16.694776119402984,17.38108656716417,86.90543283582087,60.56427313432832,0.0,1.0,1.0,1.0,-0.2617556902985075,1.492537313432836,0.0,0.0,7.734702985074627,0.2537313432835821,1.4328358208955223,0.4501123935277717,0.43832395083733633,0.0,0.0,6683.865671641791,143.955223880597,0.0,190.4179104477612,0.0,2086.0597014925374,0.0,287.910447761194,4591.850746268657,0.0,0.0,0.0,0.0,7614.940298507463
998,0.2830187616140988,0.28804629008233235,0.07928859425003985,0.08535218516109913,0.9891270748770886,0.989117076990381,34.0,33.0,236.0705882352941,252.65959595959598,70.41185882352943,62.64320000000002,61.012408823529405,58.67670909090907,17.028750000000002,14.67621212121212,9.208955223880597,0.0,650.5373134328358,6348.014925373134,14654.477611940298,19.518059701492536,63.480149253731355,66.58550447761195,15.870037313432839,16.646376119402984,83.23188059701492,59.861989552238775,0.0,1.0,1.0,1.0,-0.24712478233830837,1.492537313432836,0.0,0.0,9.146522388059703,0.22388059701492538,1.4179104477611941,0.4486870542042647,0.4384126632216296,0.0,0.0,6506.44776119403,138.13432835820896,0.0,182.1044776119403,0.0,1951.8059701492537,0.0,276.2686567164179,4396.20895522388,0.0,0.0,0.0,0.0,8148.0298507462685
999,0.2830187616140988,0.28804629008233235,0.07937372611363949,0.08588482222199699,0.9891367622884739,0.9891279670354804,34.0,30.0,232.40931372549022,215.57722222222222,72.63058823529413,76.64064,61.716097058823514,62.502589999999984,17.542647058823526,19.946250000000003,10.171875,0.0,618.25,7467.734375,13471.15625,25.366562499999997,74.67734375,74.5103,18.6693359375,18.627574999999997,93.13787500000001,62.08476562499996,0.0,1.0,1.0,1.0,-0.29343261718749986,1.46875,0.0,0.0,6.243801562499999,0.234375,1.375,0.4713347325597508,0.41674400905136183,0.0,0.0,5565.046875,152.578125,0.0,202.375,0.0,2536.65625,0.0,305.15625,4931.078125,0.0,0.0,0.0,0.0,7906.109375
